Year,Zone,latitude,longitude,yield,Elevation,Slope,Aspect,Sand,Clay,BD,pH,SOC,P1_EVI,P1_EVI_max,P1_FDD,P1_GDD,P1_NDVI,P1_NDVI_max,P1_NDWI,P1_NIRv,P1_PPT,P1_SM,P1_Tmean,P1_VPD,P1_VPD_max,P2_EVI,P2_EVI_max,P2_FDD,P2_GDD,P2_NDVI,P2_NDVI_max,P2_NDWI,P2_NIRv,P2_PPT,P2_SM,P2_Tmean,P2_VPD,P2_VPD_max,P3_EVI,P3_EVI_max,P3_FDD,P3_GDD,P3_NDVI,P3_NDVI_max,P3_NDWI,P3_NIRv,P3_PPT,P3_SM,P3_Tmean,P3_VPD,P3_VPD_max,P4_EVI,P4_EVI_max,P4_FDD,P4_GDD,P4_NDVI,P4_NDVI_max,P4_NDWI,P4_NIRv,P4_PPT,P4_SM,P4_Tmean,P4_VPD,P4_VPD_max,P5_EVI,P5_EVI_max,P5_FDD,P5_GDD,P5_NDVI,P5_NDVI_max,P5_NDWI,P5_NIRv,P5_PPT,P5_SM,P5_Tmean,P5_VPD,P5_VPD_max
2016,1,43.83666440924734,81.05467174756181,3991.256,589.0,2.569934368133545,270.0,36.62071228027344,18.89617347717285,1.3767403364181519,8.032596588134766,43.712100982666016,0.1608702540397644,0.1608702540397644,11.448890686035156,106.3417739868164,0.2893739938735962,0.2992539405822754,-0.03700315207242966,0.07580561190843582,57.85940170288086,0.3648376762866974,4.5187087059021,0.3029545247554779,0.5314488410949707,0.015392722561955452,0.06609265506267548,1041.143798828125,10.579582214355469,-0.031552504748106,0.3650340139865875,0.8463626503944397,-0.030833018943667412,131.77532958984375,0.3551047742366791,-7.807304382324219,0.14985986053943634,0.4141707122325897,0.1696963608264923,0.1892651617527008,20.34139060974121,139.44679260253906,0.2815147340297699,0.3278694450855255,0.18554961681365967,0.07651714980602264,74.11720275878906,0.3847825825214386,3.219064950942993,0.27758607268333435,0.6711826920509338,0.28200921416282654,0.3047069013118744,1.7657577991485596,154.94151306152344,0.4278387725353241,0.4565882384777069,0.3105068504810333,0.1315409392118454,102.75755310058594,0.40253785252571106,7.294083595275879,0.3300309181213379,0.638964831829071,0.3573688864707947,0.37348225712776184,0.0,273.7859191894531,0.5849221348762512,0.5925063490867615,0.2689456343650818,0.18696042895317078,127.41497039794922,0.37712806463241577,13.03742504119873,0.4911562502384186,0.9251402020454407
2016,1,43.889214915162206,81.15411861925575,4021.445,583.0,0.9274099469184875,-0.0,31.010520935058594,19.545991897583008,1.3830779790878296,7.942633152008057,46.89291763305664,0.16012337803840637,0.16012337803840637,11.216833114624023,103.37541961669922,0.7084753513336182,0.7865933775901794,0.3889452815055847,0.2681901454925537,58.84864044189453,0.3694278299808502,4.3885040283203125,0.2938814163208008,0.5206024646759033,0.013921558856964111,0.06449808925390244,1051.5849609375,9.194024085998535,-0.023064158856868744,0.2952606678009033,0.8691045641899109,-0.022620322182774544,132.13575744628906,0.3552837073802948,-7.896900653839111,0.14779210090637207,0.41043367981910706,0.16780565679073334,0.18717871606349945,19.088106155395508,135.1413116455078,0.5436186790466309,0.5436186790466309,0.23132675886154175,0.17270611226558685,74.17689514160156,0.38679856061935425,3.136573314666748,0.27293047308921814,0.6590074896812439,0.27953147888183594,0.30239662528038025,1.5855748653411865,153.08949279785156,0.6132331490516663,0.6132331490516663,0.35184770822525024,0.14616648852825165,104.03433990478516,0.4034021496772766,7.214471817016602,0.32308459281921387,0.6263511776924133,0.35629597306251526,0.3722270429134369,0.0,273.636474609375,0.5155274271965027,0.536573588848114,0.39130160212516785,0.1632094532251358,128.8645477294922,0.37908363342285156,13.03030776977539,0.4839766323566437,0.907033383846283
2016,1,37.43562930612684,77.41919341329371,4033.773,1935.0,1.4911844730377197,128.45079040527344,36.51652526855469,20.406719207763672,1.349049687385559,7.800000190734863,15.390822410583496,0.06487865746021271,0.06487865746021271,3.7689802646636963,271.5541076660156,0.10467290133237839,0.10467290133237839,0.0552065335214138,0.029248390346765518,11.916343688964844,0.10529834032058716,12.75167179107666,0.8854038119316101,1.1802057027816772,0.0477893240749836,0.058628711849451065,537.1759643554688,168.4576416015625,0.35899099707603455,0.49768301844596863,0.20019200444221497,0.11055696755647659,21.642436981201172,0.09663061052560806,-2.793320417404175,0.3145163655281067,0.8218812346458435,0.0506315641105175,0.05636788159608841,14.051582336425781,387.8524169921875,0.1506233811378479,0.1506233811378479,0.08336146175861359,0.058916620910167694,18.768842697143555,0.07634072750806808,10.1027250289917,0.8788416981697083,1.3189213275909424,0.0671677216887474,0.07155381143093109,0.3589988648891449,326.0900573730469,0.5703880190849304,0.5703880190849304,0.3191627860069275,0.19051425158977509,38.152889251708984,0.0828653872013092,15.511002540588379,1.173556923866272,1.9412838220596313,0.0880034789443016,0.09220972657203674,0.0,441.8323059082031,0.5093237161636353,0.5093237161636353,0.2348410040140152,0.11783687770366669,15.980902671813965,0.07600551098585129,21.03963279724121,1.7579318284988403,2.272245407104492
2016,1,41.38156809214006,79.41668340299321,4046.9006,1322.0,3.0877928733825684,53.1182746887207,22.588171005249023,20.953962326049805,1.4115504026412964,8.0,18.77342414855957,0.07490438222885132,0.07490438222885132,2.2530131340026855,146.2530975341797,0.6241201758384705,0.6493058204650879,0.21902045607566833,0.17786690592765808,15.274903297424316,0.2078525274991989,6.857146739959717,0.5043482780456543,0.6387940049171448,0.04048241302371025,0.0642220675945282,1108.9034423828125,25.171159744262695,0.20957888662815094,0.35305872559547424,0.002706030383706093,0.05227338895201683,38.79299545288086,0.23351582884788513,-8.210092544555664,0.16725395619869232,0.4548173248767853,0.0464109405875206,0.06601810455322266,19.68649673461914,169.96388244628906,0.3251836597919464,0.3649612069129944,0.06710653752088547,0.10339082777500153,40.43656539916992,0.19743013381958008,4.061550617218018,0.4648687541484833,0.7105502486228943,0.08730847388505936,0.09586020559072495,1.0526167154312134,180.42303466796875,0.1251259595155716,0.13624466955661774,0.15645532310009003,0.03750762343406677,52.4544677734375,0.22384370863437653,8.541448593139648,0.5685946941375732,1.0041053295135498,0.11248380690813065,0.11954358220100403,0.0,324.5634765625,0.7622159123420715,0.7622159123420715,0.40693023800849915,0.3082146644592285,33.1489143371582,0.16287247836589813,15.455403327941895,1.109444499015808,1.458371877670288
2016,1,41.29748282357524,79.29056218879755,4074.5623,1353.0,4.134948253631592,63.395355224609375,29.514909744262695,24.06516456604004,1.3607884645462036,7.952697277069092,16.49287223815918,0.07657431811094284,0.07657431811094284,5.1172566413879395,145.5427703857422,0.45154234766960144,0.5140492916107178,0.10412982106208801,0.11801965534687042,15.839305877685547,0.2099168747663498,6.686929702758789,0.5099799633026123,0.647104799747467,0.039652299135923386,0.061570022255182266,1126.7720947265625,37.743167877197266,0.1505991816520691,0.2658492624759674,-0.01547554787248373,0.03786489740014076,37.26948547363281,0.2282349318265915,-8.250218391418457,0.1684992015361786,0.47222331166267395,0.044843051582574844,0.06240708753466606,34.68558120727539,180.34146118164062,0.2460213005542755,0.252337783575058,-0.021156592294573784,0.059294603765010834,40.0986213684082,0.19662262499332428,3.9366455078125,0.4789726734161377,0.7276799082756042,0.08275402337312698,0.09144970774650574,2.3908026218414307,178.8894805908203,0.11920841038227081,0.13089291751384735,0.1583538055419922,0.03615584969520569,53.006736755371094,0.22687369585037231,8.404698371887207,0.5813729166984558,1.0308605432510376,0.11264820396900177,0.12178470939397812,0.0,320.61468505859375,0.5379579067230225,0.5379579067230225,0.23695650696754456,0.15206456184387207,34.39170455932617,0.16992130875587463,15.267365455627441,1.1200447082519531,1.4713658094406128
2016,1,41.30287387674885,79.2021694286151,4130.1865,1422.0,0.0,-0.0,26.0736026763916,21.284629821777344,1.3684606552124023,8.100000381469727,13.222179412841797,0.07484956085681915,0.07484956085681915,7.324922561645508,133.9493408203125,0.5736580491065979,0.607944905757904,0.28967395424842834,0.21070663630962372,16.672117233276367,0.2185460776090622,6.029734134674072,0.482966810464859,0.6147164106369019,0.03729771077632904,0.058575522154569626,1187.7569580078125,34.112552642822266,0.14773017168045044,0.3581726849079132,0.03537512943148613,0.03989461064338684,37.3508186340332,0.23263970017433167,-8.739730834960938,0.16186583042144775,0.45214149355888367,0.04194587096571922,0.05849142745137215,46.83219528198242,165.05162048339844,0.21619321405887604,0.23302365839481354,0.040267229080200195,0.06011897698044777,41.52597427368164,0.20529814064502716,3.195119857788086,0.44962653517723083,0.6827471256256104,0.07855832576751709,0.08740637451410294,3.4222331047058105,165.48635864257812,0.11449534446001053,0.12662044167518616,0.17135585844516754,0.035064149647951126,54.08890914916992,0.23678521811962128,7.717339038848877,0.5467162728309631,0.9693849682807922,0.1102759912610054,0.12012504041194916,0.0,304.7100830078125,0.4773327112197876,0.4773327112197876,0.25442054867744446,0.1815102994441986,35.96337890625,0.18149662017822266,14.510004043579102,1.0538737773895264,1.3816007375717163
2016,1,43.81483265048967,80.89162917664362,4203.5674,611.0,1.584645390510559,305.81353759765625,33.73891067504883,15.231942176818848,1.3899999856948853,8.070698738098145,36.66011047363281,0.1592334508895874,0.1592334508895874,13.372574806213379,105.68830871582031,0.22928862273693085,0.3183126151561737,-0.07432524114847183,0.047110479325056076,56.27855682373047,0.35672906041145325,4.395987033843994,0.3103461265563965,0.5452864170074463,0.01704886555671692,0.06686574220657349,1046.6187744140625,11.939562797546387,-0.037678275257349014,0.43074676394462585,0.8649848103523254,-0.035019468516111374,130.70114135742188,0.35265052318573,-7.8384785652160645,0.15204022824764252,0.4217410087585449,0.16795501112937927,0.18754097819328308,24.44892120361328,139.14849853515625,0.2787865996360779,0.3241589665412903,0.1881808191537857,0.0759851261973381,71.78290557861328,0.3793075680732727,3.0999884605407715,0.2806985676288605,0.680572509765625,0.27881330251693726,0.30060887336730957,2.2537975311279297,152.17361450195312,0.42419445514678955,0.4530467987060547,0.3035206198692322,0.12966372072696686,99.16639709472656,0.40033361315727234,7.139039039611816,0.3343171775341034,0.6481983661651611,0.35141608119010925,0.36800745129585266,0.0,270.49298095703125,0.3686394989490509,0.3725971579551697,0.1581680327653885,0.10584764182567596,122.69126892089844,0.3725588023662567,12.880617141723633,0.5006713271141052,0.9562842845916748
2016,1,41.41552414666205,79.45145101390693,4266.872,1324.0,1.5455336570739746,126.86738586425781,22.765037536621094,21.519285202026367,1.4128776788711548,7.9493021965026855,15.48255729675293,0.07386934012174606,0.07386934012174606,1.3649064302444458,144.7860870361328,0.10043862462043762,0.11764612048864365,0.0022720894776284695,0.026581954210996628,15.141448020935059,0.20803292095661163,6.829580307006836,0.4978988766670227,0.6302405595779419,0.04053303599357605,0.06491353362798691,1109.598876953125,19.02978515625,0.346265584230423,0.5478355288505554,0.18177536129951477,0.08588486164808273,39.37160110473633,0.23592394590377808,-8.261887550354004,0.16587285697460175,0.444166362285614,0.04666262865066528,0.06693515926599503,15.100692749023438,163.0994415283203,0.5293821692466736,0.695331335067749,0.3037800192832947,0.16890034079551697,40.782997131347656,0.1987888067960739,3.9999661445617676,0.4540597200393677,0.6958211064338684,0.08855270594358444,0.09704790264368057,0.6376897692680359,178.9763946533203,0.8303248882293701,0.8303248882293701,0.6022009253501892,0.39743560552597046,52.44167709350586,0.22394803166389465,8.492319107055664,0.5572595596313477,0.9827468395233154,0.11186684668064117,0.11809571087360382,0.0,323.7672119140625,0.46905410289764404,0.46905410289764404,0.23592881858348846,0.09771830588579178,32.846885681152344,0.16136851906776428,15.417487144470215,1.094016671180725,1.4371540546417236
2016,1,41.25840772104388,79.4404013614965,4377.2495,1306.0,2.7802884578704834,180.0,27.19830322265625,22.1329345703125,1.4096235036849976,8.0,13.834654808044434,0.08090434223413467,0.08090434223413467,1.3873844146728516,170.15695190429688,0.2924398183822632,0.30997055768966675,0.03491026163101196,0.09519083797931671,14.266460418701172,0.1923365443944931,8.036646842956543,0.5698198080062866,0.719520628452301,0.04436705633997917,0.06705042719841003,1003.0245361328125,50.10458755493164,0.13795000314712524,0.20150157809257507,-0.016129203140735626,0.03708342835307121,36.62848663330078,0.2173512727022171,-7.219090461730957,0.18303129076957703,0.5215052366256714,0.05048777163028717,0.06956147402524948,13.91663932800293,216.8431854248047,0.33555319905281067,0.3432219922542572,0.11111301928758621,0.10700446367263794,36.93178176879883,0.17798106372356415,5.484501361846924,0.5470879077911377,0.8304776549339294,0.09020473062992096,0.09863857924938202,0.648191511631012,207.13986206054688,0.6032675504684448,0.6032675504684448,0.40431326627731323,0.2843848764896393,50.833518981933594,0.2067701369524002,9.83293628692627,0.6606357097625732,1.172500729560852,0.11793938279151917,0.12631691992282867,0.0,353.3831481933594,0.5849674344062805,0.5849674344062805,0.26235145330429077,0.16784320771694183,31.465286254882812,0.14777274429798126,16.827768325805664,1.2662962675094604,1.6699782609939575
2016,1,44.12124869757932,89.43757215029055,4391.165,664.0,1.5900413990020752,234.3267059326172,35.551761627197266,26.642179489135742,1.359896183013916,8.199999809265137,13.76085090637207,0.08357706665992737,0.08357706665992737,0.0,241.8319854736328,0.09973928332328796,0.10015123337507248,-0.11298153549432755,0.022601356729865074,18.086803436279297,0.0937286913394928,11.515809059143066,0.8303592205047607,1.4610302448272705,0.004669690039008856,0.03423185274004936,734.5667724609375,54.19618606567383,-0.041645266115665436,0.8005691766738892,0.8057523369789124,-0.03976377844810486,35.72282409667969,0.1879940778017044,-5.154322624206543,0.1919747143983841,0.49231502413749695,0.0801139697432518,0.09681966155767441,0.0,469.28216552734375,0.5714496970176697,0.7212722897529602,0.27322936058044434,0.169603168964386,19.321918487548828,0.08390258252620697,12.68330192565918,1.0222790241241455,1.8692580461502075,0.13133946061134338,0.1383005827665329,0.0,325.23724365234375,0.8422951102256775,0.8674346804618835,0.5279346108436584,0.41370391845703125,22.475854873657227,0.09329812973737717,15.48748779296875,1.25630784034729,2.1558172702789307,0.164835587143898,0.16913585364818573,0.0,514.0670776367188,0.7407742738723755,0.7917885184288025,0.46767857670783997,0.2802529036998749,44.18684768676758,0.09360742568969727,24.479385375976562,2.1356844902038574,3.7968358993530273
2016,1,41.1983124161466,79.32182494628326,4414.618,1399.0,5.681137561798096,347.51043701171875,28.4237060546875,22.518939971923828,1.3898788690567017,7.900842189788818,12.251704216003418,0.08137915283441544,0.08137915283441544,3.8138267993927,166.6269989013672,0.48970797657966614,0.5455363392829895,0.17818941175937653,0.162424236536026,14.802523612976074,0.19532142579555511,7.753007888793945,0.5664918422698975,0.7161513566970825,0.043345674872398376,0.06458724290132523,1028.264404296875,56.70806121826172,0.20847953855991364,0.48780786991119385,0.03916057199239731,0.05452440679073334,35.459049224853516,0.21382857859134674,-7.360275745391846,0.18248100578784943,0.5270312428474426,0.04876995086669922,0.0661289170384407,26.71763801574707,219.23980712890625,0.4723142683506012,0.5874471664428711,0.22202712297439575,0.16146722435951233,37.052940368652344,0.17899024486541748,5.203301906585693,0.5476505160331726,0.8282479643821716,0.08600826561450958,0.09452996402978897,1.7818350791931152,202.4639892578125,0.12206989526748657,0.13343720138072968,0.13445985317230225,0.03680308535695076,51.6192741394043,0.21106483042240143,9.556293487548828,0.6582408547401428,1.172110915184021,0.11696042120456696,0.1267349123954773,0.0,346.4897155761719,0.5959356427192688,0.5959356427192688,0.2909713089466095,0.1806447058916092,32.65501403808594,0.15473781526088715,16.499509811401367,1.2536258697509766,1.6497180461883545
2016,1,44.1077732941958,89.7520725475901,4475.694,737.0,0.0,-0.0,33.18491744995117,22.282581329345703,1.350000023841858,8.102198600769043,16.184619903564453,0.07960525900125504,0.07960525900125504,0.0,234.1352996826172,0.09288407117128372,0.09347502887248993,-0.113340362906456,0.023493057116866112,18.4060001373291,0.09382176399230957,11.149299621582031,0.8074213862419128,1.447066068649292,0.006000302266329527,0.03151244297623634,725.804443359375,52.90065002441406,-0.035537902265787125,0.4948715567588806,0.861621618270874,-0.03336620330810547,35.19438171386719,0.17545753717422485,-5.097756385803223,0.19986088573932648,0.5150306224822998,0.07392638921737671,0.08890556544065475,0.0,454.0124816894531,0.6326305866241455,0.7281466126441956,0.3240075409412384,0.22034095227718353,18.902328491210938,0.08033444732427597,12.270607948303223,1.0006005764007568,1.8312968015670776,0.11829289048910141,0.12423601001501083,0.0,316.6706237792969,0.8569274544715881,0.8818744421005249,0.5354703664779663,0.45767173171043396,21.430782318115234,0.08907059580087662,15.079553604125977,1.2292498350143433,2.098144054412842,0.14444132149219513,0.14800438284873962,0.0,503.244873046875,0.7958051562309265,0.8137612342834473,0.5050154328346252,0.318452924489975,41.31705856323242,0.09040304273366928,23.964040756225586,2.0645382404327393,3.6332430839538574
2016,1,41.229842719695505,79.33044884772062,4479.8726,1351.0,1.5427237749099731,306.94573974609375,25.576744079589844,22.761049270629883,1.3940943479537964,7.900000095367432,13.893404960632324,0.08017683029174805,0.08017683029174805,3.7932095527648926,162.1151885986328,0.3521501421928406,0.3863554894924164,0.08396937698125839,0.0953160747885704,14.975008010864258,0.19836853444576263,7.53914213180542,0.5535678863525391,0.7002645134925842,0.042610593140125275,0.06420734524726868,1048.14697265625,51.32109069824219,0.15513695776462555,0.35340970754623413,-0.01000278815627098,0.038447070866823196,36.0452880859375,0.21771074831485748,-7.551711082458496,0.17924794554710388,0.5133071541786194,0.048073723912239075,0.06571325659751892,26.86697006225586,209.70652770996094,0.3721139132976532,0.47026607394218445,0.14547498524188995,0.11560818552970886,37.75724411010742,0.1830235719680786,4.9416093826293945,0.53131502866745,0.8047401905059814,0.08580654114484787,0.09435731172561646,1.7722026109695435,197.517578125,0.4606325924396515,0.4606325924396515,0.3581710755825043,0.211020365357399,51.84172821044922,0.2142230123281479,9.321208000183105,0.6403648853302002,1.1387242078781128,0.11607052385807037,0.12550397217273712,0.0,341.299560546875,0.48895707726478577,0.48895707726478577,0.16156718134880066,0.12722370028495789,32.90459442138672,0.15738420188426971,16.25235939025879,1.223717451095581,1.6102293729782104
2016,1,41.418217443698325,79.37976650537173,4540.7334,1359.0,1.5455716848373413,126.86632537841797,29.82335090637207,18.076520919799805,1.3991737365722656,8.047298431396484,11.249595642089844,0.07272583991289139,0.07272583991289139,3.384054660797119,135.4006805419922,0.1680022031068802,0.17336273193359375,0.04453655704855919,0.042020149528980255,15.89350414276123,0.21560265123844147,6.286505699157715,0.47649645805358887,0.6049861907958984,0.038470346480607986,0.06225401535630226,1161.9080810546875,17.54942512512207,0.16978563368320465,0.37469282746315,0.07503405958414078,0.057752206921577454,39.4599609375,0.23995117843151093,-8.669384002685547,0.16034957766532898,0.42973756790161133,0.044157229363918304,0.06353151798248291,26.189241409301758,151.84246826171875,0.3274421691894531,0.34636661410331726,0.10467994958162308,0.08506661653518677,41.931148529052734,0.20625388622283936,3.39603328704834,0.43217575550079346,0.662093460559845,0.08490356057882309,0.09356600791215897,1.5810438394546509,168.16404724121094,0.6828588843345642,0.6828588843345642,0.4686192274093628,0.3100493550300598,53.25543975830078,0.23237980902194977,7.93252420425415,0.5314938426017761,0.9365039467811584,0.11030101031064987,0.11737089604139328,0.0,310.7389221191406,0.3325006365776062,0.3325006365776062,0.16451889276504517,0.10632392764091492,34.23525619506836,0.17173512279987335,14.797090530395508,1.043092966079712,1.3695257902145386
2016,1,41.4349256953456,79.42153490493936,4606.687,1339.0,3.042240858078003,203.970703125,24.573362350463867,20.516979217529297,1.395903468132019,8.0,16.44672203063965,0.07256888598203659,0.07256888598203659,2.2498035430908203,137.77146911621094,0.4690569043159485,0.49524399638175964,0.17253823578357697,0.12419075518846512,15.57277774810791,0.21316266059875488,6.4534125328063965,0.4802957773208618,0.6089754104614258,0.03918652981519699,0.06350039690732956,1144.7852783203125,14.852231979370117,0.1282137781381607,0.30875837802886963,0.1133800819516182,0.04073028266429901,39.7278938293457,0.23984012007713318,-8.560098648071289,0.1614813357591629,0.4290243685245514,0.045124415308237076,0.06514181196689606,20.110639572143555,152.03604125976562,0.2995518743991852,0.3381139039993286,0.04857989773154259,0.09322845935821533,41.72720718383789,0.2044580727815628,3.565551280975342,0.4338633120059967,0.6656923890113831,0.08676440268754959,0.09534116834402084,1.051117181777954,171.01980590820312,0.12499060481786728,0.13610108196735382,0.1650245189666748,0.03745763376355171,52.97907638549805,0.22961707413196564,8.09374713897705,0.5341951251029968,0.9408413767814636,0.1104978621006012,0.11685468256473541,0.0,314.6712951660156,0.5650708079338074,0.6692335605621338,0.33534157276153564,0.20458021759986877,33.61507034301758,0.16748841106891632,14.984347343444824,1.052059531211853,1.3810278177261353
2016,1,37.77842269961048,76.56705028377809,4636.2495,1847.0,1.1733006238937378,90.0,36.37978744506836,23.807451248168945,1.2666504383087158,7.699999809265137,17.56609535217285,0.057243455201387405,0.057243455201387405,0.0,184.6919403076172,0.4277825355529785,0.4277825355529785,0.18264496326446533,0.11337606608867645,24.092079162597656,0.19605517387390137,8.794854164123535,0.5584232211112976,0.7383137941360474,0.040852706879377365,0.07163506746292114,933.2047119140625,46.37251663208008,0.1844150424003601,0.31046971678733826,0.06732941418886185,0.049272358417510986,28.95620346069336,0.16660140454769135,-6.718425750732422,0.2130466252565384,0.5494338274002075,0.030659371986985207,0.03726574778556824,10.102806091308594,191.72340393066406,0.143733412027359,0.17079082131385803,0.006932771299034357,0.03821580111980438,43.84297561645508,0.13593214750289917,4.908664703369141,0.5265355706214905,0.9036247134208679,0.05581529438495636,0.06005145236849785,0.0,238.64920043945312,0.3942318856716156,0.45618993043899536,0.14958257973194122,0.12018745392560959,49.86965560913086,0.11178625375032425,11.36424732208252,0.7787315845489502,1.4606225490570068,0.08171097934246063,0.08677268028259277,0.0,332.56317138671875,0.4916435182094574,0.4916435182094574,0.1991279274225235,0.16676820814609528,51.733280181884766,0.1517803966999054,15.836341857910156,1.0423051118850708,1.4490022659301758
2016,1,41.31203732941368,79.37168215516185,4696.0566,1320.0,3.704791784286499,-0.0,25.648752212524414,23.91421127319336,1.408775806427002,8.0,17.777311325073242,0.07729997485876083,0.07729997485876083,3.1947574615478516,152.7246551513672,0.35262349247932434,0.39146313071250916,0.09429135173559189,0.08443911373615265,15.225141525268555,0.20434026420116425,7.120471477508545,0.5252048969268799,0.6650915741920471,0.041232768446207047,0.06392242759466171,1086.4310302734375,37.45723342895508,0.15494869649410248,0.24566960334777832,0.03411306440830231,0.03600837662816048,37.55720901489258,0.22680212557315826,-7.946771144866943,0.17221997678279877,0.48091793060302734,0.046913012862205505,0.06552767753601074,24.270341873168945,187.54110717773438,0.2335188090801239,0.25738850235939026,0.02253175899386406,0.06498873978853226,39.30606460571289,0.19162015616893768,4.412723541259766,0.4940119981765747,0.7516434788703918,0.08624717593193054,0.09482691437005997,1.4926034212112427,187.35494995117188,0.12329482287168503,0.13460657000541687,0.15033026039600372,0.037105076014995575,52.21897888183594,0.2202773094177246,8.850587844848633,0.5999954342842102,1.0629040002822876,0.11411356180906296,0.12241165339946747,0.0,331.0899353027344,0.41172197461128235,0.41172197461128235,0.13997013866901398,0.12622718513011932,33.188289642333984,0.16154347360134125,15.76618766784668,1.1583071947097778,1.523834466934204
2016,1,41.2263378662675,79.68294524509658,4696.592,1228.0,1.2329925298690796,90.0,25.649394989013672,25.184343338012695,1.409999966621399,7.84379768371582,14.167403221130371,0.08775395154953003,0.08775395154953003,0.0,180.97930908203125,0.42842334508895874,0.43938547372817993,0.1008562222123146,0.1320345252752304,14.154061317443848,0.1941349357366562,8.618062019348145,0.6007646918296814,0.7569666504859924,0.046431973576545715,0.0716373473405838,931.19921875,60.02155685424805,0.1254524141550064,0.3852670192718506,0.12991350889205933,0.03619645535945892,36.417179107666016,0.2173859030008316,-6.599830627441406,0.19242416322231293,0.5476914644241333,0.057557880878448486,0.07643188536167145,5.662076950073242,240.20631408691406,0.36675918102264404,0.544093132019043,0.12938673794269562,0.10489845275878906,35.67900466918945,0.1760488748550415,6.339033126831055,0.5938509702682495,0.8923370242118835,0.09759341925382614,0.10551247000694275,0.0,223.33013916015625,0.1354530155658722,0.14591839909553528,0.10763847082853317,0.040248092263936996,49.70338821411133,0.20356598496437073,10.63476848602295,0.724559485912323,1.2568724155426025,0.12814117968082428,0.1377258598804474,0.0,370.2516784667969,0.17542748153209686,0.18368075788021088,0.10853354632854462,0.051276687532663345,30.4119815826416,0.14850060641765594,17.631032943725586,1.360739827156067,1.809029459953308
2016,1,41.15788620599605,79.101375908403,4712.027,1512.0,0.9274099469184875,-0.0,26.961034774780273,22.445819854736328,1.350000023841858,7.950132846832275,18.927038192749023,0.07869665324687958,0.07869665324687958,8.035507202148438,148.49197387695312,0.25405392050743103,0.27738749980926514,0.12328354269266129,0.08658090233802795,16.08702278137207,0.20709525048732758,6.688403129577637,0.52701735496521,0.6679559946060181,0.03993668779730797,0.05932944267988205,1119.3734130859375,52.86494064331055,0.1073235496878624,0.19919855892658234,0.004991376772522926,0.030682425945997238,34.430999755859375,0.21471799910068512,-8.079609870910645,0.17396628856658936,0.4997028112411499,0.04404551535844803,0.05880368500947952,49.523284912109375,197.7509307861328,0.1436416506767273,0.19340212643146515,-0.043165065348148346,0.04110352322459221,39.02894973754883,0.18954122066497803,4.006152629852295,0.503742516040802,0.7590057253837585,0.07769916951656342,0.0863427221775055,3.754221200942993,180.82846069335938,0.11252238601446152,0.12447215616703033,0.14834018051624298,0.0344235897064209,53.94164276123047,0.22629016637802124,8.432106971740723,0.6033551096916199,1.0801161527633667,0.11177578568458557,0.12280259281396866,0.0,320.29803466796875,0.33245986700057983,0.33245986700057983,0.14319251477718353,0.10994137078523636,35.34790802001953,0.17245574295520782,15.252286911010742,1.1475889682769775,1.498011589050293
2016,1,41.25113046812466,79.36009295152394,4738.426,1338.0,1.2334587574005127,270.0,27.942359924316406,21.588838577270508,1.3932913541793823,7.947405815124512,14.097759246826172,0.07980004698038101,0.07980004698038101,3.220640182495117,161.94541931152344,0.14147785305976868,0.16483592987060547,-0.037063565105199814,0.033638808876276016,14.88753890991211,0.1983417272567749,7.558322429656982,0.5514938235282898,0.69754558801651,0.04268757626414299,0.06470013409852982,1046.625,48.58524703979492,0.1925368309020996,0.41223400831222534,0.03009462170302868,0.04942625015974045,36.44820785522461,0.2193908542394638,-7.560907363891602,0.1786634773015976,0.5089830756187439,0.04832221940159798,0.06642493605613708,23.903217315673828,207.04042053222656,0.3254220187664032,0.35078075528144836,0.09293747693300247,0.09446109086275101,37.88432693481445,0.1836768239736557,4.9496541023254395,0.5275757908821106,0.8000703454017639,0.08674417436122894,0.0952807366847992,1.504696011543274,197.51991271972656,0.6355863809585571,0.6355863809585571,0.4360857903957367,0.2751609981060028,51.70708465576172,0.21391455829143524,9.334057807922363,0.6369770169258118,1.131442666053772,0.11610264331102371,0.12513360381126404,0.0,341.7672119140625,0.43476811051368713,0.43476811051368713,0.20959575474262238,0.12817245721817017,32.68115234375,0.156337171792984,16.274629592895508,1.2200778722763062,1.6062476634979248
2016,1,43.91697281921989,81.0250276437585,4778.553,576.0,0.0,-0.0,32.01176834106445,18.416851043701172,1.3802180290222168,8.0,57.79486846923828,0.1570177525281906,0.1570177525281906,14.823492050170898,97.86221313476562,0.21885952353477478,0.3072338104248047,-0.09006660431623459,0.0678836777806282,57.68843460083008,0.36406728625297546,3.9542248249053955,0.2920701503753662,0.5248194932937622,0.01487412303686142,0.06357506662607193,1082.1942138671875,9.454690933227539,-0.03559332713484764,0.6296151876449585,0.8380336761474609,-0.035786986351013184,131.52679443359375,0.35237693786621094,-8.126813888549805,0.14779502153396606,0.4152284264564514,0.16354641318321228,0.18283472955226898,25.687410354614258,127.84236145019531,0.27155017852783203,0.31550121307373047,0.1847754716873169,0.07362762093544006,71.24925994873047,0.38116535544395447,2.7609446048736572,0.27012237906455994,0.6544286608695984,0.27292200922966003,0.29482024908065796,2.33233380317688,144.8467254638672,0.4146043062210083,0.4424383342266083,0.3001976013183594,0.12643828988075256,100.0098648071289,0.4021354615688324,6.7863993644714355,0.31846022605895996,0.6187283396720886,0.3469909131526947,0.36323636770248413,0.0,266.02325439453125,0.495125412940979,0.497787743806839,0.3056179881095886,0.1572381556034088,124.14212799072266,0.3760193884372711,12.667774200439453,0.48204731941223145,0.9181439280509949
2016,1,41.17216870667024,79.12859426123323,4845.5586,1490.0,2.462796926498413,270.0,25.325464248657227,23.73508644104004,1.350000023841858,7.900000095367432,19.8192081451416,0.07869744300842285,0.07869744300842285,7.646442890167236,149.0381317138672,0.7310769557952881,0.7444519996643066,0.3964209258556366,0.22458288073539734,16.029443740844727,0.20699582993984222,6.732937335968018,0.5273706912994385,0.6684996485710144,0.04001796618103981,0.059702061116695404,1116.81591796875,52.08232879638672,0.23888911306858063,0.4253397285938263,0.06285363435745239,0.049595486372709274,34.74396896362305,0.21605229377746582,-8.066164016723633,0.17380353808403015,0.4989541172981262,0.04428411275148392,0.05939469859004021,47.50714874267578,197.4534912109375,0.3040520250797272,0.32980895042419434,0.04704023152589798,0.07929180562496185,39.035831451416016,0.1898452341556549,4.052603721618652,0.5040015578269958,0.7600327134132385,0.0784619152545929,0.08711769431829453,3.57244873046875,181.63597106933594,0.6733834147453308,0.6733834147453308,0.39678335189819336,0.28268158435821533,53.733089447021484,0.2257784605026245,8.479214668273926,0.6044866442680359,1.0807830095291138,0.11219356954097748,0.1230686604976654,0.0,321.4610290527344,0.6800525188446045,0.6800525188446045,0.35674142837524414,0.23152361810207367,35.17326736450195,0.17171938717365265,15.307668685913086,1.1506179571151733,1.5038846731185913
2016,1,39.124281956864685,75.65642604394654,4865.9424,1504.0,3.6637368202209473,40.67422103881836,35.404319763183594,23.54511833190918,1.3953583240509033,7.800000190734863,13.449021339416504,0.08519698679447174,0.08519698679447174,9.663546562194824,204.5252685546875,0.27657008171081543,0.27657008171081543,0.10485150665044785,0.06590625643730164,21.316082000732422,0.20335300266742706,9.279129981994629,0.7881088256835938,1.0214036703109741,0.051568012684583664,0.07246936857700348,912.8611450195312,107.55716705322266,0.24394817650318146,0.4660801887512207,0.12823860347270966,0.057235535234212875,44.57478332519531,0.20905861258506775,-6.10078763961792,0.23708176612854004,0.6584391593933105,0.06143495440483093,0.07641203701496124,84.07171630859375,275.0045166015625,0.4421822130680084,0.48219576478004456,0.24463219940662384,0.13052932918071747,42.763797760009766,0.19910772144794464,5.160346031188965,0.6483784914016724,1.0047383308410645,0.09092468023300171,0.09410176426172256,1.9617756605148315,248.16151428222656,0.569233775138855,0.6238901019096375,0.3496513068675995,0.2046208530664444,35.49632263183594,0.16792213916778564,11.723796844482422,0.935117244720459,1.5213723182678223,0.10607343912124634,0.11099573224782944,0.0,359.39910888671875,0.6203054785728455,0.6203054785728455,0.31134986877441406,0.17909733951091766,43.06763458251953,0.1778418868780136,17.11424446105957,1.4857442378997803,1.8274718523025513
2016,1,41.731638738542934,81.11315285787775,4989.171,1653.0,1.242634654045105,90.0,32.02934646606445,17.161067962646484,1.3546069860458374,7.8369245529174805,14.870821952819824,0.10299547761678696,0.10299547761678696,16.496118545532227,131.51254272460938,0.13592377305030823,0.14194943010807037,0.04916069284081459,0.03564418852329254,29.473268508911133,0.25630539655685425,5.476972579956055,0.42530155181884766,0.5776422619819641,0.03810649737715721,0.07439342886209488,1098.1982421875,24.201799392700195,-0.0013886720407754183,0.5342575907707214,0.6579908132553101,-5.557024851441383E-4,46.82111358642578,0.23732444643974304,-8.136336326599121,0.18001095950603485,0.44795671105384827,0.07990411669015884,0.09813689440488815,48.35161590576172,203.0194549560547,0.6066505908966064,0.6066505908966064,0.32399654388427734,0.18110865354537964,45.155303955078125,0.21238097548484802,4.180212020874023,0.5000497698783875,0.7672288417816162,0.13106662034988403,0.13937097787857056,5.940048694610596,181.46568298339844,0.695075511932373,0.695075511932373,0.47391942143440247,0.3004925847053528,56.06768035888672,0.23666635155677795,8.35836410522461,0.599229097366333,0.9659110903739929,0.17736083269119263,0.18956923484802246,0.2531772255897522,317.441162109375,0.5403234958648682,0.5403234958648682,0.3832363188266754,0.17921769618988037,49.30714416503906,0.20222045481204987,15.1041898727417,1.1430995464324951,1.5443235635757446
2016,1,41.725712593242896,81.11854391105136,4989.171,1643.0,1.5502980947494507,126.73538208007812,32.32386779785156,16.378498077392578,1.383008360862732,7.8695478439331055,15.193721771240234,0.1030796691775322,0.1030796691775322,16.066991806030273,132.88006591796875,0.08299991488456726,0.10645150393247604,0.03823413327336311,0.023237094283103943,29.3519229888916,0.2550467252731323,5.562527656555176,0.4282837510108948,0.5815634727478027,0.03829839453101158,0.07471679151058197,1090.0963134765625,24.593774795532227,-0.002616753103211522,0.5241125822067261,0.656048595905304,-0.001831935835070908,46.517486572265625,0.23612508177757263,-8.071989059448242,0.1808277815580368,0.449607789516449,0.0800250694155693,0.09824839234352112,47.177425384521484,205.4365692138672,0.600134551525116,0.600134551525116,0.3323788642883301,0.1485360562801361,44.875633239746094,0.2109048068523407,4.277274131774902,0.5041924118995667,0.7729973196983337,0.13090616464614868,0.13910527527332306,5.782388210296631,183.28614807128906,0.7221750020980835,0.7221750020980835,0.49070507287979126,0.3369448482990265,55.87120819091797,0.2351723462343216,8.452560424804688,0.6040985584259033,0.9733408689498901,0.17690688371658325,0.1890668421983719,0.2474561631679535,319.72613525390625,0.4524651765823364,0.4524651765823364,0.33707982301712036,0.11506436765193939,48.79387283325195,0.20052562654018402,15.213271141052246,1.1534080505371094,1.5575977563858032
2016,1,41.70361328842203,81.13633126515356,4989.171,1615.0,0.9274099469184875,180.0,30.616416931152344,18.622100830078125,1.3847417831420898,7.900000095367432,15.657068252563477,0.10343499481678009,0.10343499481678009,14.41787052154541,138.01170349121094,0.46140256524086,0.7006677389144897,0.2584437131881714,0.17079082131385803,28.8701229095459,0.2502094805240631,5.885420799255371,0.4395235776901245,0.5962642431259155,0.03902498260140419,0.07595637440681458,1059.3199462890625,26.02131462097168,0.1286984235048294,0.22736187279224396,0.08794829249382019,0.04627387970685959,45.37107467651367,0.23157858848571777,-7.828020095825195,0.18391169607639313,0.4558156728744507,0.08053867518901825,0.09873145073652267,42.62492370605469,214.4303436279297,0.13902044296264648,0.13902044296264648,-0.03280651941895485,0.03872809559106827,43.823814392089844,0.2052820920944214,4.643389701843262,0.5197165608406067,0.7944862842559814,0.1303722858428955,0.1381704956293106,5.179528713226318,190.14361572265625,0.22015489637851715,0.22015489637851715,0.1550517976284027,0.060502663254737854,55.14631271362305,0.2294744998216629,8.80781364440918,0.6223657131195068,1.0012768507003784,0.17521978914737701,0.1871848702430725,0.2246367484331131,328.33056640625,0.5210425853729248,0.6325445175170898,0.33523470163345337,0.18957215547561646,46.83456039428711,0.1940314918756485,15.624092102050781,1.1920561790466309,1.6072202920913696
2016,1,44.26704792472383,88.00601788899122,4993.9585,490.0,2.7493479251861572,250.30029296875,24.455116271972656,31.839380264282227,1.3468189239501953,8.5,18.90958595275879,0.09712594747543335,0.09712594747543335,0.9827486276626587,253.7882843017578,0.10837216675281525,0.10837216675281525,-0.13199284672737122,0.028284672647714615,14.184247970581055,0.08546572923660278,12.038358688354492,0.8606795072555542,1.5013517141342163,-0.0011818025959655643,0.05527221038937569,1032.6435546875,39.792091369628906,-0.026752827689051628,0.09630709141492844,0.7632374167442322,-0.02240423671901226,40.859039306640625,0.24566558003425598,-7.521601676940918,0.12761276960372925,0.416372150182724,0.09957221150398254,0.1272096484899521,0.26994943618774414,489.46429443359375,0.41666126251220703,0.4492240846157074,0.14618058502674103,0.09296771883964539,9.956052780151367,0.07918679714202881,13.221468925476074,1.0443295240402222,2.038431167602539,0.1606757938861847,0.16568204760551453,0.0,328.66986083984375,0.8503149747848511,0.859642744064331,0.5586009621620178,0.37453988194465637,25.584882736206055,0.10948745161294937,15.650945663452148,1.2029401063919067,2.32578444480896,0.194467693567276,0.19979076087474823,0.0,533.9703979492188,0.271319717168808,0.2809901237487793,0.0717300996184349,0.07911766320466995,30.209917068481445,0.07614970952272415,25.427162170410156,2.3111820220947266,4.123709201812744
2016,1,37.159396914067976,78.35029384516268,5005.417,2063.0,0.9274099469184875,-0.0,33.741981506347656,22.96031951904297,1.340000033378601,7.699999809265137,13.433676719665527,0.04029928147792816,0.04029928147792816,2.856088161468506,289.622802734375,0.19840700924396515,0.19840700924396515,0.016184315085411072,0.059478990733623505,11.361297607421875,0.10030020773410797,13.655557632446289,1.1573184728622437,1.437499761581421,0.03843213990330696,0.04886237904429436,517.1439208984375,245.85110473632812,0.2831157445907593,0.5098544359207153,0.019676832482218742,0.08459143340587616,17.785743713378906,0.07315239310264587,-2.055248737335205,0.3622736632823944,1.0521751642227173,0.03654078021645546,0.04296485707163811,11.555986404418945,452.33758544921875,0.3545517325401306,0.44864076375961304,0.08379483222961426,0.11444873362779617,17.49062156677246,0.05812963470816612,11.913016319274902,1.174516201019287,1.669268250465393,0.04644162952899933,0.047993384301662445,0.17683587968349457,357.4713134765625,0.07214602082967758,0.07467422634363174,0.09011846780776978,0.022262565791606903,21.481348037719727,0.06348614394664764,17.014022827148438,1.537205457687378,2.3826770782470703,0.05886773020029068,0.06349878758192062,0.0,476.8128662109375,0.08746636658906937,0.09039055556058884,0.058050695806741714,0.027041541412472725,21.90003204345703,0.07199419289827347,22.705373764038086,2.274405002593994,2.8283352851867676
2016,1,47.99146302950292,86.23220532633468,5143.906,475.0,1.8543341159820557,180.0,33.8990478515625,24.53904914855957,1.34891939163208,7.898939609527588,75.64189147949219,0.09727351367473602,0.09727351367473602,34.75273132324219,82.34828186035156,0.5905735492706299,0.5959935784339905,0.13144762814044952,0.1732093244791031,76.11442565917969,0.3079323172569275,2.2664549350738525,0.2692679464817047,0.6484981179237366,-0.019711490720510483,-0.010416549630463123,1534.51318359375,2.0585744380950928,-0.039718542248010635,0.03764991834759712,0.8831668496131897,-0.03899799659848213,166.1205291748047,0.3062053322792053,-11.609504699707031,0.07937833666801453,0.2542392909526825,0.05171394720673561,0.10118354856967926,31.282270431518555,150.3636932373047,0.32310909032821655,0.3704881966114044,-0.1490808129310608,0.06979653239250183,62.4183235168457,0.30249592661857605,3.218416690826416,0.33688950538635254,0.8883233666419983,0.17248544096946716,0.19925479590892792,3.163588047027588,146.05545043945312,0.5088401436805725,0.5115037560462952,-0.005969543941318989,0.15800662338733673,49.93716812133789,0.2925637662410736,6.8043742179870605,0.5422022938728333,1.0849307775497437,0.30261340737342834,0.32835593819618225,0.0,322.83331298828125,0.30301493406295776,0.4918891489505768,-0.09261184930801392,0.06408662348985672,74.32902526855469,0.28569361567497253,15.373014450073242,0.7651090621948242,1.5242382287979126
2016,1,41.22041172096747,79.49672426690256,5267.7183,1299.0,1.542581558227539,233.05029296875,25.086368560791016,22.084625244140625,1.399999976158142,7.992836952209473,14.306574821472168,0.08369877934455872,0.08369877934455872,0.0749940276145935,183.21629333496094,0.504808247089386,0.5191169381141663,0.1880345195531845,0.13358992338180542,13.578661918640137,0.18366646766662598,8.721014976501465,0.6032528281211853,0.7605125308036804,0.04663984850049019,0.06933929771184921,941.9024047851562,60.019222259521484,0.16050021350383759,0.34217438101768494,0.027808651328086853,0.045031171292066574,36.00995635986328,0.21080194413661957,-6.680932998657227,0.19096209108829498,0.5523563027381897,0.05311701446771622,0.07256679981946945,6.4063401222229,239.0721893310547,0.40325576066970825,0.5117154717445374,0.13810694217681885,0.10284557938575745,35.16560363769531,0.16810940206050873,6.288266181945801,0.5874358415603638,0.8904705047607422,0.09317833930253983,0.10152635723352432,0.035037510097026825,222.01583862304688,0.13028880953788757,0.14103329181671143,0.11881878972053528,0.03878472000360489,49.73469161987305,0.19682146608829498,10.570514678955078,0.7069664597511292,1.255683422088623,0.1210266649723053,0.12955497205257416,0.0,370.1045837402344,0.6263586282730103,0.6263586282730103,0.30177971720695496,0.190472811460495,30.204235076904297,0.1378544718027115,17.6240291595459,1.3483420610427856,1.7820308208465576
2016,1,41.210436711910916,79.3315234910745,5322.847,1370.0,0.0,-0.0,28.756195068359375,21.90019989013672,1.3820527791976929,7.900000095367432,16.960899353027344,0.08105074614286423,0.08105074614286423,3.667531967163086,165.680419921875,0.6760973334312439,0.6976209282875061,0.26303958892822266,0.20208759605884552,14.817451477050781,0.19595299661159515,7.71489953994751,0.5633769631385803,0.7122971415519714,0.043211497366428375,0.06463189423084259,1031.977294921875,54.97138977050781,0.15898258984088898,0.2474863976240158,-0.0696386992931366,0.030964113771915436,35.68582534790039,0.2150803655385971,-7.401559352874756,0.18167005479335785,0.5232213139533997,0.04868955537676811,0.06622548401355743,26.014354705810547,216.6764678955078,0.3646432161331177,0.41059499979019165,0.03007943369448185,0.10421774536371231,37.2274169921875,0.17999455332756042,5.153029918670654,0.5434791445732117,0.82243412733078,0.08620744198560715,0.09473340958356857,1.713485598564148,201.47900390625,0.5741295218467712,0.5741295218467712,0.3578835725784302,0.21958796679973602,51.624168395996094,0.21163354814052582,9.512643814086914,0.6538782119750977,1.1636666059494019,0.11680985987186432,0.12642158567905426,0.0,345.57147216796875,0.7202656269073486,0.7202656269073486,0.3607614040374756,0.2643100321292877,32.650691986083984,0.15503597259521484,16.45578384399414,1.2468115091323853,1.6410233974456787
2016,1,41.23038227092297,79.51019967028608,5349.2275,1291.0,5.006697654724121,100.64820861816406,26.431678771972656,22.202774047851562,1.399999976158142,7.900000095367432,13.103917121887207,0.08353015780448914,0.08353015780448914,0.0,181.8472442626953,0.41073715686798096,0.4381713569164276,0.12456414103507996,0.1241992861032486,13.639328956604004,0.18495388329029083,8.659392356872559,0.5994011759757996,0.7556642293930054,0.04646305739879608,0.06942673772573471,946.1016235351562,58.153804779052734,0.1272384524345398,0.26221394538879395,0.028763938695192337,0.03445543348789215,36.2003173828125,0.21217578649520874,-6.726877689361572,0.19017285108566284,0.5478306412696838,0.05321401730179787,0.07273755967617035,6.05701208114624,236.20265197753906,0.2136421948671341,0.21840737760066986,-0.0433826744556427,0.05368658900260925,35.393096923828125,0.16957442462444305,6.220152378082275,0.5827969908714294,0.8834192752838135,0.09344813972711563,0.10177050530910492,0.0,220.71987915039062,0.13069383800029755,0.14140425622463226,0.11934084445238113,0.03888801857829094,49.805206298828125,0.19796282052993774,10.510470390319824,0.7024315595626831,1.2456247806549072,0.12110191583633423,0.12952737510204315,0.0,368.73089599609375,0.4085623323917389,0.4085623323917389,0.17376166582107544,0.1321597397327423,30.254114151000977,0.13892413675785065,17.55861473083496,1.3401306867599487,1.771458387374878
2016,1,41.442202948264814,79.47085256259048,5359.266,1333.0,1.8543341159820557,180.0,22.99560546875,23.38416290283203,1.386703372001648,8.0,14.47979736328125,0.0729101374745369,0.0729101374745369,0.8447058200836182,142.70382690429688,0.7081819176673889,0.7342919707298279,0.32749930024147034,0.21972084045410156,15.100781440734863,0.20883117616176605,6.7551960945129395,0.4906790554523468,0.6209179759025574,0.04039160534739494,0.06521820276975632,1114.9014892578125,13.886741638183594,0.2109522521495819,0.3529380261898041,0.0359380766749382,0.053221236914396286,39.820411682128906,0.23809455335140228,-8.341020584106445,0.1642792820930481,0.434172123670578,0.04663107171654701,0.06733684986829758,12.471096992492676,156.46978759765625,0.2643063962459564,0.26814723014831543,0.0043569826520979404,0.0712401419878006,41.16728591918945,0.20050792396068573,3.8918564319610596,0.4431760311126709,0.6805740594863892,0.08918409794569016,0.09764456003904343,0.3946499228477478,176.75711059570312,0.5759508609771729,0.5759508609771729,0.3752535581588745,0.2826693058013916,52.526668548583984,0.22480934858322144,8.398212432861328,0.545496940612793,0.9609687924385071,0.1111660823225975,0.1167924553155899,0.0,321.8577880859375,0.6070424318313599,0.7060480713844299,0.31392595171928406,0.2372075319290161,32.734378814697266,0.16108033061027527,15.326560974121094,1.0764816999435425,1.413015604019165
2016,1,38.92809042871517,75.91568263829492,5380.7104,1534.0,3.018265962600708,127.88050842285156,32.00647735595703,24.881330490112305,1.363561749458313,7.53253173828125,13.967979431152344,0.08309824764728546,0.08309824764728546,10.190853118896484,205.1763458251953,0.12643927335739136,0.12643927335739136,0.04923936724662781,0.033273082226514816,20.17652702331543,0.2022569626569748,9.28502368927002,0.8012308478355408,1.005481481552124,0.05074606463313103,0.07567904144525528,925.0692138671875,120.45823669433594,0.25435671210289,0.3679214417934418,0.03549003601074219,0.05594814941287041,38.144283294677734,0.19825859367847443,-6.0955376625061035,0.238179013133049,0.6518213748931885,0.054562024772167206,0.06766235083341599,88.65921783447266,279.1476745605469,0.35242003202438354,0.39412811398506165,0.16709204018115997,0.11851917952299118,40.178287506103516,0.18659161031246185,5.148336887359619,0.6733520030975342,1.0292418003082275,0.08453560620546341,0.0889512449502945,2.0688228607177734,246.06863403320312,0.6666737794876099,0.6666737794876099,0.36037811636924744,0.25914880633354187,36.115055084228516,0.16755740344524384,11.619038581848145,0.9447727799415588,1.5360901355743408,0.10639265179634094,0.11249395459890366,0.0,355.8505554199219,0.15325221419334412,0.1603664606809616,0.07117702811956406,0.043903451412916183,46.59120178222656,0.1853303760290146,16.94526481628418,1.4808452129364014,1.8255079984664917
2016,1,39.35281088585379,75.45888786727888,5418.1836,1465.0,3.0296285152435303,307.7132263183594,35.428550720214844,24.11976432800293,1.4044852256774902,7.900000095367432,16.647436141967773,0.08590970933437347,0.08590970933437347,4.643947124481201,231.87188720703125,0.7256573438644409,0.7298372387886047,0.37370219826698303,0.27310943603515625,18.749013900756836,0.17411236464977264,10.820378303527832,0.8415713310241699,1.121274709701538,0.05146421492099762,0.06747962534427643,740.1224365234375,102.8657455444336,0.28558364510536194,0.5363959074020386,0.12721990048885345,0.07422462850809097,48.18061065673828,0.19268956780433655,-4.827702522277832,0.2578352391719818,0.7171606421470642,0.06696142256259918,0.08365322649478912,46.869537353515625,305.3612365722656,0.5827509760856628,0.7271112203598022,0.3904394805431366,0.208289235830307,42.024810791015625,0.18345466256141663,6.986262321472168,0.6864000558853149,1.0792194604873657,0.09575938433408737,0.09765728563070297,1.1286766529083252,281.8812561035156,0.7944954037666321,0.7950606346130371,0.49635082483291626,0.3271667957305908,34.54984664916992,0.14635291695594788,13.369171142578125,0.9976121187210083,1.637242078781128,0.10364802181720734,0.10718272626399994,0.0,397.9127502441406,0.22532135248184204,0.22785964608192444,0.006361152045428753,0.05841505154967308,31.551137924194336,0.13971053063869476,18.948226928710938,1.61311936378479,1.969610571861267
2016,1,41.23738751867794,79.59832488440533,5436.226,1259.0,0.0,-0.0,32.176334381103516,18.882644653320312,1.4180783033370972,7.900000095367432,12.834609031677246,0.0853104516863823,0.0853104516863823,0.0,179.8017120361328,0.6531397104263306,0.6802994608879089,0.2729526162147522,0.19068999588489532,13.968914985656738,0.19053971767425537,8.561985969543457,0.5954858064651489,0.7506318092346191,0.04624611884355545,0.07046056538820267,944.8381958007812,57.19537353515625,0.14168839156627655,0.2183079570531845,0.03707494959235191,0.04362470656633377,36.485015869140625,0.21582826972007751,-6.72456693649292,0.19033102691173553,0.5432712435722351,0.05526360496878624,0.07452183961868286,5.92793083190918,234.9153289794922,0.3133421242237091,0.31841790676116943,7.327307830564678E-4,0.08211013674736023,35.790828704833984,0.1740085929632187,6.188848495483398,0.5826234221458435,0.8795541524887085,0.09551123529672623,0.103623166680336,0.0,220.27455139160156,0.13315275311470032,0.14372481405735016,0.11471875756978989,0.03958737105131149,49.89920425415039,0.2018008530139923,10.489264488220215,0.7069880962371826,1.2396374940872192,0.12436043471097946,0.1332409679889679,0.0,367.6405944824219,0.17110100388526917,0.17851395905017853,0.11093810945749283,0.049753349274396896,30.438613891601562,0.1445426642894745,17.506694793701172,1.3395951986312866,1.775372862815857
2016,1,43.95874567788859,80.93448113776724,5437.9966,580.0,0.9274099469184875,-0.0,35.28716278076172,14.399822235107422,1.3997992277145386,7.954960346221924,41.77577590942383,0.15396748483181,0.15396748483181,18.474180221557617,91.42912292480469,0.19726775586605072,0.21903006732463837,-0.013040976598858833,0.04468825086951256,56.9255485534668,0.3609682321548462,3.4740447998046875,0.2867983877658844,0.5240830183029175,0.015382152050733566,0.06214895099401474,1117.5888671875,9.21911334991455,-0.026482028886675835,0.3721475899219513,0.8438913226127625,-0.024500099942088127,131.27378845214844,0.34991633892059326,-8.396739959716797,0.14686565101146698,0.41779109835624695,0.15919023752212524,0.17838165163993835,32.1455078125,119.06551361083984,0.26452121138572693,0.3068908452987671,0.18776527047157288,0.07193367183208466,68.71101379394531,0.3765961825847626,2.349189281463623,0.26535776257514954,0.644866943359375,0.26637476682662964,0.28748819231987,3.054955005645752,135.89817810058594,0.40557771921157837,0.4328886866569519,0.2931525707244873,0.12299361079931259,96.59309387207031,0.4015805721282959,6.325867652893066,0.310981422662735,0.6053745150566101,0.3382818400859833,0.35469821095466614,0.0,257.97882080078125,0.5314352512359619,0.533359169960022,0.3238900899887085,0.15761008858680725,120.40927124023438,0.37428608536720276,12.284706115722656,0.47528648376464844,0.9178827404975891
2016,1,43.96332517467048,80.93501622989365,5437.9966,578.0,2.257451295852661,34.7858772277832,35.868526458740234,14.122776985168457,1.390068531036377,8.0,42.080055236816406,0.15378627181053162,0.15378627181053162,18.64560317993164,90.9665298461914,0.21947596967220306,0.2389788180589676,-0.09042230993509293,0.05660392716526985,56.93800735473633,0.36105644702911377,3.4438536167144775,0.2860817611217499,0.523484468460083,0.015335688367486,0.062000490725040436,1119.87890625,9.138476371765137,-0.018775759264826775,0.5004360675811768,0.8563004732131958,-0.01962423510849476,131.28392028808594,0.3498115837574005,-8.414700508117676,0.1467127948999405,0.4177131652832031,0.15889285504817963,0.17807093262672424,32.40849304199219,118.41883087158203,0.2640378475189209,0.3063015341758728,0.1877477914094925,0.07179588824510574,68.59618377685547,0.3764778971672058,2.324603796005249,0.2648845613002777,0.6437754034996033,0.26594752073287964,0.2870330512523651,3.0825154781341553,135.3629913330078,0.40494394302368164,0.43220508098602295,0.2927579879760742,0.12276146560907364,96.49098205566406,0.4016045033931732,6.299069881439209,0.3102584481239319,0.6040616035461426,0.3378183841705322,0.354232519865036,0.0,257.566162109375,0.6151685118675232,0.6184208393096924,0.35944730043411255,0.21033605933189392,120.30674743652344,0.37431085109710693,12.265055656433105,0.4745482802391052,0.9168673157691956
2016,1,39.62149847893022,77.32109764921896,5448.7085,1165.0,0.9274099469184875,-0.0,20.0779972076416,28.500036239624023,1.3721495866775513,6.694960594177246,13.04317855834961,0.12896697223186493,0.12896697223186493,2.0886168479919434,365.10791015625,0.7739773392677307,0.7739773392677307,0.44577330350875854,0.32557350397109985,3.3085989952087402,0.09088020771741867,17.286632537841797,1.5729917287826538,1.9010735750198364,0.06429710984230042,0.08495780825614929,454.0632019042969,332.4173583984375,0.15726348757743835,0.2670685648918152,-0.002932022325694561,0.04223063215613365,14.578604698181152,0.10516534000635147,-0.9215595722198486,0.3477853238582611,1.1808804273605347,0.089598149061203,0.1029643565416336,23.976024627685547,569.0267944335938,0.23004399240016937,0.302832692861557,0.12696805596351624,0.08412310481071472,12.019022941589355,0.09507066011428833,14.731101036071777,1.4120540618896484,1.8862367868423462,0.11955361813306808,0.12457528710365295,0.619160532951355,422.0135803222656,0.8095450401306152,0.8095450401306152,0.45161139965057373,0.37314343452453613,11.721379280090332,0.09605218470096588,20.0664005279541,1.8914108276367188,2.739732265472412,0.1505434513092041,0.1636521965265274,0.0,561.2047729492188,0.7188244462013245,0.720017671585083,0.3990652561187744,0.3512997329235077,10.593262672424316,0.09053710848093033,26.724037170410156,3.0391271114349365,3.5992395877838135
2016,1,41.2066643124197,79.46761971432673,5526.7695,1299.0,2.2261600494384766,146.39219665527344,25.789321899414062,24.469947814941406,1.393858790397644,7.900000095367432,14.542656898498535,0.08380399644374847,0.08380399644374847,0.703303337097168,182.18177795410156,0.29682108759880066,0.3685513734817505,0.11368672549724579,0.09474801272153854,13.726887702941895,0.1845833957195282,8.64183235168457,0.6020264029502869,0.7592304944992065,0.046342093497514725,0.0686873197555542,949.2108154296875,61.638973236083984,0.22301135957241058,0.4453257918357849,0.03250383585691452,0.06153428554534912,35.74344253540039,0.21012061834335327,-6.724029064178467,0.1906932294368744,0.5534581542015076,0.05264757573604584,0.0716734454035759,9.733943939208984,239.46243286132812,0.3623638153076172,0.4965563416481018,0.19470472633838654,0.11333879083395004,35.21965408325195,0.16855455935001373,6.208878040313721,0.5872203707695007,0.8894012570381165,0.09210094064474106,0.10047698020935059,0.3285861313343048,220.68641662597656,0.12895241379737854,0.13980989158153534,0.11985258013010025,0.03847045823931694,49.9299430847168,0.19804613292217255,10.493229866027832,0.7060129046440125,1.254825234413147,0.12079460918903351,0.12968853116035461,0.0,368.1941833496094,0.4754188060760498,0.4754188060760498,0.2025226503610611,0.13188940286636353,30.521757125854492,0.1397928148508072,17.533056259155273,1.3444581031799316,1.7762110233306885
2016,1,40.225706671672135,77.14214946484311,5529.9277,1599.0,1.528012990951538,307.3619079589844,33.9903564453125,24.965871810913086,1.3763539791107178,7.701855659484863,17.948713302612305,0.09452717751264572,0.09452717751264572,13.066256523132324,121.27851867675781,0.5042320489883423,0.5042320489883423,0.11218390613794327,0.14884603023529053,18.661052703857422,0.251290500164032,5.152965068817139,0.6275189518928528,0.7976137399673462,0.05360265076160431,0.0678587555885315,1439.39208984375,102.63196563720703,0.2213057279586792,0.28990334272384644,-0.011284618638455868,0.050926197320222855,41.191795349121094,0.2578369379043579,-10.126970291137695,0.1612858921289444,0.498867005109787,0.06077748164534569,0.0734790563583374,145.45166015625,174.9447479248047,0.18114998936653137,0.3169408142566681,0.04432426393032074,0.05915126949548721,57.89441680908203,0.25803840160369873,0.7971104979515076,0.5166088938713074,0.7454360127449036,0.09423734992742538,0.10209879279136658,3.9378550052642822,150.623779296875,0.5885322093963623,0.5885322093963623,0.3189283311367035,0.22270484268665314,49.31719970703125,0.27063482999801636,6.985044002532959,0.7045063376426697,1.0763485431671143,0.12368645519018173,0.13410647213459015,0.0,270.09564208984375,0.7455722689628601,0.7455722689628601,0.4026317000389099,0.3275173306465149,61.11018371582031,0.26450076699256897,12.861696243286133,1.1923489570617676,1.4788658618927002
2016,1,41.231996465504324,79.15257976579973,5554.637,1444.0,4.921014308929443,90.0,26.17022705078125,22.620176315307617,1.3486582040786743,7.909424304962158,19.86273765563965,0.07680939882993698,0.07680939882993698,7.789583683013916,140.8942108154297,0.510863184928894,0.5234972238540649,0.2232431322336197,0.1522204875946045,16.430089950561523,0.2133312225341797,6.338315963745117,0.5042759776115417,0.6406503915786743,0.03848681598901749,0.05881189927458763,1156.4505615234375,43.805213928222656,0.2037588506937027,0.3033066987991333,0.021097484976053238,0.04691799730062485,35.94777297973633,0.22420281171798706,-8.429131507873535,0.1676017940044403,0.4758089780807495,0.04286783188581467,0.058507040143013,48.78960037231445,181.2510986328125,0.26381707191467285,0.2936496436595917,0.011054370552301407,0.069917231798172,40.325599670410156,0.19793613255023956,3.580040454864502,0.47641047835350037,0.7204641103744507,0.07799617946147919,0.0867658481001854,3.63932466506958,172.8201141357422,0.11334475874900818,0.1254328042268753,0.16098956763744354,0.034725554287433624,53.99908447265625,0.2319660633802414,8.056227684020996,0.5748617649078369,1.024042010307312,0.11113891005516052,0.12168064713478088,0.0,312.05792236328125,0.49459290504455566,0.49459290504455566,0.22576338052749634,0.1614515483379364,35.72960662841797,0.1776546984910965,14.85990047454834,1.0998653173446655,1.4394422769546509
2016,1,41.22121881825815,79.3212853950558,5565.522,1370.0,2.226313591003418,33.613746643066406,26.577566146850586,20.932851791381836,1.3899999856948853,7.896057605743408,17.43730354309082,0.08037959784269333,0.08037959784269333,3.9508166313171387,162.5507354736328,0.6729373931884766,0.6971274614334106,0.2967633008956909,0.1225910559296608,14.982744216918945,0.19809718430042267,7.552377223968506,0.5552529096603394,0.7023723125457764,0.04265647754073143,0.06410688906908035,1046.7852783203125,52.51767349243164,0.15015274286270142,0.3050466477870941,0.03638428449630737,0.02590312995016575,35.87976837158203,0.21688619256019592,-7.53233003616333,0.17969615757465363,0.5156598091125488,0.04806762561202049,0.06555360555648804,27.65917205810547,211.249267578125,0.31831514835357666,0.35291773080825806,0.1444593220949173,0.061447907239198685,37.66088104248047,0.18247850239276886,4.961894512176514,0.5337242484092712,0.8080065250396729,0.08556486666202545,0.09411586821079254,1.8458373546600342,197.94036865234375,0.6109151840209961,0.6109151840209961,0.36947858333587646,0.23941664397716522,51.86275863647461,0.21402743458747864,9.337835311889648,0.6427940130233765,1.1435548067092896,0.11612721532583237,0.12569646537303925,0.0,341.61669921875,0.7019022703170776,0.7019022703170776,0.3792790174484253,0.23028849065303802,32.94322204589844,0.15742497146129608,16.2674617767334,1.2272404432296753,1.6146005392074585
2016,1,44.10561954838698,89.4440423059191,5590.359,676.0,0.0,-0.0,33.5389289855957,27.53095245361328,1.3584529161453247,7.915470600128174,13.410327911376953,0.08398061245679855,0.08398061245679855,0.0,240.6815185546875,0.0955418273806572,0.09558632969856262,-0.09059114009141922,0.027078039944171906,18.52174186706543,0.09633469581604004,11.461024284362793,0.825864851474762,1.4516314268112183,0.0048006740398705006,0.03402252867817879,733.4210815429688,53.71235275268555,-0.04023478180170059,0.6107989549636841,0.8144065141677856,-0.03846139460802078,35.70813751220703,0.18805843591690063,-5.149308204650879,0.19255727529525757,0.49236923456192017,0.08032425493001938,0.09712522476911545,0.0,466.5086975097656,0.42409220337867737,0.7041445374488831,0.13515913486480713,0.10617238283157349,19.871994018554688,0.08628331124782562,12.608343124389648,1.0154637098312378,1.8555546998977661,0.13227637112140656,0.1394849568605423,0.0,323.9194641113281,0.8514009118080139,0.8773664832115173,0.542445719242096,0.41929298639297485,22.71743392944336,0.09538822621107101,15.424736976623535,1.2502790689468384,2.1404149532318115,0.16652004420757294,0.17087103426456451,0.0,512.309814453125,0.6315023899078369,0.7981835007667542,0.36117473244667053,0.2022501528263092,45.22761535644531,0.09615422040224075,24.395706176757812,2.122284412384033,3.7604589462280273
2016,1,39.28247302583674,75.5262604250954,5597.6904,1425.0,2.207247495651245,147.1389923095703,39.099082946777344,25.46717071533203,1.4012324810028076,7.599999904632568,11.309621810913086,0.08633517473936081,0.08633517473936081,6.464292049407959,225.0142364501953,0.3913542628288269,0.3913542628288269,0.08082658052444458,0.12244957685470581,19.947986602783203,0.18487367033958435,10.407139778137207,0.8263465166091919,1.0942233800888062,0.052072517573833466,0.0696251317858696,777.0856323242188,103.8184814453125,0.25309866666793823,0.37211161851882935,0.09112447500228882,0.07039441168308258,47.74776077270508,0.19984303414821625,-5.100508689880371,0.2532764971256256,0.7050735950469971,0.06672162562608719,0.08326923847198486,56.23857879638672,298.7946472167969,0.450599730014801,0.5457432866096497,0.2400270253419876,0.15938594937324524,42.624698638916016,0.19008369743824005,6.555569648742676,0.6770498156547546,1.0611759424209595,0.09581376612186432,0.09795086085796356,1.3123018741607666,273.5700988769531,0.6724563241004944,0.7229660749435425,0.3622181713581085,0.25649723410606384,34.842674255371094,0.15296238660812378,12.964656829833984,0.9831490516662598,1.6128413677215576,0.10522041469812393,0.10906399041414261,0.0,388.13427734375,0.4193725287914276,0.4193725287914276,0.04830102249979973,0.12827128171920776,35.13654327392578,0.15080490708351135,18.48258399963379,1.581486463546753,1.9347456693649292
2016,1,41.25544241884335,79.26361138203052,5626.2314,1379.0,0.9274099469184875,-0.0,26.719575881958008,23.475582122802734,1.3799999952316284,7.900000095367432,17.473388671875,0.07787753641605377,0.07787753641605377,5.47081995010376,149.77113342285156,0.618257999420166,0.6455352306365967,0.2277272641658783,0.18240486085414886,15.726743698120117,0.20706652104854584,6.871443271636963,0.5230463147163391,0.6632180213928223,0.04029678925871849,0.061633989214897156,1109.169189453125,44.209102630615234,0.18017759919166565,0.2973022162914276,-0.03761604055762291,0.0359455905854702,36.4714469909668,0.2235407531261444,-8.067878723144531,0.17184978723526,0.48726925253868103,0.0453421026468277,0.06236247718334198,36.27391052246094,190.59744262695312,0.1712014228105545,0.2428978830575943,-0.06532014161348343,0.04083457961678505,39.37485885620117,0.1924547553062439,4.170906066894531,0.4960193932056427,0.7517601847648621,0.0823713168501854,0.09104316681623459,2.5559890270233154,183.39813232421875,0.26906415820121765,0.26906415820121765,0.1251855045557022,0.0809360072016716,52.89952850341797,0.22412924468517303,8.611531257629395,0.5995383262634277,1.0655131340026855,0.11338784545660019,0.12305616587400436,0.0,325.0741882324219,0.32480159401893616,0.32480159401893616,0.1017577052116394,0.10078207403421402,34.290733337402344,0.16803348064422607,15.47972297668457,1.1493051052093506,1.5092408657073975
2016,1,39.10298974933448,75.79360136965369,5671.9126,1382.0,2.5623130798339844,111.20664978027344,30.091402053833008,23.978160858154297,1.3885024785995483,7.750823020935059,13.181913375854492,0.08808225393295288,0.08808225393295288,8.55691909790039,222.74652099609375,0.4588007926940918,0.4588007926940918,0.2256154716014862,0.12913112342357635,19.14456558227539,0.1953788697719574,10.199504852294922,0.8641880750656128,1.098135232925415,0.05236593261361122,0.07429543882608414,844.7860717773438,129.47059631347656,0.20060791075229645,0.2640952169895172,-0.011042189784348011,0.03370579332113266,40.590423583984375,0.20024724304676056,-5.4190568923950195,0.2503376603126526,0.7012921571731567,0.06206844747066498,0.07650091499090195,74.44418334960938,304.2418212890625,0.3189550042152405,0.32987889647483826,0.14875011146068573,0.08213280141353607,39.16135025024414,0.1892889440059662,6.210746765136719,0.7184606194496155,1.0970805883407593,0.09165716916322708,0.09521356225013733,1.73712158203125,267.139404296875,0.5414239168167114,0.5414239168167114,0.24453267455101013,0.16844643652439117,33.569541931152344,0.16366954147815704,12.638203620910645,1.0211188793182373,1.6414828300476074,0.10947819799184799,0.1152632087469101,0.0,380.2220458984375,0.1559503823518753,0.16348199546337128,0.07184181362390518,0.04479369893670082,40.059967041015625,0.17327384650707245,18.105812072753906,1.6185437440872192,1.979602575302124
2016,1,39.09005389717844,75.82108726854713,5688.5737,1413.0,1.5123333930969238,127.81705474853516,33.57923889160156,23.978769302368164,1.3903836011886597,7.800000190734863,11.764677047729492,0.08825865387916565,0.08825865387916565,8.49186897277832,224.47808837890625,0.33462464809417725,0.33462464809417725,0.17795036733150482,0.10619828850030899,18.878543853759766,0.19463732838630676,10.28505802154541,0.8722224235534668,1.10457181930542,0.05240147188305855,0.07465590536594391,839.4052124023438,132.33030700683594,0.3796871602535248,0.4552251398563385,0.16002820432186127,0.11794886738061905,39.85076141357422,0.19888009130954742,-5.35662841796875,0.25162091851234436,0.7049652338027954,0.06175558269023895,0.07603012025356293,73.87825775146484,307.22991943359375,0.5299208164215088,0.5905103087425232,0.3213554918766022,0.18508990108966827,38.67244338989258,0.18773390352725983,6.3068013191223145,0.7265468835830688,1.107202410697937,0.09138083457946777,0.09504346549510956,1.7239158153533936,268.77960205078125,0.6492701172828674,0.6492701172828674,0.39982569217681885,0.21092019975185394,33.41185760498047,0.16331563889980316,12.716937065124512,1.0299128293991089,1.653680443763733,0.10983966290950775,0.11577647179365158,0.0,381.9538269042969,0.15637880563735962,0.16400541365146637,0.07204879820346832,0.04494640976190567,39.9833984375,0.1733543574810028,18.188276290893555,1.6310006380081177,1.994070053100586
2016,1,42.23371122165568,87.29185718247345,5716.9053,1172.0,2.6695897579193115,110.31473541259766,34.27631759643555,20.702037811279297,1.3503423929214478,8.14542293548584,18.336898803710938,0.07687035202980042,0.07687035202980042,0.6799939870834351,194.7705535888672,0.6195648908615112,0.6815589666366577,0.37138593196868896,0.1986667513847351,21.27025032043457,0.16091814637184143,9.24240779876709,0.6412014365196228,0.9404453635215759,0.0375397615134716,0.05307264253497124,854.475341796875,47.034034729003906,0.19414706528186798,0.7910154461860657,0.21069957315921783,0.06503134220838547,28.771263122558594,0.19077803194522858,-6.116979598999023,0.19543001055717468,0.5051112771034241,0.05804591253399849,0.06700874865055084,0.0,325.1737365722656,0.3908921778202057,0.5617547035217285,0.15469348430633545,0.10863476991653442,35.39362716674805,0.14799271523952484,8.78847885131836,0.7241455316543579,1.2230514287948608,0.08432896435260773,0.09111242741346359,0.0,262.7911682128906,0.6391252875328064,0.7298680543899536,0.34010085463523865,0.22400610148906708,28.53846549987793,0.1438702791929245,12.513864517211914,0.9749969244003296,1.5816048383712769,0.11370617896318436,0.11817428469657898,0.0,423.29595947265625,0.7016027569770813,0.7016027569770813,0.3638281226158142,0.2773621082305908,39.426666259765625,0.1428128182888031,20.156949996948242,1.549017071723938,2.259103536605835
2016,1,41.27942792340983,79.29891854417171,5718.032,1361.0,0.9274099469184875,180.0,24.089698791503906,22.28252410888672,1.382123589515686,8.0,17.270103454589844,0.0774875357747078,0.0774875357747078,4.801991939544678,149.7272186279297,0.611725389957428,0.6415661573410034,0.26554715633392334,0.15094545483589172,15.621707916259766,0.20697259902954102,6.901201248168945,0.5210497379302979,0.6605913639068604,0.040402933955192566,0.062220897525548935,1106.868408203125,41.228797912597656,0.20066066086292267,0.348722368478775,0.07759439945220947,0.04477435722947121,36.93656921386719,0.22545841336250305,-8.073027610778809,0.17125004529953003,0.4827057421207428,0.04565268009901047,0.0632137879729271,32.807159423828125,187.8212127685547,0.4014536440372467,0.4385990500450134,0.11486013233661652,0.10588810592889786,39.501983642578125,0.19313167035579681,4.189568996429443,0.4922548234462738,0.7471933960914612,0.08348505198955536,0.09214228391647339,2.2435097694396973,183.57948303222656,0.5707585215568542,0.5707585215568542,0.3622697591781616,0.20337168872356415,52.72490692138672,0.22367896139621735,8.635046005249023,0.5962837338447571,1.0582283735275269,0.11348617076873779,0.12270396947860718,0.0,325.80810546875,0.6257166862487793,0.6257166862487793,0.28251251578330994,0.18278738856315613,34.02261734008789,0.16676059365272522,15.514671325683594,1.1462030410766602,1.5062580108642578
2016,1,41.22499121774936,79.34419179716734,5749.6816,1357.0,2.226351261138916,213.61520385742188,26.519468307495117,21.670883178710938,1.4004319906234741,7.900000095367432,14.79195499420166,0.0806431919336319,0.0806431919336319,3.462785243988037,164.57379150390625,0.520232081413269,0.5739569664001465,0.2234358787536621,0.15300042927265167,14.827996253967285,0.1966649293899536,7.671952247619629,0.559647798538208,0.7076624631881714,0.043064720928668976,0.06471502035856247,1036.1146240234375,52.77685546875,0.19350111484527588,0.3291133642196655,0.01909456215798855,0.04355629161000252,35.967308044433594,0.21659699082374573,-7.449528217315674,0.18070639669895172,0.5185328722000122,0.04861343652009964,0.06637915968894958,25.015321731567383,213.53726196289062,0.3067856729030609,0.3143187165260315,0.07067599892616272,0.08881883323192596,37.43617630004883,0.1811760514974594,5.095187664031982,0.5383972525596619,0.8153757452964783,0.08649154007434845,0.09502028673887253,1.61782705783844,200.33460998535156,0.4521729350090027,0.4521729350090027,0.27467378973960876,0.16689278185367584,51.62560272216797,0.21226514875888824,9.462703704833984,0.6485769152641296,1.1534020900726318,0.11662459373474121,0.12601938843727112,0.0,344.5330505371094,0.5289478302001953,0.5289478302001953,0.2555146813392639,0.18411606550216675,32.63116455078125,0.15529868006706238,16.406335830688477,1.2386406660079956,1.63057279586792
2016,1,41.24709052257025,79.69615310241689,5764.9717,1217.0,3.9036214351654053,198.39215087890625,27.72305679321289,23.388471603393555,1.4039942026138306,8.100000381469727,13.262728691101074,0.08728640526533127,0.08728640526533127,0.0,177.069580078125,0.19847886264324188,0.2622787654399872,-0.0033387995790690184,0.057541195303201675,14.373448371887207,0.19691231846809387,8.431884765625,0.5896967649459839,0.743324875831604,0.04599771648645401,0.07163924723863602,944.844482421875,55.678707122802734,0.05535120889544487,0.13922572135925293,0.030492236837744713,0.02489720843732357,36.86701583862305,0.22000212967395782,-6.736104488372803,0.19032743573188782,0.5374916195869446,0.05759540945291519,0.07657423615455627,5.795392036437988,232.6266632080078,0.41654473543167114,0.6524463295936584,0.1955670416355133,0.14288632571697235,36.31998062133789,0.17904634773731232,6.130574703216553,0.5808835029602051,0.8730432987213135,0.09787503629922867,0.10574263334274292,0.0,219.2812042236328,0.13598927855491638,0.14639374613761902,0.10976675897836685,0.04039517790079117,50.0991096496582,0.20620937645435333,10.441962242126465,0.7099022269248962,1.23004949092865,0.12798385322093964,0.13733616471290588,0.0,365.9110412597656,0.1754620373249054,0.18349036574363708,0.1095396876335144,0.051242321729660034,30.69792938232422,0.150847926735878,17.424335479736328,1.3356982469558716,1.7748488187789917
2016,1,38.84939621332396,76.13666676830161,5800.241,1348.0,5.672346591949463,167.9206085205078,27.200000762939453,26.083791732788086,1.402657389640808,7.599999904632568,11.469840049743652,0.08280056715011597,0.08280056715011597,7.20977783203125,232.89883422851562,0.3794138431549072,0.3794138431549072,0.07564107328653336,0.08084764331579208,16.707298278808594,0.17963652312755585,10.747097969055176,0.8817055821418762,1.0868946313858032,0.0505714938044548,0.07722372561693192,779.22607421875,139.51242065429688,0.20258015394210815,0.22961072623729706,-0.021258242428302765,0.04632559418678284,32.4023323059082,0.17328323423862457,-4.846315383911133,0.26036909222602844,0.7059319615364075,0.05204781889915466,0.06433629244565964,62.72421646118164,318.1429138183594,0.07827042788267136,0.09445084631443024,0.16113699972629547,0.024253740906715393,35.74657440185547,0.15944652259349823,6.903208255767822,0.7559841275215149,1.1470048427581787,0.08222347497940063,0.08717836439609528,1.4636414051055908,275.7815246582031,0.46592313051223755,0.46592313051223755,0.24850693345069885,0.15468183159828186,35.50497817993164,0.1506318747997284,13.062755584716797,1.0345076322555542,1.6873128414154053,0.10710912942886353,0.11381135880947113,0.0,387.8462829589844,0.154279887676239,0.16165564954280853,0.07179242372512817,0.04428308084607124,41.70026397705078,0.16536790132522583,18.468870162963867,1.617875337600708,1.9843401908874512
2016,1,37.4784768081494,77.35774700077722,5814.8936,1854.0,1.1685799360275269,90.0,34.77149963378906,24.445175170898438,1.340000033378601,7.6628594398498535,14.36229133605957,0.06714356690645218,0.06714356690645218,1.2984933853149414,273.7919006347656,0.10797790437936783,0.10797790437936783,0.04108648747205734,0.0300765261054039,12.019259452819824,0.10422679036855698,12.975875854492188,0.8836686611175537,1.1737788915634155,0.04831046983599663,0.0602182075381279,525.7101440429688,164.6344757080078,0.17457756400108337,0.30898311734199524,0.27638959884643555,0.06237892434000969,21.615711212158203,0.09600979834794998,-2.735421895980835,0.3132356107234955,0.8202236890792847,0.05099443346261978,0.05688080936670303,6.571584224700928,385.62371826171875,0.12580989301204681,0.12580989301204681,0.06168030574917793,0.048146478831768036,19.759410858154297,0.07529763132333755,10.244651794433594,0.8753657937049866,1.3223813772201538,0.06847558915615082,0.07298428565263748,0.15399058163166046,329.669677734375,0.5845741629600525,0.5845741629600525,0.30072858929634094,0.18791544437408447,38.90108108520508,0.08035389333963394,15.691222190856934,1.1753830909729004,1.9550724029541016,0.09023631364107132,0.09437607228755951,0.0,444.7723083496094,0.5789287686347961,0.5789287686347961,0.268105149269104,0.18365193903446198,16.16443634033203,0.07370822131633759,21.17963409423828,1.7531142234802246,2.2740423679351807
2016,1,36.54252041523321,80.7571516070738,5825.032,1985.0,2.9590952396392822,51.2210693359375,42.0323371887207,17.491519927978516,1.36134934425354,7.806880950927734,14.211721420288086,0.04789836332201958,0.04789836332201958,0.0,337.2751770019531,0.2690563201904297,0.28734496235847473,0.06451462209224701,0.08272050321102142,1.6473534107208252,0.04094559699296951,16.06072235107422,1.305240511894226,1.669765591621399,0.042617067694664,0.056071724742650986,321.06903076171875,290.7666015625,0.3317655920982361,0.5307048559188843,0.21309779584407806,0.12312150746583939,15.801910400390625,0.053196243941783905,-0.22956393659114838,0.4214323163032532,1.0703481435775757,0.036247264593839645,0.040239106863737106,0.0,519.9594116210938,0.21116791665554047,0.31451159715652466,0.1005740538239479,0.07194457203149796,10.853017807006836,0.04412045329809189,14.052957534790039,1.3015034198760986,1.8736096620559692,0.04837233945727348,0.049678560346364975,0.0,398.40167236328125,0.3042944371700287,0.30805855989456177,0.17026907205581665,0.10970636457204819,8.10496997833252,0.041076697409152985,18.971508026123047,1.7073662281036377,2.8037750720977783,0.06207263097167015,0.06610313057899475,0.0,518.9404296875,0.26024556159973145,0.26024556159973145,0.11742373555898666,0.07547739893198013,6.7886962890625,0.038770243525505066,24.711448669433594,2.4664905071258545,3.026195526123047
2016,1,44.91005921483284,85.38006219681905,5825.693,319.0,2.7764339447021484,70.5006103515625,38.03285598754883,26.596168518066406,1.3713022470474243,8.199999809265137,30.482587814331055,0.10557114332914352,0.10557114332914352,0.0,284.0094909667969,0.120005302131176,0.1463427096605301,-0.04144550487399101,0.022243253886699677,17.985841751098633,0.07693717628717422,13.524262428283691,0.8509657382965088,1.5202306509017944,-0.008948787115514278,0.03231406956911087,1245.3858642578125,39.7530632019043,-0.032201219350099564,0.004862957168370485,0.7206766605377197,-0.029999013990163803,52.801021575927734,0.19335204362869263,-9.13358211517334,0.08377445489168167,0.3128195106983185,0.08089758455753326,0.09649831801652908,0.0,554.2835693359375,0.6446411609649658,0.660181999206543,0.3350016176700592,0.17665936052799225,13.971197128295898,0.07661205530166626,14.980636596679688,1.0540275573730469,2.29883074760437,0.14736375212669373,0.16229930520057678,0.0,364.5252990722656,0.7920413613319397,0.7920413613319397,0.5296093821525574,0.3248733580112457,56.21784210205078,0.14658239483833313,17.358348846435547,1.1400055885314941,2.2014360427856445,0.24947483837604523,0.27862194180488586,0.0,584.9864501953125,0.6407350301742554,0.7127446532249451,0.45786774158477783,0.23873892426490784,15.242840766906738,0.04745837673544884,27.85649871826172,2.6270642280578613,4.302677631378174
2016,1,41.660226235172,81.7461980571323,5827.628,1255.0,3.8323938846588135,103.98409271240234,24.73798370361328,21.94094467163086,1.3986241817474365,8.0,17.560192108154297,0.10041341930627823,0.10041341930627823,7.7947468757629395,201.19741821289062,0.14724808931350708,0.14724808931350708,0.09031622856855392,0.0426817312836647,24.067005157470703,0.20657241344451904,9.209650993347168,0.6307557225227356,0.8635812401771545,0.043301600962877274,0.0778772160410881,817.8668823242188,65.43321228027344,0.4674253463745117,0.628926157951355,0.2531544864177704,0.12485185265541077,35.00833511352539,0.1960035115480423,-5.700255393981934,0.21312665939331055,0.5288031101226807,0.07574493438005447,0.09248405694961548,24.164871215820312,338.6556701660156,0.10924658924341202,0.1372770071029663,0.09725432097911835,0.03289806470274925,30.42152976989746,0.16466981172561646,8.499751091003418,0.7483274340629578,1.1333824396133423,0.11973099410533905,0.12666650116443634,2.6235806941986084,265.8216247558594,0.801967442035675,0.801967442035675,0.5325345993041992,0.42995578050613403,39.965118408203125,0.1823146939277649,12.533241271972656,0.9129301905632019,1.3566782474517822,0.1613568365573883,0.1731172353029251,0.1502082794904709,417.1400451660156,0.2223946452140808,0.23510238528251648,0.12316751480102539,0.06718672811985016,33.57411193847656,0.1553075909614563,19.856658935546875,1.7120343446731567,2.3220672607421875
2016,1,41.783114601103904,81.93619143481753,5843.7075,1224.0,2.653050422668457,110.44721221923828,26.5048885345459,17.800148010253906,1.3988443613052368,8.0,19.076589584350586,0.09565337002277374,0.09565337002277374,10.613296508789062,191.86117553710938,0.145896315574646,0.145896315574646,0.11634381115436554,0.04248302802443504,23.317949295043945,0.21937529742717743,8.630850791931152,0.6417299509048462,0.8814972639083862,0.04147180914878845,0.07148272544145584,901.7864379882812,70.58504486083984,0.4414399266242981,0.5483381748199463,0.2757416367530823,0.129089817404747,37.84756851196289,0.21614357829093933,-6.296980381011963,0.2050735205411911,0.5190246105194092,0.06855082511901855,0.08453524112701416,32.947757720947266,323.27056884765625,0.10171052068471909,0.12899130582809448,0.1417100876569748,0.032137464731931686,31.448020935058594,0.18652696907520294,7.846562385559082,0.7381770014762878,1.1236599683761597,0.11472368985414505,0.1235184296965599,3.4663124084472656,252.4658203125,0.7624481916427612,0.7624481916427612,0.5086550712585449,0.3401370346546173,37.357322692871094,0.20051106810569763,11.8571195602417,0.9136971235275269,1.3134297132492065,0.16251052916049957,0.17563310265541077,0.19845731556415558,401.33953857421875,0.22797851264476776,0.24361315369606018,0.14372535049915314,0.06890330463647842,37.847755432128906,0.18226930499076843,19.10195541381836,1.673340916633606,2.2937536239624023
2016,1,41.83269980481823,81.9663750898483,5880.5176,1276.0,4.790419578552246,195.0252227783203,30.66283416748047,19.509906768798828,1.3910084962844849,8.0,22.830894470214844,0.09430468082427979,0.09430468082427979,11.87275218963623,183.23828125,0.14624449610710144,0.14624449610710144,0.12784631550312042,0.04257583245635033,23.887788772583008,0.22698847949504852,8.160263061523438,0.6230531334877014,0.8568679690361023,0.04032725468277931,0.06922364234924316,946.8353271484375,67.90717315673828,0.35338035225868225,0.5157798528671265,0.13582098484039307,0.0892217680811882,39.598243713378906,0.22437864542007446,-6.658546447753906,0.2000320702791214,0.5086238980293274,0.06654121726751328,0.0824640691280365,36.868473052978516,307.9665222167969,0.1000462993979454,0.12766245007514954,0.16193002462387085,0.03218024969100952,32.89082717895508,0.1957605481147766,7.326974391937256,0.7125510573387146,1.0887854099273682,0.11395584046840668,0.12342652678489685,3.8520162105560303,241.76405334472656,0.7192337512969971,0.7192337512969971,0.4468901753425598,0.2823437452316284,37.87876892089844,0.20917890965938568,11.329145431518555,0.8833562135696411,1.264466643333435,0.16448064148426056,0.17816084623336792,0.22054007649421692,389.32220458984375,0.23223547637462616,0.24882753193378448,0.15355640649795532,0.07027658075094223,40.36757278442383,0.19275644421577454,18.528650283813477,1.6127138137817383,2.219402313232422
2016,1,38.77690014839705,76.13612721707413,5907.351,1410.0,1.8543341159820557,-0.0,30.0389347076416,23.990873336791992,1.3662878274917603,7.588510513305664,11.00111198425293,0.07865116745233536,0.07865116745233536,8.028173446655273,218.6819305419922,0.3408886790275574,0.3408886790275574,0.1524173766374588,0.10577370226383209,17.93267059326172,0.18329159915447235,10.031131744384766,0.8190760016441345,1.0118741989135742,0.04930567741394043,0.07682013511657715,829.3101196289062,124.31864929199219,0.20306198298931122,0.4216364026069641,0.08006071299314499,0.04114683344960213,33.01140213012695,0.1734105497598648,-5.340844631195068,0.25071197748184204,0.6668055057525635,0.04799632355570793,0.05995483323931694,69.84416198730469,295.4266662597656,0.4215957522392273,0.4215957522392273,0.20822782814502716,0.1235199123620987,37.77767562866211,0.15953798592090607,6.0968241691589355,0.7053654193878174,1.0787705183029175,0.07830185443162918,0.0834529846906662,1.6297820806503296,260.02154541015625,0.5851223468780518,0.5851223468780518,0.33871516585350037,0.18954752385616302,37.78388214111328,0.15163461863994598,12.304369926452637,0.961331844329834,1.5911383628845215,0.10358193516731262,0.10992825031280518,0.0,369.9136047363281,0.1507687270641327,0.1574922502040863,0.07054198533296585,0.04308144748210907,45.46263122558594,0.1692834198474884,17.614933013916016,1.4964648485183716,1.8471415042877197
2016,1,41.19561466000925,79.81392242033944,5929.99,1196.0,1.5422053337097168,233.03977966308594,28.393207550048828,24.06467056274414,1.398788571357727,7.577840328216553,17.6400146484375,0.09179188311100006,0.09179188311100006,0.0,185.7444610595703,0.676934540271759,0.7063249945640564,0.3544647991657257,0.19965825974941254,14.239830017089844,0.19839614629745483,8.844974517822266,0.6178630590438843,0.7775530815124512,0.046886809170246124,0.07339794188737869,900.122314453125,67.5132064819336,0.06416215002536774,0.3270314037799835,0.28245097398757935,0.0270465649664402,35.92898178100586,0.21864159405231476,-6.307644844055176,0.19705668091773987,0.5604689717292786,0.06099490448832512,0.07916856557130814,5.158194541931152,254.11122131347656,0.6557953953742981,0.6748367547988892,0.3655714690685272,0.21004855632781982,34.98280334472656,0.17797411978244781,6.72845983505249,0.6213934421539307,0.9267582893371582,0.10055583715438843,0.10822264850139618,0.0,231.27133178710938,0.138562873005867,0.14892849326133728,0.09504488110542297,0.04114064574241638,48.91737747192383,0.20503781735897064,11.012920379638672,0.764942467212677,1.3033322095870972,0.1341942697763443,0.14509552717208862,0.0,377.6468200683594,0.18221613764762878,0.1920359581708908,0.10421060770750046,0.0536842979490757,30.081226348876953,0.1538543403148651,17.98318099975586,1.4142404794692993,1.8910447359085083
2016,1,41.86530921082208,82.0919567528165,5931.5483,1366.0,3.102656841278076,306.6756591796875,31.67682647705078,17.881311416625977,1.396638035774231,8.06874942779541,17.023239135742188,0.0925755575299263,0.0925755575299263,10.348374366760254,186.71017456054688,0.5464327931404114,0.6735647916793823,0.31446611881256104,0.16360598802566528,22.23402976989746,0.22364366054534912,8.398180961608887,0.6504701375961304,0.8940768837928772,0.040182147175073624,0.06727199256420135,939.3901977539062,73.21215057373047,0.2814353108406067,0.37990155816078186,0.09753470122814178,0.05859352648258209,39.28388214111328,0.22741685807704926,-6.561954975128174,0.20065318048000336,0.5131390690803528,0.0639040619134903,0.07942640781402588,32.18699645996094,314.06024169921875,0.19676564633846283,0.19676564633846283,0.12128056585788727,0.07189542800188065,31.466495513916016,0.19745248556137085,7.6181960105896,0.7344270348548889,1.1207278966903687,0.11159676313400269,0.12161904573440552,3.23451828956604,246.26231384277344,0.5996068120002747,0.5996068120002747,0.3562617897987366,0.1928638368844986,34.90709686279297,0.2078741192817688,11.572751998901367,0.9168729186058044,1.287358045578003,0.16353611648082733,0.17756865918636322,0.18518637120723724,395.48785400390625,0.5072296857833862,0.5072296857833862,0.27983465790748596,0.1832733154296875,39.299068450927734,0.19525748491287231,18.823936462402344,1.6586012840270996,2.2913432121276855
2016,1,41.869081610313295,82.0218908979637,6021.77,1322.0,1.2453030347824097,90.0,29.070127487182617,20.206281661987305,1.3880221843719482,7.924683094024658,21.064098358154297,0.09306560456752777,0.09306560456752777,11.97082805633545,179.6780548095703,0.6922284960746765,0.6922284960746765,0.36325931549072266,0.2305975705385208,23.66749382019043,0.2298506498336792,7.986058712005615,0.6212247610092163,0.8546972274780273,0.03966125100851059,0.06742358952760696,967.8666381835938,67.99466705322266,0.19797271490097046,0.2746501564979553,-0.04595044627785683,0.03674487769603729,40.42335891723633,0.22960726916790009,-6.817211627960205,0.19754937291145325,0.5043880343437195,0.06467723846435547,0.08044977486133575,37.19633102416992,301.5762939453125,0.09822730720043182,0.1258142739534378,0.17581209540367126,0.03206051513552666,33.20591354370117,0.2010381817817688,7.14540433883667,0.7054088711738586,1.0796802043914795,0.11284960806369781,0.12284944951534271,3.8289339542388916,237.48355102539062,0.6971365213394165,0.6971365213394165,0.3655456304550171,0.30180758237838745,37.231529235839844,0.21318984031677246,11.126410484313965,0.8771180510520935,1.2450001239776611,0.16527880728244781,0.1793656051158905,0.21921853721141815,384.9462890625,0.23449940979480743,0.25189217925071716,0.16012156009674072,0.0709921345114708,41.3272590637207,0.19887307286262512,18.320337295532227,1.5942991971969604,2.2016663551330566
2016,1,39.06040979337513,75.80006706618119,6043.076,1440.0,1.8543341159820557,-0.0,29.323848724365234,24.265459060668945,1.399999976158142,7.754958152770996,10.95900821685791,0.08647511154413223,0.08647511154413223,9.381867408752441,213.8887939453125,0.5501118898391724,0.5501118898391724,0.30418211221694946,0.18211457133293152,19.905447006225586,0.19999980926513672,9.738425254821777,0.8335443735122681,1.0586884021759033,0.05185955390334129,0.07444171607494354,886.1112060546875,123.69470977783203,0.3038078844547272,0.33573341369628906,0.06782541424036026,0.05997131019830704,40.66050338745117,0.20255039632320404,-5.775882244110107,0.24388663470745087,0.6791175007820129,0.060071662068367004,0.07422477006912231,81.62113952636719,291.44757080078125,0.5287853479385376,0.5393449068069458,0.3006261885166168,0.17350482940673828,40.09672927856445,0.1916506439447403,5.670984268188477,0.6932011246681213,1.0605120658874512,0.08974774926900864,0.0934811383485794,1.9045926332473755,257.02587890625,0.730771541595459,0.730771541595459,0.4493795335292816,0.28273147344589233,34.489810943603516,0.16665306687355042,12.148632049560547,0.985081672668457,1.5890896320343018,0.10829848051071167,0.11406610161066055,0.0,368.8161926269531,0.1548364907503128,0.1621747761964798,0.07149307429790497,0.044417861849069595,42.61220932006836,0.1789473295211792,17.56267547607422,1.5572539567947388,1.910283088684082
2016,1,41.18402991547241,79.83278441779552,6115.3467,1185.0,1.2321974039077759,270.0,30.30012321472168,23.199556350708008,1.409999966621399,7.5279221534729,17.03566551208496,0.0925503596663475,0.0925503596663475,0.0,187.8052978515625,0.4081207811832428,0.41330981254577637,0.14220282435417175,0.10912014544010162,14.168723106384277,0.19835419952869415,8.943109512329102,0.6244346499443054,0.7855116128921509,0.047057244926691055,0.07365409284830093,890.7685546875,70.10042572021484,0.03456908464431763,0.3706713616847992,0.3244120478630066,0.015716897323727608,35.6881217956543,0.21819375455379486,-6.217182636260986,0.19843102991580963,0.5653882622718811,0.0614924281835556,0.0795137956738472,5.037076473236084,258.836669921875,0.6724998354911804,0.6866435408592224,0.3676471412181854,0.22525255382061005,34.64623260498047,0.17756348848342896,6.859447956085205,0.6301759481430054,0.938660740852356,0.10090808570384979,0.10855517536401749,0.0,233.92213439941406,0.13885267078876495,0.1492290198802948,0.09235577285289764,0.041224367916584015,48.60714340209961,0.20458965003490448,11.13914966583252,0.7768086194992065,1.3194968700408936,0.13521452248096466,0.14641442894935608,0.0,380.28814697265625,0.18329660594463348,0.19346465170383453,0.10324372351169586,0.054077934473752975,29.911447525024414,0.15418849885463715,18.108959197998047,1.4315850734710693,1.9165797233581543
2016,1,38.83888611214099,76.11295326889937,6115.661,1362.0,1.5089977979660034,307.91546630859375,29.112838745117188,25.82349967956543,1.3799999952316284,7.549578666687012,11.952479362487793,0.08184678852558136,0.08184678852558136,7.804311752319336,225.98648071289062,0.45874014496803284,0.45874014496803284,0.16822996735572815,0.1125384047627449,17.422441482543945,0.1834515482187271,10.389627456665039,0.8570170402526855,1.0586081743240356,0.05028761923313141,0.07699784636497498,810.3018188476562,133.8015899658203,0.2038964033126831,0.27759385108947754,-0.010682499036192894,0.042128369212150574,33.161102294921875,0.1763903945684433,-5.125001430511475,0.2552420198917389,0.6896689534187317,0.051304638385772705,0.06358394026756287,67.89659118652344,307.8714904785156,0.3449075222015381,0.3449075222015381,0.11081661283969879,0.10619113594293594,36.74123764038086,0.16279560327529907,6.4858078956604,0.7340127229690552,1.116336464881897,0.08149383962154388,0.08644941449165344,1.584336519241333,268.1916198730469,0.5854599475860596,0.5854599475860596,0.27516043186187744,0.1864197850227356,36.11970520019531,0.15310141444206238,12.695584297180176,1.0061055421829224,1.6456068754196167,0.10621636360883713,0.11278378963470459,0.0,379.42498779296875,0.15336458384990692,0.1605643332004547,0.07144535332918167,0.04396747052669525,43.286861419677734,0.1690802276134491,18.06785774230957,1.5718612670898438,1.9318927526474
2016,1,37.966801882714364,76.8462479780375,6147.892,1484.0,2.527507781982422,111.51351165771484,28.72238540649414,19.888912200927734,1.3531442880630493,7.5,15.123770713806152,0.06839559972286224,0.06839559972286224,0.0,247.64614868164062,0.506611704826355,0.5138103365898132,0.21599462628364563,0.144741028547287,16.014360427856445,0.1555478274822235,11.79267406463623,0.8190174698829651,1.0393116474151611,0.04708969220519066,0.07204929739236832,663.781494140625,131.57823181152344,0.21167273819446564,0.2916129231452942,6.565760122612119E-4,0.056496020406484604,23.767553329467773,0.13914495706558228,-4.031843185424805,0.27297893166542053,0.724376380443573,0.045893311500549316,0.05454694479703903,5.229246139526367,319.3786926269531,0.17404070496559143,0.24584749341011047,0.066257543861866,0.05930151417851448,31.3116455078125,0.11493352055549622,8.490525245666504,0.7750892639160156,1.2146143913269043,0.0697527527809143,0.07384822517633438,0.0,301.4447937011719,0.6404188871383667,0.6724456548690796,0.32890647649765015,0.2359299659729004,40.548187255859375,0.1075233742594719,14.354514122009277,1.0549811124801636,1.810456395149231,0.09245700389146805,0.09770102053880692,0.0,408.3285217285156,0.4745018184185028,0.4745018184185028,0.19267581403255463,0.17986975610256195,34.89361572265625,0.12542566657066345,19.444215774536133,1.5457851886749268,1.9609559774398804
2016,1,40.53211825966073,79.04747875397,6172.9907,1165.0,1.5324105024337769,307.2364196777344,26.315034866333008,22.20924186706543,1.4147260189056396,7.84209680557251,13.419027328491211,0.10089429467916489,0.10089429467916489,0.44338247179985046,259.1290588378906,0.6557562351226807,0.676013708114624,0.33027979731559753,0.22408588230609894,9.656534194946289,0.11884047091007233,12.318366050720215,0.8253493309020996,1.025187611579895,0.061942365020513535,0.07647538185119629,555.4793701171875,139.64561462402344,0.26063913106918335,0.46070683002471924,0.09576129913330078,0.07036987692117691,21.573291778564453,0.11751747876405716,-3.1502559185028076,0.2541589140892029,0.7761020660400391,0.06607194244861603,0.0779544860124588,2.6966185569763184,394.7977294921875,0.4609479308128357,0.7594254612922668,0.23277659714221954,0.172897607088089,22.450389862060547,0.08360990136861801,10.59732723236084,0.8468056917190552,1.2575013637542725,0.09316595643758774,0.10005456954240799,0.20715007185935974,302.2838439941406,0.5118364691734314,0.5118364691734314,0.31300827860832214,0.20579510927200317,49.09590148925781,0.13765771687030792,14.384604454040527,0.9772160053253174,1.7898272275924683,0.12617996335029602,0.13772782683372498,0.0,454.4156494140625,0.20132502913475037,0.20132502913475037,-0.018063532188534737,0.059207212179899216,25.457883834838867,0.07970239222049713,21.63884162902832,1.8098068237304688,2.342787504196167
2016,1,39.80933811080662,76.0908539640785,6190.1543,1493.0,4.780926704406738,165.4066619873047,36.23996353149414,22.908206939697266,1.4021551609039307,7.9172468185424805,12.441893577575684,0.10568001866340637,0.10568001866340637,4.284390926361084,249.66737365722656,0.635450541973114,0.6516878008842468,0.3186345100402832,0.26354438066482544,13.546910285949707,0.20702233910560608,11.684904098510742,1.035299301147461,1.2782584428787231,0.05401703715324402,0.07103757560253143,819.4807739257812,182.2635498046875,0.342786967754364,0.42923545837402344,0.06554604321718216,0.08972812443971634,41.196746826171875,0.22568635642528534,-4.8274030685424805,0.25876384973526,0.7734982967376709,0.07075178623199463,0.08864966034889221,56.31322479248047,351.6421203613281,0.4237089455127716,0.4978257715702057,0.23337505757808685,0.15902742743492126,41.62733459472656,0.22124195098876953,7.9818620681762695,0.8491368889808655,1.2569907903671265,0.10552671551704407,0.11152012646198273,1.25593900680542,291.74761962890625,0.808635950088501,0.808635950088501,0.5000389814376831,0.38946858048439026,35.749752044677734,0.21737676858901978,13.83293628692627,1.1860771179199219,1.806447982788086,0.13322576880455017,0.14328771829605103,0.0,417.360595703125,0.18595707416534424,0.19935595989227295,0.07778829336166382,0.05242622271180153,39.35980987548828,0.20699560642242432,19.87431526184082,1.9238390922546387,2.3249893188476562
2016,1,38.02851584129406,76.91523473043536,6242.2144,1424.0,0.0,-0.0,34.905609130859375,22.54633903503418,1.3799999952316284,7.800000190734863,13.316305160522461,0.0719255805015564,0.0719255805015564,0.0,264.4936828613281,0.11462987214326859,0.11462987214326859,0.05173934996128082,0.03058997541666031,13.969038963317871,0.1478431522846222,12.594937324523926,0.892977237701416,1.1226155757904053,0.04895513132214546,0.07266957312822342,598.2401123046875,156.1320343017578,0.22451113164424896,0.36741402745246887,0.048948705196380615,0.050285570323467255,22.278146743774414,0.1348959505558014,-3.3493034839630127,0.28799524903297424,0.7718026638031006,0.050628770142793655,0.05996286869049072,4.135981559753418,353.1875305175781,0.3662673234939575,0.5455620288848877,0.19159388542175293,0.12615692615509033,28.0756893157959,0.1122150868177414,9.433825492858887,0.8446341156959534,1.3026827573776245,0.07416854798793793,0.07812599837779999,0.0,318.37774658203125,0.5758466720581055,0.5758466720581055,0.32738780975341797,0.19876904785633087,37.697689056396484,0.10832595080137253,15.160844802856445,1.1342358589172363,1.9103426933288574,0.09579511731863022,0.10116705298423767,0.0,428.5030517578125,0.3412848711013794,0.3412848711013794,0.08437060564756393,0.09838631749153137,30.809341430664062,0.12149357050657272,20.4049072265625,1.6866787672042847,2.100517988204956
2016,1,38.75426575144975,76.34956654809838,6254.6914,1350.0,1.8543341159820557,-0.0,31.145389556884766,25.18314552307129,1.3963959217071533,7.421747207641602,12.700135231018066,0.07977817207574844,0.07977817207574844,3.423318386077881,260.47479248046875,0.31474569439888,0.31474569439888,0.14728830754756927,0.06315216422080994,13.215887069702148,0.1508026272058487,12.240547180175781,0.939712643623352,1.1474463939666748,0.04960145056247711,0.07783212512731552,607.6165161132812,149.09194946289062,0.43289637565612793,0.5710356831550598,0.1790177971124649,0.11173945665359497,27.241077423095703,0.1419966220855713,-3.4736709594726562,0.2836364507675171,0.753474235534668,0.047821689397096634,0.059417854994535446,29.782466888427734,353.4194030761719,0.07278521358966827,0.08807498216629028,0.1680823266506195,0.022743459790945053,32.11537170410156,0.12570928037166595,8.746944427490234,0.8223158717155457,1.2491217851638794,0.07820247858762741,0.0836014598608017,0.6949604749679565,306.0045471191406,0.7421041131019592,0.7421041131019592,0.46797487139701843,0.2909114360809326,36.271087646484375,0.1274489164352417,14.538552284240723,1.098392367362976,1.8179776668548584,0.10509590059518814,0.11189811676740646,0.0,420.1073303222656,0.1524561196565628,0.15953359007835388,0.07128594070672989,0.04367494210600853,36.438201904296875,0.13716399669647217,20.005109786987305,1.7151848077774048,2.0985817909240723
2016,1,39.079815801159725,75.79360136965369,6259.374,1407.0,0.0,-0.0,31.484445571899414,23.289804458618164,1.4008294343948364,7.800000190734863,11.848896980285645,0.08712539076805115,0.08712539076805115,9.05047607421875,217.32772827148438,0.2626771032810211,0.2626771032810211,0.08750800788402557,0.07136795669794083,19.62636375427246,0.1982002854347229,9.917963981628418,0.8452176451683044,1.0742340087890625,0.052067045122385025,0.07433360815048218,869.764892578125,125.72286987304688,0.17421847581863403,0.2052890807390213,-0.006221550516784191,0.038163796067237854,40.73219680786133,0.2018001675605774,-5.636682033538818,0.24638493359088898,0.6878348588943481,0.06094871833920479,0.07523936033248901,78.73806762695312,296.3568420410156,0.2488584667444229,0.27189382910728455,0.09202395379543304,0.06263935565948486,39.77381896972656,0.19090285897254944,5.881588459014893,0.7026149034500122,1.074338436126709,0.09058346599340439,0.09422890841960907,1.8373174667358398,260.99713134765625,0.2773284614086151,0.2773284614086151,0.12067725509405136,0.07577800005674362,34.125789642333984,0.16547995805740356,12.340944290161133,0.9988986253738403,1.60921311378479,0.10874567180871964,0.11450085788965225,0.0,373.3121032714844,0.15524742007255554,0.1626543402671814,0.07161226123571396,0.04455544799566269,41.56399154663086,0.17660243809223175,17.776765823364258,1.581087350845337,1.9371856451034546
2016,1,41.17162915544277,79.94624178499939,6265.365,1164.0,2.631204843521118,290.62493896484375,29.15165901184082,23.052413940429688,1.3998323678970337,7.700132846832275,17.386089324951172,0.09528001397848129,0.09528001397848129,0.0,189.70774841308594,0.4109819531440735,0.4192659854888916,0.1364709883928299,0.13827118277549744,14.291277885437012,0.20350141823291779,9.033702850341797,0.6331102252006531,0.7956205606460571,0.047055795788764954,0.07491461932659149,873.6109619140625,73.71104431152344,0.019246069714426994,0.3397957980632782,0.6086323261260986,0.013350602239370346,35.47028350830078,0.22104859352111816,-6.059847831726074,0.20082417130470276,0.5688985586166382,0.0639972984790802,0.0815126821398735,4.724411487579346,266.02984619140625,0.6754476428031921,0.6946725845336914,0.34775516390800476,0.22607186436653137,34.357940673828125,0.1812880039215088,7.0623087882995605,0.6456723213195801,0.9563279747962952,0.1031983345746994,0.11064212024211884,0.0,238.30503845214844,0.14136332273483276,0.15165820717811584,0.08380100876092911,0.04193616658449173,48.00514602661133,0.20753468573093414,11.347859382629395,0.8029201030731201,1.34246027469635,0.13976091146469116,0.1518985480070114,0.0,384.06158447265625,0.2970474660396576,0.3011164963245392,0.16424426436424255,0.08062373846769333,29.712493896484375,0.16017447412014008,18.288646697998047,1.4628703594207764,1.9675545692443848
2016,1,41.81895685537152,82.1113627606011,6277.8027,1290.0,6.073383331298828,204.09779357910156,31.46291160583496,19.72258949279785,1.409999966621399,8.100000381469727,16.152021408081055,0.09333385527133942,0.09333385527133942,8.679476737976074,199.4573516845703,0.2298077642917633,0.30967918038368225,0.016685543581843376,0.06241997703909874,20.795921325683594,0.21350063383579254,9.084660530090332,0.6894839406013489,0.9465847611427307,0.041618309915065765,0.06910843402147293,883.5997314453125,79.95578002929688,0.3366982638835907,0.5837211012840271,0.08913971483707428,0.08840392529964447,37.004032135009766,0.21920576691627502,-6.088211536407471,0.2072003036737442,0.5289486050605774,0.064997598528862,0.08036178350448608,27.00502586364746,336.9737243652344,0.14732801914215088,0.14732801914215088,0.12133646756410599,0.05708593130111694,29.05036735534668,0.18776260316371918,8.377532958984375,0.7788003087043762,1.1825352907180786,0.11120447516441345,0.12065789103507996,2.6919751167297363,261.6656188964844,0.7048702239990234,0.7048702239990234,0.45406198501586914,0.3181922733783722,32.84791946411133,0.1976832002401352,12.332077980041504,0.9739904403686523,1.3627780675888062,0.16034816205501556,0.17384983599185944,0.15412406623363495,412.77459716796875,0.37203875184059143,0.37433362007141113,0.20271630585193634,0.13505145907402039,35.95783996582031,0.1848968267440796,19.64859390258789,1.7588245868682861,2.4218528270721436
2016,1,38.79253375669042,76.22721773339393,6330.5576,1369.0,3.0234436988830566,336.8450622558594,31.79535675048828,24.229711532592773,1.3768812417984009,7.3330302238464355,12.99606704711914,0.08073438704013824,0.08073438704013824,5.886811256408691,241.0166778564453,0.12310671806335449,0.12310671806335449,0.04899408668279648,0.0326043963432312,15.539812088012695,0.16892649233341217,11.196660995483398,0.8926187753677368,1.0956467390060425,0.049917664378881454,0.07746463268995285,721.538818359375,140.62493896484375,0.32404839992523193,0.4084438979625702,0.07480771094560623,0.06853047013282776,30.32111930847168,0.1606656312942505,-4.400862693786621,0.26769354939460754,0.7168514728546143,0.0494060181081295,0.06130886450409889,51.21456527709961,327.716552734375,0.323486328125,0.323486328125,0.1797490417957306,0.10516741126775742,34.646751403808594,0.14580990374088287,7.473026275634766,0.772854208946228,1.1745411157608032,0.07970046997070312,0.08490055054426193,1.1950688362121582,284.57354736328125,0.6979394555091858,0.6979394555091858,0.4379519522190094,0.25795021653175354,36.27294921875,0.14165176451206207,13.494214057922363,1.0455785989761353,1.7203843593597412,0.10562501847743988,0.11232592910528183,0.0,396.9794921875,0.15289081633090973,0.1600283682346344,0.0713677629828453,0.04381553456187248,40.449066162109375,0.15517213940620422,18.903785705566406,1.6322879791259766,2.0024077892303467
2016,1,41.7812284013583,81.99763338823296,6335.1777,1225.0,3.1000494956970215,233.2883758544922,26.513330459594727,21.794532775878906,1.399999976158142,8.0,20.277294158935547,0.09512989223003387,0.09512989223003387,9.52910041809082,197.9788360595703,0.1502801775932312,0.1502801775932312,-0.019614718854427338,0.04452376440167427,22.098814010620117,0.21459141373634338,8.973796844482422,0.6683139204978943,0.9175485968589783,0.04193565994501114,0.07125464826822281,879.9505004882812,75.54666137695312,0.2609618604183197,0.4100531339645386,0.07346255332231522,0.07042578607797623,36.92058181762695,0.21476209163665771,-6.093968391418457,0.20764409005641937,0.5267789959907532,0.067729152739048,0.08346882462501526,29.60073471069336,334.2905578613281,0.10038143396377563,0.1269979625940323,0.13850046694278717,0.0317794606089592,29.98587417602539,0.18414506316184998,8.23486042022705,0.7640182971954346,1.1603933572769165,0.11348161846399307,0.12232239544391632,3.068061113357544,259.8526916503906,0.1637534201145172,0.1781204491853714,0.14866645634174347,0.051572538912296295,35.32307815551758,0.19669294357299805,12.227838516235352,0.9495325088500977,1.3510667085647583,0.16089193522930145,0.1739819347858429,0.17565618455410004,409.9706726074219,0.22575128078460693,0.24157167971134186,0.14173053205013275,0.06814997643232346,36.286312103271484,0.18015015125274658,19.514049530029297,1.7296632528305054,2.372450351715088
2016,1,39.22884341746694,75.72083775866356,6337.106,1381.0,0.9274099469184875,180.0,35.16938400268555,19.909395217895508,1.3837413787841797,8.062585830688477,12.739985466003418,0.09099574387073517,0.09099574387073517,6.447250843048096,241.09291076660156,0.6063002943992615,0.6063002943992615,0.338734894990921,0.2608899772167206,17.79332733154297,0.18387779593467712,11.173603057861328,0.9179732203483582,1.1772117614746094,0.05333995446562767,0.07297752797603607,747.0579833984375,135.58908081054688,0.10788185149431229,0.13654746115207672,0.021113691851496696,0.021535459905862808,42.03946304321289,0.19568027555942535,-4.632340431213379,0.2639577090740204,0.7469539046287537,0.06717581301927567,0.08264199644327164,56.0903205871582,328.87506103515625,0.5116052031517029,0.6201807260513306,0.3083091676235199,0.19382116198539734,38.034263610839844,0.1848800927400589,7.372560501098633,0.7604476809501648,1.163055181503296,0.0964771956205368,0.09936140477657318,1.308842420578003,288.93096923828125,0.7577155232429504,0.7666247487068176,0.47133615612983704,0.30205851793289185,31.96708106994629,0.15542106330394745,13.696290969848633,1.0858207941055298,1.7410728931427002,0.11096826195716858,0.1163657084107399,0.0,404.9540710449219,0.2342783361673355,0.2342783361673355,-0.07073374837636948,0.03929939866065979,33.82672882080078,0.15702253580093384,19.283527374267578,1.7346471548080444,2.11024808883667
2016,1,38.649971836910694,76.52339122536381,6338.1553,1313.0,3.0225131511688232,23.113590240478516,31.968629837036133,24.107629776000977,1.3799999952316284,7.400581359863281,13.414274215698242,0.07477516680955887,0.07477516680955887,0.0,280.3587951660156,0.5222759246826172,0.5222759246826172,0.23804397881031036,0.14289583265781403,10.635964393615723,0.12409205734729767,13.350419044494629,0.9606733322143555,1.171218991279602,0.04824664816260338,0.07742851972579956,460.4829406738281,148.89901733398438,0.2789742946624756,0.376941442489624,0.07415827363729477,0.05457611009478569,23.747278213500977,0.11313579976558685,-2.3604841232299805,0.3018363416194916,0.7829475402832031,0.04339300096035004,0.05461612343788147,0.0,376.50213623046875,0.33172643184661865,0.35710927844047546,0.10813663899898529,0.10149694234132767,30.027179718017578,0.09482964128255844,10.17573356628418,0.8584671020507812,1.3123019933700562,0.07372897118330002,0.07931244373321533,0.0,328.41607666015625,0.5540030002593994,0.5835444927215576,0.3134596347808838,0.1921534538269043,38.026161193847656,0.10483425110578537,15.638861656188965,1.1221407651901245,1.8956364393234253,0.10084551572799683,0.10719434916973114,0.0,443.7153625488281,0.4241357445716858,0.4241357445716858,0.16916732490062714,0.13569648563861847,32.33118438720703,0.10931415855884552,21.129302978515625,1.7496535778045654,2.13769268989563
2016,1,39.75786224824565,76.09651256331531,6354.9443,1421.0,4.780701160430908,194.58290100097656,32.114707946777344,23.19719886779785,1.4209953546524048,7.765602111816406,11.08249282836914,0.1078842431306839,0.1078842431306839,3.5972323417663574,267.3914794921875,0.540579080581665,0.5418399572372437,0.24154452979564667,0.1875215619802475,12.321669578552246,0.197183296084404,12.561631202697754,1.0998207330703735,1.354909062385559,0.05531930550932884,0.07262156903743744,740.1837768554688,196.83168029785156,0.2389289289712906,0.35795289278030396,0.017155107110738754,0.05874645337462425,38.95488357543945,0.21694548428058624,-4.11630392074585,0.27297690510749817,0.818866491317749,0.07364294677972794,0.09107694029808044,47.05437469482422,378.8189392089844,0.46701332926750183,0.549098014831543,0.25546878576278687,0.15867190062999725,37.75715637207031,0.21097058057785034,8.966609954833984,0.9062590003013611,1.3367481231689453,0.10741229355335236,0.11291635781526566,1.0562033653259277,311.8856201171875,0.7895334362983704,0.7950225472450256,0.5023907423019409,0.3465031683444977,32.410484313964844,0.20478926599025726,14.801400184631348,1.2662521600723267,1.925272822380066,0.13389992713928223,0.14388598501682281,0.0,438.3956298828125,0.18562953174114227,0.19894638657569885,0.0783936083316803,0.05277058482170105,34.26998519897461,0.19423283636569977,20.8759822845459,2.04817271232605,2.4662647247314453
2016,1,39.197585119082284,75.80411147083666,6395.534,1364.0,2.5653176307678223,248.81942749023438,35.597694396972656,22.16023063659668,1.3629153966903687,7.699999809265137,12.621603965759277,0.09236892312765121,0.09236892312765121,6.41612434387207,246.87762451171875,0.1380598098039627,0.1380598098039627,0.05427846685051918,0.03667531535029411,16.958026885986328,0.18304677307605743,11.450547218322754,0.9500073790550232,1.2046771049499512,0.05369607359170914,0.07429062575101852,735.248291015625,147.03904724121094,0.27783477306365967,0.41768231987953186,0.07493552565574646,0.0641966313123703,39.68337631225586,0.19317986071109772,-4.4561309814453125,0.26791512966156006,0.7611557245254517,0.06684990972280502,0.08183449506759644,55.819522857666016,339.626708984375,0.6480863690376282,0.6669658422470093,0.4126420319080353,0.24376648664474487,36.30266571044922,0.1818946748971939,7.670464992523193,0.7905915379524231,1.1998366117477417,0.09625279903411865,0.09946572035551071,1.3025234937667847,294.3529357910156,0.7968336343765259,0.7968336343765259,0.5193917751312256,0.33714860677719116,31.062639236450195,0.15586428344249725,13.954781532287598,1.121396541595459,1.7864323854446411,0.1128622442483902,0.11884704232215881,0.0,410.802978515625,0.15923476219177246,0.16735756397247314,0.07294464111328125,0.04591023921966553,33.52473831176758,0.15910747647285461,19.56204605102539,1.7865886688232422,2.1700265407562256
2016,1,39.634701877149475,75.76207106610478,6414.5015,1695.0,2.579319477081299,111.05994415283203,33.63213348388672,24.279691696166992,1.3700000047683716,7.900000095367432,15.433122634887695,0.09992797672748566,0.09992797672748566,1.0916540622711182,274.1982116699219,0.28976818919181824,0.4954582154750824,0.048958372324705124,0.06524618715047836,13.568693161010742,0.1711428016424179,13.005074501037598,1.0436242818832397,1.330612063407898,0.05335834249854088,0.0691266655921936,606.876220703125,161.8994140625,0.3140500485897064,0.4871303141117096,0.05579472705721855,0.07971245050430298,43.397891998291016,0.1948912888765335,-3.3710362911224365,0.28387922048568726,0.8246860504150391,0.07301125675439835,0.0920809656381607,21.22611427307129,375.3393859863281,0.5022690296173096,0.6322624683380127,0.32153916358947754,0.1838502436876297,38.00998306274414,0.18801990151405334,9.570629119873047,0.8594522476196289,1.3032633066177368,0.10569550842046738,0.10940860956907272,0.2684996724128723,324.8149719238281,0.7661216855049133,0.8047681450843811,0.5112997889518738,0.3573446273803711,32.21550369262695,0.16544701159000397,15.454594612121582,1.2170979976654053,1.914075493812561,0.12299744039773941,0.12997683882713318,0.0,449.5470886230469,0.5419132113456726,0.5419132113456726,0.24067512154579163,0.13273271918296814,26.318925857543945,0.14951616525650024,21.40700340270996,1.974080204963684,2.381746768951416
2016,1,43.08099839012409,88.24182407089955,6417.224,724.0,2.5380499362945557,90.0,39.83594512939453,21.96259307861328,1.353166937828064,7.894229888916016,17.741031646728516,0.09023642539978027,0.09023642539978027,1.3802406787872314,225.2532196044922,0.1694229245185852,0.1694229245185852,0.01707806997001171,0.032680775970220566,17.40679168701172,0.10075278580188751,10.66061782836914,0.7765071392059326,1.2716509103775024,0.027988512068986893,0.047155365347862244,688.1746826171875,78.01288604736328,0.15977880358695984,0.2828962802886963,-0.042698636651039124,0.04652620851993561,25.979238510131836,0.1292392611503601,-4.622437953948975,0.22330833971500397,0.6000972390174866,0.07456421107053757,0.09095075726509094,0.35207781195640564,421.68853759765625,0.24397173523902893,0.3780037462711334,-0.03936440870165825,0.05655309185385704,22.20206642150879,0.08606892824172974,11.387471199035645,0.9224135875701904,1.6500526666641235,0.1257682740688324,0.1360391080379486,0.0,304.63641357421875,0.6117852330207825,0.7066882848739624,0.28521808981895447,0.2101222425699234,15.002178192138672,0.08306314796209335,14.50649642944336,1.1937249898910522,1.8591945171356201,0.16637849807739258,0.1729019582271576,0.0,478.76361083984375,0.7313030362129211,0.7313030362129211,0.4031141400337219,0.3077843189239502,34.888999938964844,0.08870827406644821,22.798267364501953,1.9560507535934448,2.848768949508667
2016,1,39.79586270742312,76.1266962183461,6422.5625,1444.0,2.5845839977264404,291.01495361328125,29.73643684387207,23.830827713012695,1.3934390544891357,7.599999904632568,16.83788299560547,0.10733093321323395,0.10733093321323395,4.282804489135742,257.0475158691406,0.5975548624992371,0.6147706508636475,0.31644803285598755,0.2412559539079666,12.901430130004883,0.20481881499290466,12.036415100097656,1.068872332572937,1.3148517608642578,0.05493612214922905,0.07217447459697723,795.2103271484375,191.72007751464844,0.23865176737308502,0.3153036832809448,-0.0018214829033240676,0.05909379944205284,39.791019439697266,0.22367990016937256,-4.571895599365234,0.26430991291999817,0.7936174273490906,0.07233282178640366,0.08972035348415375,54.6431770324707,364.30096435546875,0.529198408126831,0.529198408126831,0.33470937609672546,0.19426880776882172,39.82939529418945,0.21841855347156525,8.369129180908203,0.8787879943847656,1.2956558465957642,0.10654418170452118,0.11240684241056442,1.267825961112976,299.7300720214844,0.768984854221344,0.77280193567276,0.47311028838157654,0.33434903621673584,34.219322204589844,0.21488747000694275,14.21248722076416,1.2263935804367065,1.8614305257797241,0.13418923318386078,0.1444234997034073,0.0,425.84259033203125,0.18644113838672638,0.19997471570968628,0.07717960327863693,0.05278018116950989,37.7733268737793,0.20486973226070404,20.27821922302246,1.9862146377563477,2.395803213119507
2016,1,41.3096115784406,79.57676513081192,6432.317,1253.0,2.227236747741699,146.3505096435547,28.013282775878906,22.84075355529785,1.425887107849121,7.959364414215088,16.76615333557129,0.08166724443435669,0.08166724443435669,0.0,167.47315979003906,0.2958734929561615,0.45244279503822327,0.1176527887582779,0.0944528877735138,14.386611938476562,0.1965671181678772,7.974912166595459,0.5597618818283081,0.7064210176467896,0.044591087847948074,0.0693422332406044,996.7011108398438,41.940513610839844,0.1358388513326645,0.18702943623065948,0.2519252896308899,0.046241823583841324,37.77760314941406,0.22322317957878113,-7.233035087585449,0.1821579933166504,0.5073354244232178,0.05322559177875519,0.07308498024940491,6.558722972869873,208.3838653564453,0.5324839353561401,0.5324839353561401,0.2359587699174881,0.15188626945018768,37.68003463745117,0.1823911964893341,5.454733848571777,0.5358919501304626,0.8127519488334656,0.09442036598920822,0.10256469994783401,0.0,206.13589477539062,0.1326078325510025,0.14312681555747986,0.12704722583293915,0.03940192237496376,50.939414978027344,0.20896592736244202,9.815995216369629,0.6523940563201904,1.1464002132415771,0.12070216238498688,0.12836891412734985,0.0,352.93511962890625,0.16756919026374817,0.1737365424633026,0.11619192361831665,0.048349153250455856,31.1774959564209,0.14931684732437134,16.806434631347656,1.2515249252319336,1.6532703638076782
2016,1,39.148267461431175,75.91217778486693,6433.741,1330.0,1.5131149291992188,52.20591735839844,33.34418869018555,19.842517852783203,1.3799999952316284,7.699999809265137,10.612591743469238,0.0933830738067627,0.0933830738067627,6.304177761077881,253.32582092285156,0.5772747993469238,0.5772747993469238,0.27862292528152466,0.18036632239818573,15.95370101928711,0.18119461834430695,11.762935638427734,0.9833356142044067,1.2312839031219482,0.05392894893884659,0.07582645118236542,719.353271484375,159.28001403808594,0.2565755546092987,0.3128056228160858,0.0720282793045044,0.0541689470410347,36.73259353637695,0.18883557617664337,-4.242979526519775,0.27253106236457825,0.7756003737449646,0.06580938398838043,0.08015477657318115,54.84560012817383,351.3240051269531,0.5379409790039062,0.5462505221366882,0.3183358609676361,0.1757194846868515,34.32327651977539,0.17686238884925842,8.012929916381836,0.8234338164329529,1.2401132583618164,0.09535656869411469,0.09900116920471191,1.2797974348068237,300.31243896484375,0.6916535496711731,0.6916535496711731,0.37970978021621704,0.2501009702682495,30.287763595581055,0.15546870231628418,14.239649772644043,1.1579691171646118,1.8349310159683228,0.11460977047681808,0.12125369906425476,0.0,417.1093444824219,0.16126152873039246,0.16982530057430267,0.07389422506093979,0.04662936553359032,33.364532470703125,0.16076664626598358,19.862350463867188,1.8384904861450195,2.2301511764526367
2016,1,39.14017865212022,75.85261757209607,6437.801,1348.0,3.891930103302002,342.1343688964844,32.4241943359375,22.858943939208984,1.4119230508804321,7.800000190734863,10.640496253967285,0.09130540490150452,0.09130540490150452,7.10775089263916,241.4632568359375,0.2717486321926117,0.2717486321926117,0.06229317933320999,0.07359223812818527,17.24468231201172,0.18642394244670868,11.159786224365234,0.9354771375656128,1.1795843839645386,0.05332715064287186,0.07502296566963196,765.9304809570312,146.61988830566406,0.2802560329437256,0.3610876202583313,0.06988511979579926,0.05962253734469414,38.5832405090332,0.19348645210266113,-4.691746711730957,0.2639486789703369,0.7468847632408142,0.06463053077459335,0.07911193370819092,61.83659362792969,332.7236633300781,0.45149877667427063,0.5898447632789612,0.22437095642089844,0.18411077558994293,36.36642074584961,0.181979700922966,7.321271896362305,0.7807546854019165,1.1827774047851562,0.09416908025741577,0.0977112203836441,1.4429290294647217,287.6208801269531,0.7490259408950806,0.7490259408950806,0.4977457523345947,0.31176450848579407,31.59348487854004,0.15834511816501617,13.627520561218262,1.1032757759094238,1.75836181640625,0.11247312277555466,0.11869942396879196,0.0,403.04437255859375,0.15901441872119904,0.16713379323482513,0.07299863547086716,0.04584966227412224,35.75347137451172,0.16480547189712524,19.192588806152344,1.751726746559143,2.1311628818511963
2016,1,41.84267035477374,82.10839745840055,6455.501,1326.0,4.790469646453857,344.9725341796875,30.704030990600586,19.420860290527344,1.3961058855056763,8.0,22.22685432434082,0.09289278090000153,0.09289278090000153,9.376752853393555,193.57411193847656,0.4862005412578583,0.6072501540184021,0.29818469285964966,0.13745185732841492,21.394840240478516,0.21811625361442566,8.771303176879883,0.6722502708435059,0.9233905673027039,0.04092800244688988,0.06814388185739517,909.5621948242188,76.99182891845703,0.23736058175563812,0.4537592828273773,0.18861527740955353,0.05403631180524826,38.067779541015625,0.22322827577590942,-6.307351112365723,0.20412813127040863,0.5216540694236755,0.06435487419366837,0.07977578043937683,29.172988891601562,326.381591796875,0.2358667105436325,0.2358667105436325,0.135384202003479,0.09218798577785492,30.124109268188477,0.1924077272415161,8.03266429901123,0.7587750554084778,1.1547044515609741,0.1112818568944931,0.12103161215782166,2.9118103981018066,254.58651733398438,0.7094690203666687,0.7094690203666687,0.4449496269226074,0.27929502725601196,33.678375244140625,0.20241235196590424,11.98451042175293,0.9484533071517944,1.3280401229858398,0.16182178258895874,0.17559246718883514,0.16671033203601837,404.90118408203125,0.5663087964057922,0.5663087964057922,0.34380221366882324,0.21152423322200775,37.47993850708008,0.1898840069770813,19.273069381713867,1.7134758234024048,2.3633992671966553
2016,1,39.80583325737862,76.14852351800272,6486.1113,1424.0,2.584902048110962,68.98776245117188,32.35853958129883,23.275632858276367,1.3945378065109253,7.699999809265137,18.28557777404785,0.10759885609149933,0.10759885609149933,4.543521881103516,255.3699493408203,0.15489022433757782,0.15489022433757782,0.04904501885175705,0.04241190105676651,12.930291175842285,0.20698516070842743,11.94411563873291,1.0671212673187256,1.3106590509414673,0.05507664382457733,0.07234969735145569,808.4222412109375,192.54690551757812,0.3777065873146057,0.4539075791835785,0.06037693843245506,0.09100493043661118,39.69288635253906,0.22557717561721802,-4.665722370147705,0.2627316415309906,0.79015052318573,0.07232978194952011,0.08953684568405151,56.97620391845703,362.62164306640625,0.5327212810516357,0.5327212810516357,0.3304939568042755,0.14444297552108765,40.069950103759766,0.2203214168548584,8.260687828063965,0.8772100806236267,1.2916654348373413,0.106519915163517,0.11246974021196365,1.3524456024169922,297.5654602050781,0.8217792510986328,0.8217792510986328,0.5344922542572021,0.368218332529068,34.438961029052734,0.21785444021224976,14.105381965637207,1.223341464996338,1.8538471460342407,0.13454221189022064,0.14491140842437744,0.0,423.6694641113281,0.18682758510112762,0.20047183334827423,0.0764787346124649,0.05287276208400726,38.60512924194336,0.20813637971878052,20.17473602294922,1.981390118598938,2.3902716636657715
2016,1,41.755896248273686,81.98119714174996,6506.01,1208.0,1.550767421722412,233.27755737304688,26.197816848754883,23.514015197753906,1.3877346515655518,8.100000381469727,17.49040412902832,0.09582682698965073,0.09582682698965073,8.917889595031738,202.34132385253906,0.14479874074459076,0.14479874074459076,0.10892070829868317,0.04225639998912811,21.8243350982666,0.21077445149421692,9.210639953613281,0.6776502132415771,0.9298663139343262,0.04252052679657936,0.07241733372211456,857.2205810546875,76.8869400024414,0.38579061627388,0.46363478899002075,0.165826678276062,0.10344869643449783,36.03486633300781,0.21056817471981049,-5.911618709564209,0.21020008623600006,0.5320454835891724,0.06876792013645172,0.08454101532697678,27.697052001953125,342.0421447753906,0.10124637931585312,0.12769536674022675,0.1281319260597229,0.031760066747665405,29.265920639038086,0.17946535348892212,8.495813369750977,0.7769140005111694,1.1779356002807617,0.11388525366783142,0.12237829715013504,2.8831634521484375,265.25213623046875,0.16327248513698578,0.17706912755966187,0.1408066600561142,0.05116988718509674,35.082584381103516,0.19233101606369019,12.49376106262207,0.964763343334198,1.3758517503738403,0.15989115834236145,0.17269480228424072,0.16507019102573395,416.01068115234375,0.22357961535453796,0.2389066070318222,0.13669243454933167,0.0674496591091156,35.02259063720703,0.17483997344970703,19.80217170715332,1.760169506072998,2.4097375869750977
2016,1,41.20612476119223,79.7163617483911,6533.788,1212.0,3.0404882431030273,336.10382080078125,29.359886169433594,22.294456481933594,1.40944504737854,7.76815938949585,15.17853832244873,0.08928003907203674,0.08928003907203674,0.0,184.453125,0.7222231030464172,0.7242046594619751,0.3331749141216278,0.242410808801651,14.075840950012207,0.1939769983291626,8.783482551574707,0.6116572618484497,0.7702687382698059,0.04681648313999176,0.07220172137022018,914.4623413085938,64.59689331054688,0.09911137074232101,0.3075657784938812,0.20292048156261444,0.043244775384664536,36.04271697998047,0.21635431051254272,-6.438374996185303,0.19497008621692657,0.5571058392524719,0.05863844230771065,0.07724186033010483,5.434500217437744,248.41595458984375,0.4873988628387451,0.4941723942756653,0.14531472325325012,0.14204445481300354,35.142059326171875,0.17500825226306915,6.567066192626953,0.6090301871299744,0.9129143357276917,0.09839586913585663,0.10625992715358734,0.0,227.85597229003906,0.13617382943630219,0.14663557708263397,0.10258813947439194,0.04045923799276352,49.281455993652344,0.20260089635849,10.8502836227417,0.7444076538085938,1.285117268562317,0.13012400269508362,0.14023488759994507,0.0,374.7622375488281,0.17754162847995758,0.1863902360200882,0.10663807392120361,0.052052415907382965,30.173877716064453,0.14887577295303345,17.845821380615234,1.3899922370910645,1.85158371925354
2016,1,39.21052097123833,75.87175603381743,6545.26,1326.0,0.9274099469184875,-0.0,29.19550323486328,24.17044448852539,1.3899999856948853,7.699999809265137,11.354705810546875,0.09504001587629318,0.09504001587629318,5.544679164886475,260.6940612792969,0.14105017483234406,0.14105017483234406,0.05673684552311897,0.03784806653857231,15.467496871948242,0.17750056087970734,12.149971008300781,1.0075232982635498,1.2667943239212036,0.05447226017713547,0.07527659088373184,683.1168212890625,162.46923828125,0.27814438939094543,0.3474718928337097,0.06837327778339386,0.07124882936477661,37.538387298583984,0.1884046494960785,-3.9442999362945557,0.27780410647392273,0.7952078580856323,0.06843190640211105,0.08326518535614014,48.23805618286133,361.5604248046875,0.48990142345428467,0.6009796261787415,0.2980700731277466,0.21399492025375366,33.87942123413086,0.17661625146865845,8.468172073364258,0.8414413928985596,1.2676976919174194,0.09784013032913208,0.10116907954216003,1.1256133317947388,309.1035461425781,0.7665271162986755,0.7665271162986755,0.4864293038845062,0.32924196124076843,29.41917610168457,0.15305425226688385,14.66561508178711,1.1871904134750366,1.8771941661834717,0.11558018624782562,0.12208318710327148,0.0,427.186767578125,0.16208545863628387,0.17077037692070007,0.07407495379447937,0.046898726373910904,30.74298095703125,0.15504172444343567,20.342226028442383,1.891037940979004,2.2890968322753906
2016,1,37.20898211778229,78.50956847569071,6556.3823,1806.0,3.6099014282226562,104.8677978515625,33.71958541870117,24.21657943725586,1.3487849235534668,7.800000190734863,12.775811195373535,0.04347263649106026,0.04347263649106026,0.0,319.35284423828125,0.35515260696411133,0.35515260696411133,0.21111169457435608,0.11552123725414276,8.7959566116333,0.07746574282646179,15.207279205322266,1.3020014762878418,1.595321536064148,0.039406247437000275,0.0489465594291687,429.96478271484375,285.5830993652344,0.2498825490474701,0.381969690322876,0.06618251651525497,0.0682855173945427,15.287784576416016,0.05532410368323326,-1.0938005447387695,0.38931164145469666,1.159739375114441,0.03867547959089279,0.0459463931620121,1.8597086668014526,506.7401428222656,0.2915685474872589,0.39514976739883423,0.08466857671737671,0.07920385897159576,14.277071952819824,0.042498309165239334,13.645417213439941,1.3175691366195679,1.8512482643127441,0.04842149466276169,0.049785420298576355,0.0,390.9196472167969,0.05370122194290161,0.05370122194290161,-0.008221383206546307,0.03600732609629631,16.26531982421875,0.04797205701470375,18.61522102355957,1.720759391784668,2.6300594806671143,0.06054743379354477,0.06490657478570938,0.0,514.1647338867188,0.08861134946346283,0.0912737101316452,0.0402195081114769,0.027358321473002434,17.340991973876953,0.05305052176117897,24.48403549194336,2.553402900695801,3.138619899749756
2016,1,39.263878574443865,75.59255833955802,6567.847,1394.0,1.1977639198303223,90.0,30.479713439941406,23.88785171508789,1.409999966621399,7.822307109832764,10.087339401245117,0.08802498877048492,0.08802498877048492,6.531435012817383,230.1865997314453,0.36073219776153564,0.36073219776153564,0.11216799169778824,0.08023762702941895,19.244937896728516,0.18504923582077026,10.650245666503906,0.857711911201477,1.1223211288452148,0.052533335983753204,0.07081666588783264,769.7274780273438,114.93780517578125,0.2136196494102478,0.5231066346168518,0.17821678519248962,0.0461939238011837,45.789608001708984,0.1988888382911682,-4.9605278968811035,0.25662481784820557,0.7189471125602722,0.06692016869783401,0.08308769017457962,56.822715759277344,308.7902526855469,0.5927609205245972,0.7409582734107971,0.39475005865097046,0.23104020953178406,41.055484771728516,0.1887972354888916,6.809933662414551,0.7054238319396973,1.0954124927520752,0.09608524292707443,0.09848522394895554,1.325932502746582,278.4239196777344,0.7624571919441223,0.7659572958946228,0.45815375447273254,0.26318463683128357,33.816444396972656,0.15425777435302734,13.19514274597168,1.0182865858078003,1.6557999849319458,0.10728967934846878,0.11168710887432098,0.0,393.4571838378906,0.25777411460876465,0.25777411460876465,-0.06016608700156212,0.061762142926454544,34.791873931884766,0.15356670320034027,18.736055374145508,1.6337530612945557,1.9946070909500122
2016,1,39.22075906725704,75.84022127116747,6580.8657,1338.0,3.0262832641601562,336.71942138671875,30.10280418395996,22.757722854614258,1.3967524766921997,7.800000190734863,11.667588233947754,0.09449847787618637,0.09449847787618637,5.61681604385376,258.0352478027344,0.1405150294303894,0.1405150294303894,0.05603836476802826,0.03757203742861748,15.826953887939453,0.17819859087467194,12.019925117492676,0.9942312836647034,1.2547879219055176,0.054329562932252884,0.07480119168758392,690.3215942382812,158.0082550048828,0.19201895594596863,0.20523929595947266,-0.01572013460099697,0.04609419032931328,38.43443298339844,0.1896332949399948,-4.032676696777344,0.27593734860420227,0.7888097167015076,0.06850046664476395,0.08350241929292679,48.86563491821289,356.8829345703125,0.36053091287612915,0.3680919408798218,0.15957710146903992,0.11973793804645538,34.57244110107422,0.1780412495136261,8.32479190826416,0.8289924263954163,1.2521214485168457,0.09787386655807495,0.10108733922243118,1.1402575969696045,306.50653076171875,0.4272766411304474,0.4272766411304474,0.1958879977464676,0.1438242495059967,29.77918815612793,0.15318235754966736,14.541251182556152,1.1723518371582031,1.8576565980911255,0.11485941708087921,0.12114766985177994,0.0,424.36773681640625,0.1612834930419922,0.16980046033859253,0.07372234761714935,0.04661676287651062,30.99390411376953,0.15471865236759186,20.20798683166504,1.868993878364563,2.2637596130371094
2016,1,38.01854529133855,76.89098167980566,6603.209,1440.0,0.9274099469184875,180.0,34.255802154541016,22.036874771118164,1.3703303337097168,7.657565116882324,13.55152702331543,0.0709046795964241,0.0709046795964241,0.0,259.8199157714844,0.4113039970397949,0.419291615486145,0.18470604717731476,0.10785779356956482,14.516581535339355,0.14984317123889923,12.372376441955566,0.8723294138908386,1.098829746246338,0.04841183125972748,0.07257651537656784,615.3555297851562,149.0047607421875,0.15975697338581085,0.23837818205356598,0.023860709741711617,0.03932417556643486,22.714324951171875,0.1358988732099533,-3.5329604148864746,0.2838279604911804,0.7581519484519958,0.04918032884597778,0.05835810676217079,4.398619174957275,343.7173767089844,0.19511425495147705,0.21901558339595795,0.12251217663288116,0.07206917554140091,29.046327590942383,0.11283251643180847,9.170777320861816,0.8247783780097961,1.2775415182113647,0.07289817184209824,0.07690849155187607,0.0,313.5982666015625,0.5161969065666199,0.5236361026763916,0.21866390109062195,0.18257467448711395,38.52356719970703,0.10811521112918854,14.93325138092041,1.1109429597854614,1.8811274766921997,0.09486138820648193,0.10020072758197784,0.0,422.83807373046875,0.43101465702056885,0.43101465702056885,0.1685539186000824,0.15405502915382385,32.04424285888672,0.12257986515760422,20.135147094726562,1.6463547945022583,2.0595340728759766
2016,1,38.78444940648051,76.11807231690874,6619.313,1404.0,0.0,-0.0,30.62791633605957,26.09095001220703,1.3493852615356445,7.419693470001221,13.01187801361084,0.07886882871389389,0.07886882871389389,8.335356712341309,216.36265563964844,0.521672248840332,0.521672248840332,0.27597832679748535,0.15784496068954468,18.22599983215332,0.18563085794448853,9.906062126159668,0.8138957023620605,1.006508231163025,0.04937663674354553,0.07675566524267197,843.3796997070312,123.38299560546875,0.22341759502887726,0.28333723545074463,0.01821693778038025,0.05567982792854309,33.454349517822266,0.17595672607421875,-5.4545207023620605,0.24877117574214935,0.6627234816551208,0.04832985997200012,0.060348570346832275,72.51661682128906,292.4113464355469,0.24566462635993958,0.24566462635993958,0.04648074880242348,0.07757154852151871,38.094173431396484,0.1622866690158844,5.943100929260254,0.6995662450790405,1.069973349571228,0.07861808687448502,0.08373034000396729,1.6921427249908447,257.48931884765625,0.34511998295783997,0.34511998295783997,0.15192170441150665,0.09216434508562088,37.737937927246094,0.15349827706813812,12.180817604064941,0.9556127786636353,1.5798782110214233,0.10371419787406921,0.11004509031772614,0.0,367.2071533203125,0.1508832722902298,0.1576242446899414,0.07056920975446701,0.04311912879347801,45.89900207519531,0.17154045403003693,17.486055374145508,1.4877532720565796,1.8369407653808594
2016,1,37.058875399020145,78.92081352944582,6629.293,1880.0,3.9432287216186523,118.01347351074219,40.511558532714844,21.94979476928711,1.2142689228057861,7.800000190734863,19.6933536529541,0.03902220353484154,0.03902220353484154,0.0,305.8408203125,0.18409468233585358,0.18409468233585358,0.0506163127720356,0.05646076425909996,9.215860366821289,0.09062957763671875,14.563848495483398,1.2243226766586304,1.5182344913482666,0.037810318171978,0.05078185349702835,437.34539794921875,256.3240966796875,0.24755586683750153,0.4728473722934723,0.012326756492257118,0.07107695937156677,16.382274627685547,0.06584958732128143,-1.3713736534118652,0.38150712847709656,1.0809246301651,0.036047499626874924,0.04225466400384903,1.648871660232544,481.508544921875,0.347429096698761,0.38973599672317505,0.10487418621778488,0.10912597924470901,15.851271629333496,0.05357235297560692,12.9691801071167,1.2545479536056519,1.7678534984588623,0.04541085287928581,0.04663415998220444,0.0,376.04510498046875,0.054236169904470444,0.054236169904470444,-0.011164713650941849,0.035863716155290604,17.031600952148438,0.058099135756492615,17.906909942626953,1.6308081150054932,2.577671527862549,0.05787481367588043,0.06254194676876068,0.0,497.04644775390625,0.0867079347372055,0.09000005573034286,0.05961718410253525,0.026619356125593185,18.118858337402344,0.06236228346824646,23.66887855529785,2.401822090148926,2.9891843795776367
2016,1,38.697403294816205,76.40562190744124,6640.702,1339.0,0.9274099469184875,-0.0,32.19422149658203,22.963777542114258,1.3899999856948853,7.300000190734863,12.532925605773926,0.0764949694275856,0.0764949694275856,2.312628984451294,263.47503662109375,0.11794811487197876,0.11794811487197876,0.04625258594751358,0.03096497431397438,12.6322021484375,0.14147135615348816,12.43630599975586,0.9265195727348328,1.1315580606460571,0.0486006885766983,0.07749756425619125,565.7929077148438,143.0350799560547,0.31850406527519226,0.3977435827255249,0.10334975272417068,0.07508017122745514,26.229873657226562,0.13078980147838593,-3.2027106285095215,0.28740936517715454,0.751361072063446,0.04463746026158333,0.05598016455769539,20.119600296020508,354.3730773925781,0.2654942572116852,0.32703137397766113,0.18251030147075653,0.08164998888969421,32.08317184448242,0.11369464546442032,9.0338773727417,0.817823588848114,1.249131202697754,0.07511914521455765,0.08066832274198532,0.46948179602622986,309.50152587890625,0.6975805163383484,0.6975805163383484,0.41412368416786194,0.2530348598957062,37.77680587768555,0.11881213635206223,14.715812683105469,1.082051157951355,1.814881443977356,0.1022956371307373,0.1088101789355278,0.0,423.3665771484375,0.14966554939746857,0.15622396767139435,0.0702897161245346,0.04271964356303215,36.04948425292969,0.12728644907474518,20.16031265258789,1.6869081258773804,2.0679399967193604
2016,1,37.58115652810711,77.4469513173514,6671.1787,1695.0,3.015801191329956,157.1875762939453,33.73735809326172,24.193525314331055,1.3822633028030396,7.6367669105529785,13.985466957092285,0.07344884425401688,0.07344884425401688,0.0,301.40625,0.11566416919231415,0.11566416919231415,0.02087322808802128,0.03217596560716629,8.786036491394043,0.08947101980447769,14.352679252624512,0.9960645437240601,1.3002591133117676,0.05142125487327576,0.061532579362392426,412.09857177734375,200.3231964111328,0.3408314883708954,0.5389483571052551,0.09758149087429047,0.11438753455877304,19.294313430786133,0.08685926347970963,-1.6043589115142822,0.3370562195777893,0.8941898345947266,0.058303479105234146,0.06520111113786697,0.732898473739624,437.9915771484375,0.29271790385246277,0.46098530292510986,0.12864257395267487,0.09999033808708191,14.99459457397461,0.06841713190078735,11.817802429199219,0.9813725352287292,1.4598174095153809,0.07563704252243042,0.08004195988178253,0.0,358.12469482421875,0.48104822635650635,0.48104822635650635,0.2711871564388275,0.15460972487926483,35.053955078125,0.0788574367761612,17.053556442260742,1.298343539237976,2.1161844730377197,0.0962773934006691,0.10052169114351273,0.0,478.1756286621094,0.29688337445259094,0.29688337445259094,-0.017329471185803413,0.09254617244005203,9.43731689453125,0.06407536566257477,22.770267486572266,1.9689242839813232,2.4948980808258057
2016,1,39.05987024214766,75.79952751495372,6672.482,1442.0,2.3875505924224854,270.0,29.636985778808594,23.806867599487305,1.399999976158142,7.774521827697754,10.415138244628906,0.08642777800559998,0.08642777800559998,9.406364440917969,213.60220336914062,0.40303874015808105,0.40303874015808105,0.2542841136455536,0.10476797819137573,19.933143615722656,0.20014753937721252,9.723611831665039,0.8325080871582031,1.0574533939361572,0.051845137029886246,0.07443664968013763,887.3880615234375,123.46629333496094,0.18236185610294342,0.27014094591140747,0.06152952462434769,0.03189634159207344,40.681514739990234,0.20265136659145355,-5.787286281585693,0.24367687106132507,0.678419828414917,0.06002609804272652,0.07417567074298859,81.83425903320312,291.02227783203125,0.33696240186691284,0.34705105423927307,0.1633901298046112,0.08877507597208023,40.134681701660156,0.19175823032855988,5.6537299156188965,0.6923078298568726,1.05925714969635,0.08970361202955246,0.09343907982110977,1.9095656871795654,256.7071838378906,0.4828893840312958,0.4828893840312958,0.2892434298992157,0.12042513489723206,34.51846694946289,0.1667460799217224,12.133220672607422,0.9838799238204956,1.5873510837554932,0.108257956802845,0.11402133852243423,0.0,368.4599914550781,0.1547960638999939,0.1621268093585968,0.07147860527038574,0.04440401494503021,42.68390655517578,0.1791030615568161,17.545713424682617,1.5552737712860107,1.9080334901809692
2016,1,39.21617957047515,75.83186937489437,6694.6597,1338.0,3.6657681465148926,40.71125411987305,30.130414962768555,24.100767135620117,1.394011378288269,7.808480739593506,11.464058876037598,0.09403315931558609,0.09403315931558609,5.781289577484131,255.65341186523438,0.139981210231781,0.139981210231781,0.05564630776643753,0.03737466409802437,16.07069206237793,0.17919838428497314,11.898673057556152,0.9846369624137878,1.2440154552459717,0.05419168993830681,0.07467928528785706,699.7219848632812,155.5829620361328,0.3623570203781128,0.49125936627388,0.13976673781871796,0.10128612071275711,38.71922302246094,0.1903776079416275,-4.122265338897705,0.27423036098480225,0.7828890085220337,0.06815442442893982,0.08315775543451309,50.29653549194336,353.17132568359375,0.6124572157859802,0.6124572157859802,0.37870264053344727,0.24846994876861572,34.952186584472656,0.1788533478975296,8.185805320739746,0.8206486701965332,1.2408218383789062,0.09753299504518509,0.1007428988814354,1.1736470460891724,303.9225769042969,0.7056205868721008,0.7056205868721008,0.44004005193710327,0.2871630787849426,30.0595703125,0.15371821820735931,14.416616439819336,1.1613101959228516,1.8423118591308594,0.11441665142774582,0.12063448131084442,0.0,421.48480224609375,0.1608274281024933,0.16925624012947083,0.07354778051376343,0.046459320932626724,31.523202896118164,0.15558847784996033,20.07070541381836,1.8511974811553955,2.24351167678833
2016,1,39.35254333979058,75.45080351706899,6699.018,1466.0,3.6688013076782227,220.76641845703125,35.854496002197266,24.75811767578125,1.3504210710525513,7.86691951751709,15.81725788116455,0.08560632914304733,0.08560632914304733,4.673588275909424,230.22021484375,0.6196225881576538,0.6210001111030579,0.3581949770450592,0.2001412808895111,18.76774787902832,0.17435242235660553,10.740315437316895,0.8370373249053955,1.1156432628631592,0.05126652494072914,0.0672503337264061,750.2980346679688,101.99832153320312,0.30937251448631287,0.4488317370414734,0.15678991377353668,0.08349891752004623,48.16904830932617,0.1927880495786667,-4.9113616943359375,0.25640231370925903,0.7127504944801331,0.06649303436279297,0.08308906108140945,48.39550018310547,302.7862548828125,0.5706608295440674,0.652981162071228,0.3398180902004242,0.1977204978466034,42.106239318847656,0.18369874358177185,6.875426292419434,0.68185955286026,1.0724425315856934,0.09526627510786057,0.09719868004322052,1.171146035194397,279.983642578125,0.7920945882797241,0.7937591671943665,0.4864325523376465,0.32823318243026733,34.637298583984375,0.14685973525047302,13.276784896850586,0.9914908409118652,1.6268641948699951,0.1032838374376297,0.10682380944490433,0.0,395.8824462890625,0.3864840567111969,0.39023062586784363,0.08214200288057327,0.10554444044828415,31.79078483581543,0.1405625194311142,18.851545333862305,1.6033971309661865,1.9584197998046875
2016,1,39.79936310175008,76.1035178110703,6724.176,1466.0,2.212113857269287,146.94418334960938,32.42006301879883,26.096881866455078,1.4044170379638672,7.776394844055176,12.612902641296387,0.10647640377283096,0.10647640377283096,4.208690643310547,254.10450744628906,0.30262458324432373,0.3078833222389221,0.11308205872774124,0.08702252060174942,13.195150375366211,0.20519138872623444,11.899801254272461,1.053688883781433,1.2990106344223022,0.05447123199701309,0.07159530371427536,802.5502319335938,187.04193115234375,0.3146897852420807,0.4202214479446411,0.062059953808784485,0.07301834970712662,40.4775276184082,0.2240440547466278,-4.6629414558410645,0.2621990442276001,0.7852694988250732,0.07160472869873047,0.08927828073501587,54.72907257080078,358.8962707519531,0.4256957769393921,0.43556007742881775,0.24264664947986603,0.14339639246463776,40.59566116333008,0.21915361285209656,8.220734596252441,0.8653960824012756,1.2787790298461914,0.106076680123806,0.11197108030319214,1.2381608486175537,296.65509033203125,0.6483309864997864,0.6545035243034363,0.3831753432750702,0.27226564288139343,34.866371154785156,0.2151419073343277,14.067473411560059,1.2084650993347168,1.8380427360534668,0.1336187720298767,0.14372913539409637,0.0,422.5339660644531,0.18607580661773682,0.19950959086418152,0.07764168828725815,0.05258115008473396,38.26384735107422,0.20486237108707428,20.120664596557617,1.9585096836090088,2.3643624782562256
2016,1,39.31939438255927,75.55375078308991,6728.502,1410.0,2.207592725753784,212.87489318847656,32.66715621948242,24.419025421142578,1.399999976158142,7.900000095367432,10.999216079711914,0.08844493329524994,0.08844493329524994,5.208498954772949,239.05584716796875,0.4764344394207001,0.4816323518753052,0.23300758004188538,0.1667502224445343,18.581459045410156,0.17717435956001282,11.135588645935059,0.875599205493927,1.1531506776809692,0.052716340869665146,0.06982619315385818,712.7044677734375,114.41171264648438,0.22746971249580383,0.309638112783432,0.06080354377627373,0.06108495965600014,46.7187614440918,0.19436755776405334,-4.532520771026611,0.2636438310146332,0.7387568950653076,0.06878746300935745,0.0855049341917038,45.31332778930664,319.3995056152344,0.31595396995544434,0.4572705626487732,0.2002122551202774,0.07427620142698288,40.80570602416992,0.18425261974334717,7.407734394073486,0.7198173403739929,1.1217153072357178,0.09781306982040405,0.09984900057315826,1.057366132736206,289.21490478515625,0.6368399262428284,0.6532453894615173,0.34273654222488403,0.20762449502944946,33.541404724121094,0.14794762432575226,13.721787452697754,1.0402475595474243,1.6966668367385864,0.10701126605272293,0.11103414744138718,0.0,405.5910339355469,0.39652320742607117,0.3978064954280853,0.12331287562847137,0.12738296389579773,31.617507934570312,0.14262157678604126,19.313858032226562,1.675647258758545,2.041780948638916
2016,1,40.15536881165508,76.84840172384631,6760.4775,1601.0,3.03275203704834,336.4364929199219,31.02557945251465,23.699941635131836,1.3980401754379272,7.620108127593994,16.709508895874023,0.09853645414113998,0.09853645414113998,12.693177223205566,147.411865234375,0.14233264327049255,0.14233264327049255,0.01623654179275036,0.0379001758992672,18.291643142700195,0.25613635778427124,6.415175914764404,0.7227359414100647,0.8988275527954102,0.054847635328769684,0.06984932720661163,1342.5767822265625,126.64452362060547,0.08688327670097351,0.24580256640911102,0.2980710566043854,0.030103005468845367,43.49095916748047,0.2654262185096741,-9.211607933044434,0.17895346879959106,0.5516799092292786,0.06413260847330093,0.076911561191082,134.87721252441406,214.33505249023438,0.1749735325574875,0.24081505835056305,0.13829569518566132,0.04795248433947563,56.77912521362305,0.26328244805336,2.1475090980529785,0.592591404914856,0.8566770553588867,0.09718451648950577,0.10471536964178085,3.9165239334106445,176.67762756347656,0.43027403950691223,0.43027403950691223,0.22910498082637787,0.13480550050735474,48.55868911743164,0.2787238359451294,8.22671890258789,0.8107881546020508,1.2237550020217896,0.12681297957897186,0.13754600286483765,0.0,297.4220886230469,0.17886321246623993,0.1920924186706543,0.042748864740133286,0.0486573725938797,64.23074340820312,0.27267906069755554,14.162956237792969,1.3501453399658203,1.664785623550415
2016,1,38.809242008337684,76.1725090225692,6776.5415,1357.0,1.1900876760482788,90.0,26.81578254699707,27.285173416137695,1.3829072713851929,7.389912128448486,12.031576156616211,0.08100447803735733,0.08100447803735733,6.899957656860352,232.61758422851562,0.5574870705604553,0.5574870705604553,0.28080424666404724,0.1313842236995697,16.546884536743164,0.17639289796352386,10.748458862304688,0.8709709644317627,1.0722311735153198,0.0500137060880661,0.07723448425531387,769.1121215820312,136.36355590820312,0.2268318086862564,0.4071972072124481,0.05773270130157471,0.040959980338811874,31.719120025634766,0.16841809451580048,-4.793549537658691,0.26087629795074463,0.7007326483726501,0.05003206804394722,0.06208482384681702,60.0288200378418,316.4031066894531,0.4518514573574066,0.4518514573574066,0.22631007432937622,0.13043555617332458,35.798274993896484,0.15417353808879852,6.92903470993042,0.7504659295082092,1.141365647315979,0.0802866518497467,0.08538838475942612,1.4007455110549927,275.3772888183594,0.6510732173919678,0.6510732173919678,0.3457944095134735,0.21838174760341644,36.348079681396484,0.14742133021354675,13.046502113342285,1.0212939977645874,1.6770685911178589,0.10569662600755692,0.11231862008571625,0.0,387.0464782714844,0.15291085839271545,0.16004063189029694,0.07133426517248154,0.04381784424185753,42.13628005981445,0.16242371499538422,18.430784225463867,1.5943361520767212,1.9584403038024902
2016,1,41.842135262647325,82.08306530531593,6816.809,1327.0,2.7802884578704834,180.0,28.687936782836914,18.69085693359375,1.4081599712371826,8.048295021057129,16.863962173461914,0.09311142563819885,0.09311142563819885,9.877677917480469,191.3831329345703,0.30498841404914856,0.405343234539032,0.06366269290447235,0.09694816917181015,21.874637603759766,0.2200005054473877,8.64311695098877,0.6625339984893799,0.9102712869644165,0.04077993333339691,0.06827176362276077,917.89599609375,75.22128295898438,0.22540220618247986,0.34717708826065063,0.015030968934297562,0.05212494730949402,38.40708541870117,0.223703071475029,-6.383899211883545,0.20320837199687958,0.51890629529953,0.06469596922397614,0.08020798861980438,30.718603134155273,322.4790344238281,0.15165220201015472,0.15165220201015472,0.10558497160673141,0.06022464111447334,30.682523727416992,0.1933213174343109,7.885416507720947,0.7493889927864075,1.1413718461990356,0.11175315827131271,0.1214728131890297,3.097674608230591,251.86961364746094,0.38514673709869385,0.38514673709869385,0.2946920692920685,0.1583278626203537,34.47300720214844,0.2039395421743393,11.846282958984375,0.9354174137115479,1.3146905899047852,0.1623779833316803,0.17614974081516266,0.17735163867473602,401.6330871582031,0.43450745940208435,0.43450745940208435,0.22663584351539612,0.14766362309455872,38.09453582763672,0.19074738025665283,19.116939544677734,1.6928672790527344,2.3343420028686523
2016,1,39.268190525162545,75.77176961089602,6850.443,1338.0,3.0266029834747314,203.29464721679688,30.325151443481445,25.272689819335938,1.3926981687545776,7.884139060974121,11.740508079528809,0.09425288438796997,0.09425288438796997,5.145921230316162,258.5696105957031,0.14050887525081635,0.14050887525081635,0.055056095123291016,0.03731957823038101,16.042011260986328,0.17601163685321808,12.067794799804688,0.9860193133354187,1.255159616470337,0.054313622415065765,0.07366917282342911,675.169677734375,152.0894775390625,0.5446986556053162,0.6395498514175415,0.2949156165122986,0.17657363414764404,40.239688873291016,0.19004997611045837,-3.962728500366211,0.2765648066997528,0.7901530265808105,0.06982644647359848,0.08536388725042343,44.76890563964844,355.6791687011719,0.6512014269828796,0.6512014269828796,0.41780346632003784,0.27414387464523315,35.41094207763672,0.17879091203212738,8.402979850769043,0.8194030523300171,1.2438223361968994,0.09907179325819016,0.10192706435918808,1.0446622371673584,308.0560607910156,0.7346387505531311,0.7346387505531311,0.46193045377731323,0.29417940974235535,30.005075454711914,0.1509348750114441,14.619589805603027,1.164338231086731,1.8515146970748901,0.11396792531013489,0.11979397386312485,0.0,426.3106994628906,0.3079319894313812,0.3079319894313812,-0.02405633218586445,0.0845828726887703,29.768583297729492,0.14960713684558868,20.30051040649414,1.8621432781219482,2.255223035812378
2016,1,41.843209906001206,82.09708025992691,6850.5186,1331.0,1.244800329208374,90.0,30.397308349609375,18.33627700805664,1.409999966621399,8.0,23.302900314331055,0.09297722578048706,0.09297722578048706,9.619157791137695,192.43775939941406,0.5680654048919678,0.7090045213699341,0.3324698507785797,0.16525483131408691,21.624473571777344,0.21908244490623474,8.705647468566895,0.6674609780311584,0.9169265627861023,0.04084304720163345,0.06817343086004257,913.9910888671875,76.12450408935547,0.2318514883518219,0.399122029542923,0.1069694384932518,0.04584423452615738,38.2481689453125,0.22355248034000397,-6.347474575042725,0.20363397896289825,0.5202316045761108,0.06448788195848465,0.0799507349729538,29.921398162841797,324.3547058105469,0.18212540447711945,0.18212540447711945,0.12660878896713257,0.07448627054691315,30.401941299438477,0.19294443726539612,7.9576568603515625,0.7540530562400818,1.1480145454406738,0.11149275302886963,0.12123749405145645,3.0006601810455322,253.1829071044922,0.6158734560012817,0.6158734560012817,0.3282086253166199,0.21617792546749115,34.054046630859375,0.20322374999523163,11.913439750671387,0.9419596195220947,1.3211491107940674,0.16210947930812836,0.17588819563388824,0.1717972457408905,403.230224609375,0.544349730014801,0.544349730014801,0.32691583037376404,0.19656521081924438,37.795555114746094,0.1904086470603943,19.19325828552246,1.7030673027038574,2.348877191543579
2016,1,39.180337316207556,75.82863652663063,6862.587,1341.0,1.513547658920288,127.7813720703125,32.79303741455078,18.790481567382812,1.3799999952316284,7.800000190734863,12.781448364257812,0.09237805008888245,0.09237805008888245,6.543244361877441,246.81829833984375,0.13797442615032196,0.13797442615032196,0.05455582216382027,0.03673075884580612,16.86668586730957,0.18352840840816498,11.441669464111328,0.952613890171051,1.204358696937561,0.05367901176214218,0.07466435432434082,739.1090087890625,148.919189453125,0.2883516252040863,0.38189446926116943,0.11709205061197281,0.06254817545413971,39.04706954956055,0.19274592399597168,-4.471135139465332,0.26783114671707153,0.7607640027999878,0.06633199751377106,0.08113057166337967,56.925453186035156,340.1244812011719,0.49261367321014404,0.5142244100570679,0.2775050699710846,0.1464919149875641,36.01337432861328,0.18132755160331726,7.654027938842773,0.7938539981842041,1.2028344869613647,0.09578026831150055,0.09911718964576721,1.3283298015594482,293.9692687988281,0.6834389567375183,0.6834389567375183,0.3843238055706024,0.25274214148521423,31.019193649291992,0.15639233589172363,13.935282707214355,1.123885154724121,1.7887053489685059,0.11309970915317535,0.11923372000455856,0.0,410.2870178222656,0.1595456600189209,0.16774292290210724,0.07311445474624634,0.04602324962615967,33.91612243652344,0.16055910289287567,19.5374755859375,1.7885162830352783,2.1725070476531982
2016,1,39.48890710910601,75.86124147353341,6873.0024,1331.0,0.9274099469184875,180.0,34.61690139770508,23.84381675720215,1.3982555866241455,7.982419013977051,9.574769020080566,0.10717093199491501,0.10717093199491501,0.21352165937423706,322.52783203125,0.5048938393592834,0.5048938393592834,0.2527286410331726,0.1833505779504776,10.041504859924316,0.14789631962776184,15.34830093383789,1.2323204278945923,1.5487276315689087,0.05824777111411095,0.07505016773939133,407.99810791015625,208.3732147216797,0.3273094892501831,0.4237608313560486,0.06507366895675659,0.0806107297539711,36.027809143066406,0.17382507026195526,-1.5123096704483032,0.32239532470703125,0.9517226815223694,0.08226374536752701,0.09876608103513718,1.857613205909729,452.78717041015625,0.6076730489730835,0.6110187768936157,0.3707084059715271,0.23706449568271637,26.70625114440918,0.16154617071151733,12.187285423278809,1.0274658203125,1.5321446657180786,0.11112001538276672,0.11340592056512833,0.04334656894207001,379.0689697265625,0.7632784247398376,0.7632784247398376,0.44504615664482117,0.3485892415046692,22.483386993408203,0.1349608451128006,18.048839569091797,1.4506129026412964,2.2528293132781982,0.12502561509609222,0.13200928270816803,0.0,506.08575439453125,0.543285608291626,0.5747460126876831,0.2838799059391022,0.14518749713897705,13.550580978393555,0.12001821398735046,24.099321365356445,2.3346481323242188,2.791107177734375
2016,1,39.19084741739053,75.8054581193548,6876.022,1360.0,0.0,-0.0,32.777164459228516,23.336254119873047,1.3801217079162598,7.742190361022949,12.687859535217285,0.09212552011013031,0.09212552011013031,6.5464301109313965,245.51058959960938,0.1377565711736679,0.1377565711736679,0.05414089933037758,0.03658498078584671,17.074188232421875,0.18377627432346344,11.37924575805664,0.9453521370887756,1.1986210346221924,0.05361900478601456,0.07431983202695847,741.7179565429688,146.18910217285156,0.2727150619029999,0.3278205692768097,0.03448677062988281,0.06597968935966492,39.68451690673828,0.19353938102722168,-4.511581897735596,0.26691704988479614,0.7577401399612427,0.0665375292301178,0.08147627115249634,56.95317077636719,337.66583251953125,0.5056985020637512,0.5056985020637512,0.29526564478874207,0.177826926112175,36.44169998168945,0.1822618544101715,7.586828708648682,0.7867659330368042,1.1942616701126099,0.09595450758934021,0.09919659048318863,1.3289766311645508,292.78668212890625,0.638823926448822,0.638823926448822,0.3604685366153717,0.2302560806274414,31.20178985595703,0.15634188055992126,13.878937721252441,1.1159130334854126,1.778414249420166,0.11268791556358337,0.11867289245128632,0.0,409.0359191894531,0.15907180309295654,0.16716669499874115,0.07289498299360275,0.04585540294647217,33.924434661865234,0.16001592576503754,19.477901458740234,1.7772241830825806,2.1594388484954834
2016,1,39.493486605887895,75.87040492619825,6902.736,1330.0,1.8543341159820557,-0.0,31.44552993774414,23.29464340209961,1.4189234972000122,7.840726852416992,14.419203758239746,0.10776624083518982,0.10776624083518982,0.12765415012836456,324.6480407714844,0.1565198004245758,0.1565198004245758,0.06501121073961258,0.04277796670794487,9.822213172912598,0.14744798839092255,15.453351974487305,1.2424625158309937,1.5596635341644287,0.05842239037156105,0.07523930817842484,401.56884765625,211.25076293945312,0.3324105143547058,0.4230855703353882,0.07057750970125198,0.08662068098783493,35.704933166503906,0.17356479167938232,-1.4418038129806519,0.32383379340171814,0.9573954343795776,0.08265957236289978,0.09914351254701614,1.1105760335922241,456.3533935546875,0.603910505771637,0.6180996894836426,0.37532246112823486,0.21589680016040802,26.30156707763672,0.1612379401922226,12.30385971069336,1.0361188650131226,1.5433636903762817,0.11151327937841415,0.1138148382306099,0.025914791971445084,381.30865478515625,0.7456815838813782,0.7456815838813782,0.4331890046596527,0.28299587965011597,22.140546798706055,0.13492938876152039,18.156320571899414,1.462259292602539,2.2679295539855957,0.1256125271320343,0.13269948959350586,0.0,508.60052490234375,0.17181739211082458,0.1822528839111328,0.07733871787786484,0.05020667985081673,13.125045776367188,0.11986853182315826,24.219072341918945,2.353186845779419,2.812173366546631
2016,1,41.2557144240076,79.93546413775321,6916.5913,1184.0,2.4659533500671387,90.0,27.815828323364258,22.3403263092041,1.4196687936782837,7.851938724517822,13.883020401000977,0.0929022803902626,0.0929022803902626,0.0,172.81309509277344,0.14565682411193848,0.14565682411193848,0.0463055744767189,0.03276890143752098,15.300372123718262,0.21095921099185944,8.229194641113281,0.5822870135307312,0.7339161038398743,0.0457952618598938,0.07478111237287521,934.427734375,55.05796432495117,0.0035031724255532026,0.1731955111026764,0.5709397792816162,0.002341099549084902,37.569618225097656,0.22837194800376892,-6.661892414093018,0.19203035533428192,0.5312987565994263,0.06376075744628906,0.08194830268621445,5.3413472175598145,232.26841735839844,0.36901140213012695,0.36901140213012695,0.15328530967235565,0.09651443362236023,37.26325607299805,0.18923597037792206,6.133163928985596,0.5856821537017822,0.8702628016471863,0.10391265898942947,0.11117083579301834,0.0,219.567138671875,0.1430773138999939,0.15307165682315826,0.0951933041214943,0.04242275282740593,50.474327087402344,0.21524196863174438,10.455577850341797,0.7268123030662537,1.225218653678894,0.13755519688129425,0.14827975630760193,0.0,364.5419616699219,0.2697550058364868,0.2697550058364868,0.1519802361726761,0.08662513643503189,31.224042892456055,0.16487598419189453,17.359140396118164,1.3426532745361328,1.795705795288086
2016,1,41.20693631758396,79.64063729430148,6949.6567,1255.0,2.226163148880005,33.607913970947266,29.57112693786621,21.185382843017578,1.4291977882385254,8.002684593200684,11.603019714355469,0.0875445082783699,0.0875445082783699,0.0,184.82199096679688,0.41459235548973083,0.41965487599372864,0.10542533546686172,0.10414938628673553,13.872097969055176,0.18986156582832336,8.801047325134277,0.6108987331390381,0.769567608833313,0.04688426852226257,0.07129616290330887,920.5812377929688,63.87205123901367,0.11409024894237518,0.30197620391845703,0.04468052461743355,0.037099409848451614,35.9664306640625,0.2138928323984146,-6.49022102355957,0.19409307837486267,0.5577687621116638,0.05684847757220268,0.07573281973600388,5.597003936767578,246.74612426757812,0.17815566062927246,0.18699945509433746,-0.010489341802895069,0.04110964387655258,35.03526306152344,0.171945720911026,6.517543792724609,0.6042817234992981,0.909167468547821,0.0966760516166687,0.10470649600028992,0.0,226.71267700195312,0.13419605791568756,0.14475387334823608,0.10749683529138565,0.03989608213305473,49.38634490966797,0.2000034749507904,10.795841217041016,0.7344305515289307,1.2805811166763306,0.1271483600139618,0.13675656914710999,0.0,374.1019287109375,0.1740548014640808,0.18227076530456543,0.10813714563846588,0.050847988575696945,30.132593154907227,0.1445249766111374,17.814376831054688,1.3807430267333984,1.8344738483428955
2016,1,41.22525876381256,79.6559988974306,6957.5864,1237.0,0.0,-0.0,28.955162048339844,23.423582077026367,1.399999976158142,7.900000095367432,14.89747428894043,0.08717747032642365,0.08717747032642365,0.0,181.4630889892578,0.5676989555358887,0.5808808207511902,0.2465723156929016,0.17023341357707977,14.059389114379883,0.1925056427717209,8.641098976135254,0.6015530824661255,0.758000910282135,0.04648103192448616,0.07131347060203552,932.1421508789062,60.14657974243164,0.08464221656322479,0.2754351496696472,0.12343049049377441,0.0400119312107563,36.34566879272461,0.21635524928569794,-6.606026649475098,0.19228926301002502,0.5486944913864136,0.05691741779446602,0.07587835937738419,5.707853317260742,240.30645751953125,0.40595224499702454,0.4167036712169647,0.08811382949352264,0.12005893141031265,35.579803466796875,0.17479081451892853,6.340502738952637,0.5933911800384521,0.8927767872810364,0.09695882350206375,0.1049417182803154,0.0,223.3092803955078,0.13470476865768433,0.14521118998527527,0.10916908085346222,0.04003500938415527,49.68808364868164,0.2024775892496109,10.633774757385254,0.7225685715675354,1.2576706409454346,0.12711630761623383,0.13654981553554535,0.0,370.42022705078125,0.17420856654644012,0.18226826190948486,0.10898340493440628,0.05085834860801697,30.364999771118164,0.14684583246707916,17.63905906677246,1.3599251508712769,1.806478500366211
2016,1,39.319933933786736,75.8348346770949,6978.8403,1319.0,1.5154293775558472,232.27377319335938,27.676591873168945,24.868576049804688,1.4125428199768066,7.7657904624938965,9.375110626220703,0.09865014255046844,0.09865014255046844,3.650585412979126,280.13433837890625,0.1456000804901123,0.1456000804901123,0.05862961709499359,0.03915964439511299,13.889618873596191,0.16717176139354706,13.165892601013184,1.0729594230651855,1.3541812896728516,0.05562613159418106,0.074640192091465,590.0438842773438,173.69351196289062,0.2948175072669983,0.4177960157394409,0.06658909469842911,0.0770765170454979,37.9619026184082,0.1840118020772934,-3.1541693210601807,0.2919561266899109,0.8443374633789062,0.07335225492715836,0.08896724134683609,31.759662628173828,389.223388671875,0.6179556250572205,0.6179556250572205,0.3861972689628601,0.24870182573795319,32.075042724609375,0.17223121225833893,9.661181449890137,0.894248366355896,1.345470666885376,0.10252651572227478,0.1053551584482193,0.7410974502563477,331.5716857910156,0.7686774730682373,0.7686774730682373,0.49787601828575134,0.3236841559410095,27.39485740661621,0.14626576006412506,15.753837585449219,1.2646647691726685,1.9904557466506958,0.1180405542254448,0.12446007132530212,0.0,452.6159973144531,0.16433730721473694,0.17339621484279633,0.07472039759159088,0.047651853412389755,24.804912567138672,0.14157387614250183,21.553142547607422,2.0248098373413086,2.4400994777679443
2016,1,41.216099770248796,79.62742943698117,7019.185,1254.0,1.5425145626068115,306.9515686035156,30.853967666625977,20.228548049926758,1.4159475564956665,7.9069108963012695,14.032462120056152,0.08687488734722137,0.08687488734722137,0.0,183.29473876953125,0.4479985535144806,0.4527032971382141,0.17063207924365997,0.13692790269851685,13.903973579406738,0.1900358945131302,8.728321075439453,0.6061825156211853,0.7637847065925598,0.0466986708343029,0.07104762643575668,927.9241333007812,61.85213851928711,0.09694869071245193,0.20098277926445007,0.04133540019392967,0.03429359197616577,36.12669372558594,0.21444374322891235,-6.561151504516602,0.19296151399612427,0.5534530878067017,0.05637581646442413,0.0753745511174202,5.696773529052734,243.15289306640625,0.4029107689857483,0.4158056080341339,0.14805474877357483,0.11272121220827103,35.26744079589844,0.17252564430236816,6.4177327156066895,0.597687304019928,0.9001675248146057,0.09632890671491623,0.10438328981399536,0.0,224.74935913085938,0.1338864266872406,0.14444728195667267,0.10968175530433655,0.03980470448732376,49.551963806152344,0.20051731169223785,10.702350616455078,0.725996732711792,1.268166422843933,0.12630388140678406,0.13568934798240662,0.0,372.134521484375,0.17315930128097534,0.18112753331661224,0.10897649079561234,0.050516970455646515,30.229738235473633,0.14448794722557068,17.720691680908203,1.3681528568267822,1.816323161125183
2016,1,39.30807718408562,75.55375078308991,7022.525,1397.0,5.206113338470459,27.33734130859375,32.7696418762207,22.684709548950195,1.4059334993362427,8.0,17.127727508544922,0.0880921259522438,0.0880921259522438,5.535164833068848,236.04002380371094,0.5531274676322937,0.5531274676322937,0.29079797863960266,0.17162887752056122,18.854082107543945,0.17915457487106323,10.976421356201172,0.8664449453353882,1.1411992311477661,0.0526028610765934,0.06990179419517517,728.2926025390625,112.90936279296875,0.36354511976242065,0.4523921012878418,0.10740066319704056,0.1035449430346489,46.773193359375,0.1956658810377121,-4.661994457244873,0.26136577129364014,0.7316868305206299,0.0682876706123352,0.08492202311754227,48.15528106689453,315.2322692871094,0.4625689387321472,0.5820613503456116,0.3084152042865753,0.12274464964866638,41.10075378417969,0.1856067031621933,7.218297481536865,0.7119823694229126,1.109990119934082,0.09733777493238449,0.09942707419395447,1.1236817836761475,285.7582702636719,0.7560701370239258,0.756099283695221,0.4486345648765564,0.29164043068885803,33.76121139526367,0.14936502277851105,13.554027557373047,1.0295063257217407,1.67996346950531,0.1067790761590004,0.11081545799970627,0.0,401.72479248046875,0.5575435161590576,0.5575435161590576,0.23192204535007477,0.1667257398366928,32.473812103271484,0.14499914646148682,19.12975311279297,1.657333493232727,2.0210092067718506
2016,1,43.93098777383089,80.95037783302277,7047.142,570.0,3.1709344387054443,54.23952865600586,33.689422607421875,16.956974029541016,1.3903632164001465,8.0,45.44783401489258,0.1553424894809723,0.1553424894809723,16.999300003051758,94.6955795288086,0.11441473662853241,0.11605024337768555,-0.08405201137065887,0.02327647991478443,57.024940490722656,0.3611920177936554,3.6998229026794434,0.29092782735824585,0.5268299579620361,0.01547360047698021,0.06306703388690948,1100.62158203125,9.610333442687988,-0.03761233016848564,0.43324312567710876,0.8681878447532654,-0.0371631383895874,131.27169799804688,0.3508436381816864,-8.265236854553223,0.14771346747875214,0.4176443815231323,0.16131296753883362,0.18057823181152344,29.704261779785156,123.5941390991211,0.26796141266822815,0.3110862374305725,0.1871769279241562,0.0728459358215332,69.697509765625,0.3780095875263214,2.537564277648926,0.2683509886264801,0.6514802575111389,0.2694776654243469,0.29086339473724365,2.7894785404205322,139.99130249023438,0.41004160046577454,0.43766775727272034,0.296165406703949,0.12464947253465652,97.71294403076172,0.40157297253608704,6.533420085906982,0.3155915141105652,0.6137248277664185,0.3419751822948456,0.3583700358867645,0.0,261.38189697265625,0.4866876006126404,0.490132600069046,0.35318106412887573,0.1429332047700882,121.58053588867188,0.3745032250881195,12.446757316589355,0.4799007177352905,0.922480046749115
2016,1,39.22345682339437,75.59983559247725,7047.8364,1421.0,1.5141271352767944,127.76437377929688,37.258705139160156,23.884021759033203,1.407039761543274,8.0,7.798798561096191,0.08692833036184311,0.08692833036184311,7.58892297744751,220.75840759277344,0.1695955991744995,0.1695955991744995,0.021622309461236,0.036471277475357056,20.06856346130371,0.19137470424175262,10.150928497314453,0.8299323916435242,1.0849449634552002,0.05217462778091431,0.07116392254829407,819.5286254882812,110.81273651123047,0.10508722066879272,0.18552058935165405,0.04376077651977539,0.024426229298114777,45.77045440673828,0.20281508564949036,-5.3690595626831055,0.2494908571243286,0.6967730522155762,0.06520800292491913,0.08106096088886261,66.02273559570312,295.9365234375,0.29857873916625977,0.3128427565097809,0.17027832567691803,0.08022250980138779,41.889930725097656,0.19285812973976135,6.213886260986328,0.6819519996643066,1.059722900390625,0.09446300566196442,0.09706633538007736,1.5406107902526855,267.5236511230469,0.4310636818408966,0.46052250266075134,0.24471330642700195,0.1291981339454651,34.48866653442383,0.15884077548980713,12.66585922241211,0.9855219125747681,1.6043641567230225,0.1066371276974678,0.11112120002508163,0.0,381.23974609375,0.2946489751338959,0.2946489751338959,0.10612408071756363,0.07277221232652664,37.580162048339844,0.1614208221435547,18.154273986816406,1.5772005319595337,1.930551290512085
2016,1,39.17117386354272,75.92026213507683,7049.9067,1308.0,1.5134245157241821,127.78498840332031,28.34048080444336,24.496461868286133,1.395220160484314,7.800000190734863,11.47678279876709,0.09469988942146301,0.09469988942146301,5.812414646148682,259.7334289550781,0.5628674626350403,0.5628674626350403,0.27622127532958984,0.18815794587135315,15.356589317321777,0.1784149706363678,12.091477394104004,1.0080924034118652,1.2608722448349,0.05433044582605362,0.0759584829211235,692.67724609375,164.9256591796875,0.2446306198835373,0.3264983892440796,0.061009377241134644,0.04567086696624756,36.33031463623047,0.18728260695934296,-3.9981184005737305,0.2771138548851013,0.7918503284454346,0.06708954274654388,0.08153767138719559,50.56732177734375,361.0604553222656,0.5947224497795105,0.5947224497795105,0.346866637468338,0.21269966661930084,33.45586013793945,0.17521487176418304,8.391706466674805,0.8442830443382263,1.2690032720565796,0.09659599512815475,0.10017963498830795,1.1799657344818115,307.4331970214844,0.7704691886901855,0.7704691886901855,0.4317761957645416,0.2978985607624054,29.524330139160156,0.15390333533287048,14.583487510681152,1.1867623329162598,1.875205397605896,0.11573155969381332,0.12249001115560532,0.0,425.11468505859375,0.16237901151180267,0.1711505502462387,0.07429282367229462,0.04701187461614609,31.728805541992188,0.1578197479248047,20.243555068969727,1.886073112487793,2.2841007709503174
2016,1,39.211056063364744,75.80114616863612,7055.6826,1353.0,1.8543341159820557,-0.0,32.91675567626953,23.35005760192871,1.3820374011993408,7.7931694984436035,11.99243450164795,0.092833511531353,0.092833511531353,6.161969184875488,249.51206970214844,0.13864049315452576,0.13864049315452576,0.05453566461801529,0.03684670478105545,16.73551368713379,0.181624636054039,11.588099479675293,0.9589037299156189,1.2163171768188477,0.05384356528520584,0.074227474629879,722.6873168945312,148.63455200195312,0.2764589190483093,0.30722928047180176,0.059001948684453964,0.06187450513243675,39.691314697265625,0.19248364865779877,-4.348884582519531,0.2698409855365753,0.7677319049835205,0.06745661795139313,0.08253241330385208,53.60840606689453,343.3916931152344,0.5130954384803772,0.5200771689414978,0.2929289638996124,0.18083949387073517,36.04023361206055,0.18118518590927124,7.8319807052612305,0.7978895306587219,1.2105097770690918,0.09683169424533844,0.0999864861369133,1.2509280443191528,297.3769836425781,0.6535779237747192,0.6535779237747192,0.36751124262809753,0.2512575685977936,30.797317504882812,0.15492670238018036,14.101240158081055,1.131885051727295,1.8018157482147217,0.1131904199719429,0.11917193979024887,0.0,414.21539306640625,0.15953980386257172,0.16771440207958221,0.07303610444068909,0.04601270705461502,32.74839782714844,0.15732331573963165,19.72454261779785,1.804540991783142,2.1903202533721924
2016,1,39.23154117360427,75.83590932044878,7066.0786,1330.0,6.2429046630859375,287.2149658203125,29.987340927124023,25.251651763916016,1.399999976158142,7.872531890869141,12.542255401611328,0.09483153373003006,0.09483153373003006,5.435164451599121,259.8471984863281,0.14093856513500214,0.14093856513500214,0.05620231851935387,0.03769100084900856,15.683248519897461,0.177213653922081,12.11485767364502,1.0002089738845825,1.2629142999649048,0.05443679541349411,0.07472779601812363,681.4937133789062,158.9773406982422,0.2743949890136719,0.33820420503616333,0.06136736273765564,0.07883007079362869,38.496925354003906,0.18923327326774597,-3.9584569931030273,0.2772590219974518,0.7933911681175232,0.06897515058517456,0.08405657112598419,47.2852897644043,359.43719482421875,0.5507916212081909,0.5507916212081909,0.3302617073059082,0.19164331257343292,34.41546630859375,0.17764636874198914,8.436537742614746,0.8337773680686951,1.2592408657073975,0.09832516312599182,0.10148758441209793,1.1033809185028076,308.61248779296875,0.706981897354126,0.706981897354126,0.4233554005622864,0.2591617703437805,29.5936336517334,0.15252535045146942,14.643291473388672,1.1794511079788208,1.868100881576538,0.11507734656333923,0.12135206162929535,0.0,426.75384521484375,0.16147929430007935,0.17002789676189423,0.07377531379461288,0.04668189585208893,30.42683982849121,0.15340514481067657,20.321611404418945,1.881340742111206,2.27768611907959
2016,1,39.219679964802104,75.9243065397323,7074.4663,1308.0,1.514070987701416,307.7660217285156,28.68585777282715,26.67185401916504,1.3899999856948853,7.617727279663086,9.687288284301758,0.09711356461048126,0.09711356461048126,4.924802303314209,271.022705078125,0.14336523413658142,0.14336523413658142,0.05866314098238945,0.03876188397407532,14.347289085388184,0.17356230318546295,12.671329498291016,1.0513347387313843,1.3137911558151245,0.05507350340485573,0.07606659829616547,645.140625,174.4036865234375,0.20634686946868896,0.298930823802948,0.02753632888197899,0.047020863741636276,35.87303924560547,0.1849799007177353,-3.5661890506744385,0.28516077995300293,0.8208196759223938,0.06962523609399796,0.08432874083518982,42.84519958496094,378.0970153808594,0.6220030188560486,0.6220030188560486,0.40049251914024353,0.25005561113357544,32.024784088134766,0.17281362414360046,9.060859680175781,0.8801442384719849,1.3190803527832031,0.09904062747955322,0.1024678498506546,0.9997735023498535,320.0889587402344,0.7678619027137756,0.7678619027137756,0.5074800848960876,0.3245719373226166,28.149032592773438,0.15116608142852783,15.194723129272461,1.2372761964797974,1.9457820653915405,0.11770527064800262,0.12462033331394196,0.0,439.3904724121094,0.16431844234466553,0.17344455420970917,0.07496344298124313,0.04767336696386337,28.701820373535156,0.15233637392520905,20.923355102539062,1.970368504524231,2.379533290863037
2016,1,41.163005254005405,79.92144918314224,7077.8706,1165.0,4.915842533111572,270.0,29.655593872070312,22.03882598876953,1.391913652420044,7.699999809265137,13.955233573913574,0.09499462693929672,0.09499462693929672,0.0,191.54981994628906,0.27710413932800293,0.2791546583175659,-0.06054927781224251,0.0618608184158802,14.131108283996582,0.20128269493579865,9.121419906616211,0.6379417181015015,0.8015984296798706,0.04723809286952019,0.07465450465679169,869.2684936523438,75.41808319091797,0.018942756578326225,0.37961485981941223,0.5960835814476013,0.012928775511682034,35.24077224731445,0.21936000883579254,-6.0140180587768555,0.20148299634456635,0.5732988715171814,0.06347398459911346,0.0810147225856781,4.711068630218506,268.94927978515625,0.5482046604156494,0.5692934989929199,0.27879878878593445,0.1416999101638794,34.03568649291992,0.17930381000041962,7.141572952270508,0.6502201557159424,0.9639135599136353,0.10259249061346054,0.1101062148809433,0.0,239.82513427734375,0.1405736654996872,0.1509256511926651,0.08419277518987656,0.041712693870067596,47.82331085205078,0.20578104257583618,11.420244216918945,0.8071120977401733,1.3530857563018799,0.13903066515922546,0.15114359557628632,0.0,385.8295593261719,0.18756090104579926,0.19884571433067322,0.10058106482028961,0.055578988045454025,29.560041427612305,0.158121258020401,18.37283706665039,1.4718434810638428,1.978864073753357
2016,1,39.50830865778955,76.31426384505825,7080.1367,1243.0,3.028231143951416,156.63377380371094,32.666664123535156,26.59531593322754,1.373605728149414,6.69891881942749,13.799839973449707,0.12728510797023773,0.12728510797023773,0.1450158953666687,377.8400573730469,0.3996652364730835,0.3996652364730835,0.25481483340263367,0.15943460166454315,3.5327134132385254,0.1499512791633606,17.985477447509766,1.5542315244674683,1.8658777475357056,0.06394189596176147,0.08428356796503067,311.09381103515625,313.598876953125,0.15391840040683746,0.1876688301563263,0.014174563810229301,0.036085642874240875,21.762344360351562,0.17403320968151093,0.018977563828229904,0.3575335144996643,1.1074072122573853,0.09132673591375351,0.10574314743280411,1.6221572160720825,555.9779663085938,0.40355923771858215,0.43338170647621155,0.1540088653564453,0.12610100209712982,12.78128719329834,0.16000568866729736,14.982589721679688,1.3055758476257324,1.8742990493774414,0.12055128067731857,0.12441648542881012,0.044636741280555725,433.8454895019531,0.6140277981758118,0.6158558130264282,0.3682843744754791,0.24580521881580353,11.211475372314453,0.14932119846343994,20.657182693481445,1.8155968189239502,2.6974728107452393,0.14682960510253906,0.15853482484817505,0.0,567.6288452148438,0.1945001780986786,0.20948748290538788,0.08625421673059464,0.05803927779197693,6.201848030090332,0.14112284779548645,27.029945373535156,2.8985111713409424,3.4332377910614014
2016,1,39.180337316207556,75.71463960819926,7083.8154,1422.0,2.7802884578704834,-0.0,41.172027587890625,23.757526397705078,1.399279236793518,7.800000190734863,14.167252540588379,0.08894941955804825,0.08894941955804825,7.65406608581543,228.23362731933594,0.292669415473938,0.292669415473938,0.0633302554488182,0.1014111265540123,18.966812133789062,0.19098247587680817,10.503788948059082,0.8740347623825073,1.122230052947998,0.052701618522405624,0.07304312288761139,807.5798950195312,126.954345703125,0.25542232394218445,0.4025093913078308,0.1390930414199829,0.06164492666721344,42.50589370727539,0.20003333687782288,-5.156254291534424,0.25448811054229736,0.7156156897544861,0.06480385363101959,0.07997476309537888,66.58946990966797,310.2979431152344,0.43929359316825867,0.45423623919487,0.2535899877548218,0.12739090621471405,39.504051208496094,0.1894395649433136,6.5867156982421875,0.7232315540313721,1.1094547510147095,0.0942016988992691,0.09727100282907486,1.553835391998291,274.3861083984375,0.6963363885879517,0.7385526299476624,0.39194169640541077,0.2551518678665161,33.18507385253906,0.16011181473731995,12.992013931274414,1.0344738960266113,1.665433406829834,0.10939181596040726,0.11471909284591675,0.0,388.6412658691406,0.3903876543045044,0.3903876543045044,0.11014234274625778,0.11482978612184525,37.32569885253906,0.16523386538028717,18.50672721862793,1.6484007835388184,2.012462854385376
2016,1,40.02089124208526,76.64681914252319,7107.0576,1607.0,1.8543341159820557,180.0,35.671260833740234,25.51210594177246,1.3744820356369019,7.900000095367432,11.042313575744629,0.10620168596506119,0.10620168596506119,10.576292037963867,199.2754364013672,0.3226761519908905,0.3226761519908905,0.18292298913002014,0.08682191371917725,15.423924446105957,0.24261897802352905,8.985673904418945,0.917921781539917,1.1173582077026367,0.05722789093852043,0.07365504652261734,1129.5931396484375,173.8690948486328,0.2594560980796814,0.3478507697582245,0.09412668645381927,0.063944011926651,40.370574951171875,0.25542956590652466,-7.240333557128906,0.21739564836025238,0.6726640462875366,0.0705472007393837,0.08347407728433609,109.12715911865234,292.76129150390625,0.29959696531295776,0.29959696531295776,0.12029177695512772,0.08647610992193222,48.55245590209961,0.2501605153083801,4.9630842208862305,0.7568749785423279,1.0897023677825928,0.10281913727521896,0.1097179427742958,3.309549570083618,232.57550048828125,0.6136286854743958,0.6136286854743958,0.30391404032707214,0.2041935920715332,41.69813919067383,0.2639314830303192,10.917426109313965,1.0405681133270264,1.5511554479599,0.13279052078723907,0.14412197470664978,0.0,356.3409118652344,0.1840406060218811,0.19802288711071014,0.05254263058304787,0.05127972736954689,56.33317565917969,0.2580643594264984,16.96861457824707,1.7011793851852417,2.068352460861206
2016,1,39.08196954696854,76.38136885681155,7137.9707,1243.0,0.9274099469184875,180.0,20.988807678222656,31.150896072387695,1.3700000047683716,7.0225629806518555,11.600448608398438,0.10233811289072037,0.10233811289072037,1.5134400129318237,320.8655700683594,0.28986015915870667,0.28986015915870667,0.09112606942653656,0.07005089521408081,8.016777038574219,0.14701931178569794,15.207244873046875,1.2474881410598755,1.5029538869857788,0.0564061664044857,0.08148077875375748,445.2540283203125,231.88441467285156,0.31389087438583374,0.3651890158653259,0.09278123080730438,0.07735967636108398,23.21772003173828,0.15277156233787537,-1.6164363622665405,0.32247394323349,0.930844783782959,0.0677943006157875,0.08045600354671478,13.166749954223633,456.6591796875,0.5044929385185242,0.5044929385185242,0.31359419226646423,0.1608896404504776,21.879621505737305,0.13707128167152405,11.986282348632812,1.0683512687683105,1.5683376789093018,0.09764710813760757,0.10246456414461136,0.30724018812179565,371.52618408203125,0.7144483327865601,0.7144483327865601,0.43966060876846313,0.280879944562912,24.078407287597656,0.13499726355075836,17.677091598510742,1.4569247961044312,2.263993740081787,0.12516899406909943,0.13448525965213776,0.0,495.19232177734375,0.17272859811782837,0.1836370974779129,0.07873613387346268,0.050638649612665176,21.433115005493164,0.13657887279987335,23.580585479736328,2.3029186725616455,2.7623836994171143
2016,1,39.27600732930924,75.79144316474382,7160.044,1329.0,2.5678062438964844,291.1590270996094,30.42612648010254,25.428829193115234,1.3899999856948853,7.900000095367432,11.288727760314941,0.09524669498205185,0.09524669498205185,4.838023662567139,263.4123840332031,0.14163807034492493,0.14163807034492493,0.05592406913638115,0.037746984511613846,15.536986351013184,0.17413215339183807,12.313064575195312,1.0061907768249512,1.2773984670639038,0.054605837911367416,0.0739717110991478,656.877197265625,157.37905883789062,0.417444109916687,0.5384843349456787,0.20649302005767822,0.11574013531208038,39.584556579589844,0.18859729170799255,-3.7840769290924072,0.28001123666763306,0.802270770072937,0.07050590962171555,0.08601927012205124,42.09023666381836,363.3457946777344,0.5718199014663696,0.5718199014663696,0.35400789976119995,0.21985861659049988,34.59479522705078,0.17719125747680664,8.68258285522461,0.8369936943054199,1.2673890590667725,0.09974537044763565,0.10262235254049301,0.9821566939353943,313.2654113769531,0.5924320220947266,0.5924320220947266,0.35766512155532837,0.20534560084342957,29.406810760498047,0.15000492334365845,14.870631217956543,1.187499761581421,1.8833200931549072,0.11493955552577972,0.12093280255794525,0.0,432.1188659667969,0.2833310663700104,0.28564125299453735,0.014422077685594559,0.08355483412742615,28.738359451293945,0.1481267511844635,20.577089309692383,1.8992255926132202,2.2974326610565186
2016,1,39.57002261636924,76.13639922223841,7209.388,1291.0,1.5188394784927368,232.37327575683594,32.208553314208984,24.750591278076172,1.4041458368301392,7.7916035652160645,15.336448669433594,0.11694540083408356,0.11694540083408356,1.0230591297149658,335.0569763183594,0.16625185310840607,0.16625185310840607,0.07048363238573074,0.04685915261507034,7.508878231048584,0.16120822727680206,15.906376838684082,1.3521312475204468,1.6512445211410522,0.060269035398960114,0.07881008833646774,444.78546142578125,255.40487670898438,0.21559341251850128,0.27835386991500854,0.003392421407625079,0.052233874797821045,30.042800903320312,0.18485811352729797,-1.4347014427185059,0.3267427384853363,0.992611825466156,0.08453482389450073,0.10026054084300995,12.952092170715332,483.376953125,0.5603188276290894,0.5652725696563721,0.3182457983493805,0.1987156867980957,22.903335571289062,0.17330487072467804,12.71418571472168,1.129213809967041,1.6458083391189575,0.1147557720541954,0.11858063191175461,0.3036085069179535,388.35003662109375,0.751855194568634,0.7558640837669373,0.4652174115180969,0.29774975776672363,19.640596389770508,0.1594102680683136,18.47840118408203,1.5778813362121582,2.3821723461151123,0.13758373260498047,0.14755050837993622,0.0,518.5001220703125,0.18582656979560852,0.19910818338394165,0.08152732253074646,0.05449105054140091,15.239156723022461,0.14858075976371765,24.69048309326172,2.531245470046997,3.0152902603149414
2016,1,39.778614904548384,76.06174941150266,7215.5596,1460.0,6.065555572509766,127.54308319091797,35.60329818725586,23.337692260742188,1.4096262454986572,8.100000381469727,9.89577579498291,0.10595069825649261,0.10595069825649261,3.717618227005005,257.5557861328125,0.295881450176239,0.2980957627296448,0.1590285748243332,0.1096440851688385,13.133868217468262,0.2008146196603775,12.087532043457031,1.057511329650879,1.30787193775177,0.05425743758678436,0.07130049914121628,775.7391967773438,185.46435546875,0.12229231745004654,0.18776684999465942,-0.0323905311524868,0.03313974291086197,40.651947021484375,0.22022506594657898,-4.471778869628906,0.2654624581336975,0.7925395369529724,0.07170810550451279,0.08968178927898407,50.124839782714844,362.46435546875,0.21255193650722504,0.23901857435703278,0.09542021155357361,0.05623023957014084,40.07921600341797,0.21524254977703094,8.441608428955078,0.8688973784446716,1.2872198820114136,0.10614518821239471,0.11184092611074448,1.080348014831543,301.1051940917969,0.3643946349620819,0.3668461740016937,0.19529813528060913,0.14561745524406433,34.39174270629883,0.2090894728899002,14.286897659301758,1.2150845527648926,1.8541152477264404,0.1328269988298416,0.14265093207359314,0.0,426.9876403808594,0.1851440966129303,0.19833339750766754,0.07877585291862488,0.05235931649804115,36.583213806152344,0.1982065886259079,20.332744598388672,1.968969702720642,2.376315116882324
2016,1,39.14125775457516,75.76826921656907,7223.8564,1388.0,1.8543341159820557,180.0,37.26393127441406,22.32872772216797,1.3740564584732056,7.891721248626709,12.499327659606934,0.08896292001008987,0.08896292001008987,8.009634017944336,227.5449676513672,0.5185571312904358,0.5185571312904358,0.30694255232810974,0.17505164444446564,18.81905746459961,0.1925370991230011,10.454063415527344,0.8784983158111572,1.11976158618927,0.052660610526800156,0.07389222830533981,819.4642333984375,130.97872924804688,0.07703643292188644,0.12828205525875092,-0.0490184910595417,0.015371791087090969,41.11647033691406,0.19946731626987457,-5.215799331665039,0.2538566291332245,0.7135863900184631,0.06361910700798035,0.07836645841598511,69.68286895751953,310.68670654296875,0.15517884492874146,0.17270228266716003,0.010690543800592422,0.040433384478092194,38.91108703613281,0.18859978020191193,6.513616561889648,0.7292364835739136,1.1141431331634521,0.09312037378549576,0.09647197276353836,1.6260184049606323,272.8939514160156,0.3455451428890228,0.3455451428890228,0.12038813531398773,0.11641795188188553,33.10137176513672,0.16166359186172485,12.917520523071289,1.0384581089019775,1.667720079421997,0.10992562025785446,0.11559154838323593,0.0,386.7897033691406,0.15629807114601135,0.1638723462820053,0.07188815623521805,0.044904015958309174,38.34658432006836,0.16902104020118713,18.418556213378906,1.6500524282455444,2.0149669647216797
2016,1,37.961410829540746,76.84516887558256,7262.7646,1485.0,2.993356943130493,128.25303649902344,32.82656478881836,23.2728214263916,1.354557752609253,7.599999904632568,13.999345779418945,0.0682547315955162,0.0682547315955162,0.0,246.91311645507812,0.3231188654899597,0.3280140161514282,0.06899689882993698,0.06962502002716064,16.11013412475586,0.15591837465763092,11.757767677307129,0.8158267736434937,1.035923957824707,0.047017112374305725,0.07199050486087799,666.9959106445312,130.61814880371094,0.1927240937948227,0.22265124320983887,-0.022199122235178947,0.04287825897336006,23.824338912963867,0.1393795758485794,-4.063467979431152,0.27233120799064636,0.7224928140640259,0.04573392495512962,0.0543452687561512,5.290827751159668,317.9431457519531,0.17267726361751556,0.309690922498703,0.09212233871221542,0.06127072125673294,31.424835205078125,0.11508803814649582,8.45006275177002,0.7722568511962891,1.2110214233398438,0.0695740208029747,0.07367059588432312,0.0,300.73779296875,0.46510639786720276,0.4763830602169037,0.20736026763916016,0.15837101638317108,40.660972595214844,0.10747438669204712,14.320847511291504,1.051990270614624,1.806636929512024,0.09231230616569519,0.09754930436611176,0.0,407.4765319824219,0.5309239029884338,0.5309239029884338,0.22874434292316437,0.18652121722698212,35.0314826965332,0.12558291852474213,19.403644561767578,1.5400830507278442,1.955711007118225
2016,1,38.828915562185486,76.15122127414007,7266.2617,1357.0,1.5088695287704468,52.08073425292969,27.690969467163086,27.30370330810547,1.384464144706726,7.60622501373291,17.14845848083496,0.08184609562158585,0.08184609562158585,7.139028072357178,231.939208984375,0.12452268600463867,0.12452268600463867,0.04953513666987419,0.033000290393829346,16.715444564819336,0.17858652770519257,10.704771041870117,0.8737943768501282,1.076641321182251,0.050276052206754684,0.07721108198165894,778.3043212890625,137.40269470214844,0.12450927495956421,0.21949388086795807,-0.06561847031116486,0.030489614233374596,32.15739822387695,0.17136679589748383,-4.855315208435059,0.2599913477897644,0.7015441060066223,0.05100255832076073,0.06317496299743652,62.108699798583984,316.1128845214844,0.28376755118370056,0.28376755118370056,0.08998607844114304,0.09691450744867325,35.88248062133789,0.15736480057239532,6.864977836608887,0.7508556842803955,1.1407732963562012,0.08121790736913681,0.08624470978975296,1.4492785930633545,274.67523193359375,0.48012441396713257,0.48012441396713257,0.21367795765399933,0.17816509306430817,35.972007751464844,0.14943765103816986,13.010759353637695,1.024989128112793,1.6775881052017212,0.10634718835353851,0.11299947649240494,0.0,386.4521484375,0.15353743731975555,0.16077888011932373,0.0715407207608223,0.044030413031578064,42.103816986083984,0.16446998715400696,18.402482986450195,1.6014041900634766,1.9660086631774902
2016,1,41.69472184092146,81.16759402263928,7274.318,1586.0,2.649843692779541,110.47310638427734,29.42562484741211,18.598997116088867,1.3731192350387573,7.900843620300293,16.509126663208008,0.103482685983181,0.103482685983181,13.659125328063965,142.09780883789062,0.33567413687705994,0.4822935461997986,0.17638899385929108,0.10563907027244568,28.736162185668945,0.24699881672859192,6.1161274909973145,0.4480110704898834,0.608096182346344,0.03939883038401604,0.07653801143169403,1039.0184326171875,27.60131072998047,0.2061338871717453,0.2744574546813965,0.17179135978221893,0.055413868278265,44.56719970703125,0.22808167338371277,-7.6622514724731445,0.18612217903137207,0.4603849947452545,0.08059725165367126,0.09875491261482239,40.6090202331543,222.3870849609375,0.2918239235877991,0.2918239235877991,0.05022319406270981,0.07682634890079498,42.99217987060547,0.20133163034915924,4.9129204750061035,0.532396674156189,0.8132742643356323,0.1298251748085022,0.13742601871490479,4.891149044036865,195.31918334960938,0.5032423734664917,0.5032423734664917,0.27073654532432556,0.18263955414295197,54.4577751159668,0.2254277765750885,9.068001747131348,0.6370542049407959,1.0227893590927124,0.174234539270401,0.18614156544208527,0.2171742022037506,334.689208984375,0.49889376759529114,0.49889376759529114,0.28140339255332947,0.1685379296541214,45.721439361572266,0.1897994428873062,15.927240371704102,1.2229424715042114,1.6483441591262817
2016,1,41.84671475942921,82.11378851157419,7422.0874,1328.0,0.9274099469184875,180.0,30.479129791259766,18.888622283935547,1.4184231758117676,8.0,20.26627540588379,0.09276185184717178,0.09276185184717178,9.385191917419434,193.0198974609375,0.5237706899642944,0.6461666226387024,0.2504103183746338,0.16152457892894745,21.39110565185547,0.21851089596748352,8.74450969696045,0.6713959574699402,0.9222500920295715,0.04083743691444397,0.06793924421072006,912.3133544921875,76.86764526367188,0.24633358418941498,0.32011541724205017,0.005523676052689552,0.057263609021902084,38.18113708496094,0.22384542226791382,-6.329133987426758,0.20378653705120087,0.5209738612174988,0.0641588419675827,0.0795687735080719,29.20201873779297,325.37353515625,0.20081619918346405,0.20081619918346405,0.10798508673906326,0.07619570940732956,30.188032150268555,0.1930345892906189,8.00463581085205,0.7573385238647461,1.1527748107910156,0.1111859604716301,0.12099643051624298,2.907895803451538,253.93910217285156,0.5934100151062012,0.5934100151062012,0.3033354878425598,0.15909363329410553,33.643043518066406,0.2029106765985489,11.953866958618164,0.9468697905540466,1.3248623609542847,0.16195911169052124,0.17577829957008362,0.1664862036705017,404.2393798828125,0.5423080325126648,0.5423080325126648,0.28968241810798645,0.20486845076084137,37.611663818359375,0.1905839741230011,19.241567611694336,1.7100735902786255,2.3595967292785645
2016,1,39.68833148551927,76.87939247616777,7422.129,1187.0,0.9274099469184875,-0.0,27.154863357543945,26.783418655395508,1.3736116886138916,6.458255767822266,21.1392879486084,0.12517276406288147,0.12517276406288147,3.6172149181365967,333.5781555175781,0.574927568435669,0.574927568435669,0.3062170147895813,0.19888094067573547,5.592087268829346,0.15015718340873718,15.71242618560791,1.4395461082458496,1.727988839149475,0.06311891227960587,0.08307401835918427,568.6036376953125,299.0107421875,0.21066966652870178,0.3043880760669708,0.05686218664050102,0.0546448789536953,21.495481491088867,0.16699574887752533,-2.042370319366455,0.3219026029109955,1.0447741746902466,0.08642299473285675,0.09971597045660019,38.61721420288086,506.4403381347656,0.3638220727443695,0.37172165513038635,0.16920997202396393,0.11214625090360641,19.681055068969727,0.15660978853702545,12.643868446350098,1.2430932521820068,1.721093773841858,0.11676453799009323,0.12209906429052353,1.1135387420654297,384.06622314453125,0.5312304496765137,0.5312304496765137,0.30258405208587646,0.18445535004138947,17.630680084228516,0.1588945984840393,18.235841751098633,1.6937662363052368,2.476621389389038,0.14758463203907013,0.16039715707302094,0.0,518.2955932617188,0.27496910095214844,0.2903098165988922,0.11014395207166672,0.08397923409938812,19.57465934753418,0.153399258852005,24.680740356445312,2.719780445098877,3.2313780784606934
2016,1,41.179985510816934,79.7177128560103,7452.66,1229.0,0.9274099469184875,-0.0,32.2259407043457,20.893877029418945,1.4179339408874512,7.729504585266113,13.666864395141602,0.09025005251169205,0.09025005251169205,0.0,189.2123565673828,0.3626312017440796,0.3865053951740265,-0.03882257267832756,0.080873504281044,13.84882640838623,0.19151006639003754,9.010112762451172,0.6255682110786438,0.787351131439209,0.04733162000775337,0.07240286469459534,896.1795654296875,70.13477325439453,0.0942378044128418,0.2905348241329193,0.05428454279899597,0.032281797379255295,35.50078582763672,0.21371160447597504,-6.257915019989014,0.19775862991809845,0.5695096850395203,0.058995652943849564,0.07740399241447449,5.232710361480713,258.1861877441406,0.19291098415851593,0.1965266764163971,-0.002305244328454137,0.04295183718204498,34.3704833984375,0.17203982174396515,6.836580276489258,0.6261940002441406,0.9376733899116516,0.09843646734952927,0.10632671415805817,0.0,233.13961791992188,0.13595779240131378,0.14647400379180908,0.09883221238851547,0.04040439426898956,48.758811950683594,0.19995157420635223,11.101886749267578,0.7649363279342651,1.3193590641021729,0.13100041449069977,0.14151602983474731,0.0,380.293701171875,0.17829839885234833,0.18757419288158417,0.105057492852211,0.052370402961969376,29.825626373291016,0.14700478315353394,18.109224319458008,1.423208475112915,1.898016095161438
2016,1,39.19785266514548,76.09705211454279,7453.396,1280.0,1.5137829780578613,52.22553634643555,28.774805068969727,26.174785614013672,1.3899999856948853,7.699999809265137,14.328144073486328,0.10141782462596893,0.10141782462596893,3.712369918823242,294.059326171875,0.14794956147670746,0.14794956147670746,0.06328418105840683,0.040777821093797684,11.62093734741211,0.16496704518795013,13.826045036315918,1.1525732278823853,1.415739893913269,0.056275930255651474,0.0785636305809021,565.140380859375,204.18798828125,0.23288549482822418,0.34078148007392883,0.058660659939050674,0.050368085503578186,30.76388931274414,0.17543908953666687,-2.734487771987915,0.3016352653503418,0.8765379786491394,0.07089117169380188,0.08489596098661423,32.29718017578125,415.8532409667969,0.5242291688919067,0.5443843007087708,0.318254292011261,0.18252325057983398,27.31099510192871,0.16208259761333466,10.366379737854004,0.9722490906715393,1.4391433000564575,0.10042642056941986,0.1043437197804451,0.7536401748657227,343.9513244628906,0.7195621132850647,0.7195621132850647,0.4550255835056305,0.2905690371990204,25.386241912841797,0.1472736895084381,16.34274673461914,1.3518720865249634,2.102154493331909,0.12264459580183029,0.13075625896453857,0.0,465.653564453125,0.1696506291627884,0.17986050248146057,0.07719181478023529,0.04953509196639061,24.959285736083984,0.148441344499588,22.173978805541992,2.147456645965576,2.582151412963867
2016,1,41.22633786626751,79.47139211381794,7466.373,1290.0,0.9274099469184875,-0.0,26.00290298461914,22.17793083190918,1.3928183317184448,7.900000095367432,14.34803295135498,0.08294903486967087,0.08294903486967087,0.6392139792442322,179.25086975097656,0.29231423139572144,0.36615118384361267,0.10293915867805481,0.054663389921188354,13.815645217895508,0.18635208904743195,8.505316734313965,0.5935570597648621,0.7486826181411743,0.04591679945588112,0.06849665194749832,961.165771484375,57.75263214111328,0.12094666063785553,0.18120500445365906,0.03153735399246216,0.021377502009272575,36.0914192199707,0.21237069368362427,-6.844038963317871,0.18868029117584229,0.544098436832428,0.05223793908953667,0.07144483923912048,9.548556327819824,232.99533081054688,0.22766946256160736,0.2641166150569916,-0.006623306777328253,0.046769630163908005,35.67350769042969,0.17097625136375427,6.039102077484131,0.5761036276817322,0.873376190662384,0.0920044407248497,0.10038381814956665,0.2986433207988739,217.44677734375,0.31959858536720276,0.31959858536720276,0.17586468160152435,0.08385564386844635,50.107059478759766,0.1999715268611908,10.340387344360352,0.6937122344970703,1.2321959733963013,0.12007887661457062,0.12867675721645355,0.0,364.8376770019531,0.42959219217300415,0.42959219217300415,0.1884647011756897,0.11743047088384628,30.655118942260742,0.14121051132678986,17.37322235107422,1.3241947889328003,1.7488212585449219
2016,1,38.994923435304216,76.12481001860048,7471.5366,1298.0,2.558922290802002,291.23614501953125,28.58517837524414,25.52597999572754,1.399999976158142,7.439477443695068,13.904032707214355,0.09082671254873276,0.09082671254873276,5.779356479644775,258.8955383300781,0.42345717549324036,0.42345717549324036,0.15164349973201752,0.10998200625181198,14.528389930725098,0.17374080419540405,12.05315113067627,0.9982608556747437,1.2274785041809082,0.053025394678115845,0.07790198177099228,689.9765014648438,167.7465362548828,0.3551040589809418,0.4339688718318939,0.18856407701969147,0.07989875227212906,31.561532974243164,0.174370676279068,-3.956287384033203,0.2778540253639221,0.7786535024642944,0.060029286891222,0.07300730049610138,50.279720306396484,359.9278564453125,0.40833142399787903,0.429040789604187,0.24863754212856293,0.11872696131467819,32.0731201171875,0.16072408854961395,8.368868827819824,0.8492023944854736,1.2724038362503052,0.08994117379188538,0.09448232501745224,1.1732547283172607,304.6701965332031,0.5284396409988403,0.5284396409988403,0.32108423113822937,0.1621716171503067,31.13954734802246,0.14955568313598633,14.452235221862793,1.1709442138671875,1.8649380207061768,0.11386866122484207,0.12121856212615967,0.0,420.8169860839844,0.1609882265329361,0.16960550844669342,0.07416524738073349,0.04657707363367081,34.672183990478516,0.1587783247232437,20.038904190063477,1.844985008239746,2.240757942199707
2016,1,39.5541259211137,76.3943047089676,7510.4424,1232.0,1.5186221599578857,127.63304901123047,29.294179916381836,24.033126831054688,1.3764439821243286,6.570629596710205,16.451778411865234,0.12837977707386017,0.12837977707386017,1.0382159948349,370.1295166015625,0.2652331292629242,0.26788660883903503,0.13947635889053345,0.0989825502038002,3.670682907104492,0.15945367515087128,17.575777053833008,1.545026421546936,1.84521484375,0.06407476216554642,0.08465054631233215,369.7178039550781,316.7269287109375,0.26128607988357544,0.43923527002334595,0.11064230650663376,0.06875065714120865,21.478031158447266,0.18225301802158356,-0.40144607424736023,0.3501396179199219,1.0905685424804688,0.09064453840255737,0.10471852868795395,11.086688995361328,547.53564453125,0.21822507679462433,0.4090244174003601,0.16847705841064453,0.08359205722808838,14.028897285461426,0.16881367564201355,14.498620986938477,1.2968658208847046,1.85464346408844,0.1203216016292572,0.12472957372665405,0.3235149681568146,423.8945617675781,0.6750172972679138,0.6767942905426025,0.399159699678421,0.2693067193031311,12.374449729919434,0.16275864839553833,20.1700496673584,1.7995684146881104,2.6596012115478516,0.14896029233932495,0.16136103868484497,0.0,557.745849609375,0.19728681445121765,0.2129126936197281,0.08517072349786758,0.05870085954666138,9.83935546875,0.15587057173252106,26.559328079223633,2.8731796741485596,3.4044668674468994
2016,1,39.32559253302355,76.08977486162357,7525.47,1276.0,1.1988238096237183,270.0,29.440988540649414,27.62148094177246,1.3849209547042847,7.599999904632568,11.7361421585083,0.1082015112042427,0.1082015112042427,2.1808464527130127,318.39208984375,0.15606872737407684,0.15606872737407684,0.06805180013179779,0.043473970144987106,9.548202514648438,0.1578497439622879,15.05767822265625,1.2563916444778442,1.541817307472229,0.05835537239909172,0.07903534173965454,475.2967834472656,228.53884887695312,0.2742176651954651,0.4350789189338684,0.07095605134963989,0.06462548673152924,29.977121353149414,0.1746193915605545,-1.8693783283233643,0.3183129131793976,0.9428586363792419,0.077780582010746,0.09241903573274612,18.973108291625977,454.1542663574219,0.5832700729370117,0.6134838461875916,0.3722008466720581,0.21149179339408875,24.013086318969727,0.1613312065601349,11.761652946472168,1.0560302734375,1.5532275438308716,0.10708045959472656,0.11061417311429977,0.4427289366722107,371.09710693359375,0.7740345001220703,0.7740345001220703,0.4985116720199585,0.3096768856048584,21.65802574157715,0.1446770429611206,17.65020751953125,1.4733836650848389,2.263704776763916,0.1282951831817627,0.13691382110118866,0.0,496.5287780761719,0.17523793876171112,0.18647725880146027,0.07915181666612625,0.051443912088871,18.361148834228516,0.1403563916683197,23.64422607421875,2.3500828742980957,2.8110716342926025
2016,1,41.7928176049962,82.18008196693575,7548.309,1234.0,5.682497024536133,119.21250915527344,30.07756996154785,19.317880630493164,1.4144370555877686,8.100000381469727,19.368404388427734,0.09323149174451828,0.09323149174451828,6.788208961486816,212.03468322753906,0.3041819632053375,0.3573719263076782,0.028794873505830765,0.09144123643636703,18.876422882080078,0.20361879467964172,9.773641586303711,0.7355330586433411,1.0088393688201904,0.04282195121049881,0.06985894590616226,833.4664306640625,88.28064727783203,0.1698523759841919,0.25182944536209106,-0.0240153931081295,0.036607805639505386,34.918235778808594,0.2135753035545349,-5.6453471183776855,0.21310734748840332,0.5447168946266174,0.06478586792945862,0.07983152568340302,21.150657653808594,359.61602783203125,0.09616021066904068,0.12106399983167648,0.1365518420934677,0.030809462070465088,26.38272476196289,0.18041281402111053,9.147712707519531,0.8269466161727905,1.2503148317337036,0.10980461537837982,0.11900190263986588,2.0345654487609863,276.8396301269531,0.5055102705955505,0.5055102705955505,0.25334155559539795,0.20179809629917145,29.821300506591797,0.18870791792869568,13.085955619812012,1.0384451150894165,1.4386217594146729,0.1571107655763626,0.1703009158372879,0.11648529022932053,430.10870361328125,0.4324183464050293,0.4324183464050293,0.2806704342365265,0.1445268839597702,32.71635818481445,0.17746245861053467,20.475818634033203,1.8655550479888916,2.5659382343292236
2016,1,39.27977972880045,75.60468263532235,7550.6133,1380.0,0.9274099469184875,-0.0,30.71993637084961,26.182174682617188,1.4036016464233398,7.863984107971191,9.998505592346191,0.08896592259407043,0.08896592259407043,6.009969711303711,236.17303466796875,0.4462420642375946,0.4462420642375946,0.18638677895069122,0.109657421708107,18.66175651550293,0.18186809122562408,10.960145950317383,0.8790782690048218,1.147752285003662,0.05281969532370567,0.07092103362083435,742.7252197265625,119.61959838867188,0.307025283575058,0.43128514289855957,0.16317181289196014,0.06975183635950089,45.33469772338867,0.1966463178396225,-4.720497131347656,0.2610262334346771,0.733399510383606,0.06782075017690659,0.08405665308237076,52.28602600097656,317.63519287109375,0.5702754259109497,0.6702825427055359,0.35754653811454773,0.22095173597335815,40.26457214355469,0.18640586733818054,7.1715989112854,0.7239395976066589,1.1214898824691772,0.09695794433355331,0.09931771457195282,1.2200709581375122,285.0798645019531,0.7828499674797058,0.7919833660125732,0.4681370258331299,0.30590686202049255,33.240291595458984,0.15222206711769104,13.517132759094238,1.0430471897125244,1.6918691396713257,0.10809744149446487,0.11258069425821304,0.0,400.8876037597656,0.5400167107582092,0.5400167107582092,0.21237125992774963,0.15533378720283508,33.302223205566406,0.15022160112857819,19.089885711669922,1.6745158433914185,2.040938138961792
2016,1,36.86672381642505,79.42180691010363,7581.09,1841.0,3.5947787761688232,284.9319763183594,42.60113525390625,20.739442825317383,1.2734326124191284,7.900000095367432,15.488700866699219,0.03939586505293846,0.03939586505293846,0.0,310.6771240234375,0.6015796661376953,0.6246777176856995,0.28939804434776306,0.1997683197259903,7.052247047424316,0.0808006152510643,14.794149398803711,1.186389684677124,1.497979760169983,0.03789210319519043,0.05654379352927208,384.08038330078125,241.0408172607422,0.2042430341243744,0.2841566503047943,-0.049522534012794495,0.05715743824839592,16.715723037719727,0.06520665436983109,-1.0836329460144043,0.3877725601196289,1.0185608863830566,0.03690005838871002,0.042057283222675323,0.3200433850288391,480.4896240234375,0.2673802673816681,0.27372288703918457,0.05362473800778389,0.08020033687353134,14.317662239074707,0.055145543068647385,12.977556228637695,1.2159706354141235,1.7262852191925049,0.046339619904756546,0.047505974769592285,0.0,376.2760925292969,0.2525551915168762,0.26089757680892944,0.07998692244291306,0.08917222172021866,14.657716751098633,0.055350594222545624,17.91790771484375,1.5849661827087402,2.579641103744507,0.06055701896548271,0.06535589694976807,0.0,496.32525634765625,0.09227798879146576,0.09614654630422592,0.064979188144207,0.0278389360755682,12.65735912322998,0.052795808762311935,23.634536743164062,2.315185308456421,2.9205026626586914
2016,1,36.89663992539261,79.40536620451957,7581.09,1814.0,4.720181465148926,281.3060607910156,39.979209899902344,22.234886169433594,1.319493055343628,7.900000095367432,14.231941223144531,0.04024339094758034,0.04024339094758034,0.0,313.9454040527344,0.37425196170806885,0.39307624101638794,0.13112908601760864,0.1010718047618866,6.935719013214111,0.07977896928787231,14.94978141784668,1.2079579830169678,1.5218605995178223,0.03819636255502701,0.05615592002868652,382.8010559082031,247.123291015625,0.17413660883903503,0.2632043659687042,-0.01853496953845024,0.04087547957897186,16.358739852905273,0.06453774124383926,-1.0278617143630981,0.38977697491645813,1.034876823425293,0.037396423518657684,0.042763613164424896,0.36892643570899963,487.6824645996094,0.22859027981758118,0.2455984354019165,0.04899405688047409,0.06302031129598618,13.98631763458252,0.054435934871435165,13.170636177062988,1.2381621599197388,1.7517218589782715,0.04690857231616974,0.04810215160250664,0.0,380.0789489746094,0.25905126333236694,0.29083937406539917,0.10209262371063232,0.09083741903305054,14.321157455444336,0.05469227954745293,18.098997116088867,1.612400770187378,2.6161201000213623,0.06105004623532295,0.06578924506902695,0.0,500.72283935546875,0.09260538220405579,0.09634993225336075,0.06123983487486839,0.027972156181931496,12.615372657775879,0.052457477897405624,23.843944549560547,2.3581788539886475,2.9647481441497803
2016,1,38.022317690829766,76.89717983026996,7587.443,1436.0,2.529163360595703,291.49871826171875,33.07160568237305,21.766130447387695,1.3795363903045654,7.5,15.021544456481934,0.07119029760360718,0.07119029760360718,0.0,261.1436767578125,0.4106069803237915,0.4150295853614807,0.16823431849479675,0.11731714755296707,14.359344482421875,0.14926938712596893,12.435412406921387,0.8781747221946716,1.1054893732070923,0.04856305941939354,0.07261461764574051,610.3931274414062,150.98887634277344,0.2785830795764923,0.3548983037471771,0.02111821621656418,0.07200868427753448,22.5933895111084,0.13560247421264648,-3.4803354740142822,0.28500473499298096,0.7619572877883911,0.049575529992580414,0.058802153915166855,4.319732189178467,346.3868713378906,0.3083416521549225,0.42526519298553467,0.14662861824035645,0.10329409688711166,28.781097412109375,0.11264964938163757,9.245058059692383,0.8303402066230774,1.2845876216888428,0.07325443625450134,0.07725130766630173,0.0,314.9419250488281,0.6535900831222534,0.682486355304718,0.3537249267101288,0.22744733095169067,38.29296875,0.10818275064229965,14.997234344482422,1.1173909902572632,1.8892306089401245,0.09512638300657272,0.10047557950019836,0.0,424.43353271484375,0.5311892032623291,0.5311892032623291,0.15109045803546906,0.1895514279603958,31.708850860595703,0.12228178232908249,20.21112060546875,1.6576380729675293,2.0708611011505127
2016,1,39.14287640825756,75.9243065397323,7589.6543,1331.0,1.1957058906555176,270.0,35.70122146606445,20.910913467407227,1.3899999856948853,7.800000190734863,11.589383125305176,0.09347435086965561,0.09347435086965561,6.268791675567627,254.16415405273438,0.5099779367446899,0.5099779367446899,0.23013223707675934,0.15986143052577972,15.829730987548828,0.18082943558692932,11.80454158782959,0.9871430993080139,1.2344541549682617,0.05394882336258888,0.07598505169153214,716.6392822265625,160.59413146972656,0.17985640466213226,0.1868302971124649,0.008218695409595966,0.03344292566180229,36.4042854309082,0.1882118582725525,-4.21246337890625,0.27315133810043335,0.7774063348770142,0.06568694859743118,0.07996460795402527,54.537750244140625,352.7509460449219,0.5169063210487366,0.5421407222747803,0.276472270488739,0.157187357544899,34.099090576171875,0.1761549711227417,8.059815406799316,0.827220618724823,1.2448927164077759,0.09524961560964584,0.09893986582756042,1.2726138830184937,301.1203308105469,0.6592137217521667,0.6592137217521667,0.37949085235595703,0.2249211221933365,30.210405349731445,0.15528841316699982,14.278463363647461,1.1621567010879517,1.8407576084136963,0.11477959901094437,0.1214909628033638,0.0,417.9682312011719,0.1614605188369751,0.17006796598434448,0.07398881763219833,0.046700119972229004,33.31013107299805,0.16075736284255981,19.903247833251953,1.8445050716400146,2.237121343612671
2016,1,39.24986361983288,76.25281743254176,7598.235,1267.0,1.514479160308838,232.24595642089844,22.363117218017578,27.181800842285156,1.3918873071670532,7.300000190734863,14.034769058227539,0.1094350591301918,0.1094350591301918,1.8874863386154175,328.3930358886719,0.6914916634559631,0.6914916634559631,0.38457491993904114,0.2269493192434311,8.000150680541992,0.15412749350070953,15.547883033752441,1.3049370050430298,1.580571174621582,0.05862037464976311,0.08124635368585587,446.8270568847656,246.07684326171875,0.2551199197769165,0.3111174404621124,0.039194654673337936,0.05543793365359306,25.564990997314453,0.16715480387210846,-1.520835041999817,0.32562559843063354,0.9645235538482666,0.07603040337562561,0.08971962332725525,16.420907974243164,471.7745056152344,0.4526413679122925,0.513899028301239,0.2402699589729309,0.1582951545715332,21.08379364013672,0.15278372168540955,12.306854248046875,1.1044901609420776,1.6133501529693604,0.10554780811071396,0.10972102731466293,0.38317450881004333,380.47027587890625,0.7416942715644836,0.7416942715644836,0.43299978971481323,0.26561203598976135,20.633119583129883,0.143203467130661,18.09938621520996,1.526561975479126,2.3360891342163086,0.13063204288482666,0.14018891751766205,0.0,506.429931640625,0.17798201739788055,0.1898248940706253,0.08046048879623413,0.052420131862163544,18.0069637298584,0.14168566465377808,24.115711212158203,2.425415515899658,2.8984789848327637
2016,1,37.36313324119992,78.0522341534472,7602.1636,1805.0,1.4903006553649902,51.522212982177734,32.947471618652344,22.421815872192383,1.3600000143051147,7.690865993499756,13.292181015014648,0.057360630482435226,0.057360630482435226,3.4287872314453125,318.1495361328125,0.3363076150417328,0.3363076150417328,0.1789398342370987,0.1082850843667984,8.313470840454102,0.07444409281015396,14.986701965332031,1.2151094675064087,1.530356526374817,0.04489019140601158,0.053344689309597015,451.4471740722656,265.14544677734375,0.26268479228019714,0.3475998640060425,0.042076919227838516,0.06508105993270874,16.456436157226562,0.06623491644859314,-1.411376714706421,0.37114816904067993,1.0756065845489502,0.04751938581466675,0.05476483702659607,12.11756420135498,493.0414123535156,0.2864706218242645,0.3527582883834839,0.09242670983076096,0.08127859234809875,12.782201766967773,0.05097809061408043,12.997941970825195,1.2144968509674072,1.7227537631988525,0.06024901568889618,0.06299801170825958,0.2122947722673416,381.0724792480469,0.5359896421432495,0.5359896421432495,0.2590284049510956,0.15988028049468994,22.523555755615234,0.05529675632715225,18.136199951171875,1.5967631340026855,2.4718141555786133,0.07624255865812302,0.08026014268398285,0.0,504.0155944824219,0.5374706983566284,0.5374706983566284,0.24690349400043488,0.1502775102853775,13.211501121520996,0.053416553884744644,24.000741958618164,2.3871283531188965,2.948817729949951
2016,1,38.986031987803656,76.32827879966922,7630.5513,1254.0,1.1930512189865112,90.0,24.40465545654297,27.96985626220703,1.395527720451355,7.0592217445373535,12.293599128723145,0.0946972519159317,0.0946972519159317,2.6928157806396484,295.2567138671875,0.314482718706131,0.314482718706131,0.076712965965271,0.06471651047468185,10.42625904083252,0.15236039459705353,13.93161392211914,1.12771737575531,1.3670018911361694,0.054118622094392776,0.0799226462841034,526.6747436523438,200.02749633789062,0.3099062144756317,0.4144821763038635,0.06876328587532043,0.08492810279130936,25.68744659423828,0.15365763008594513,-2.4746005535125732,0.305219441652298,0.8605942726135254,0.06148524582386017,0.07394751906394958,23.42717933654785,414.34539794921875,0.3751291036605835,0.3751291036605835,0.21689268946647644,0.09978419542312622,26.199140548706055,0.13816207647323608,10.565357208251953,0.969186007976532,1.4378793239593506,0.09147738665342331,0.0963842123746872,0.5466626882553101,343.8368225097656,0.5227094292640686,0.5227094292640686,0.2458282709121704,0.17982035875320435,28.35104751586914,0.13543860614299774,16.347150802612305,1.3181780576705933,2.0843002796173096,0.1181717962026596,0.12650825083255768,0.0,463.84027099609375,0.16560035943984985,0.1751481592655182,0.07606837153434753,0.04818467050790787,27.40009880065918,0.14025941491127014,22.087631225585938,2.0774941444396973,2.507019519805908
2016,1,39.17817911129769,76.13451302249278,7644.5566,1276.0,0.9274099469184875,180.0,27.29024887084961,27.571861267089844,1.389069676399231,7.5,11.003482818603516,0.10145527869462967,0.10145527869462967,3.5867083072662354,296.26654052734375,0.14788173139095306,0.14788173139095306,0.0636274591088295,0.04085332527756691,11.26758861541748,0.16363441944122314,13.937134742736816,1.1616137027740479,1.4225162267684937,0.05626417696475983,0.07900270074605942,556.8590698242188,207.40823364257812,0.3722112476825714,0.4796130061149597,0.1588520109653473,0.09135653078556061,29.783872604370117,0.17319464683532715,-2.6473548412323,0.3033493459224701,0.8807539343833923,0.0703124850988388,0.08410216122865677,31.20393943786621,419.48681640625,0.6151658296585083,0.6390303373336792,0.388897567987442,0.2377784252166748,26.70684242248535,0.15956248342990875,10.494132041931152,0.9818592071533203,1.45138418674469,0.09989989548921585,0.10396074503660202,0.7281299233436584,346.05108642578125,0.7506027221679688,0.7506027221679688,0.4819278120994568,0.3071708381175995,25.274927139282227,0.1464410275220871,16.443950653076172,1.3616389036178589,2.116638422012329,0.12294470518827438,0.13123291730880737,0.0,467.83917236328125,0.17003639042377472,0.18033744394779205,0.07739820331335068,0.04967483505606651,24.87841796875,0.14813055098056793,22.27805519104004,2.160898208618164,2.5978968143463135
2016,1,41.786079903304454,82.1949040188374,7648.12,1218.0,2.653151273727417,249.55360412597656,28.885501861572266,20.328676223754883,1.3967058658599854,8.0,18.6612548828125,0.09322405606508255,0.09322405606508255,6.383388996124268,215.04298400878906,0.3239192068576813,0.34967732429504395,0.1355101764202118,0.09597159177064896,18.437557220458984,0.20132488012313843,9.936171531677246,0.7464292645454407,1.023592233657837,0.04311833158135414,0.07006273418664932,821.662109375,90.26614379882812,0.31241118907928467,0.43153324723243713,0.13518835604190826,0.07029255479574203,34.421539306640625,0.212208092212677,-5.5408782958984375,0.2145233303308487,0.5484996438026428,0.06476090103387833,0.07973260432481766,19.896759033203125,365.0497131347656,0.09592333436012268,0.12056417018175125,0.13297751545906067,0.030684832483530045,25.760374069213867,0.1786687672138214,9.328457832336426,0.8383867144584656,1.2664201259613037,0.10948571562767029,0.11861462146043777,1.895713210105896,280.4397888183594,0.157877579331398,0.1726723164319992,0.14313365519046783,0.050003908574581146,29.129512786865234,0.1866215169429779,13.26400375366211,1.0537383556365967,1.4568086862564087,0.1563272327184677,0.1694374531507492,0.10853555798530579,434.1805725097656,0.46433115005493164,0.46433115005493164,0.24056725203990936,0.15195821225643158,31.963550567626953,0.17571334540843964,20.67009735107422,1.8908644914627075,2.599966049194336
2016,1,39.70989123911268,77.24860158429203,7648.9907,1171.0,1.2054656744003296,270.0,23.81035804748535,29.213232040405273,1.380731463432312,7.141732692718506,13.223355293273926,0.12394385784864426,0.12394385784864426,3.672389268875122,328.935302734375,0.1350780576467514,0.1350780576467514,0.01366710476577282,0.035598352551460266,5.5361199378967285,0.11943976581096649,15.488709449768066,1.4313243627548218,1.7335904836654663,0.06273730099201202,0.08246388286352158,597.3779907226562,297.754150390625,0.19117391109466553,0.41162025928497314,0.0646013468503952,0.04849982261657715,18.707529067993164,0.1330254226922989,-2.2698774337768555,0.3200024962425232,1.07322096824646,0.08539459854364395,0.09866386651992798,41.62513732910156,508.827880859375,0.31471216678619385,0.5358860492706299,0.21986232697963715,0.12644124031066895,18.817434310913086,0.12428231537342072,12.627100944519043,1.2718225717544556,1.714892864227295,0.1158611923456192,0.12129704654216766,1.0962048768997192,381.5097961425781,0.7879765629768372,0.7879765629768372,0.5142370462417603,0.33612412214279175,17.218246459960938,0.1266319304704666,18.114933013916016,1.7095322608947754,2.4872994422912598,0.1466263085603714,0.15934288501739502,0.0,517.4351806640625,0.21962924301624298,0.221021831035614,0.05306652933359146,0.07185358554124832,17.82935333251953,0.12104003131389618,24.6397705078125,2.754734516143799,3.272138833999634
2016,1,39.68725684216539,76.76809331387375,7657.4775,1200.0,1.2050777673721313,90.0,35.52720642089844,21.757102966308594,1.3532558679580688,6.588929176330566,15.234519004821777,0.12521883845329285,0.12521883845329285,3.6984150409698486,332.6919860839844,0.5554030537605286,0.5554030537605286,0.32353881001472473,0.21563474833965302,5.744917392730713,0.16081014275550842,15.666360855102539,1.4331916570663452,1.7160409688949585,0.06313321739435196,0.08309689909219742,569.099609375,297.2364196777344,0.2892955541610718,0.3678128719329834,0.06856241822242737,0.08092670887708664,22.555082321166992,0.17854730784893036,-2.059569835662842,0.32074055075645447,1.0298970937728882,0.08646155893802643,0.0997554287314415,38.832664489746094,502.0352478027344,0.4400329887866974,0.49588543176651,0.23880232870578766,0.13719883561134338,20.34840965270996,0.16776929795742035,12.518988609313965,1.2261240482330322,1.7123253345489502,0.11679840832948685,0.12212913483381271,1.1477782726287842,382.3099365234375,0.704055666923523,0.704055666923523,0.4387947916984558,0.2584783732891083,18.08726692199707,0.17011700570583344,18.150577545166016,1.6779857873916626,2.4579689502716064,0.1476205736398697,0.1604366898536682,0.0,515.8466186523438,0.19688552618026733,0.21273615956306458,0.0768405944108963,0.05778568610548973,20.521461486816406,0.16464489698410034,24.564123153686523,2.6921238899230957,3.1994035243988037
2016,1,42.320757333319996,86.13141180612259,7687.217,1120.0,0.9274099469184875,-0.0,27.858177185058594,17.761539459228516,1.3668601512908936,8.03870677947998,17.8553524017334,0.09442531317472458,0.09442531317472458,5.456484794616699,143.12469482421875,0.4912354052066803,0.555880606174469,0.2075023502111435,0.12144681066274643,20.262617111206055,0.24799564480781555,6.555628776550293,0.5399978160858154,0.7420464754104614,0.03616918995976448,0.05636148899793625,1104.9853515625,36.7448616027832,0.17703786492347717,0.2661290466785431,0.2652829587459564,0.04651171714067459,35.353797912597656,0.2801297605037689,-8.092730522155762,0.16801413893699646,0.4361801743507385,0.06929123401641846,0.08496718108654022,11.500155448913574,216.50291442871094,0.2940870225429535,0.46224114298820496,0.02608882077038288,0.07691632211208344,32.08052444458008,0.2349725216627121,5.540615081787109,0.5623525977134705,0.9019078612327576,0.11641130596399307,0.13186664879322052,0.5560691356658936,203.23707580566406,0.4003843069076538,0.4003843069076538,0.033136628568172455,0.1300235390663147,25.6127986907959,0.21721357107162476,9.651476860046387,0.8015519380569458,1.2087715864181519,0.1880715787410736,0.1968662589788437,0.0,354.7263488769531,0.26742789149284363,0.28204214572906494,0.12107829004526138,0.07558110356330872,45.815834045410156,0.21945685148239136,16.89173126220703,1.2673313617706299,1.7733584642410278
2016,1,39.47705035940489,76.16388512113184,7696.7744,1266.0,1.5175684690475464,127.66374206542969,28.820205688476562,22.573633193969727,1.3991858959197998,7.699999809265137,13.716442108154297,0.119711734354496,0.119711734354496,0.2339630126953125,357.9719543457031,0.4838082790374756,0.4838082790374756,0.2626827657222748,0.163388192653656,5.848219394683838,0.14878100156784058,17.03514289855957,1.4383058547973633,1.7497564554214478,0.0618092343211174,0.08123406767845154,345.5478515625,276.2027282714844,0.15503975749015808,0.19336052238941193,0.0054861679673194885,0.03532722592353821,26.40648651123047,0.17268891632556915,-0.525341808795929,0.3451211750507355,1.0508302450180054,0.08749433606863022,0.1025075688958168,2.0354506969451904,519.0030517578125,0.31947508454322815,0.38770660758018494,0.14591360092163086,0.1030251756310463,17.50754737854004,0.15909214317798615,13.97209644317627,1.2065798044204712,1.7522881031036377,0.11656613647937775,0.119915671646595,0.04749632254242897,414.05718994140625,0.5706374645233154,0.5706374645233154,0.2695687413215637,0.2328922301530838,15.216718673706055,0.14316272735595703,19.71474838256836,1.6842913627624512,2.5385334491729736,0.1387443244457245,0.14877986907958984,0.0,545.1610107421875,0.1858552247285843,0.19911521673202515,0.08310402184724808,0.05509664863348007,8.986080169677734,0.13335426151752472,25.96004867553711,2.693605899810791,3.200178384780884
2016,1,38.94695242617125,76.18409822620713,7757.365,1289.0,1.192396640777588,90.0,28.111713409423828,25.735837936401367,1.3784362077713013,7.5569047927856445,14.391441345214844,0.08929229527711868,0.08929229527711868,5.328697681427002,260.91790771484375,0.39147448539733887,0.39147448539733887,0.14347213506698608,0.07373135536909103,14.066702842712402,0.16935493052005768,12.170914649963379,0.9970017075538635,1.2216901779174805,0.05253329500555992,0.07820385694503784,671.1358642578125,167.49571228027344,0.30141061544418335,0.4183812141418457,0.08610198646783829,0.06395962834358215,30.23053741455078,0.16801854968070984,-3.815455675125122,0.2800739109516144,0.7785590291023254,0.05789363756775856,0.07052367925643921,46.35904312133789,361.8968811035156,0.4537460207939148,0.4537460207939148,0.25649091601371765,0.13806991279125214,31.62323760986328,0.15379033982753754,8.52804946899414,0.85280841588974,1.2786872386932373,0.08790881186723709,0.09267307817935944,1.0817674398422241,306.60943603515625,0.5045715570449829,0.5045715570449829,0.2933875620365143,0.1702607125043869,31.78066062927246,0.1456877887248993,14.54893684387207,1.168306827545166,1.8697776794433594,0.11284226179122925,0.12024013698101044,0.0,422.55242919921875,0.16005663573741913,0.16852112114429474,0.07390498369932175,0.046266261488199234,34.80971145629883,0.15529340505599976,20.121545791625977,1.8372952938079834,2.233120918273926
2016,1,39.25660132152465,76.15957317041315,7764.317,1270.0,1.5145691633224487,232.24859619140625,25.718870162963867,30.238351821899414,1.4010847806930542,7.183576583862305,10.654024124145508,0.10673551261425018,0.10673551261425018,2.529184103012085,315.2826843261719,0.21940402686595917,0.21940402686595917,0.10590402036905289,0.05339973419904709,9.525457382202148,0.15853290259838104,14.893023490905762,1.245918869972229,1.5206304788589478,0.057858504354953766,0.07982556521892548,490.7140808105469,228.69866943359375,0.40396255254745483,0.5088939070701599,0.1748826652765274,0.10780028253793716,28.37546730041504,0.17187801003456116,-1.9849653244018555,0.31635183095932007,0.9321703314781189,0.0750311091542244,0.08908577263355255,22.003602981567383,450.0951843261719,0.590295135974884,0.590295135974884,0.37853649258613586,0.2199612408876419,23.770061492919922,0.1581258326768875,11.570042610168457,1.051391839981079,1.544374942779541,0.10449113696813583,0.10840549319982529,0.513444185256958,366.8785705566406,0.7480546236038208,0.7480546236038208,0.4888100028038025,0.29924145340919495,22.32208824157715,0.14494451880455017,17.44595718383789,1.4596116542816162,2.245863199234009,0.12762370705604553,0.1364879608154297,0.0,491.4213562011719,0.17475593090057373,0.18594756722450256,0.07912800461053848,0.051295507699251175,20.18714141845703,0.1434527337551117,23.401016235351562,2.3215367794036865,2.779768466949463
2016,1,37.33834063934275,78.56427272741439,7764.95,1579.0,3.014336585998535,22.74601173400879,36.143409729003906,20.72014045715332,1.3021184206008911,7.599999904632568,15.492673873901367,0.0534173958003521,0.0534173958003521,0.0,358.05523681640625,0.2128174751996994,0.2128174751996994,0.06051316484808922,0.06445206701755524,5.380597114562988,0.04877396672964096,17.050249099731445,1.4739906787872314,1.8007278442382812,0.04291990026831627,0.05079953745007515,359.0572509765625,335.7406921386719,0.29456427693367004,0.5294157862663269,0.061150792986154556,0.0883052796125412,12.30034351348877,0.04094082489609718,-0.17664054036140442,0.4160860776901245,1.27214777469635,0.045183829963207245,0.05368517339229584,0.9756522178649902,575.7124633789062,0.4237855076789856,0.5259477496147156,0.19929473102092743,0.12273284047842026,9.078597068786621,0.02968776226043701,15.533428192138672,1.4801342487335205,2.0501816272735596,0.055829279124736786,0.05743822827935219,0.0,429.54315185546875,0.03734077885746956,0.03734077885746956,0.020735260099172592,0.024957960471510887,10.860931396484375,0.031799789518117905,20.454435348510742,1.9342658519744873,2.920866012573242,0.06899317353963852,0.0728226974606514,0.0,557.7186279296875,0.09830963611602783,0.10019813477993011,0.003909850027412176,0.030174558982253075,10.645251274108887,0.032568130642175674,26.558029174804688,2.8818023204803467,3.4923055171966553
2016,1,39.10972745102624,75.99653059949496,7804.022,1325.0,1.1951450109481812,270.0,33.20018005371094,25.801570892333984,1.393110990524292,7.599999904632568,11.635126113891602,0.09384508430957794,0.09384508430957794,5.991571426391602,259.2729187011719,0.44013524055480957,0.44013524055480957,0.21803580224514008,0.12357344478368759,15.076285362243652,0.1781531721353531,12.061016082763672,1.0087151527404785,1.252393364906311,0.05401672050356865,0.07687032222747803,698.1273193359375,167.87303161621094,0.295452356338501,0.33784371614456177,0.0990249291062355,0.05858879163861275,34.4723014831543,0.18399709463119507,-4.017077922821045,0.2770141661167145,0.7879987955093384,0.06484900414943695,0.07873080670833588,52.1259651184082,361.1800537109375,0.5446348190307617,0.5744894742965698,0.33238962292671204,0.16585971415042877,32.80012512207031,0.1714170277118683,8.352812767028809,0.849053680896759,1.272841215133667,0.09450408816337585,0.09846021234989166,1.2163360118865967,306.1043701171875,0.738400936126709,0.738400936126709,0.46195295453071594,0.25242942571640015,29.834348678588867,0.15373513102531433,14.518478393554688,1.1858234405517578,1.8747974634170532,0.11561794579029083,0.12269917130470276,0.0,423.2532043457031,0.16246473789215088,0.1712968349456787,0.0744810476899147,0.047058869153261185,32.933258056640625,0.16006609797477722,20.15491485595703,1.8784019947052002,2.2764904499053955
2016,1,38.94937817714433,76.00623360338726,7843.752,1404.0,3.0244743824005127,23.200639724731445,31.67400360107422,25.12619972229004,1.3903809785842896,7.563752174377441,13.170323371887207,0.08590154349803925,0.08590154349803925,8.291275978088379,227.2571563720703,0.4764503538608551,0.4764503538608551,0.202461838722229,0.11872713267803192,17.82743263244629,0.18975988030433655,10.426946640014648,0.8797999620437622,1.0938869714736938,0.051569465547800064,0.07654859125614166,825.5700073242188,139.03114318847656,0.18388035893440247,0.24412024021148682,0.03317159414291382,0.04018879681825638,35.370460510253906,0.18744462728500366,-5.201052188873291,0.25464344024658203,0.7030286192893982,0.05645577609539032,0.0694800615310669,72.13312530517578,311.9969787597656,0.33062705397605896,0.33529043197631836,0.1424107700586319,0.0950082466006279,36.8874626159668,0.17489312589168549,6.48280668258667,0.7442125082015991,1.1278438568115234,0.08641472458839417,0.09089699387550354,1.6831939220428467,270.1771545410156,0.46696701645851135,0.46696701645851135,0.1934787631034851,0.1415507048368454,34.24899673461914,0.1593932807445526,12.78542709350586,1.0348396301269531,1.6691159009933472,0.10914333164691925,0.11572270840406418,0.0,382.5150146484375,0.15610966086387634,0.16378147900104523,0.07228925824165344,0.04489195719361305,41.7218017578125,0.17357970774173737,18.21500015258789,1.6256457567214966,1.9907952547073364
2016,1,39.60721597825604,75.80761632426467,7847.249,1635.0,3.72351336479187,104.4029312133789,31.798561096191406,27.16656494140625,1.3907394409179688,7.900000095367432,15.500324249267578,0.10240597277879715,0.10240597277879715,0.9560832977294922,286.90557861328125,0.5107526779174805,0.6232537031173706,0.2633451223373413,0.15547609329223633,12.525260925292969,0.16641056537628174,13.616642951965332,1.0980924367904663,1.391311526298523,0.05476867035031319,0.07085883617401123,560.7520141601562,176.4971160888672,0.24998871982097626,0.35499903559684753,0.17381854355335236,0.06610626727342606,41.209617614746094,0.19063103199005127,-2.9110219478607178,0.29362085461616516,0.8587402105331421,0.07556651532649994,0.09390053153038025,17.293052673339844,396.48431396484375,0.4261006712913513,0.442929208278656,0.21977660059928894,0.12866413593292236,35.003265380859375,0.1824241578578949,10.248412132263184,0.9076015949249268,1.3671352863311768,0.1073344424366951,0.1107807531952858,0.2448693960905075,338.7624206542969,0.6435355544090271,0.6481024026870728,0.2984541356563568,0.22059257328510284,29.645601272583008,0.15978138148784637,16.119882583618164,1.283092737197876,2.0060768127441406,0.12429492175579071,0.13146571815013885,0.0,464.2874450683594,0.650489866733551,0.650489866733551,0.33875468373298645,0.21378016471862793,23.325223922729492,0.1442587673664093,22.10892677307129,2.076246976852417,2.4977524280548096
2016,1,39.47785745669556,75.81839397151084,7858.1226,1347.0,2.209073066711426,327.065673828125,33.07903289794922,24.0755672454834,1.4199999570846558,8.0,12.231146812438965,0.10482408106327057,0.10482408106327057,0.457556813955307,314.61016845703125,0.4445066452026367,0.571723222732544,0.17704202234745026,0.08529254049062729,10.891519546508789,0.14914540946483612,14.959648132324219,1.1925427913665771,1.5070310831069946,0.05756616219878197,0.07417710870504379,429.648681640625,196.57186889648438,0.22741302847862244,0.30293744802474976,0.051581382751464844,0.05116129294037819,37.47397232055664,0.1746736317873001,-1.7657333612442017,0.3170885443687439,0.9303518533706665,0.08088336139917374,0.09752202033996582,3.9806904792785645,439.1202087402344,0.4780448079109192,0.5523288249969482,0.25069308280944824,0.1516680270433426,28.351465225219727,0.16260676085948944,11.760527610778809,0.9933031797409058,1.4885001182556152,0.10973409563302994,0.11191580444574356,0.09288761764764786,370.84136962890625,0.5990047454833984,0.6005975604057312,0.330412894487381,0.20840834081172943,23.839475631713867,0.13463303446769714,17.65468978881836,1.4051023721694946,2.194697618484497,0.1226334273815155,0.1291590929031372,0.0,496.86285400390625,0.41495317220687866,0.4151240289211273,0.13219961524009705,0.12995384633541107,14.995223045349121,0.11973777413368225,23.660137176513672,2.262948751449585,2.7095582485198975
2016,1,38.93940762718882,76.2654857386346,7869.5474,1275.0,3.0185599327087402,127.87615966796875,28.217693328857422,24.36766815185547,1.3853790760040283,7.644595623016357,11.97433853149414,0.09042801707983017,0.09042801707983017,4.010372638702393,275.21209716796875,0.36061668395996094,0.36061668395996094,0.09877336770296097,0.0784572958946228,12.43893051147461,0.1600930392742157,12.91436767578125,1.0450317859649658,1.273627758026123,0.0528484508395195,0.07890250533819199,603.513671875,179.03945922851562,0.1559923142194748,0.1899835765361786,-0.030909625813364983,0.03087642975151539,27.93759536743164,0.1589156687259674,-3.2157137393951416,0.2909976541996002,0.8098540306091309,0.05817146599292755,0.07059722393751144,34.889766693115234,382.8465270996094,0.2548353672027588,0.2548353672027588,0.046150755137205124,0.09798147529363632,29.395822525024414,0.14390599727630615,9.404236793518066,0.8980538249015808,1.3419173955917358,0.08822313696146011,0.09312999248504639,0.8141370415687561,322.07061767578125,0.6289396286010742,0.6289396286010742,0.3562677502632141,0.20937547087669373,30.874910354614258,0.13928484916687012,15.297927856445312,1.2228434085845947,1.9534577131271362,0.11417006701231003,0.12189950793981552,0.0,439.4845886230469,0.16149593889713287,0.1702541708946228,0.07451078295707703,0.04676927253603935,31.930925369262695,0.14696374535560608,20.927837371826172,1.9233794212341309,2.3318562507629395
2016,1,38.94560577765311,76.20781172560933,7889.5684,1288.0,0.9274099469184875,-0.0,27.95650291442871,24.637311935424805,1.3899999856948853,7.400000095367432,12.2611722946167,0.08967998623847961,0.08967998623847961,4.940828323364258,265.2247314453125,0.5232511758804321,0.5232511758804321,0.23071745038032532,0.1382877379655838,13.580582618713379,0.16665475070476532,12.394472122192383,1.0117409229278564,1.237687587738037,0.052642278373241425,0.07841603457927704,651.0762329101562,171.06045532226562,0.39767926931381226,0.46010980010032654,0.14340774714946747,0.10882340371608734,29.554367065429688,0.1654021143913269,-3.6364834308624268,0.2833465039730072,0.7881039381027222,0.058025650680065155,0.07059913873672485,42.984622955322266,368.24658203125,0.4479193389415741,0.4479193389415741,0.2750454545021057,0.14692158997058868,30.950088500976562,0.1509484499692917,8.790863037109375,0.8665804862976074,1.2978709936141968,0.08805006742477417,0.09285422414541245,1.0030268430709839,311.26849365234375,0.7236163020133972,0.7236163020133972,0.43054816126823425,0.2635791301727295,31.486339569091797,0.14384709298610687,14.774545669555664,1.1850661039352417,1.8952265977859497,0.1132793128490448,0.12077990174293518,0.0,427.6632995605469,0.1605265587568283,0.16908617317676544,0.07409998774528503,0.046430181711912155,33.93494415283203,0.15287193655967712,20.364919662475586,1.8638057708740234,2.263500928878784
2016,1,39.29514133192958,75.67556004656687,7911.8467,1348.0,3.8927392959594727,17.902652740478516,32.85041046142578,24.829500198364258,1.3928234577178955,7.974526405334473,10.427143096923828,0.09197072684764862,0.09197072684764862,5.147990703582764,250.70945739746094,0.24462106823921204,0.24534407258033752,0.07700787484645844,0.06525149941444397,17.099552154541016,0.1764717400074005,11.693403244018555,0.9410790205001831,1.2145707607269287,0.053693778812885284,0.07201284915208817,689.6618041992188,136.4633026123047,0.16333477199077606,0.27377966046333313,0.04520157724618912,0.036051083356142044,43.058982849121094,0.19209793210029602,-4.190897464752197,0.2713463306427002,0.7696836590766907,0.0696248784661293,0.08569926023483276,44.78691482543945,340.9446105957031,0.4992339015007019,0.5556697249412537,0.3109918236732483,0.1541309654712677,37.66891098022461,0.18135328590869904,8.00426197052002,0.778464674949646,1.1938585042953491,0.09876596927642822,0.10125046968460083,1.045082449913025,300.5614929199219,0.7491503357887268,0.7514264583587646,0.44695165753364563,0.26411157846450806,31.414491653442383,0.14970363676548004,14.262686729431152,1.113998532295227,1.7886906862258911,0.1111442819237709,0.11620356887578964,0.0,418.108154296875,0.38493210077285767,0.3857842981815338,0.10780224949121475,0.09305353462696075,30.391908645629883,0.14649611711502075,19.909912109375,1.787124514579773,2.16925048828125
2016,1,39.29945328264825,76.03695235054444,7914.153,1286.0,6.464860916137695,180.0,26.994245529174805,28.198814392089844,1.3899999856948853,7.599999904632568,10.54610824584961,0.10490056872367859,0.10490056872367859,2.8308053016662598,305.3458251953125,0.15231706202030182,0.15231706202030182,0.06517167389392853,0.042054884135723114,10.892489433288574,0.16149351000785828,14.405476570129395,1.1971991062164307,1.4772182703018188,0.05738457664847374,0.07803437858819962,518.7499389648438,212.27789306640625,0.27647024393081665,0.3058329224586487,0.117853082716465,0.0663851872086525,31.822328567504883,0.1770232617855072,-2.3217577934265137,0.3092992603778839,0.9087560176849365,0.07551822066307068,0.09023471921682358,24.62767219543457,432.7372741699219,0.5192617177963257,0.5537660717964172,0.35116732120513916,0.15352773666381836,26.368642807006836,0.16405433416366577,11.029989242553711,1.0052517652511597,1.4865286350250244,0.10483814030885696,0.10830105096101761,0.5746756196022034,357.1934509277344,0.7467422485351562,0.7467422485351562,0.47449028491973877,0.2951450049877167,23.580944061279297,0.14576371014118195,16.98184585571289,1.4053658246994019,2.173680543899536,0.12507033348083496,0.13313516974449158,0.0,480.9496154785156,0.17189188301563263,0.1824791431427002,0.07785242795944214,0.05028672143816948,21.072492599487305,0.1425325870513916,22.902362823486328,2.2414116859436035,2.6875414848327637
2016,1,39.10433639785262,76.4061614586687,7919.3066,1239.0,2.205605983734131,32.79487609863281,22.94292449951172,29.11261558532715,1.415902853012085,6.500154972076416,12.39711856842041,0.10449744760990143,0.10449744760990143,1.1341458559036255,328.752197265625,0.5864830017089844,0.5864830017089844,0.30645933747291565,0.199489563703537,7.236481666564941,0.14507222175598145,15.600860595703125,1.2837761640548706,1.5432956218719482,0.05704691261053085,0.08202850818634033,419.53289794921875,241.70570373535156,0.306246280670166,0.36893728375434875,0.05279961973428726,0.06916923075914383,22.264822006225586,0.1518591344356537,-1.3471758365631104,0.32786092162132263,0.9519271850585938,0.06942550092935562,0.08208977431058884,9.866935729980469,469.6446838378906,0.20877504348754883,0.26086485385894775,0.06801033765077591,0.058487214148044586,20.49857521057129,0.13602538406848907,12.42642593383789,1.0989757776260376,1.6085922718048096,0.09925208240747452,0.10408012568950653,0.23024049401283264,379.9871826171875,0.22929976880550385,0.22929976880550385,0.1261107623577118,0.06953249871730804,22.84569549560547,0.13457909226417542,18.083663940429688,1.4987808465957642,2.3188352584838867,0.12721259891986847,0.13684850931167603,0.0,504.7189025878906,0.1748303771018982,0.18614447116851807,0.07953817397356033,0.05136394128203392,19.703109741210938,0.13534682989120483,24.03423309326172,2.3703207969665527,2.8388772010803223
2016,1,39.338260839116394,76.13289436881038,7924.1084,1265.0,0.9274099469184875,-0.0,34.80876541137695,22.945850372314453,1.3984898328781128,7.293810844421387,13.315990447998047,0.11049427837133408,0.11049427837133408,1.8098355531692505,327.1019592285156,0.6133549213409424,0.6133549213409424,0.33499932289123535,0.22573918104171753,8.621851921081543,0.15575020015239716,15.49010181427002,1.297456979751587,1.5855481624603271,0.059023406356573105,0.07984819263219833,448.21197509765625,240.27882385253906,0.1585463583469391,0.244116872549057,0.09783889353275299,0.04117413982748985,28.5296630859375,0.17306989431381226,-1.5752512216567993,0.3242815136909485,0.9657408595085144,0.07918579876422882,0.09371113777160645,15.745356559753418,468.741455078125,0.5090911984443665,0.5320305824279785,0.3070438504219055,0.18076908588409424,22.324583053588867,0.1595357209444046,12.24313735961914,1.0914841890335083,1.599225640296936,0.10848616808652878,0.11210829764604568,0.367410808801651,380.2604675292969,0.7433390617370605,0.7433390617370605,0.47138291597366333,0.3027803599834442,20.317066192626953,0.14430297911167145,18.090145111083984,1.5204166173934937,2.325225591659546,0.13060754537582397,0.139657661318779,0.0,506.7791442871094,0.17765766382217407,0.1893729269504547,0.08010704815387726,0.05228248983621597,16.67995834350586,0.13959850370883942,24.132341384887695,2.4245476722717285,2.8957905769348145
2016,1,39.516397467100504,76.39026030431212,7936.914,1234.0,3.672477960586548,220.83309936523438,30.14671516418457,26.171287536621094,1.3869379758834839,6.95304536819458,12.159871101379395,0.13018089532852173,0.13018089532852173,0.31511548161506653,383.94964599609375,0.4709559679031372,0.4778607487678528,0.23547334969043732,0.16860172152519226,2.682771921157837,0.15190641582012177,18.268310546875,1.5961723327636719,1.9050555229187012,0.06474737823009491,0.08563537150621414,308.4621887207031,328.4328308105469,0.2565842866897583,0.37300148606300354,0.06242595613002777,0.06628423184156418,19.745288848876953,0.1754506528377533,0.15129278600215912,0.36099809408187866,1.1254947185516357,0.09242111444473267,0.10647004097700119,3.3725059032440186,568.4656372070312,0.5307609438896179,0.5881587862968445,0.33260414004325867,0.20677179098129272,11.083455085754395,0.16125793755054474,15.272786140441895,1.3417494297027588,1.9171876907348633,0.12175286561250687,0.1259230524301529,0.09813578426837921,439.484619140625,0.7872112989425659,0.7910714149475098,0.46857431530952454,0.34128326177597046,9.865748405456543,0.153526172041893,20.923166275024414,1.8622478246688843,2.751141309738159,0.1501157432794571,0.16257895529270172,0.0,574.1632080078125,0.19808100163936615,0.21380233764648438,0.08726628869771957,0.05923260375857353,5.8554911613464355,0.14656294882297516,27.34110450744629,2.9702939987182617,3.5150058269500732
2016,1,39.433119295826344,76.0194370016065,7943.846,1270.0,1.516965627670288,127.68132019042969,31.078794479370117,26.060340881347656,1.4096131324768066,8.100000381469727,10.85062026977539,0.11118540167808533,0.11118540167808533,0.9823595285415649,330.5523376464844,0.15992239117622375,0.15992239117622375,0.0693545714020729,0.044507987797260284,8.766347885131836,0.15226195752620697,15.693808555603027,1.2978644371032715,1.6023262739181519,0.05932826176285744,0.07814899832010269,417.3299255371094,234.33717346191406,0.3170953691005707,0.32301005721092224,0.11701415479183197,0.0786510705947876,31.36687469482422,0.17458395659923553,-1.3863085508346558,0.32691171765327454,0.975843071937561,0.08235657215118408,0.09782160818576813,8.546412467956543,471.2721862792969,0.3443172574043274,0.4499269425868988,0.173686683177948,0.12785878777503967,23.25999641418457,0.161651149392128,12.506101608276367,1.0866224765777588,1.599579930305481,0.11141893267631531,0.1144188642501831,0.19942668080329895,385.5987854003906,0.6768296957015991,0.6768296957015991,0.380092591047287,0.26848551630973816,20.105867385864258,0.14119236171245575,18.35235023498535,1.5234869718551636,2.334829330444336,0.13010674715042114,0.13851293921470642,0.0,513.1964111328125,0.17680616676807404,0.1882839947938919,0.07952383905649185,0.05195973441004753,14.006243705749512,0.13143596053123474,24.437925338745117,2.440013885498047,2.9118974208831787
2016,1,37.905087924134676,77.30519649486236,7949.601,1368.0,0.9274099469184875,180.0,37.372154235839844,18.776813507080078,1.3406866788864136,7.689152717590332,10.83303451538086,0.08096100389957428,0.08096100389957428,0.0,310.7345886230469,0.1254294067621231,0.1254294067621231,0.02980942837893963,0.03433586657047272,8.599043846130371,0.11938533186912537,14.796884536743164,1.0842208862304688,1.3642189502716064,0.05421748384833336,0.06964828819036484,430.2499694824219,227.7770233154297,0.20190772414207458,0.20190772414207458,0.03388712555170059,0.047014687210321426,17.77722930908203,0.11740674823522568,-1.5338859558105469,0.33321046829223633,0.9168548583984375,0.06578540056943893,0.07534299045801163,1.739376187324524,450.5229187011719,0.3522651493549347,0.41540440917015076,0.1471196711063385,0.10221857577562332,16.195161819458008,0.09832476079463959,12.129284858703613,1.0434633493423462,1.5504701137542725,0.08522342145442963,0.08868072926998138,0.0,367.220703125,0.5798019766807556,0.5798019766807556,0.3092555105686188,0.19555000960826874,30.0231990814209,0.10261097550392151,17.4867000579834,1.3767834901809692,2.2128310203552246,0.10344046354293823,0.10875722765922546,0.0,486.6481628417969,0.6418185234069824,0.6418185234069824,0.3029112219810486,0.17863711714744568,14.414984703063965,0.0988118126988411,23.173721313476562,2.0928168296813965,2.5528204441070557
2016,1,39.09841025255259,75.95799058909003,7976.197,1368.0,1.5124485492706299,52.18633270263672,38.44460678100586,22.313587188720703,1.3899999856948853,7.608700275421143,12.476330757141113,0.09225121885538101,0.09225121885538101,6.637209892272949,250.20541381835938,0.4911927580833435,0.4911927580833435,0.2528902590274811,0.16471420228481293,16.035274505615234,0.18225295841693878,11.598485946655273,0.9728464484214783,1.2127740383148193,0.05354945734143257,0.0763590857386589,734.645751953125,158.7064971923828,0.22220873832702637,0.256748765707016,0.04592927545309067,0.04213180020451546,35.70669937133789,0.18739628791809082,-4.363176345825195,0.270447313785553,0.7659531235694885,0.06379606574773788,0.07772953808307648,57.742942810058594,347.1148376464844,0.5304188132286072,0.5392434597015381,0.31335341930389404,0.16525718569755554,34.280418395996094,0.17513324320316315,7.82086181640625,0.8173476457595825,1.2298811674118042,0.0934574082493782,0.09737002849578857,1.3474055528640747,296.3154602050781,0.7534276247024536,0.7534276247024536,0.46785077452659607,0.2980998158454895,30.823957443237305,0.15605279803276062,14.046097755432129,1.1446928977966309,1.8169386386871338,0.11404361575841904,0.12084633111953735,0.0,412.3780822753906,0.16082638502120972,0.1693381667137146,0.07384111732244492,0.04649185389280319,34.86492156982422,0.16352342069149017,19.63705062866211,1.812588095664978,2.201486110687256
2016,1,39.25983862888944,76.31534294751317,8001.3584,1255.0,2.3943490982055664,270.0,23.152706146240234,26.932275772094727,1.3799999952316284,7.400000095367432,10.18211841583252,0.11217087507247925,0.11217087507247925,1.352590799331665,339.8031005859375,0.576904296875,0.576904296875,0.27249619364738464,0.14033032953739166,6.756047248840332,0.1508662849664688,16.11669158935547,1.3572971820831299,1.6357969045639038,0.059411946684122086,0.08232064545154572,409.67132568359375,261.04443359375,0.3238880932331085,0.37396079301834106,0.09621185809373856,0.08039556443691254,23.548912048339844,0.16435571014881134,-1.125961184501648,0.3335530757904053,0.9938032627105713,0.0775596871972084,0.09106166660785675,11.767379760742188,490.69232177734375,0.4404468238353729,0.5241749286651611,0.27438077330589294,0.1370399445295334,18.86846160888672,0.14959637820720673,12.943917274475098,1.1502889394760132,1.6729942560195923,0.10709045827388763,0.11140401661396027,0.2745865285396576,392.4544372558594,0.712648868560791,0.712648868560791,0.44342687726020813,0.24329088628292084,19.000394821166992,0.14221706986427307,18.675230026245117,1.5863832235336304,2.415423631668091,0.1334555447101593,0.14356882870197296,0.0,519.7808227539062,0.1809541881084442,0.19338543713092804,0.08164706826210022,0.053451649844646454,15.867681503295898,0.14024490118026733,24.751466751098633,2.519700288772583,3.005887031555176
2016,1,38.10397274932048,77.16748161792773,8009.572,1322.0,2.531597137451172,111.47698974609375,32.3675422668457,22.36812400817871,1.3759740591049194,7.699999809265137,12.748287200927734,0.08251452445983887,0.08251452445983887,0.0,309.7355651855469,0.12744362652301788,0.12744362652301788,0.034050486981868744,0.03441997244954109,8.868866920471191,0.1320887804031372,14.749313354492188,1.097454309463501,1.3585137128829956,0.05451707914471626,0.07370197772979736,443.6000671386719,228.2081756591797,0.12579596042633057,0.17956340312957764,0.0449928417801857,0.033377647399902344,17.856782913208008,0.1289304494857788,-1.6317566633224487,0.32736626267433167,0.9067348837852478,0.06588148325681686,0.07670974731445312,1.977013111114502,444.9284973144531,0.5447918772697449,0.5495526194572449,0.29045310616493225,0.18185950815677643,18.465274810791016,0.10961728543043137,11.971661567687988,1.0422464609146118,1.5538464784622192,0.08732303231954575,0.09060759842395782,0.0,365.1321105957031,0.4596254527568817,0.4612162709236145,0.2872934341430664,0.16570453345775604,29.206579208374023,0.11216549575328827,17.387243270874023,1.3706413507461548,2.2058634757995605,0.10530880093574524,0.11105875670909882,0.0,483.5487365722656,0.37871140241622925,0.3793190121650696,0.08124332875013351,0.14343208074569702,18.80172348022461,0.11397433280944824,23.0261287689209,2.0884270668029785,2.5098395347595215
2016,1,37.3658265382362,78.01935720138015,8013.678,1845.0,1.1668174266815186,270.0,34.332191467285156,26.394094467163086,1.3721383810043335,7.538784980773926,12.354076385498047,0.05773092433810234,0.05773092433810234,3.6151981353759766,315.5504455566406,0.2787891924381256,0.2787891924381256,0.10495755821466446,0.08903297781944275,8.491496086120605,0.07612764090299606,14.854059219360352,1.1971144676208496,1.5117820501327515,0.04506503418087959,0.05356261879205704,456.6026916503906,260.1117858886719,0.1718359887599945,0.2271178960800171,-0.025641348212957382,0.04362282156944275,16.737197875976562,0.06795889139175415,-1.4885673522949219,0.3681138753890991,1.0616670846939087,0.04774412512779236,0.05490008741617203,12.712719917297363,487.5234680175781,0.15930937230587006,0.21610401570796967,-0.03039470873773098,0.043282587081193924,13.020354270935059,0.05243672803044319,12.832722663879395,1.1961828470230103,1.7002133131027222,0.06063934788107872,0.0634770393371582,0.2238364964723587,377.8852233886719,0.32965287566185,0.32965287566185,0.13022561371326447,0.08591040223836899,23.359664916992188,0.05696062371134758,17.983875274658203,1.5733214616775513,2.441749334335327,0.07685951888561249,0.08088808506727219,0.0,500.49029541015625,0.49312037229537964,0.49312037229537964,0.20290611684322357,0.1458931267261505,13.313406944274902,0.05475457012653351,23.832870483398438,2.352888345718384,2.911496639251709
2016,1,38.079180147463305,76.97452739714304,8028.2144,1391.0,2.19649076461792,147.5763702392578,32.248069763183594,23.99094581604004,1.4003467559814453,7.490409851074219,11.503777503967285,0.07509089261293411,0.07509089261293411,0.0,278.6054992675781,0.1184094026684761,0.1184094026684761,0.045762546360492706,0.0316435769200325,12.307639122009277,0.14252066612243652,13.266927719116211,0.9564133286476135,1.1937541961669922,0.05059990659356117,0.07330553233623505,546.225830078125,177.48931884765625,0.161334827542305,0.2299775332212448,0.02868727035820484,0.05025206878781319,20.98187255859375,0.13248129189014435,-2.7934582233428955,0.30023515224456787,0.8120580315589905,0.05490323156118393,0.06482969969511032,3.317218542098999,381.44964599609375,0.36292529106140137,0.5463312268257141,0.20399703085422516,0.12121891230344772,25.3557186126709,0.11099091917276382,10.219795227050781,0.9042643904685974,1.3785278797149658,0.07812489569187164,0.08192374557256699,0.0,332.6579895019531,0.4369458854198456,0.4369458854198456,0.2508845031261444,0.15229740738868713,35.16870880126953,0.10963468998670578,15.840856552124023,1.203255295753479,1.9970872402191162,0.09874960035085678,0.10425298660993576,0.0,445.4132995605469,0.28472116589546204,0.28472116589546204,0.031191032379865646,0.11182577162981033,27.460603713989258,0.11923783272504807,21.21015739440918,1.8075571060180664,2.2197723388671875
2016,1,37.8177698073061,77.29872633923381,8040.4995,1431.0,3.637434720993042,75.24761199951172,35.92642593383789,18.99648094177246,1.3886642456054688,7.699999809265137,10.279250144958496,0.07794103026390076,0.07794103026390076,0.0,301.18609619140625,0.1217004656791687,0.1217004656791687,0.03178916126489639,0.03340458124876022,9.584099769592285,0.11748982220888138,14.342195510864258,1.033658504486084,1.3137034177780151,0.052836086601018906,0.06787913292646408,457.37310791015625,211.30691528320312,0.25834524631500244,0.2939344048500061,0.028596101328730583,0.061995748430490494,18.7493839263916,0.11378474533557892,-1.8641377687454224,0.32692480087280273,0.8906048536300659,0.062204509973526,0.07096052914857864,2.06172513961792,432.4885559082031,0.27579617500305176,0.3269806504249573,0.08562081307172775,0.08588262647390366,17.485841751098633,0.09410969913005829,11.633157730102539,0.9997002482414246,1.492850661277771,0.08141139149665833,0.08510717749595642,0.0,357.6702575683594,0.5332937836647034,0.5332937836647034,0.26084497570991516,0.1812942922115326,32.272491455078125,0.09789171069860458,17.031917572021484,1.3254667520523071,2.1485683917999268,0.10057561844587326,0.10563677549362183,0.0,475.70379638671875,0.5812301635742188,0.5812301635742188,0.25792357325553894,0.22331608831882477,15.41104507446289,0.09428568184375763,22.65256118774414,2.004497528076172,2.477132797241211
2016,1,39.11565805542733,76.31318474260331,8046.904,1254.0,1.1952439546585083,90.0,22.31944465637207,30.78679847717285,1.3774503469467163,6.835307598114014,11.518832206726074,0.10276465117931366,0.10276465117931366,2.1903181076049805,314.7018127441406,0.5806386470794678,0.5806386470794678,0.29584208130836487,0.17849582433700562,8.872518539428711,0.15255527198314667,14.881499290466309,1.2303428649902344,1.4877192974090576,0.056566160172224045,0.0809609591960907,478.4177551269531,227.37490844726562,0.3188922703266144,0.4098816514015198,0.09936930239200592,0.0804172083735466,24.938684463500977,0.15958178043365479,-1.9018398523330688,0.3174085319042206,0.9198805093765259,0.06900390237569809,0.08198066055774689,19.05550765991211,447.9975280761719,0.5287847518920898,0.5400782823562622,0.3185216784477234,0.18497440218925476,22.999122619628906,0.14451345801353455,11.593027114868164,1.0493662357330322,1.5415799617767334,0.09877459704875946,0.10338455438613892,0.44465172290802,365.08587646484375,0.6397895812988281,0.6397895812988281,0.42707037925720215,0.2396601289510727,24.064929962158203,0.13922204077243805,17.363866806030273,1.4382479190826416,2.230956554412842,0.1251857578754425,0.1343151479959488,0.0,488.37762451171875,0.1726331114768982,0.18349869549274445,0.07861316204071045,0.05059600993990898,22.269546508789062,0.1410152167081833,23.25607681274414,2.275928020477295,2.7307066917419434
2016,1,39.337721287888925,75.93778194311581,8062.974,1297.0,2.397007703781128,90.0,29.880239486694336,24.989953994750977,1.4229241609573364,7.599999904632568,9.724665641784668,0.10323798656463623,0.10323798656463623,2.780668258666992,299.0147399902344,0.15071183443069458,0.15071183443069458,0.06292104721069336,0.041187137365341187,11.834522247314453,0.16190573573112488,14.10638427734375,1.1600202322006226,1.4460254907608032,0.05695425719022751,0.0764285996556282,529.061767578125,198.6194610595703,0.2707018256187439,0.31046032905578613,0.05740248039364815,0.06965655088424683,34.63080596923828,0.17953743040561676,-2.5033509731292725,0.30504804849624634,0.892935037612915,0.07593534886837006,0.09124292433261871,24.191486358642578,420.59014892578125,0.44466766715049744,0.47538894414901733,0.27193865180015564,0.1486373096704483,28.399845123291016,0.16712459921836853,10.71347713470459,0.9702959656715393,1.4444146156311035,0.10513041913509369,0.10819002240896225,0.5644974112510681,351.3955993652344,0.6215676069259644,0.6215676069259644,0.3459892272949219,0.23613359034061432,24.663599014282227,0.14476263523101807,16.70624351501465,1.3641488552093506,2.122105121612549,0.1227673590183258,0.13011470437049866,0.0,474.71002197265625,0.1693108230829239,0.17935383319854736,0.07670435309410095,0.04937777295708656,21.26376724243164,0.13933931291103363,22.605239868164062,2.181638717651367,2.6187338829040527
2016,1,39.606676427028574,75.86313213238007,8090.247,1580.0,2.2102866172790527,212.98289489746094,31.434673309326172,27.997804641723633,1.3960621356964111,7.997477054595947,15.308554649353027,0.10461632162332535,0.10461632162332535,1.0546600818634033,293.0381164550781,0.3208213448524475,0.3641994595527649,0.12102000415325165,0.08717430382966995,11.816305160522461,0.16665442287921906,13.903974533081055,1.1337460279464722,1.426602840423584,0.05556721240282059,0.07203689217567444,550.17041015625,188.1975860595703,0.30012011528015137,0.4104509949684143,0.05214257165789604,0.06565086543560028,39.571739196777344,0.19065651297569275,-2.742218494415283,0.2976163923740387,0.8762592673301697,0.0767766460776329,0.09470674395561218,17.643239974975586,408.1154479980469,0.417589396238327,0.45383748412132263,0.21966879069805145,0.1403210163116455,33.39192199707031,0.18203870952129364,10.553302764892578,0.9386246800422668,1.4052374362945557,0.10837867856025696,0.11193929612636566,0.2808478772640228,344.86578369140625,0.6431892514228821,0.6594621539115906,0.3528056740760803,0.2419913113117218,28.327716827392578,0.1611415445804596,16.4088077545166,1.3238900899887085,2.056281328201294,0.12644530832767487,0.13409405946731567,0.0,471.0670166015625,0.38856393098831177,0.38856393098831177,0.12361793220043182,0.13159894943237305,22.53923797607422,0.14643292129039764,22.4317626953125,2.139153003692627,2.5693135261535645
2016,1,41.855606206929785,84.15332336510662,8090.7134,1023.0,1.8543341159820557,180.0,33.45574188232422,18.921451568603516,1.4246152639389038,8.100000381469727,15.94650650024414,0.09731198102235794,0.09731198102235794,3.627993106842041,242.41204833984375,0.2982737421989441,0.3518540859222412,0.04522085189819336,0.09195970743894577,13.18627643585205,0.13816997408866882,11.3706693649292,0.9554229378700256,1.3416317701339722,0.034609925001859665,0.05809035524725914,889.4948120117188,137.16297912597656,0.06428821384906769,0.3198765218257904,0.5077366828918457,0.031660694628953934,30.07054328918457,0.1611037403345108,-5.699483394622803,0.20818078517913818,0.6246404647827148,0.06497036665678024,0.07657810300588608,5.141755104064941,425.6747131347656,0.5699584484100342,0.5806217193603516,0.3224535584449768,0.21719588339328766,21.42289924621582,0.13095219433307648,11.365755081176758,1.0702775716781616,1.521626353263855,0.10269312560558319,0.1144450232386589,0.01784750446677208,313.828125,0.5530882477760315,0.7900336384773254,0.33625972270965576,0.20984303951263428,19.32512855529785,0.12954279780387878,14.943346977233887,1.3301374912261963,1.7853150367736816,0.159617617726326,0.16948212683200836,0.0,471.3707275390625,0.3546273410320282,0.35484978556632996,0.17681005597114563,0.1078885868191719,30.77430534362793,0.12798723578453064,22.446224212646484,2.236525535583496,3.0349831581115723
2016,1,39.118083806400406,76.77671721531112,8091.478,1202.0,3.891817808151245,197.8604736328125,16.208385467529297,26.96012306213379,1.4006404876708984,6.800000190734863,12.925310134887695,0.1129295602440834,0.1129295602440834,0.0,364.0765380859375,0.5220678448677063,0.5220678448677063,0.2498161494731903,0.14718322455883026,3.8900928497314453,0.1217217892408371,17.336977005004883,1.4505783319473267,1.7364686727523804,0.060482773929834366,0.08426453918218613,321.1116638183594,295.8707580566406,0.3149379789829254,0.38778916001319885,0.09102366119623184,0.07932532578706741,16.347068786621094,0.13125745952129364,-0.19121895730495453,0.3539562225341797,1.0743446350097656,0.07872083783149719,0.0917009562253952,0.0,538.1585083007812,0.376370370388031,0.4183737635612488,0.13541468977928162,0.10042651742696762,13.212780952453613,0.11573000997304916,14.544824600219727,1.2752103805541992,1.8140480518341064,0.10732710361480713,0.11180269718170166,0.0,419.029296875,0.6645659804344177,0.6645659804344177,0.41022050380706787,0.24050822854042053,16.623207092285156,0.11768469214439392,19.95377540588379,1.7146047353744507,2.5948219299316406,0.13499246537685394,0.1456093043088913,0.0,549.398193359375,0.2646782100200653,0.2646782100200653,0.09624814987182617,0.09591947495937347,12.190519332885742,0.11571531742811203,26.16181755065918,2.7149696350097656,3.2143073081970215
2016,1,39.63874628180495,76.07198750752137,8092.8237,1350.0,2.407397985458374,270.0,33.039180755615234,25.182024002075195,1.4115573167800903,7.7673020362854,16.367938995361328,0.11164674162864685,0.11164674162864685,1.877016305923462,304.86138916015625,0.16016794741153717,0.16016794741153717,0.0619170218706131,0.04439941793680191,9.903440475463867,0.17409783601760864,14.427827835083008,1.2279831171035767,1.5113950967788696,0.05775299668312073,0.07549788057804108,561.9872436523438,223.4921112060547,0.31360647082328796,0.37977564334869385,0.1487749069929123,0.058068450540304184,34.768306732177734,0.19653040170669556,-2.564356803894043,0.3035467267036438,0.9134904146194458,0.07948494702577591,0.09618939459323883,25.078411102294922,434.78057861328125,0.31587329506874084,0.48771920800209045,0.17097562551498413,0.1060754582285881,29.769222259521484,0.18737028539180756,11.073031425476074,1.019954800605774,1.4987784624099731,0.11113810539245605,0.11546836793422699,0.5471839308738708,354.9763488769531,0.7294934391975403,0.735549807548523,0.4125267565250397,0.29204437136650085,25.48162078857422,0.1747092604637146,16.877578735351562,1.4274883270263672,2.170375108718872,0.13428568840026855,0.14382532238960266,0.0,483.1865539550781,0.18381668627262115,0.19670170545578003,0.08009317517280579,0.053152598440647125,22.88514518737793,0.16324348747730255,23.00888442993164,2.2984187602996826,2.7506113052368164
2016,1,37.946321231575894,77.26989379182223,8123.256,1332.0,1.4975084066390991,128.2588348388672,32.31978988647461,22.690502166748047,1.372689127922058,7.699999809265137,10.771302223205566,0.08119788765907288,0.08119788765907288,0.0,309.4334411621094,0.12577316164970398,0.12577316164970398,0.03155054897069931,0.034328702837228775,8.81702995300293,0.12336127460002899,14.734926223754883,1.0833024978637695,1.3582894802093506,0.05420881509780884,0.07059909403324127,438.92840576171875,226.70947265625,0.11198225617408752,0.16697736084461212,0.03249191865324974,0.027780022472143173,17.865909576416016,0.1208982914686203,-1.60771906375885,0.33074283599853516,0.9117765426635742,0.06566014140844345,0.07547782361507416,1.9119774103164673,447.0580749511719,0.31826335191726685,0.34530729055404663,0.13767889142036438,0.10286476463079453,16.91822052001953,0.10162010043859482,12.030975341796875,1.0394490957260132,1.5466831922531128,0.08555403351783752,0.08895894140005112,0.0,365.71197509765625,0.5728872418403625,0.5728872418403625,0.3049635887145996,0.19413647055625916,29.946107864379883,0.10507481545209885,17.41485595703125,1.371646523475647,2.206413745880127,0.10373689979314804,0.10915727913379669,0.0,484.6582946777344,0.5199904441833496,0.5199904441833496,0.2571990191936493,0.15461909770965576,15.719548225402832,0.10306672006845474,23.07896614074707,2.0842771530151367,2.5352375507354736
2016,1,41.83297180998249,84.10751056088351,8197.661,1014.0,1.5519639253616333,233.31053161621094,36.63123321533203,22.873119354248047,1.4217936992645264,8.061599731445312,14.262025833129883,0.09887272864580154,0.09887272864580154,3.4316484928131104,247.98977661132812,0.2925887405872345,0.32348868250846863,0.09147506952285767,0.09141586720943451,12.712055206298828,0.13183711469173431,11.645625114440918,0.9740844368934631,1.3669178485870361,0.035561203956604004,0.05906100943684578,865.4697265625,141.62098693847656,0.08134368062019348,0.3235144019126892,0.29870957136154175,0.031571585685014725,29.347702026367188,0.15498203039169312,-5.483702659606934,0.21176984906196594,0.6367769837379456,0.06553629040718079,0.07705765217542648,4.972440719604492,436.4555969238281,0.37081438302993774,0.4092439115047455,0.1788894236087799,0.12242627888917923,20.29054069519043,0.12453784793615341,11.661706924438477,1.0926493406295776,1.5500752925872803,0.10318847745656967,0.11480280011892319,0.01893383078277111,320.0829162597656,0.5118122100830078,0.6173319220542908,0.2911536395549774,0.191494420170784,18.342302322387695,0.1233992949128151,15.241141319274902,1.3572919368743896,1.8172507286071777,0.15971286594867706,0.1700335294008255,0.0,478.28240966796875,0.35400235652923584,0.3622821867465973,0.14880698919296265,0.12254580110311508,29.360023498535156,0.12200676649808884,22.775352478027344,2.285778284072876,3.0995447635650635
2016,1,39.478936559150505,75.843186573368,8203.876,1333.0,3.7170920372009277,75.57157135009766,31.698837280273438,24.635982513427734,1.4247210025787354,7.9366374015808105,10.833062171936035,0.1059432253241539,0.1059432253241539,0.41932007670402527,317.9813232421875,0.4858414828777313,0.4858414828777313,0.2714044749736786,0.17434988915920258,10.506658554077148,0.1489955186843872,15.121999740600586,1.2111262083053589,1.5256311893463135,0.05788642540574074,0.07468321174383163,422.4642028808594,202.48191833496094,0.19760863482952118,0.25811582803726196,0.05385906994342804,0.03951377421617508,36.67227554321289,0.17446884512901306,-1.6665325164794922,0.3192873001098633,0.9396534562110901,0.08141478896141052,0.09794347733259201,3.6480352878570557,445.23638916015625,0.5594049692153931,0.5740305781364441,0.33470141887664795,0.1918688267469406,27.542692184448242,0.16228987276554108,11.934820175170898,1.0093941688537598,1.508544683456421,0.1102791577577591,0.11254051327705383,0.08512526005506516,374.2356262207031,0.733746349811554,0.733746349811554,0.4483829438686371,0.2749570310115814,23.19157600402832,0.13516980409622192,17.81669044494629,1.4262462854385376,2.220951557159424,0.12382949888706207,0.13060930371284485,0.0,500.6590881347656,0.24736672639846802,0.24747109413146973,-0.0672418549656868,0.06840497255325317,14.492526054382324,0.1205700933933258,23.84090805053711,2.2957167625427246,2.746875286102295
2016,1,39.394044193295,75.8332160234125,8216.28,1353.0,2.3989417552948,90.0,33.629722595214844,25.159191131591797,1.3863134384155273,7.870297908782959,11.049576759338379,0.1018170416355133,0.1018170416355133,2.152190685272217,297.06439208984375,0.5149440169334412,0.5149440169334412,0.2595044672489166,0.1329888254404068,12.395143508911133,0.1587345004081726,14.043437957763672,1.1334385871887207,1.430202603340149,0.05661340430378914,0.07455034554004669,513.4415283203125,185.8558349609375,0.18781812489032745,0.25302764773368835,0.07039624452590942,0.04002350568771362,37.53669357299805,0.17962110042572021,-2.4817099571228027,0.3042307198047638,0.8868154883384705,0.07700662314891815,0.09307273477315903,18.723806381225586,414.03985595703125,0.3400889039039612,0.3400889039039612,0.1882479041814804,0.11558569222688675,30.135467529296875,0.16768045723438263,10.68421745300293,0.9445068836212158,1.417236566543579,0.10603302717208862,0.1085791140794754,0.43691158294677734,350.7449645996094,0.44956934452056885,0.44956934452056885,0.20287857949733734,0.14619506895542145,25.57098960876465,0.1409832388162613,16.68133544921875,1.3355233669281006,2.0923521518707275,0.12048744410276413,0.1270202100276947,0.0,474.2135925292969,0.1666935682296753,0.17617231607437134,0.07549647241830826,0.04845118522644043,20.100263595581055,0.13160280883312225,22.581600189208984,2.1441986560821533,2.575247049331665
2016,1,39.18680301273505,75.82621077565754,8218.307,1349.0,2.564974308013916,111.18355560302734,33.562416076660156,18.837535858154297,1.3799999952316284,7.699999809265137,13.784103393554688,0.09258460253477097,0.09258460253477097,6.433953285217285,247.92660522460938,0.1382358819246292,0.1382358819246292,0.05466087907552719,0.036805178970098495,16.778017044067383,0.1829359084367752,11.499650001525879,0.9563153386116028,1.2093487977981567,0.05374526605010033,0.0746234878897667,733.76513671875,149.5371856689453,0.2286120057106018,0.2807806730270386,0.016105638816952705,0.04763490706682205,39.07941818237305,0.19250376522541046,-4.42596960067749,0.26863807439804077,0.7635704278945923,0.06661979854106903,0.08146532624959946,55.97463607788086,341.6951599121094,0.47517919540405273,0.4971429109573364,0.25198736786842346,0.14966215193271637,35.91412353515625,0.1810877025127411,7.722176551818848,0.7968250513076782,1.2072311639785767,0.09605413675308228,0.09936094284057617,1.3061429262161255,295.2541198730469,0.6435402631759644,0.6435402631759644,0.34925785660743713,0.21766974031925201,30.903942108154297,0.15600091218948364,13.997522354125977,1.1282751560211182,1.7951350212097168,0.11323773115873337,0.11936519294977188,0.0,411.7424011230469,0.1596708744764328,0.16788867115974426,0.07314938306808472,0.04606502130627632,33.57278823852539,0.15977565944194794,19.606781005859375,1.796126127243042,2.1810929775238037
2016,1,39.35415753437193,75.84588432950534,8224.313,1332.0,1.5158889293670654,232.28721618652344,29.391277313232422,25.762996673583984,1.398659348487854,7.821630001068115,14.219738960266113,0.10054752975702286,0.10054752975702286,2.9124696254730225,289.5548095703125,0.14786119759082794,0.14786119759082794,0.05999067798256874,0.03991902247071266,13.014095306396484,0.16298320889472961,13.649635314941406,1.1089646816253662,1.3973989486694336,0.05620572715997696,0.07481008768081665,550.3463745117188,181.80503845214844,0.3050520718097687,0.353040874004364,0.08647291362285614,0.08711717277765274,37.397403717041016,0.18165239691734314,-2.7919797897338867,0.2987116575241089,0.8681479692459106,0.07522556185722351,0.09099877625703812,25.33814239501953,403.4713439941406,0.10826137661933899,0.1288539320230484,0.1195092424750328,0.03238966315984726,30.819541931152344,0.16973277926445007,10.219816207885742,0.9245759844779968,1.3876372575759888,0.1043386459350586,0.10707266628742218,0.5912541151046753,342.05950927734375,0.6001251339912415,0.6001251339912415,0.3279820680618286,0.2207871526479721,26.293092727661133,0.14386051893234253,16.260393142700195,1.3065603971481323,2.0493123531341553,0.119644396007061,0.12622082233428955,0.0,464.40478515625,0.16593092679977417,0.175285205245018,0.07528561353683472,0.04819698631763458,22.38320541381836,0.13708221912384033,22.114513397216797,2.094151496887207,2.5187175273895264
2016,1,38.873921269117915,76.09004240768677,8226.312,1373.0,1.8543341159820557,-0.0,29.492259979248047,26.429706573486328,1.399491310119629,7.69952917098999,12.007294654846191,0.08342602849006653,0.08342602849006653,7.82792329788208,228.27064514160156,0.5146077275276184,0.5146077275276184,0.24065496027469635,0.12112226337194443,17.33934211730957,0.18456512689590454,10.497272491455078,0.8717114329338074,1.0777108669281006,0.050777748227119446,0.07699421793222427,807.6256103515625,137.4634552001953,0.21695886552333832,0.39991137385368347,0.0638902559876442,0.039740994572639465,33.534549713134766,0.17904090881347656,-5.076986312866211,0.25642693042755127,0.6983574628829956,0.053068775683641434,0.06555240601301193,68.10201263427734,312.1191101074219,0.4365813732147217,0.4365813732147217,0.24273331463336945,0.12979328632354736,36.455108642578125,0.1656903326511383,6.595056533813477,0.7440202832221985,1.129082202911377,0.08318928629159927,0.08801770955324173,1.5891298055648804,270.8226318359375,0.6084110736846924,0.6084110736846924,0.31348302960395813,0.20207048952579498,35.33501052856445,0.15458643436431885,12.820642471313477,1.0237200260162354,1.6651036739349365,0.10746192187070847,0.11410221457481384,0.0,382.61285400390625,0.15457305312156677,0.1619902402162552,0.07185081392526627,0.04437825828790665,42.43050765991211,0.16984374821186066,18.21965980529785,1.6022934913635254,1.9658607244491577
2016,1,39.28517078197407,75.55752318258111,8230.725,1406.0,1.1981295347213745,90.0,30.085105895996094,23.493249893188477,1.409999966621399,7.853231906890869,12.254740715026855,0.08750906586647034,0.08750906586647034,6.171571254730225,230.50234985351562,0.39921924471855164,0.39921924471855164,0.11866208165884018,0.12321077287197113,19.34134292602539,0.183000847697258,10.682418823242188,0.8505511283874512,1.1197092533111572,0.052410535514354706,0.07011672109365463,758.0468139648438,110.64678955078125,0.2182689756155014,0.35335004329681396,0.059064220637083054,0.0616862028837204,46.766597747802734,0.19812962412834167,-4.904545307159424,0.25714972615242004,0.7188112735748291,0.06733454763889313,0.0837864801287651,53.69194412231445,307.7463073730469,0.3445202708244324,0.38231077790260315,0.17858794331550598,0.10681482404470444,41.58124542236328,0.18815970420837402,6.866333961486816,0.6984624266624451,1.089280128479004,0.09643618017435074,0.0986437052488327,1.2528773546218872,279.349365234375,0.44336530566215515,0.48095646500587463,0.20977887511253357,0.1471743881702423,34.1263542175293,0.15218661725521088,13.242690086364746,1.0107619762420654,1.6501284837722778,0.10645080357789993,0.110545314848423,0.0,394.55084228515625,0.44899478554725647,0.44899478554725647,0.1402881145477295,0.133669912815094,34.11043930053711,0.14976291358470917,18.788135528564453,1.624935507774353,1.98429536819458
2016,1,37.994020235544596,77.3062755973173,8266.733,1292.0,0.9274099469184875,-0.0,34.21193313598633,24.795005798339844,1.3899999856948853,7.967452526092529,12.514936447143555,0.08388097584247589,0.08388097584247589,0.0,319.5852966308594,0.12904644012451172,0.12904644012451172,0.028256425634026527,0.035227835178375244,7.704505920410156,0.12190306186676025,15.218347549438477,1.1321483850479126,1.4113456010818481,0.05553425848484039,0.07147837430238724,406.1880798339844,243.3114013671875,0.15849053859710693,0.20856431126594543,0.04177023470401764,0.04733630269765854,16.863861083984375,0.1214895099401474,-1.2339142560958862,0.33875828981399536,0.9410272240638733,0.06919478625059128,0.07955268025398254,1.471118450164795,467.08355712890625,0.32905715703964233,0.32905715703964233,0.21328987181186676,0.1321227252483368,15.078667640686035,0.10292932391166687,12.58411979675293,1.0844800472259521,1.6047265529632568,0.08891322463750839,0.0921318307518959,0.0,376.0540466308594,0.4718640446662903,0.4718640446662903,0.2554571032524109,0.16337233781814575,27.864749908447266,0.10752066224813461,17.90733528137207,1.4249370098114014,2.27310848236084,0.10621638596057892,0.11179345101118088,0.0,496.7203369140625,0.45111533999443054,0.45111533999443054,0.1413368582725525,0.1635591834783554,13.673286437988281,0.10385123640298843,23.653348922729492,2.1755385398864746,2.622180223464966
2016,1,39.46680780428513,75.85208247996964,8271.149,1330.0,1.5174280405044556,127.66783142089844,33.55710983276367,23.399887084960938,1.4165434837341309,7.800000190734863,9.06673812866211,0.1057901605963707,0.1057901605963707,0.6533104777336121,316.3198547363281,0.15421439707279205,0.15421439707279205,0.06345442682504654,0.0419604554772377,10.622664451599121,0.1503278762102127,15.031740188598633,1.207370638847351,1.5192832946777344,0.05782896280288696,0.07487057894468307,432.67352294921875,202.46194458007812,0.3315885663032532,0.3786930739879608,0.10335063934326172,0.07534661889076233,36.46629333496094,0.17510314285755157,-1.7440271377563477,0.3180026710033417,0.9357496500015259,0.08097954839468002,0.09739476442337036,5.683724403381348,443.19451904296875,0.5407567024230957,0.556598424911499,0.3194669187068939,0.17659799754619598,27.589181900024414,0.16291049122810364,11.824615478515625,1.0065109729766846,1.5034399032592773,0.10987348109483719,0.11220958083868027,0.13262714445590973,372.20928955078125,0.7016850113868713,0.7016850113868713,0.3930612802505493,0.23593981564044952,23.27762794494629,0.13621293008327484,17.717937469482422,1.421628713607788,2.2129409313201904,0.12382399290800095,0.1306711882352829,0.0,498.3655700683594,0.5538302063941956,0.55455082654953,0.22146332263946533,0.1372133195400238,15.103890419006348,0.12249299138784409,23.731693267822266,2.286957025527954,2.73703932762146
2016,1,39.39943524646862,75.83618132561304,8276.893,1345.0,2.2083377838134766,327.0951843261719,34.091766357421875,24.035825729370117,1.3799999952316284,7.900000095367432,11.279019355773926,0.10216949135065079,0.10216949135065079,2.033492088317871,298.71514892578125,0.4280880093574524,0.4280880093574524,0.18462981283664703,0.10836805403232574,12.238150596618652,0.1580631136894226,14.127697944641113,1.1400153636932373,1.4379172325134277,0.05672001838684082,0.07460156083106995,506.8154296875,187.41993713378906,0.2650448977947235,0.3582072854042053,0.06330924481153488,0.0639432966709137,37.408424377441406,0.17923499643802643,-2.4196627140045166,0.3054044544696808,0.891022264957428,0.07732682675123215,0.09341248124837875,17.69114112854004,416.5845947265625,0.31990623474121094,0.3980722725391388,0.18898053467273712,0.12691150605678558,29.898174285888672,0.16726669669151306,10.780903816223145,0.9500700831413269,1.4248608350753784,0.10634427517652512,0.10887935012578964,0.41281479597091675,352.5654296875,0.48618611693382263,0.48618611693382263,0.2445351928472519,0.18166448175907135,25.36628532409668,0.14062674343585968,16.7691707611084,1.3431525230407715,2.102909564971924,0.12079747766256332,0.12736721336841583,0.0,476.2586975097656,0.16700556874275208,0.17654304206371307,0.07561027258634567,0.04855826497077942,19.693675994873047,0.13093101978302002,22.678985595703125,2.156717300415039,2.589448928833008
2016,1,39.03912204494598,76.50749007100721,8288.435,1227.0,2.2050108909606934,327.2291564941406,23.308130264282227,27.22100257873535,1.3979318141937256,6.7416815757751465,14.519499778747559,0.10242307186126709,0.10242307186126709,0.0,335.84674072265625,0.3590104877948761,0.3590104877948761,0.10144927352666855,0.09855358302593231,6.153041839599609,0.13512036204338074,15.992701530456543,1.2932547330856323,1.549351453781128,0.056414198130369186,0.08239206671714783,369.5239562988281,243.39431762695312,0.20709820091724396,0.258710116147995,0.027023611590266228,0.04841797053813934,20.035985946655273,0.13959941267967224,-0.9555276036262512,0.3344007134437561,0.9614404439926147,0.06669973582029343,0.07892730087041855,0.0,478.35455322265625,0.2988974452018738,0.318552166223526,0.13088412582874298,0.08311109989881516,19.382095336914062,0.12278535217046738,12.92850112915039,1.1155509948730469,1.6341577768325806,0.09662417322397232,0.10172528028488159,0.0,387.5528869628906,0.3995586335659027,0.3995586335659027,0.19532684981822968,0.11497572064399719,23.585817337036133,0.12616762518882751,18.454898834228516,1.5086749792099,2.3484530448913574,0.12578921020030975,0.1354624181985855,0.0,512.4996337890625,0.17351774871349335,0.18460237979888916,0.07899657636880875,0.05092572793364525,18.822044372558594,0.12630917131900787,24.404743194580078,2.381974458694458,2.8533082008361816
2016,1,37.94146972962974,77.5086652759311,8302.773,1314.0,2.1953070163726807,212.37490844726562,32.3126335144043,24.207698822021484,1.3799999952316284,7.349536895751953,11.015570640563965,0.08792825043201447,0.08792825043201447,0.0,344.2699890136719,0.13367003202438354,0.13367003202438354,0.014926777221262455,0.03686702623963356,4.7533159255981445,0.10415612161159515,16.393808364868164,1.2335251569747925,1.5393980741500854,0.0579780712723732,0.06962857395410538,311.97406005859375,279.8282775878906,0.12687484920024872,0.12687484920024872,-0.0502958819270134,0.035207800567150116,14.57216739654541,0.10943878442049026,-0.24352867901325226,0.36353495717048645,1.0185818672180176,0.07617059350013733,0.08662550151348114,0.0,519.2149658203125,0.3482277989387512,0.4006783366203308,0.1406819224357605,0.11460018157958984,8.934619903564453,0.09300259500741959,14.0328369140625,1.189958930015564,1.7346254587173462,0.0938788428902626,0.09691470116376877,0.0,401.9541931152344,0.5369223356246948,0.5369223356246948,0.26759907603263855,0.1743786633014679,23.992300033569336,0.10270228981971741,19.140676498413086,1.5511696338653564,2.4314024448394775,0.10955651104450226,0.1150384321808815,0.0,527.7794799804688,0.29528918862342834,0.29528918862342834,0.014088812284171581,0.09514318406581879,5.115058422088623,0.08955096453428268,25.132356643676758,2.3901443481445312,2.8618860244750977
2016,1,38.94075427570696,76.09731966060599,8310.021,1324.0,1.5103464126586914,127.8756103515625,29.819231033325195,25.75008773803711,1.4177614450454712,7.300000190734863,11.551631927490234,0.08723533898591995,0.08723533898591995,6.868039608001709,243.0153045654297,0.39834123849868774,0.39834123849868774,0.17183127999305725,0.10274297744035721,16.02957534790039,0.17975850403308868,11.245107650756836,0.9335358738899231,1.1517468690872192,0.05193985626101494,0.077363982796669,751.9788208007812,152.12603759765625,0.13758371770381927,0.24829135835170746,0.04586118087172508,0.027411509305238724,32.79616165161133,0.1775791049003601,-4.544339179992676,0.2666485905647278,0.7377034425735474,0.05678926408290863,0.0695761889219284,59.75113296508789,335.2239990234375,0.31199193000793457,0.3644353449344635,0.13888773322105408,0.08707407861948013,34.394866943359375,0.16416844725608826,7.4452128410339355,0.7947247624397278,1.1981489658355713,0.08679044991731644,0.09143847227096558,1.39426589012146,287.18707275390625,0.5445774793624878,0.5445774793624878,0.30107468366622925,0.17924357950687408,33.20743179321289,0.15254679322242737,13.60918140411377,1.0958433151245117,1.7620763778686523,0.11069956421852112,0.11766630411148071,0.0,401.1475830078125,0.15779583156108856,0.16581164300441742,0.07299843430519104,0.04548118636012077,38.57769775390625,0.16471141576766968,19.102264404296875,1.7218133211135864,2.1010794639587402
2016,1,39.55816586666813,76.12265181369062,8327.934,1299.0,1.8543341159820557,180.0,32.82539749145508,24.276086807250977,1.384684443473816,7.900000095367432,12.731513023376465,0.11686088144779205,0.11686088144779205,0.8355761766433716,337.5303955078125,0.16621971130371094,0.16621971130371094,0.07102438807487488,0.04683157056570053,7.41505765914917,0.15884684026241302,16.0330867767334,1.3575249910354614,1.6595646142959595,0.06035565957427025,0.07885981351137161,429.1531982421875,255.63389587402344,0.2672343850135803,0.3427184224128723,0.0552653931081295,0.05875652655959129,29.96363639831543,0.18281185626983643,-1.3145403861999512,0.3289755582809448,0.9984482526779175,0.0848802998661995,0.10060804337263107,10.695788383483887,486.5650939941406,0.4501475691795349,0.4812653660774231,0.20301662385463715,0.14606086909770966,22.437204360961914,0.1710139364004135,12.861332893371582,1.1341350078582764,1.6540923118591309,0.11491262912750244,0.11859267950057983,0.24709182977676392,391.394287109375,0.5927612781524658,0.5961068272590637,0.2560489773750305,0.19307053089141846,19.218862533569336,0.15610618889331818,18.626056671142578,1.5855318307876587,2.3962881565093994,0.13715976476669312,0.14697960019111633,0.0,521.5707397460938,0.18517819046974182,0.198319211602211,0.0815967246890068,0.05436026677489281,14.264586448669434,0.14501535892486572,24.836702346801758,2.5432074069976807,3.028860092163086
2016,1,39.14233685703009,75.88765272907297,8329.32,1339.0,1.5130366086959839,307.79638671875,32.282779693603516,22.216861724853516,1.399999976158142,7.835334777832031,12.35563850402832,0.09240792691707611,0.09240792691707611,6.6778717041015625,247.89666748046875,0.49373722076416016,0.49373722076416016,0.2771230638027191,0.14133916795253754,16.53311538696289,0.18357786536216736,11.48660945892334,0.9615393877029419,1.2074174880981445,0.05364420637488365,0.07549233734607697,740.8221435546875,153.6141815185547,0.209859699010849,0.28158271312713623,0.060453224927186966,0.04400221258401871,37.51206970214844,0.19085001945495605,-4.448544979095459,0.2686101198196411,0.7623690962791443,0.06519532948732376,0.07958301901817322,58.09669876098633,342.84375,0.4269018769264221,0.43633192777633667,0.22306691110134125,0.1266748011112213,35.23210525512695,0.17907217144966125,7.695866107940674,0.8041391372680664,1.2140971422195435,0.09474372863769531,0.09835459291934967,1.355660319328308,294.4742126464844,0.4956651031970978,0.4956651031970978,0.27256104350090027,0.15459376573562622,30.893041610717773,0.15678152441978455,13.958025932312012,1.1330029964447021,1.7999954223632812,0.11363343149423599,0.12009846419095993,0.0,410.62615966796875,0.16024182736873627,0.16860544681549072,0.07349314540624619,0.04627614468336105,34.496849060058594,0.16269561648368835,19.553627014160156,1.7986693382263184,2.184758186340332
2016,1,39.052864994392706,76.50156392570719,8330.392,1226.0,2.2051379680633545,327.2240295410156,23.661327362060547,26.764951705932617,1.3991388082504272,7.000443458557129,13.911792755126953,0.10329873114824295,0.10329873114824295,0.0,337.4600524902344,0.5968740582466125,0.5968740582466125,0.2530190050601959,0.16848737001419067,6.022506237030029,0.13580584526062012,16.06952667236328,1.303169846534729,1.5604661703109741,0.056653011590242386,0.0825495570898056,366.9284973144531,246.05157470703125,0.24020996689796448,0.4071073532104492,0.09372889995574951,0.0556279793381691,19.963735580444336,0.1407882571220398,-0.9157342314720154,0.33528727293014526,0.9662057757377625,0.06737274676561356,0.0796244814991951,0.0,481.15911865234375,0.4218669831752777,0.4280903935432434,0.27909553050994873,0.13623254001140594,19.087810516357422,0.12400743365287781,13.004300117492676,1.1224645376205444,1.6431907415390015,0.09730806946754456,0.10240300744771957,0.0,389.2452087402344,0.6375662684440613,0.6375662684440613,0.39198338985443115,0.2286747246980667,23.158456802368164,0.12715867161750793,18.535486221313477,1.519744873046875,2.361314296722412,0.12658488750457764,0.1363699734210968,0.0,514.4632568359375,0.17433130741119385,0.18557921051979065,0.0794304758310318,0.05120464041829109,18.424840927124023,0.12717226147651672,24.498249053955078,2.4001667499542236,2.874227285385132
2016,1,41.77071830017534,81.93430523507192,8331.683,1215.0,2.652597188949585,69.54913330078125,23.999366760253906,23.604488372802734,1.3921211957931519,8.100000381469727,15.254687309265137,0.09594517201185226,0.09594517201185226,10.178744316101074,194.53274536132812,0.14573392271995544,0.14573392271995544,0.1133635938167572,0.042445193976163864,23.06528091430664,0.21702151000499725,8.778761863708496,0.6486297845840454,0.8906625509262085,0.04179399833083153,0.07202476263046265,888.5033569335938,71.65709686279297,0.277269184589386,0.32193461060523987,0.142910435795784,0.05734989047050476,37.32838439941406,0.21395288407802582,-6.188229084014893,0.2065550684928894,0.5222693085670471,0.06898219883441925,0.08496180921792984,31.598188400268555,328.0136413574219,0.10201450437307358,0.12915752828121185,0.13642747700214386,0.032097455114126205,30.95705795288086,0.18398280441761017,8.011228561401367,0.7467610836029053,1.135466456413269,0.11481231451034546,0.12344305217266083,3.3256924152374268,255.78355407714844,0.7707855105400085,0.7707855105400085,0.48521262407302856,0.30072709918022156,37.0460090637207,0.19797004759311676,12.02180290222168,0.9242902398109436,1.3287972211837769,0.16188862919807434,0.174870103597641,0.19040638208389282,405.116943359375,0.22673897445201874,0.2421512007713318,0.1411212682723999,0.0685005784034729,37.07075881958008,0.17941723763942719,19.282217025756836,1.693298578262329,2.3190832138061523
2016,1,39.306730535567475,76.37031920440111,8355.524,1244.0,2.2074766159057617,147.1297607421875,30.68161964416504,24.64821434020996,1.3907620906829834,6.974441051483154,13.346757888793945,0.11717167496681213,0.11717167496681213,0.7645406126976013,355.9438171386719,0.4942018985748291,0.4942018985748291,0.17741180956363678,0.17968642711639404,5.15681791305542,0.14827792346477509,16.913299560546875,1.4365649223327637,1.722695231437683,0.06089096888899803,0.08368093520402908,363.0741271972656,283.35308837890625,0.3777712881565094,0.4692559540271759,0.1888572871685028,0.09431248903274536,21.409860610961914,0.16380666196346283,-0.6039472222328186,0.34431958198547363,1.0382578372955322,0.08120767772197723,0.09466962516307831,6.6514129638671875,518.0806274414062,0.5565261840820312,0.594943642616272,0.36301523447036743,0.20816048979759216,15.843523979187012,0.14882121980190277,13.822410583496094,1.2167232036590576,1.7589375972747803,0.11068896949291229,0.11505767703056335,0.15520772337913513,409.5932312011719,0.6923662424087524,0.6923662424087524,0.4574624300003052,0.28146278858184814,16.180206298828125,0.14276720583438873,19.497047424316406,1.6777458190917969,2.5321569442749023,0.1382448673248291,0.14913499355316162,0.0,539.1359252929688,0.1858963668346405,0.1992848813533783,0.08354564011096954,0.05515852943062782,12.453688621520996,0.13965661823749542,25.673139572143555,2.6661949157714844,3.1720669269561768
2016,1,39.004086887969045,76.22721773339393,8368.692,1264.0,3.5759341716766357,90.0,23.873950958251953,30.445531845092773,1.404679775238037,7.400000095367432,14.684925079345703,0.09362591803073883,0.09362591803073883,4.126150608062744,279.6295471191406,0.5607261657714844,0.5607261657714844,0.2786628305912018,0.16939814388751984,12.257913589477539,0.16267438232898712,13.119209289550781,1.07522714138031,1.3116012811660767,0.05383380502462387,0.07902933657169342,600.5238037109375,187.0448455810547,0.31607145071029663,0.3563714921474457,0.0919860228896141,0.08200396597385406,28.48399543762207,0.1642661690711975,-3.1324164867401123,0.29321882128715515,0.8269214034080505,0.0615541972219944,0.0743265151977539,35.89702224731445,391.37579345703125,0.548773467540741,0.5558378100395203,0.3491010367870331,0.185390442609787,28.734235763549805,0.14971274137496948,9.607534408569336,0.9190135598182678,1.3680862188339233,0.0914832130074501,0.0961773544549942,0.8376408219337463,327.051513671875,0.6939904689788818,0.6939904689788818,0.42352205514907837,0.2590999901294708,29.275781631469727,0.14259855449199677,15.5339937210083,1.2588372230529785,1.9927806854248047,0.11677493900060654,0.12470535188913345,0.0,445.52557373046875,0.16405215859413147,0.17327697575092316,0.07539194077253342,0.04764082655310631,30.381877899169922,0.14919427037239075,21.215503692626953,1.9847662448883057,2.4004645347595215
2016,1,37.974079135633595,77.40975795546461,8386.002,1307.0,3.0182173252105713,337.0785827636719,34.969505310058594,23.84751319885254,1.368405818939209,7.880029678344727,12.308719635009766,0.0865388810634613,0.0865388810634613,0.0,333.20892333984375,0.13220687210559845,0.13220687210559845,0.021721933037042618,0.03628033772110939,6.098865032196045,0.1137051209807396,15.867091178894043,1.188856840133667,1.4815459251403809,0.05706087499856949,0.07082744687795639,355.4774169921875,264.0311279296875,0.18931351602077484,0.2907295525074005,0.06080197915434837,0.05185939744114876,15.570093154907227,0.1164383739233017,-0.6927749514579773,0.3519234359264374,0.9828357696533203,0.07348109036684036,0.08399159461259842,0.7128068208694458,495.5201110839844,0.39887934923171997,0.46490588784217834,0.19089244306087494,0.13241112232208252,11.746383666992188,0.0989895612001419,13.373170852661133,1.14235258102417,1.676992416381836,0.09217943996191025,0.09526572376489639,0.0,390.29437255859375,0.5921041369438171,0.5921041369438171,0.2911984324455261,0.200550377368927,25.622737884521484,0.10615251958370209,18.585445404052734,1.4945014715194702,2.360063314437866,0.10852228105068207,0.11410089582204819,0.0,513.6953125,0.48550957441329956,0.48550957441329956,0.12296359986066818,0.1437353640794754,9.116398811340332,0.09762675315141678,24.461681365966797,2.293565511703491,2.7511465549468994
2016,1,38.959888278327305,76.03264039982577,8449.484,1371.0,2.5578253269195557,68.75428771972656,30.28359031677246,24.7233943939209,1.3974621295928955,7.599999904632568,12.006461143493652,0.08697635680437088,0.08697635680437088,7.698069095611572,234.49612426757812,0.4021749198436737,0.4021749198436737,0.1311466246843338,0.11617330461740494,17.074155807495117,0.1859639286994934,10.799907684326172,0.9064193367958069,1.124067783355713,0.05188784375786781,0.07683170586824417,793.9571533203125,145.377685546875,0.23421792685985565,0.28987711668014526,0.0415189266204834,0.0532107912003994,34.524715423583984,0.18434211611747742,-4.913480758666992,0.25997766852378845,0.7202187776565552,0.0572529062628746,0.07027322053909302,66.97229766845703,322.8831787109375,0.3591275215148926,0.3667462468147278,0.1725110411643982,0.11245470494031906,35.8077507019043,0.17153775691986084,6.916510581970215,0.7678516507148743,1.1605571508407593,0.08720008283853531,0.09169112145900726,1.5627683401107788,278.08953857421875,0.5151926875114441,0.5151926875114441,0.243839293718338,0.18276071548461914,33.564727783203125,0.1570100337266922,13.167941093444824,1.0654346942901611,1.713483452796936,0.1101670041680336,0.11690965294837952,0.0,391.2974548339844,0.15716436505317688,0.16504012048244476,0.07269317656755447,0.04525607451796532,40.0922966003418,0.1700010597705841,18.633211135864258,1.675036907196045,2.047088623046875
2016,1,39.205937015355396,76.38648790482091,8458.006,1242.0,3.02567195892334,307.7712707519531,29.635265350341797,26.824350357055664,1.3610016107559204,6.475024223327637,13.697912216186523,0.11089683324098587,0.11089683324098587,1.0185856819152832,341.9292907714844,0.5729196667671204,0.5729196667671204,0.3021184504032135,0.17816612124443054,6.244208812713623,0.14717479050159454,16.233842849731445,1.3595783710479736,1.632186770439148,0.05898730829358101,0.08287262916564941,394.2685852050781,262.54931640625,0.16249620914459229,0.2164032906293869,0.05012167990207672,0.03869565948843956,21.875120162963867,0.1583174467086792,-0.9978733062744141,0.33572787046432495,0.9943913221359253,0.07536066323518753,0.08842279016971588,8.86157512664795,493.3809814453125,0.4819060266017914,0.4842468500137329,0.30139753222465515,0.16402025520801544,18.204435348510742,0.14293882250785828,13.095118522644043,1.1571331024169922,1.682489275932312,0.10501410067081451,0.10961348563432693,0.20678088068962097,394.3089294433594,0.6506157517433167,0.6506157517433167,0.393926203250885,0.24763664603233337,19.490734100341797,0.13909052312374115,18.766769409179688,1.5875957012176514,2.423776865005493,0.13278897106647491,0.1430620551109314,0.0,521.4092407226562,0.1804257035255432,0.19278912246227264,0.0815659835934639,0.05328277871012688,16.182571411132812,0.1380598545074463,24.829010009765625,2.5171356201171875,3.004155158996582
2016,1,37.981084383388556,77.48009581548168,8458.679,1303.0,1.497944951057434,308.24566650390625,33.68634796142578,22.93338966369629,1.383081316947937,7.599999904632568,9.49262809753418,0.08904653787612915,0.08904653787612915,0.0,344.45556640625,0.13522987067699432,0.13522987067699432,0.017047442495822906,0.03721381723880768,4.816926002502441,0.10895619541406631,16.402645111083984,1.2385046482086182,1.54008948802948,0.05841097608208656,0.07083342224359512,316.181396484375,281.75555419921875,0.264907568693161,0.264907568693161,0.04644516855478287,0.07424427568912506,14.47661018371582,0.11417829245328903,-0.26080185174942017,0.3620348572731018,1.0167487859725952,0.07721848040819168,0.08802163600921631,0.15586629509925842,518.5411376953125,0.4837549030780792,0.59476637840271,0.26005327701568604,0.1646740734577179,9.237178802490234,0.09758443385362625,14.01041316986084,1.1911628246307373,1.738709807395935,0.09528481960296631,0.0982188880443573,0.0,401.97003173828125,0.6115338802337646,0.6115338802337646,0.3174063265323639,0.2069116085767746,23.584226608276367,0.10648046433925629,19.141429901123047,1.5530771017074585,2.43326473236084,0.11075020581483841,0.11639454215765,0.0,527.48876953125,0.5048667788505554,0.5048667788505554,0.13942775130271912,0.1522994339466095,5.882236480712891,0.09477837383747101,25.118513107299805,2.39290452003479,2.854675769805908
2016,1,41.82218970363526,81.97553854251314,8473.306,1258.0,2.7802884578704834,-0.0,29.724090576171875,18.78155517578125,1.3899999856948853,8.0,20.951725006103516,0.09445358067750931,0.09445358067750931,11.324532508850098,186.49673461914062,0.14595060050487518,0.14595060050487518,0.1251341849565506,0.042513489723205566,23.46769142150879,0.22421829402446747,8.341533660888672,0.6333398222923279,0.8706586956977844,0.040672365576028824,0.06962932646274567,932.1066284179688,69.64838409423828,0.18225127458572388,0.2853897511959076,0.0623723529279232,0.035060565918684006,39.01015090942383,0.2223362922668457,-6.5337748527526855,0.20169679820537567,0.5126367807388306,0.06675304472446442,0.08262949436903,35.1694450378418,313.7779235839844,0.10006547719240189,0.12745323777198792,0.1570340096950531,0.03208528831601143,32.2326774597168,0.19325202703475952,7.529958724975586,0.7240943908691406,1.1048681735992432,0.11381320655345917,0.12315715104341507,3.66624116897583,245.77597045898438,0.40373632311820984,0.40373632311820984,0.23346970975399017,0.126669779419899,37.26875686645508,0.20642195641994476,11.529034614562988,0.8982850909233093,1.283630132675171,0.1636890321969986,0.17724768817424774,0.20990388095378876,393.9305419921875,0.431484192609787,0.431484192609787,0.25924965739250183,0.13658028841018677,39.456214904785156,0.1900387853384018,18.74860191345215,1.6389046907424927,2.253899335861206
2016,1,39.21483292195701,76.33420494496926,8481.6875,1246.0,2.2066256999969482,327.16400146484375,22.528854370117188,27.004453659057617,1.3922011852264404,7.006987571716309,12.12130069732666,0.10984919220209122,0.10984919220209122,1.4422227144241333,335.0772705078125,0.36708471179008484,0.36708471179008484,0.0854790136218071,0.11165923625230789,7.064495086669922,0.15024705231189728,15.887383460998535,1.331184983253479,1.6036187410354614,0.05869879946112633,0.08218677341938019,420.121337890625,254.37718200683594,0.21703383326530457,0.23751838505268097,0.04146697744727135,0.04001734033226967,23.38643455505371,0.16173532605171204,-1.255637526512146,0.3307277262210846,0.9783720970153809,0.075162872672081,0.08843417465686798,12.547167778015137,482.41644287109375,0.5052539706230164,0.5052539706230164,0.2927142083644867,0.1762598156929016,19.557889938354492,0.14674393832683563,12.699169158935547,1.13088858127594,1.6478683948516846,0.10477756708860397,0.1092316135764122,0.2927825152873993,387.1733703613281,0.6254624724388123,0.6254624724388123,0.4058060348033905,0.2349676787853241,20.197769165039062,0.14076164364814758,18.422883987426758,1.5555201768875122,2.3787999153137207,0.13153864443302155,0.1414894014596939,0.0,513.5870971679688,0.17906437814235687,0.19114871323108673,0.08098861575126648,0.05280652642250061,17.306964874267578,0.13984806835651398,24.456527709960938,2.4676644802093506,2.9474611282348633
2016,1,37.97515377898747,77.45045171167835,8483.961,1308.0,0.0,-0.0,33.771629333496094,23.39969825744629,1.3799999952316284,7.805983066558838,10.660405158996582,0.08786813169717789,0.08786813169717789,0.0,339.4090270996094,0.13380229473114014,0.13380229473114014,0.019019246101379395,0.036781203001737595,5.383484840393066,0.11075638234615326,16.162334442138672,1.2157684564590454,1.5136659145355225,0.0577886700630188,0.07075221836566925,333.3128356933594,273.6761169433594,0.2874967157840729,0.3356003761291504,0.060079481452703476,0.08013162761926651,14.973360061645508,0.11487540602684021,-0.451793372631073,0.3576169013977051,1.0015816688537598,0.07549791038036346,0.08614640682935715,0.39120766520500183,508.2746887207031,0.4640624225139618,0.5384747982025146,0.250106543302536,0.15291191637516022,10.33157730102539,0.0979113057255745,13.726580619812012,1.1690469980239868,1.7106274366378784,0.09382279962301254,0.0968332588672638,0.0,396.7362365722656,0.6566948294639587,0.6566948294639587,0.34877997636795044,0.22676675021648407,24.53169822692871,0.10610459744930267,18.892200469970703,1.5264942646026611,2.4000587463378906,0.10969866812229156,0.11530362069606781,0.0,521.3279418945312,0.6938837766647339,0.6938837766647339,0.315776526927948,0.22343744337558746,7.259455680847168,0.09569497406482697,24.82513999938965,2.3479175567626953,2.808478832244873
2016,1,38.20314761585015,76.97856734269745,8488.748,1327.0,1.8543341159820557,-0.0,30.56138801574707,22.088367462158203,1.3799999952316284,7.394266605377197,13.122563362121582,0.07813963294029236,0.07813963294029236,0.0,292.0379943847656,0.12198483943939209,0.12198483943939209,0.03987634927034378,0.032434336841106415,10.630987167358398,0.13861486315727234,13.906571388244629,1.0188708305358887,1.2572842836380005,0.05207705497741699,0.07504875212907791,491.841796875,196.22854614257812,0.17570962011814117,0.37615862488746643,0.05675743147730827,0.046643394976854324,19.884681701660156,0.13095438480377197,-2.2394943237304688,0.31107351183891296,0.8462241888046265,0.058223657310009,0.06912147253751755,2.3217062950134277,407.22259521484375,0.4363270699977875,0.4459414780139923,0.19449980556964874,0.13205783069133759,23.54172706604004,0.11080940067768097,10.943267822265625,0.9581146836280823,1.4478535652160645,0.0820012241601944,0.08570736646652222,0.0,345.5824279785156,0.4330216944217682,0.43419012427330017,0.26208046078681946,0.15461082756519318,32.8124885559082,0.11250890791416168,16.45630645751953,1.2608723640441895,2.070446014404297,0.10185075551271439,0.10756810009479523,0.0,460.7911071777344,0.4462871253490448,0.44681283831596375,0.10960370302200317,0.18083378672599792,25.556907653808594,0.11948417872190475,21.942434310913086,1.9158250093460083,2.314039707183838
2016,1,41.8267736595182,82.0380595983835,8497.088,1285.0,2.232743263244629,146.1385955810547,30.327129364013672,20.007936477661133,1.4247428178787231,8.084320068359375,14.830862998962402,0.0938100591301918,0.0938100591301918,10.296878814697266,190.99334716796875,0.14517465233802795,0.14517465233802795,0.12530386447906494,0.0423656590282917,22.381872177124023,0.22047564387321472,8.604593276977539,0.6550554037094116,0.900071382522583,0.04093295708298683,0.06912774592638016,916.5059204101562,73.70166015625,0.18332567811012268,0.3078727424144745,0.017414515838027,0.03508150577545166,38.358516693115234,0.2219662368297577,-6.384880542755127,0.20344728231430054,0.5183343291282654,0.0657571479678154,0.08140803873538971,32.00157165527344,321.81976318359375,0.0986645296216011,0.12550656497478485,0.1568586528301239,0.0317729115486145,31.034914016723633,0.19196046888828278,7.832923889160156,0.7443728446960449,1.133826494216919,0.11260819435119629,0.12208247929811478,3.2779221534729004,251.30709838867188,0.16439303755760193,0.17979755997657776,0.1625319868326187,0.052234403789043427,35.426185607910156,0.20364348590373993,11.8109130859375,0.9269453287124634,1.311454176902771,0.16251187026500702,0.17611537873744965,0.18767137825489044,400.6105651855469,0.22941575944423676,0.24614907801151276,0.15060025453567505,0.06932762265205383,38.23875427246094,0.1890179067850113,19.06775665283203,1.6829147338867188,2.3168718814849854
2016,1,39.306730535567475,76.26279244159832,8515.025,1255.0,1.8543341159820557,180.0,33.59850311279297,24.1500186920166,1.4199999570846558,6.9741740226745605,13.347107887268066,0.11333685368299484,0.11333685368299484,1.3978725671768188,340.10723876953125,0.15105892717838287,0.15105892717838287,0.06746669858694077,0.03072684071958065,6.9647908210754395,0.15237489342689514,16.129016876220703,1.3613462448120117,1.6459345817565918,0.05979778617620468,0.08186764270067215,411.41162109375,260.8849792480469,0.23462139070034027,0.3422822952270508,0.07034941762685776,0.05814122408628464,24.75063705444336,0.16802233457565308,-1.1403534412384033,0.3333602547645569,0.9977767467498779,0.07949849963188171,0.09337688982486725,12.16132640838623,491.3035888671875,0.5193564891815186,0.543269693851471,0.3241790235042572,0.18736302852630615,19.174100875854492,0.15368647873401642,12.949790954589844,1.150134563446045,1.6732983589172363,0.10892339050769806,0.1129927784204483,0.2837790846824646,393.2320556640625,0.7032004594802856,0.7032004594802856,0.45517218112945557,0.27313360571861267,18.498775482177734,0.14365823566913605,18.711822509765625,1.5922151803970337,2.419675588607788,0.13409772515296936,0.14408552646636963,0.0,520.9805908203125,0.1814802587032318,0.19398380815982819,0.08174464106559753,0.05362163484096527,15.103425979614258,0.14039741456508636,24.8085994720459,2.533057689666748,3.0201663970947266
2016,1,39.21105606336475,76.0695617565483,8571.52,1282.0,2.392673969268799,90.0,28.712148666381836,26.119598388671875,1.4068877696990967,7.800000190734863,10.847204208374023,0.10126790404319763,0.10126790404319763,3.7956924438476562,292.2530822753906,0.14785726368427277,0.14785726368427277,0.06293371319770813,0.04067136347293854,11.894585609436035,0.16583794355392456,13.736066818237305,1.1445872783660889,1.4092720746994019,0.05624794214963913,0.07821568846702576,571.2376098632812,201.40541076660156,0.29931217432022095,0.4264652729034424,0.12310166656970978,0.0718158483505249,31.50010108947754,0.17692342400550842,-2.8017590045928955,0.30028030276298523,0.8727720975875854,0.07121583819389343,0.08537568151950836,33.02207565307617,412.8052978515625,0.49708467721939087,0.5116401314735413,0.29230859875679016,0.15690834820270538,27.798229217529297,0.1637604832649231,10.264410972595215,0.9641616344451904,1.4289137125015259,0.10071495175361633,0.10452808439731598,0.770555317401886,342.2180480957031,0.6770144701004028,0.6770144701004028,0.44511738419532776,0.24841980636119843,25.53177261352539,0.14774298667907715,16.2594051361084,1.3431308269500732,2.089789628982544,0.1223117783665657,0.1302778571844101,0.0,463.8220520019531,0.16925270855426788,0.17937369644641876,0.07699726521968842,0.04939299449324608,25.060823440551758,0.14852257072925568,22.08676528930664,2.135042428970337,2.56772518157959
2016,1,38.16703781551935,77.14915917169914,8586.006,1316.0,2.5334980487823486,68.53994750976562,37.816490173339844,21.786991119384766,1.3850113153457642,7.655428886413574,11.1519775390625,0.08364653587341309,0.08364653587341309,0.0,313.38360595703125,0.1288096010684967,0.1288096010684967,0.03312371298670769,0.034676652401685715,8.446298599243164,0.13307370245456696,14.923028945922852,1.1173301935195923,1.3759392499923706,0.054996050894260406,0.07480397820472717,430.8318176269531,233.74159240722656,0.25280728936195374,0.26487889885902405,0.04303956404328346,0.04294457286596298,17.54731559753418,0.13042022287845612,-1.4931076765060425,0.3295072913169861,0.9150452613830566,0.06690336018800735,0.0781937688589096,1.752468466758728,451.3858642578125,0.5233080387115479,0.53029865026474,0.2560792565345764,0.17137488722801208,18.27762794494629,0.11143253743648529,12.152254104614258,1.057589054107666,1.5743789672851562,0.08877848833799362,0.09200216084718704,0.0,368.5022277832031,0.4292164146900177,0.4308583736419678,0.2558911442756653,0.15197086334228516,28.39150047302246,0.11449762433767319,17.547725677490234,1.386627197265625,2.226276159286499,0.1064893901348114,0.11236763745546341,0.0,487.4463806152344,0.4451609253883362,0.4469088017940521,0.15418963134288788,0.16485896706581116,18.91205406188965,0.11646366864442825,23.211732864379883,2.1190154552459717,2.5308072566986084
2016,1,39.36305344097355,76.1644246723593,8590.072,1257.0,1.516013264656067,52.29085922241211,27.095375061035156,26.992084503173828,1.3899999856948853,7.5,10.203567504882812,0.11310476064682007,0.11310476064682007,1.4006184339523315,336.3412170410156,0.439458429813385,0.439458429813385,0.22691082954406738,0.17628085613250732,7.699902534484863,0.15369462966918945,15.949552536010742,1.340869426727295,1.6333955526351929,0.05979583412408829,0.08055153489112854,419.1825256347656,252.23509216308594,0.2112048715353012,0.29879605770111084,0.07447699457406998,0.04906277358531952,27.337966918945312,0.17214564979076385,-1.2647532224655151,0.3305540084838867,0.9905983805656433,0.08109964430332184,0.0956074669957161,12.18521499633789,484.1102600097656,0.5130654573440552,0.5147466063499451,0.31583699584007263,0.1818433254957199,20.656587600708008,0.1584511250257492,12.754730224609375,1.1281408071517944,1.6471220254898071,0.1103733479976654,0.11402201652526855,0.28433650732040405,390.123779296875,0.6755228042602539,0.6755228042602539,0.4124118387699127,0.25805050134658813,18.828542709350586,0.14404430985450745,18.563783645629883,1.5704410076141357,2.3902902603149414,0.13310347497463226,0.14255642890930176,0.0,517.8860473632812,0.18023204803466797,0.19244571030139923,0.08109510689973831,0.05317150428891182,14.699670791625977,0.13852880895137787,24.661239624023438,2.504857301712036,2.986945390701294
2016,1,39.66596463463519,75.80626521664547,8605.229,1687.0,1.204704761505127,90.0,34.97437286376953,24.1202449798584,1.3876903057098389,8.0,12.418522834777832,0.10077720135450363,0.10077720135450363,1.4754259586334229,269.5249328613281,0.19190484285354614,0.2545509934425354,0.08993189036846161,0.03375646471977234,13.599872589111328,0.1772894263267517,12.764262199401855,1.0398308038711548,1.3187998533248901,0.05313091725111008,0.06915168464183807,644.196533203125,164.61822509765625,0.13975127041339874,0.16985727846622467,-0.03368721529841423,0.030593615025281906,43.17756271362305,0.2001085728406906,-3.633168935775757,0.279112845659256,0.814176619052887,0.07214851677417755,0.09132027626037598,26.740686416625977,370.1315612792969,0.2139497548341751,0.22628659009933472,0.07911642640829086,0.062255583703517914,38.816566467285156,0.19403019547462463,9.280834197998047,0.8553285002708435,1.2924615144729614,0.1055469810962677,0.10974954068660736,0.37747693061828613,318.6116027832031,0.23193225264549255,0.23262067139148712,0.05191098898649216,0.08280175924301147,33.00093460083008,0.17457467317581177,15.15400505065918,1.2084953784942627,1.8907039165496826,0.12504109740257263,0.13259710371494293,0.0,443.5358581542969,0.2656899094581604,0.2656899094581604,0.09770316630601883,0.07992101460695267,28.579998016357422,0.15956160426139832,21.120756149291992,1.9603403806686401,2.3663346767425537
2016,1,41.84374945722867,84.21287911877644,8625.507,1003.0,2.2329235076904297,213.86830139160156,36.230072021484375,22.244165420532227,1.4299441576004028,8.100000381469727,14.647584915161133,0.09526892006397247,0.09526892006397247,3.4641313552856445,247.16493225097656,0.4330146610736847,0.5547234416007996,0.20225588977336884,0.12933208048343658,12.706435203552246,0.13439443707466125,11.6048002243042,0.9749531745910645,1.3699288368225098,0.03421784192323685,0.05731185898184776,880.482177734375,140.0730743408203,0.19790557026863098,0.436497300863266,0.22064219415187836,0.0616905614733696,29.704736709594727,0.15858891606330872,-5.609159469604492,0.20936094224452972,0.631373941898346,0.06381408125162125,0.07504695653915405,4.763412952423096,434.3590393066406,0.4746118485927582,0.5553750991821289,0.3126901090145111,0.14586246013641357,20.84772491455078,0.12753014266490936,11.610692977905273,1.0902318954467773,1.5489630699157715,0.10029004514217377,0.1117134615778923,0.01428933721035719,318.9935302734375,0.7002899050712585,0.7990274429321289,0.4292193353176117,0.29130929708480835,18.847545623779297,0.12599840760231018,15.189488410949707,1.3552062511444092,1.8216242790222168,0.15571439266204834,0.16503436863422394,0.0,476.89031982421875,0.5013571381568909,0.5983093976974487,0.263444721698761,0.15769189596176147,29.813993453979492,0.1244349256157875,22.709062576293945,2.2755587100982666,3.0804367065429688
2016,1,39.51801166168184,76.12265181369062,8633.799,1293.0,1.5181270837783813,52.3525390625,34.168052673339844,25.07500648498535,1.350000023841858,7.800000190734863,13.885316848754883,0.118479423224926,0.118479423224926,0.26128122210502625,351.0743713378906,0.16817747056484222,0.16817747056484222,0.07465586066246033,0.04760034382343292,6.489063262939453,0.15114876627922058,16.705385208129883,1.4062360525131226,1.7176687717437744,0.061275415122509,0.0799945816397667,367.7285461425781,266.4580383300781,0.21261782944202423,0.28457412123680115,0.02600358985364437,0.04454401880502701,28.3002872467041,0.17596746981143951,-0.767200767993927,0.3398502767086029,1.0329428911209106,0.08699961751699448,0.10244152694940567,3.344528913497925,507.16741943359375,0.4180203676223755,0.42127901315689087,0.15784142911434174,0.13224352896213531,19.50658416748047,0.16306577622890472,13.616835594177246,1.1772242784500122,1.7145215272903442,0.11632561683654785,0.1196397989988327,0.07726459950208664,406.811767578125,0.5942236185073853,0.5957590937614441,0.3230269253253937,0.19675108790397644,16.69166374206543,0.146269753575325,19.368309020996094,1.6461092233657837,2.486407995223999,0.1376732736825943,0.14742745459079742,0.0,537.6746215820312,0.18497787415981293,0.1980562061071396,0.08232211321592331,0.054630346596241,10.319232940673828,0.13500714302062988,25.603553771972656,2.6371548175811768,3.1356356143951416
2016,1,39.494298162279634,75.9261927394779,8655.745,1306.0,3.704791784286499,-0.0,31.200115203857422,22.96991539001465,1.37920081615448,8.0,11.689401626586914,0.11026690900325775,0.11026690900325775,0.09747812151908875,331.8047790527344,0.1592583954334259,0.1592583954334259,0.06748434156179428,0.04390871524810791,8.995813369750977,0.14746659994125366,15.795585632324219,1.2832305431365967,1.6000618934631348,0.05913648009300232,0.07639866322278976,387.92474365234375,224.4411163330078,0.11913774162530899,0.16283732652664185,-0.02829226478934288,0.025777949020266533,33.904396057128906,0.17336741089820862,-1.2385122776031494,0.3284431993961334,0.9773961901664734,0.08380674570798874,0.10003068298101425,0.8480481505393982,469.5631103515625,0.21344557404518127,0.24306392669677734,0.09072277694940567,0.05938885733485222,24.515398025512695,0.16080020368099213,12.667974472045898,1.0713897943496704,1.5869680643081665,0.1126944050192833,0.11518344283103943,0.019788822159171104,388.44781494140625,0.3695746958255768,0.3695746958255768,0.15596239268779755,0.11906801164150238,20.697660446166992,0.13641300797462463,18.496572494506836,1.5086032152175903,2.324857234954834,0.1283026486635208,0.13596881926059723,0.0,516.589111328125,0.17467834055423737,0.185686394572258,0.07850279659032822,0.05120205134153366,12.119104385375977,0.12217448651790619,24.599483489990234,2.424774408340454,2.8937020301818848
2016,1,39.520709417819184,75.97416374861088,8660.175,1340.0,3.719176769256592,255.57986450195312,34.49223327636719,23.41777992248535,1.4137037992477417,7.933067321777344,12.322359085083008,0.11194135993719101,0.11194135993719101,0.24613156914710999,332.3154296875,0.161033034324646,0.161033034324646,0.0680880919098854,0.04463449493050575,8.632299423217773,0.15105977654457092,15.812823295593262,1.2991418838500977,1.611551284790039,0.059298332780599594,0.07681319862604141,403.1325988769531,231.7310333251953,0.32251471281051636,0.4073471426963806,0.08435528725385666,0.0824909582734108,33.10432815551758,0.1765420138835907,-1.2984967231750488,0.327680766582489,0.9802621006965637,0.08388657122850418,0.10012833029031754,3.6131539344787598,472.3725280761719,0.5457776188850403,0.6008402109146118,0.2891935706138611,0.22095559537410736,24.29387664794922,0.16442342102527618,12.669172286987305,1.08440101146698,1.5998667478561401,0.11326141655445099,0.1161246970295906,0.06932029128074646,388.080322265625,0.7610082030296326,0.7610082030296326,0.4641074538230896,0.3392842411994934,20.579439163208008,0.14269836246967316,18.476713180541992,1.523984432220459,2.3360891342163086,0.1307995617389679,0.13906383514404297,0.0,516.8096313476562,0.17779001593589783,0.189416766166687,0.07963865995407104,0.05208604410290718,12.95412826538086,0.12906736135482788,24.609981536865234,2.448892593383789,2.9212660789489746
2016,1,37.92394992159075,77.34535069984864,8668.032,1330.0,1.1756186485290527,270.0,33.880130767822266,21.12359619140625,1.3761546611785889,7.626678466796875,11.635066032409668,0.08279114961624146,0.08279114961624146,0.0,318.62945556640625,0.127635657787323,0.127635657787323,0.026656100526452065,0.03498015180230141,7.697268486022949,0.1166088804602623,15.172831535339355,1.1199061870574951,1.4049551486968994,0.05517381802201271,0.06989791244268417,402.6393737792969,240.16514587402344,0.3035314381122589,0.3424895703792572,0.08468487858772278,0.0901321992278099,17.020105361938477,0.11630960553884506,-1.230865478515625,0.3400559723377228,0.9400550127029419,0.06836411356925964,0.07820918411016464,1.3378921747207642,466.45745849609375,0.38301724195480347,0.47440117597579956,0.21205587685108185,0.12236364930868149,14.57402515411377,0.09783922135829926,12.570798873901367,1.0776073932647705,1.5938942432403564,0.08750180155038834,0.09084998816251755,0.0,375.32269287109375,0.507757842540741,0.507757842540741,0.2741914987564087,0.16076578199863434,28.558788299560547,0.10333487391471863,17.872509002685547,1.4172084331512451,2.263448715209961,0.10510578751564026,0.11049246042966843,0.0,496.20172119140625,0.41759753227233887,0.41759753227233887,0.06435485184192657,0.12305273860692978,12.403707504272461,0.09756895899772644,23.628652572631836,2.162163734436035,2.622654676437378
2016,1,39.36413254342848,75.82917161875703,8696.92,1342.0,1.5160284042358398,232.2913055419922,34.48575210571289,25.28139877319336,1.373315691947937,7.863498210906982,9.904587745666504,0.1003606840968132,0.1003606840968132,2.7773118019104004,289.5693054199219,0.14771364629268646,0.14771364629268646,0.059645362198352814,0.03980383649468422,13.074247360229492,0.16226701438426971,13.656761169433594,1.105723261833191,1.3961784839630127,0.05616413801908493,0.07450240105390549,546.1838989257812,179.93466186523438,0.40463462471961975,0.5043417811393738,0.1678655743598938,0.10253093391656876,37.8555793762207,0.18153034150600433,-2.774615526199341,0.29882651567459106,0.8679395318031311,0.07545221596956253,0.0913555771112442,24.16228485107422,402.87786865234375,0.6232510209083557,0.6232510209083557,0.39112725853919983,0.24688728153705597,31.0644474029541,0.1696804016828537,10.235556602478027,0.9213137030601501,1.3845731019973755,0.10453568398952484,0.10718192160129547,0.5638160109519958,342.32891845703125,0.6695469617843628,0.6695469617843628,0.43150442838668823,0.25843319296836853,26.413286209106445,0.14310801029205322,16.27452850341797,1.3031666278839111,2.0463788509368896,0.11930720508098602,0.12575235962867737,0.0,464.74334716796875,0.16553741693496704,0.17480561137199402,0.07509958744049072,0.04805717617273331,22.10489845275879,0.13559487462043762,22.13063621520996,2.0901784896850586,2.514047384262085
2016,1,39.43878235416423,75.87390977962625,8717.477,1315.0,0.0,-0.0,30.474063873291016,24.760601043701172,1.4099653959274292,7.814198970794678,11.957213401794434,0.10545286536216736,0.10545286536216736,1.1665432453155518,312.7497863769531,0.3829881548881531,0.3829881548881531,0.15787316858768463,0.09475956857204437,10.860957145690918,0.15321671962738037,14.837297439575195,1.1995302438735962,1.505557656288147,0.05770086124539375,0.07531138509511948,454.9096374511719,202.59776306152344,0.2804485559463501,0.33968111872673035,0.05936484783887863,0.06269802898168564,35.95439910888672,0.1763906031847,-1.9114536046981812,0.31524237990379333,0.9273095726966858,0.0799809992313385,0.09613217413425446,10.148788452148438,438.8587646484375,0.5048567056655884,0.5165882706642151,0.28110769391059875,0.16498835384845734,27.658950805664062,0.16415244340896606,11.586756706237793,1.0006388425827026,1.4927761554718018,0.10894350707530975,0.11145361512899399,0.23681741952896118,367.8223571777344,0.7113624215126038,0.7113624215126038,0.3995720446109772,0.2584863007068634,23.462316513061523,0.1384866088628769,17.504074096679688,1.4119139909744263,2.1959450244903564,0.12382907420396805,0.1308358758687973,0.0,493.3896789550781,0.17010141909122467,0.1802314817905426,0.07677469402551651,0.04962468892335892,16.4580135345459,0.1267509162425995,23.494747161865234,2.268244743347168,2.7160637378692627
2016,1,38.15948855743587,77.2491411355195,8725.281,1281.0,1.5002001523971558,231.8222198486328,33.27168273925781,23.055103302001953,1.3607566356658936,7.699999809265137,12.923009872436523,0.0871291235089302,0.0871291235089302,0.0,327.3136901855469,0.1330936849117279,0.1330936849117279,0.02836957573890686,0.03604472801089287,6.972109317779541,0.12904797494411469,15.586365699768066,1.1811565160751343,1.4517621994018555,0.05683658644556999,0.07480604946613312,388.4038391113281,257.45538330078125,0.1558682918548584,0.3864181637763977,0.06620536744594574,0.053190264850854874,16.076982498168945,0.12957660853862762,-0.9920337796211243,0.3415663242340088,0.9588253498077393,0.07224306464195251,0.08385857939720154,1.282656192779541,480.0128479003906,0.5354493260383606,0.5434285998344421,0.2887040972709656,0.17085087299346924,15.002880096435547,0.11143862456083298,12.938653945922852,1.121140718460083,1.6551954746246338,0.09307722002267838,0.0960220992565155,0.0,383.270751953125,0.5892410278320312,0.6082071661949158,0.33284759521484375,0.21408498287200928,25.596824645996094,0.11576031148433685,18.250988006591797,1.4655810594558716,2.3243792057037354,0.10948449373245239,0.1154717355966568,0.0,504.6910095214844,0.5043754577636719,0.5059642195701599,0.17884035408496857,0.16928143799304962,14.791696548461914,0.11438276618719101,24.03290557861328,2.248631477355957,2.6670784950256348
2016,1,38.18724646149358,77.17664507059257,8741.597,1301.0,2.999051332473755,231.8328399658203,37.35758972167969,21.192712783813477,1.383122205734253,7.5,10.46308422088623,0.08524683117866516,0.08524683117866516,0.0,319.4195251464844,0.13077077269554138,0.13077077269554138,0.031210333108901978,0.03523870185017586,7.797595977783203,0.13212716579437256,15.210453033447266,1.1462067365646362,1.408005714416504,0.055797431617975235,0.0752059817314148,412.02886962890625,243.8223419189453,0.3144768476486206,0.4312012493610382,0.10290005058050156,0.06902749836444855,16.934324264526367,0.13073576986789703,-1.2742918729782104,0.33434823155403137,0.9329184293746948,0.06910093128681183,0.08066844195127487,1.518430471420288,463.4145812988281,0.5855379104614258,0.5897204875946045,0.33077430725097656,0.20196855068206787,17.097801208496094,0.11214758455753326,12.48367977142334,1.084743857383728,1.6092960834503174,0.09077463299036026,0.09387924522161484,0.0,374.7292785644531,0.4653039872646332,0.4673919379711151,0.2827523946762085,0.15802054107189178,27.142269134521484,0.11579922586679459,17.84425163269043,1.4193185567855835,2.2670812606811523,0.1079384833574295,0.11390112340450287,0.0,494.6979675292969,0.3969665467739105,0.39914819598197937,0.0574868880212307,0.11933869868516922,17.55660057067871,0.11671023815870285,23.557044982910156,2.174150228500366,2.5847291946411133
2016,1,37.85307251034622,77.3763414521701,8769.5625,1376.0,5.103308200836182,43.5270881652832,39.3419189453125,19.693603515625,1.3767505884170532,7.8453450202941895,10.559453010559082,0.08130021393299103,0.08130021393299103,0.0,316.4855041503906,0.12571579217910767,0.12571579217910767,0.02519710548222065,0.03457454964518547,7.792275905609131,0.11107175052165985,15.070737838745117,1.1014373302459717,1.3915181159973145,0.05461767315864563,0.06823388487100601,401.3916015625,234.64085388183594,0.2802574932575226,0.3199321925640106,0.018198208883404732,0.07149587571620941,17.322786331176758,0.11061756312847137,-1.2632631063461304,0.34051087498664856,0.9351802468299866,0.0669424757361412,0.07622668147087097,1.2016140222549438,463.443359375,0.43512147665023804,0.5577584505081177,0.23002590239048004,0.13884887099266052,14.335836410522461,0.09220504015684128,12.493020057678223,1.0646976232528687,1.5752050876617432,0.08559368550777435,0.0891152024269104,0.0,373.2988586425781,0.6308301687240601,0.6308301687240601,0.33393827080726624,0.2161959558725357,29.560020446777344,0.09868937730789185,17.77613639831543,1.401624321937561,2.2441060543060303,0.10365475714206696,0.10882769525051117,0.0,494.22271728515625,0.5044970512390137,0.5044970512390137,0.1589859127998352,0.15483787655830383,11.420686721801758,0.09089609980583191,23.53441619873047,2.136470079421997,2.610776424407959
2016,1,39.30861673531309,75.85692952281472,8774.971,1313.0,1.5152751207351685,232.26927185058594,28.667346954345703,24.78960418701172,1.3797657489776611,7.811374664306641,12.33892822265625,0.09894666075706482,0.09894666075706482,3.751340866088867,280.764404296875,0.14586153626441956,0.14586153626441956,0.059100907295942307,0.039327774196863174,13.750711441040039,0.1676321178674698,13.1910982131958,1.0790098905563354,1.3581687211990356,0.05569775402545929,0.07502282410860062,591.9441528320312,176.4044952392578,0.13608647882938385,0.1721905916929245,-0.02071944624185562,0.03368579223752022,37.34782409667969,0.18382962048053741,-3.1480278968811035,0.29230615496635437,0.8460732698440552,0.07314185798168182,0.08860322833061218,32.63622283935547,390.8727722167969,0.10556558519601822,0.1257636547088623,0.12326791137456894,0.03165891021490097,31.694381713867188,0.17194165289402008,9.682068824768066,0.9001044631004333,1.3519097566604614,0.10235018283128738,0.10528287291526794,0.761551558971405,331.96514892578125,0.4077862501144409,0.4077862501144409,0.23366153240203857,0.14341901242733002,27.201831817626953,0.14689533412456512,15.771599769592285,1.2712256908416748,1.9977458715438843,0.11851058155298233,0.1250963807106018,0.0,453.0035705566406,0.16487589478492737,0.1740507185459137,0.07496827840805054,0.04784245416522026,24.985807418823242,0.1429516077041626,21.571598052978516,2.033633232116699,2.450328826904297
2016,1,41.81761020685338,82.11378851157419,8798.512,1288.0,2.2326440811157227,33.85760498046875,31.498559951782227,19.521068572998047,1.414581298828125,8.100000381469727,15.658177375793457,0.0933394581079483,0.0933394581079483,8.597644805908203,199.99964904785156,0.2886778712272644,0.33631011843681335,0.13237139582633972,0.10664534568786621,20.718292236328125,0.21306771039962769,9.114380836486816,0.6913780570030212,0.9491406679153442,0.04167240858078003,0.0691530704498291,881.3590698242188,80.29298400878906,0.20662473142147064,0.25733307003974915,0.01430768147110939,0.05771610513329506,36.91176223754883,0.21893174946308136,-6.068682670593262,0.2074621021747589,0.529625415802002,0.06500367820262909,0.08035612106323242,26.75156593322754,337.9482116699219,0.10784381628036499,0.10784381628036499,0.07857464998960495,0.04109807685017586,28.937942504882812,0.18741534650325775,8.410719871520996,0.7808239459991455,1.1853755712509155,0.11115636676549911,0.12059522420167923,2.6638832092285156,262.3223571777344,0.33011916279792786,0.33011916279792786,0.12859420478343964,0.13328838348388672,32.72822952270508,0.19727739691734314,12.364689826965332,0.9766712784767151,1.3660258054733276,0.1602104753255844,0.17369630932807922,0.152515709400177,413.5238037109375,0.2879466712474823,0.2879466712474823,0.13164971768856049,0.10796603560447693,35.815673828125,0.1845371425151825,19.68434715270996,1.7633386850357056,2.4278945922851562
2016,1,39.625538424484645,76.71850365105838,8821.959,1200.0,3.037065029144287,232.3953857421875,27.243894577026367,26.336971282958984,1.3873558044433594,7.01126766204834,13.8231782913208,0.12875191867351532,0.12875191867351532,2.5039103031158447,356.73388671875,0.43599677085876465,0.43859565258026123,0.1912938952445984,0.14252540469169617,4.089988708496094,0.15239860117435455,16.868093490600586,1.5242165327072144,1.8189431428909302,0.06423033028841019,0.08485104143619537,466.571044921875,318.91522216796875,0.2375476062297821,0.49143558740615845,0.06458136439323425,0.06637662649154663,20.030855178833008,0.17160311341285706,-1.1186046600341797,0.3390255570411682,1.0866587162017822,0.08941818028688431,0.10278023779392242,26.1014404296875,537.9749755859375,0.5210292339324951,0.5251293182373047,0.3155917823314667,0.17562076449394226,15.652565002441406,0.1595543920993805,13.834420204162598,1.3023278713226318,1.821592926979065,0.11939553171396255,0.1244349330663681,0.7797553539276123,408.7724609375,0.7114492654800415,0.7182645797729492,0.42776820063591003,0.2694869339466095,14.101947784423828,0.15996401011943817,19.428224563598633,1.785751461982727,2.613365411758423,0.15037575364112854,0.16346769034862518,0.0,543.6932983398438,0.19927190244197845,0.21546964347362518,0.08135475218296051,0.05899438634514809,14.730198860168457,0.15457822382450104,25.89015769958496,2.857678174972534,3.388277053833008
2016,1,37.81642315878795,77.44075316688712,8824.78,1419.0,3.0172417163848877,337.1225280761719,37.42891311645508,22.186918258666992,1.3515416383743286,7.614484786987305,14.099925994873047,0.08182686567306519,0.08182686567306519,0.0,322.8492736816406,0.1262228637933731,0.1262228637933731,0.02040192298591137,0.03483937680721283,6.906642436981201,0.10297560691833496,15.373774528503418,1.1220990419387817,1.4214214086532593,0.05509016662836075,0.06708035618066788,369.9793395996094,242.30465698242188,0.1895645409822464,0.2689792811870575,0.09290023893117905,0.05678100883960724,16.827014923095703,0.10410341620445251,-0.9672324657440186,0.3481232523918152,0.9546015858650208,0.06821181625127792,0.07732787728309631,0.6087676882743835,477.3720397949219,0.3296871781349182,0.4813118577003479,0.18422363698482513,0.0906016156077385,12.498793601989746,0.08643198013305664,12.885494232177734,1.0882740020751953,1.6031394004821777,0.08620966970920563,0.08979026228189468,0.0,379.89459228515625,0.5251463055610657,0.5251463055610657,0.27548375725746155,0.17643392086029053,28.96696662902832,0.09525623917579651,18.09021759033203,1.428526520729065,2.278096914291382,0.10408340394496918,0.10913960635662079,0.0,502.4021301269531,0.26020002365112305,0.26020002365112305,0.19559822976589203,0.06007026508450508,8.531854629516602,0.08353811502456665,23.923912048339844,2.184720993041992,2.670865774154663
2016,1,38.09265555084683,76.9834188446436,8824.99,1385.0,1.1783292293548584,90.0,30.74587059020996,22.560863494873047,1.382128119468689,7.421165466308594,11.282882690429688,0.07571853697299957,0.07571853697299957,0.0,281.3206481933594,0.11915897578001022,0.11915897578001022,0.04464643448591232,0.031843122094869614,11.987367630004883,0.14164620637893677,13.396222114562988,0.9688429236412048,1.207340955734253,0.05091855302453041,0.07349451631307602,536.2056274414062,181.58233642578125,0.1511082649230957,0.19888737797737122,0.029959628358483315,0.04523393139243126,20.735408782958984,0.13214781880378723,-2.686539888381958,0.30252203345298767,0.8196372985839844,0.05571286007761955,0.06577560305595398,3.1566357612609863,386.8260498046875,0.3722740411758423,0.46526071429252625,0.15887737274169922,0.12152470648288727,24.87060546875,0.11088979244232178,10.3694429397583,0.9157023429870605,1.393144130706787,0.07891245186328888,0.08268024772405624,0.0,335.3797607421875,0.4978870451450348,0.4978870451450348,0.2799656093120575,0.17517641186714172,34.67328643798828,0.1100197434425354,15.970464706420898,1.2163410186767578,2.0135622024536133,0.09934535622596741,0.10488046705722809,0.0,448.6317138671875,0.3843455910682678,0.3843455910682678,0.14024287462234497,0.12079856544733047,26.886699676513672,0.11900792270898819,21.363414764404297,1.8307039737701416,2.241939067840576
2016,1,39.34257278983508,76.37004719923685,8841.042,1244.0,0.0,-0.0,25.2015438079834,25.595996856689453,1.3958735466003418,7.067477226257324,12.548194885253906,0.11957251280546188,0.11957251280546188,0.6239486336708069,361.8082275390625,0.41068726778030396,0.41068726778030396,0.11078660190105438,0.13128028810024261,4.670473575592041,0.14833417534828186,17.199251174926758,1.4677287340164185,1.7588244676589966,0.061616234481334686,0.08404849469661713,348.8127136230469,291.8205871582031,0.11204011738300323,0.30365774035453796,0.09974193572998047,0.028882689774036407,21.077518463134766,0.16542859375476837,-0.4317586123943329,0.3480040431022644,1.0560120344161987,0.08336247503757477,0.09694820642471313,5.428279876708984,528.287841796875,0.33886808156967163,0.37365809082984924,0.20632296800613403,0.09893559664487839,14.835835456848145,0.15054430067539215,14.131339073181152,1.241309642791748,1.7905946969985962,0.11278503388166428,0.11708494275808334,0.12666647136211395,415.9539794921875,0.5447183847427368,0.5447183847427368,0.30116480588912964,0.1989421546459198,14.89670467376709,0.1439157873392105,19.801300048828125,1.7141122817993164,2.576596260070801,0.1403682827949524,0.15151768922805786,0.0,546.4632568359375,0.18803691864013672,0.20182906091213226,0.08432920277118683,0.05589347332715988,10.96803092956543,0.14002762734889984,26.02206039428711,2.7259464263916016,3.23948073387146
2016,1,37.98782208508031,77.42296581278492,8848.516,1302.0,1.4980324506759644,231.75697326660156,33.60328674316406,22.842899322509766,1.3752295970916748,7.650524616241455,12.453829765319824,0.0874510332942009,0.0874510332942009,0.0,336.5099792480469,0.1333281695842743,0.1333281695842743,0.020760077983140945,0.03659512475132942,5.749123573303223,0.11342629045248032,16.02428436279297,1.2049851417541504,1.4991487264633179,0.057509645819664,0.07111239433288574,345.49151611328125,269.61572265625,0.16435711085796356,0.243607297539711,0.06050655245780945,0.05333583056926727,15.231983184814453,0.11683658510446548,-0.5748165845870972,0.354481041431427,0.9925358295440674,0.07470563799142838,0.08538772165775299,0.5927322506904602,502.0440979003906,0.4562482237815857,0.5357018709182739,0.232183039188385,0.15725186467170715,11.130348205566406,0.09959909319877625,13.552739143371582,1.1573227643966675,1.6963284015655518,0.09331940859556198,0.09633556753396988,0.0,393.68988037109375,0.6094712018966675,0.6094712018966675,0.3248296082019806,0.19871576130390167,24.917482376098633,0.10703757405281067,18.74713706970215,1.5125079154968262,2.382537841796875,0.10935326665639877,0.11498571187257767,0.0,517.6346435546875,0.4633539021015167,0.4633539021015167,0.13599130511283875,0.13685593008995056,8.438484191894531,0.0980335921049118,24.649267196655273,2.323936700820923,2.7802722454071045
2016,1,37.29010208414658,78.53867302826656,8883.847,1668.0,1.8543341159820557,180.0,35.136802673339844,22.17905044555664,1.3408031463623047,7.663361549377441,15.168917655944824,0.04972969740629196,0.04972969740629196,0.0,343.6423034667969,0.2223418653011322,0.2223418653011322,0.051171086728572845,0.06894086301326752,6.648897171020508,0.059270117431879044,16.36391830444336,1.4095568656921387,1.7236915826797485,0.041616905480623245,0.05012026056647301,385.3011169433594,317.08135986328125,0.24989284574985504,0.42065098881721497,0.03418742120265961,0.06970813870429993,13.422147750854492,0.04615144804120064,-0.516816258430481,0.4061139225959778,1.2302939891815186,0.04277125373482704,0.05081481859087944,1.3016914129257202,549.913818359375,0.3254445791244507,0.36225008964538574,0.1103525310754776,0.09726410359144211,11.008176803588867,0.034310951828956604,14.82735538482666,1.4188807010650635,1.9754971265792847,0.053083233535289764,0.05460122972726822,0.0,415.1306457519531,0.05421534180641174,0.05421534180641174,-0.01228901743888855,0.036176688969135284,12.880873680114746,0.03767826035618782,19.768125534057617,1.85410475730896,2.810584306716919,0.06586459279060364,0.06989072263240814,0.0,541.4615478515625,0.0947205051779747,0.09689679741859436,0.017383404076099396,0.029131781309843063,13.114439964294434,0.04002467542886734,25.783884048461914,2.7586510181427,3.35963773727417
2016,1,39.560591617641215,76.75407835926278,8969.568,1200.0,1.5187135934829712,52.3696174621582,27.217227935791016,26.821313858032227,1.3820949792861938,6.530815601348877,13.800760269165039,0.13243860006332397,0.13243860006332397,1.2024774551391602,382.8070983886719,0.3016614317893982,0.3028072416782379,0.033501219004392624,0.07064614444971085,2.256772518157959,0.1348884254693985,18.171649932861328,1.6253740787506104,1.9371639490127563,0.06537514179944992,0.08668144792318344,358.568359375,343.265380859375,0.3234744966030121,0.4608822166919708,0.09394166618585587,0.08819715678691864,16.6125545501709,0.15490776300430298,-0.11593183875083923,0.3592086136341095,1.1588164567947388,0.09250335395336151,0.10593655705451965,12.599902153015137,579.5734252929688,0.40325939655303955,0.548410177230835,0.2341877967119217,0.13129296898841858,10.250731468200684,0.14182665944099426,15.323609352111816,1.3967934846878052,1.9439067840576172,0.12210556864738464,0.1268409788608551,0.37354806065559387,438.05853271484375,0.5842016935348511,0.6057405471801758,0.3518066108226776,0.21074585616588593,9.615784645080566,0.14027829468250275,20.84214210510254,1.9123399257659912,2.792262315750122,0.15325070917606354,0.16663047671318054,0.0,575.0184326171875,0.284653902053833,0.284653902053833,0.10894591361284256,0.08941857516765594,8.087309837341309,0.13496361672878265,27.38182830810547,3.0548934936523438,3.6137924194335938
2016,1,38.23980142650948,77.29899834439807,8983.4795,1247.0,3.992426872253418,62.36269760131836,36.404762268066406,24.58417510986328,1.3799999952316284,7.528172969818115,10.18235969543457,0.09157562255859375,0.09157562255859375,0.0,342.5330505371094,0.1385824978351593,0.1385824978351593,0.024491723626852036,0.03754822909832001,5.394279956817627,0.12930405139923096,16.311098098754883,1.2576743364334106,1.533422589302063,0.05897582694888115,0.0765252560377121,344.3971252441406,283.6985168457031,0.13778257369995117,0.2854553461074829,-0.0024519909638911486,0.02634267881512642,14.496983528137207,0.13287466764450073,-0.4598380923271179,0.35278454422950745,1.0031317472457886,0.07805060595273972,0.09058085829019547,0.784724771976471,509.7545166015625,0.7143106460571289,0.7220426201820374,0.4370906352996826,0.2560030221939087,12.33996868133545,0.11566045135259628,13.755940437316895,1.1909902095794678,1.7459630966186523,0.09864678978919983,0.10123461484909058,0.0,398.87164306640625,0.6064930558204651,0.6327283978462219,0.3809860050678253,0.21543514728546143,22.20012855529785,0.12094470858573914,18.993886947631836,1.549575686454773,2.4291937351226807,0.11356226354837418,0.11984629184007645,0.0,522.6919555664062,0.2310052514076233,0.23266959190368652,-0.07173249125480652,0.061947185546159744,12.057951927185059,0.11799505352973938,24.890094757080078,2.390200138092041,2.7993197441101074
2016,1,37.99995083994568,77.32540959993764,9002.598,1289.0,1.498182773590088,51.76150894165039,33.696510314941406,24.967817306518555,1.3799999952316284,7.900000095367432,15.021682739257812,0.08469825237989426,0.08469825237989426,0.0,323.0347900390625,0.13003705441951752,0.13003705441951752,0.0269326101988554,0.035523541271686554,7.317770957946777,0.12075880169868469,15.382608413696289,1.1478153467178345,1.4293822050094604,0.055961910635232925,0.07156623899936676,394.5174255371094,248.83889770507812,0.21410991251468658,0.21410991251468658,0.018443843349814415,0.06261785328388214,16.524904251098633,0.12109097093343735,-1.1036252975463867,0.3417416214942932,0.9513266682624817,0.07036980241537094,0.080843985080719,1.3103703260421753,474.0720520019531,0.4133470952510834,0.48903602361679077,0.2132040113210678,0.1291336715221405,14.347975730895996,0.1027839407324791,12.777342796325684,1.099602460861206,1.6239650249481201,0.08992866426706314,0.0930941253900528,0.0,379.6212463378906,0.5613903403282166,0.5613903403282166,0.28120362758636475,0.18884368240833282,27.210861206054688,0.10784859210252762,18.07720184326172,1.4430596828460693,2.295755624771118,0.10695014148950577,0.11255745589733124,0.0,500.91552734375,0.40778660774230957,0.40778660774230957,0.08049634844064713,0.13974395394325256,12.765308380126953,0.1033344641327858,23.853120803833008,2.206282615661621,2.653437614440918
2016,1,39.251482273515286,76.65086354717866,9020.475,1217.0,2.567028522491455,291.165771484375,23.88410186767578,28.10873031616211,1.3899999856948853,6.400000095367432,16.517696380615234,0.11950523406267166,0.11950523406267166,0.0,373.55108642578125,0.42816078662872314,0.42816078662872314,0.15147845447063446,0.13301891088485718,3.143277406692505,0.13037119805812836,17.78814697265625,1.514516830444336,1.8062007427215576,0.061853501945734024,0.08545318990945816,307.7276306152344,309.46728515625,0.20003095269203186,0.23214274644851685,0.018023762851953506,0.04970374330878258,16.540037155151367,0.1436934471130371,0.013179248198866844,0.3579617440700531,1.0968948602676392,0.08238866180181503,0.09538788348436356,0.0,552.1073608398438,0.29124146699905396,0.3482077121734619,0.12643353641033173,0.08232522755861282,11.792291641235352,0.12822923064231873,14.921821594238281,1.3075978755950928,1.860676884651184,0.1115856021642685,0.11620855331420898,0.0,428.56268310546875,0.5501238107681274,0.5501238107681274,0.29944363236427307,0.17814908921718597,13.99817943572998,0.1281558722257614,20.407747268676758,1.7788903713226318,2.6668779850006104,0.1410883218050003,0.1526852697134018,0.0,560.5060424804688,0.1889398843050003,0.20284198224544525,0.08306863158941269,0.056238364428281784,9.833529472351074,0.12541784346103668,26.690763473510742,2.8230528831481934,3.346616268157959
2016,1,39.2293829686944,75.87822173034493,9036.116,1323.0,0.9274099469184875,-0.0,29.612791061401367,25.662334442138672,1.3913946151733398,7.800000190734863,11.581235885620117,0.09610173851251602,0.09610173851251602,5.129830837249756,265.98779296875,0.14231468737125397,0.14231468737125397,0.057500582188367844,0.0382733978331089,14.974370002746582,0.17514090240001678,12.421807289123535,1.0277491807937622,1.2910441160202026,0.054796431213617325,0.07537458837032318,660.8031005859375,167.03245544433594,0.16370058059692383,0.19271662831306458,0.032777536660432816,0.03399522230029106,37.21508026123047,0.18706271052360535,-3.7406866550445557,0.2816019356250763,0.808574378490448,0.06947603076696396,0.08439638465642929,44.62892150878906,369.56732177734375,0.3644338548183441,0.3644338548183441,0.21374253928661346,0.1192857176065445,33.17197799682617,0.17519420385360718,8.782118797302246,0.858494222164154,1.2914025783538818,0.09885038435459137,0.10212735831737518,1.0413957834243774,314.99468994140625,0.3938545286655426,0.3938545286655426,0.17215575277805328,0.1209670901298523,28.80187225341797,0.1516973227262497,14.950157165527344,1.2107195854187012,1.910262942314148,0.11647945642471313,0.12307142466306686,0.0,433.8072204589844,0.1629795879125595,0.17183035612106323,0.07439254969358444,0.0472046323120594,29.38558578491211,0.15251892805099487,20.657487869262695,1.9299622774124146,2.3332324028015137
2016,1,41.81841730414404,84.11451580863847,9036.223,1004.0,2.2326531410217285,146.1420440673828,36.12785339355469,23.990074157714844,1.414507269859314,8.100000381469727,14.964859008789062,0.09863444417715073,0.09863444417715073,3.2770538330078125,252.40957641601562,0.17917707562446594,0.2058180719614029,0.05138147994875908,0.05046282336115837,12.303366661071777,0.12752653658390045,11.863452911376953,0.9904271960258484,1.3898553848266602,0.03579425439238548,0.059131912887096405,851.4384155273438,144.75860595703125,0.2375347912311554,0.5514112114906311,0.3222496509552002,0.07766230404376984,28.88357162475586,0.15131378173828125,-5.353634834289551,0.21379297971725464,0.6447969675064087,0.06526365131139755,0.07658601552248001,4.732646465301514,444.77410888671875,0.4428122937679291,0.45549070835113525,0.2801635265350342,0.15410716831684113,19.566879272460938,0.12034961581230164,11.893013000488281,1.1107332706451416,1.5739408731460571,0.10234197229146957,0.1137566789984703,0.017783505842089653,324.96807861328125,0.6988666653633118,0.8259271383285522,0.43758147954940796,0.30060938000679016,17.724733352661133,0.11926907300949097,15.473824501037598,1.3796172142028809,1.8464787006378174,0.15804603695869446,0.1683204025030136,0.0,483.59466552734375,0.2943599820137024,0.3111298382282257,0.16228222846984863,0.08303584158420563,28.34876823425293,0.1179407611489296,23.028316497802734,2.323443651199341,3.146419048309326
2016,1,37.969227633687446,77.19039247914034,9102.733,1315.0,1.497798204421997,51.74991226196289,31.690534591674805,24.90740966796875,1.3700000047683716,7.300000190734863,12.087611198425293,0.0793900266289711,0.0793900266289711,0.0,299.7164306640625,0.12363304197788239,0.12363304197788239,0.0364050455391407,0.03358979895710945,9.971578598022461,0.12980113923549652,14.272211074829102,1.043700098991394,1.308262586593628,0.053142301738262177,0.0712466612458229,475.6685791015625,212.0570831298828,0.2706861197948456,0.36028560996055603,0.07604540884494781,0.08013677597045898,18.78557586669922,0.1250523179769516,-1.9970567226409912,0.3211197853088379,0.8816706538200378,0.06263651698827744,0.07240325957536697,2.4657537937164307,426.617431640625,0.4303966462612152,0.6036156415939331,0.2570376694202423,0.16036203503608704,19.384239196777344,0.10497023910284042,11.4635591506958,0.9983745813369751,1.495627999305725,0.08334091305732727,0.08682996779680252,0.0,355.513671875,0.4265209138393402,0.4265209138393402,0.24160712957382202,0.14313358068466187,31.494691848754883,0.10650128871202469,16.929222106933594,1.3221153020858765,2.1445209980010986,0.10219040513038635,0.10763008892536163,0.0,472.4693603515625,0.275248646736145,0.275248646736145,0.12225914001464844,0.07169414311647415,19.152894973754883,0.10820971429347992,22.4985408782959,2.0004265308380127,2.441884994506836
2016,1,38.02069903714737,77.37742055462502,9118.292,1291.0,0.0,-0.0,31.42958641052246,24.5157413482666,1.3786568641662598,7.641104698181152,10.121744155883789,0.08710166811943054,0.08710166811943054,0.0,332.81201171875,0.13296231627464294,0.13296231627464294,0.02339080348610878,0.03638811036944389,6.237565994262695,0.11803917586803436,15.848190307617188,1.1929397583007812,1.4808341264724731,0.057202789932489395,0.07192423939704895,362.3499755859375,264.7422790527344,0.3646952509880066,0.4426719546318054,0.11673589050769806,0.11007942259311676,15.551697731018066,0.12046941369771957,-0.7394522428512573,0.35001590847969055,0.9805111289024353,0.07378529012203217,0.08462025970220566,0.8825739026069641,493.7961120605469,0.5187693238258362,0.6544483304023743,0.31372305750846863,0.19084249436855316,12.314948081970215,0.10285408794879913,13.32198715209961,1.1428698301315308,1.6791861057281494,0.09291776269674301,0.09591825306415558,0.0,389.7354431152344,0.6181384325027466,0.6181384325027466,0.34472179412841797,0.21264946460723877,25.30263328552246,0.1091255247592926,18.55883026123047,1.4950629472732544,2.3607027530670166,0.10911006480455399,0.11481784284114838,0.0,512.7723388671875,0.4076407551765442,0.4076407551765442,0.12073000520467758,0.1183382049202919,10.29062271118164,0.1024220660328865,24.41773223876953,2.2942235469818115,2.741952419281006
2016,1,39.73818869439785,76.20619753102798,9146.369,1280.0,2.5826973915100098,111.03105163574219,32.922298431396484,22.987140655517578,1.3903759717941284,7.900000095367432,10.839916229248047,0.11237114667892456,0.11237114667892456,3.778660297393799,283.6941223144531,0.357486754655838,0.3635184168815613,0.19698123633861542,0.1291549652814865,10.729608535766602,0.19442857801914215,13.32930850982666,1.181721568107605,1.440811276435852,0.05753348767757416,0.07548435032367706,696.3322143554688,221.5840301513672,0.23331472277641296,0.3366375267505646,0.03869562968611717,0.060693323612213135,35.3525276184082,0.214275062084198,-3.5965774059295654,0.284684419631958,0.8643391728401184,0.07723289728164673,0.09341567754745483,45.392860412597656,408.0557861328125,0.412271112203598,0.4163591265678406,0.20742793381214142,0.14271874725818634,33.63188552856445,0.2065858542919159,9.801700592041016,0.9782764315605164,1.4282431602478027,0.10988418757915497,0.11527034640312195,1.1396920680999756,329.0140686035156,0.6315776109695435,0.6361980438232422,0.36838698387145996,0.24793557822704315,28.940654754638672,0.20261970162391663,15.613065719604492,1.362858533859253,2.0519232749938965,0.13716645538806915,0.14783038198947906,0.0,456.8451232910156,0.18804039061069489,0.201938658952713,0.07716984301805496,0.05394794046878815,31.32778549194336,0.19337420165538788,21.75452995300293,2.19745135307312,2.6358072757720947
2016,1,38.28318847975951,77.02680589789364,9159.437,1285.0,2.536999225616455,111.4289321899414,28.84568214416504,22.476953506469727,1.3696386814117432,7.268121242523193,15.192733764648438,0.08196801692247391,0.08196801692247391,0.0,307.31640625,0.12661151587963104,0.12661151587963104,0.034345842897892,0.03367237746715546,8.89469051361084,0.1353752464056015,14.634114265441895,1.0910625457763672,1.3353440761566162,0.05397940054535866,0.07636133581399918,439.1584777832031,220.25550842285156,0.29101237654685974,0.33902159333229065,0.0828116238117218,0.07436807453632355,18.439374923706055,0.13074856996536255,-1.658355712890625,0.3234046697616577,0.8893097043037415,0.06315754354000092,0.07488424330949783,1.538611650466919,437.31134033203125,0.36039605736732483,0.37792855501174927,0.14785069227218628,0.0993524044752121,20.856590270996094,0.11179786175489426,11.777641296386719,1.0242012739181519,1.5328131914138794,0.08680413663387299,0.09027932584285736,0.0,360.98455810546875,0.3052826225757599,0.3052826225757599,0.1731194704771042,0.1054525077342987,29.829315185546875,0.1156945526599884,17.189741134643555,1.3376147747039795,2.1668007373809814,0.10544800758361816,0.11138476431369781,0.0,478.8640441894531,0.3373435437679291,0.34124571084976196,0.08488751202821732,0.10956474393606186,22.525501251220703,0.11983230710029602,22.803049087524414,2.0496013164520264,2.4406521320343018
2016,1,39.51801166168185,75.89412288470152,9166.362,1338.0,1.2021336555480957,90.0,33.32597732543945,25.841341018676758,1.4054322242736816,7.800000190734863,14.156649589538574,0.10855872929096222,0.10855872929096222,0.18898312747478485,323.5224609375,0.15735378861427307,0.15735378861427307,0.06488324701786041,0.04310338944196701,9.701403617858887,0.15022626519203186,15.396832466125488,1.2460061311721802,1.5599329471588135,0.05833703279495239,0.0752166211605072,416.069580078125,213.99407958984375,0.2779645323753357,0.30390116572380066,0.07005259394645691,0.054759107530117035,35.53811264038086,0.17615988850593567,-1.5308750867843628,0.32219886779785156,0.9552324414253235,0.08243783563375473,0.09906750917434692,3.0388970375061035,455.6183166503906,0.49344295263290405,0.49344295263290405,0.28488847613334656,0.17509973049163818,26.587520599365234,0.1643323004245758,12.2318754196167,1.0384526252746582,1.5438443422317505,0.11174612492322922,0.1143210157752037,0.05124277248978615,379.49737548828125,0.6387275457382202,0.6387275457382202,0.3433223068714142,0.23435336351394653,22.425430297851562,0.13973915576934814,18.068862915039062,1.4639390707015991,2.2638204097747803,0.12709636986255646,0.13454079627990723,0.0,507.1339111328125,0.1738237738609314,0.18464986979961395,0.07817850261926651,0.05072193220257759,13.983156204223633,0.12480451911687851,24.149234771728516,2.3563904762268066,2.815906524658203
2016,1,39.19300116319934,76.01027354894168,9209.106,1293.0,2.5651679039001465,291.181884765625,28.289710998535156,25.646203994750977,1.4142967462539673,7.418548583984375,11.856704711914062,0.09849157184362411,0.09849157184362411,4.584068298339844,279.08502197265625,0.2382652461528778,0.2382652461528778,0.06206542253494263,0.06284491717815399,13.28891372680664,0.17068368196487427,13.071474075317383,1.088531494140625,1.3482937812805176,0.05543622002005577,0.07728385180234909,619.4780883789062,186.3430938720703,0.3683910369873047,0.49443545937538147,0.12404681742191315,0.0964350774884224,33.4416618347168,0.18081243336200714,-3.2813258171081543,0.2909488379955292,0.8397183418273926,0.06944013386964798,0.0837106704711914,39.880855560302734,391.7353820800781,0.36549413204193115,0.3819270431995392,0.2716869115829468,0.09641116857528687,30.105077743530273,0.16807231307029724,9.50958251953125,0.9151387214660645,1.3637058734893799,0.09894507378339767,0.1026686429977417,0.9306017756462097,328.1427001953125,0.5688028335571289,0.5688028335571289,0.308391273021698,0.19493815302848816,27.20490074157715,0.14999328553676605,15.581528663635254,1.2788785696029663,2.0022010803222656,0.11954402178525925,0.12700849771499634,0.0,448.1408996582031,0.16636529564857483,0.17592021822929382,0.07586406916379929,0.04839308187365532,27.766103744506836,0.1520107388496399,21.340042114257812,2.0326807498931885,2.4511613845825195
2016,1,39.16605035643232,76.15122127414007,9209.378,1273.0,2.206172466278076,212.81771850585938,23.472352981567383,26.00188446044922,1.3799999952316284,7.268290042877197,13.367733001708984,0.10124243795871735,0.10124243795871735,3.5546977519989014,296.6149597167969,0.38763904571533203,0.38763904571533203,0.21350818872451782,0.1336219161748886,11.163617134094238,0.163103848695755,13.95525074005127,1.162503719329834,1.4218521118164062,0.05618937313556671,0.07916757464408875,554.997802734375,208.024169921875,0.11808732897043228,0.13242608308792114,-0.013882476836442947,0.026837894693017006,29.379344940185547,0.1720927655696869,-2.6285879611968994,0.30370086431503296,0.8807810544967651,0.06984245032072067,0.0835222527384758,30.925451278686523,420.0377197265625,0.4844571352005005,0.5249688029289246,0.2630990743637085,0.15869282186031342,26.539142608642578,0.15833055973052979,10.516548156738281,0.9836439490318298,1.4535667896270752,0.09945925325155258,0.10359209775924683,0.7216314673423767,346.2915344238281,0.7465158700942993,0.7465158700942993,0.4505033791065216,0.3051268756389618,25.349123001098633,0.14601486921310425,16.45570945739746,1.362326979637146,2.1184914112091064,0.12287811934947968,0.1312219500541687,0.0,468.0162658691406,0.17000718414783478,0.1803111433982849,0.07741721719503403,0.04966813698410988,25.00635528564453,0.14804024994373322,22.286489486694336,2.1608452796936035,2.5980918407440186
2016,1,38.07244244577154,77.19443242469477,9209.689,1309.0,0.9274099469184875,180.0,32.91823959350586,23.216142654418945,1.3851100206375122,7.480406761169434,12.385027885437012,0.08254457265138626,0.08254457265138626,0.0,310.58587646484375,0.127480611205101,0.127480611205101,0.03340760990977287,0.034518104046583176,8.777368545532227,0.13044634461402893,14.789803504943848,1.0992835760116577,1.363809585571289,0.054600611329078674,0.07312970608472824,440.7453308105469,229.69007873535156,0.12195492535829544,0.1409529149532318,0.019028834998607635,0.03207487240433693,17.748624801635742,0.12763528525829315,-1.5989035367965698,0.3287157118320465,0.9107288122177124,0.06627508252859116,0.07693368941545486,1.9614460468292236,447.1965637207031,0.3406630754470825,0.4048863351345062,0.1841823011636734,0.10304234176874161,17.946775436401367,0.10835817456245422,12.033381462097168,1.046243667602539,1.5583187341690063,0.0873320996761322,0.09060964733362198,0.0,366.2370910644531,0.4207775592803955,0.4207775592803955,0.2323620766401291,0.14598724246025085,29.128021240234375,0.11104604601860046,17.439861297607422,1.3767461776733398,2.213256597518921,0.10524282604455948,0.11094252020120621,0.0,484.8943176269531,0.2845093011856079,0.2845093011856079,0.0174715556204319,0.10343661904335022,17.951772689819336,0.11200650036334991,23.090206146240234,2.096898078918457,2.5243678092956543
2016,1,37.97326757924186,77.32513759477337,9211.644,1305.0,1.497843623161316,308.24871826171875,35.513954162597656,24.372886657714844,1.3899999856948853,7.978930473327637,11.836409568786621,0.08380044996738434,0.08380044996738434,0.0,320.37091064453125,0.12892219424247742,0.12892219424247742,0.02735176309943199,0.035247452557086945,7.582676410675049,0.11989467591047287,15.255757331848145,1.1332485675811768,1.4150904417037964,0.05555848777294159,0.07100077718496323,401.5168151855469,244.09779357910156,0.21522973477840424,0.21522973477840424,0.01715540885925293,0.05746523290872574,16.803709030151367,0.11975602060556412,-1.192568302154541,0.3401053249835968,0.944018542766571,0.06931856274604797,0.07954837381839752,1.383139729499817,469.0968933105469,0.3555518686771393,0.4032415747642517,0.20375172793865204,0.11330372840166092,14.682052612304688,0.10129942744970322,12.640912055969238,1.0871435403823853,1.6074578762054443,0.08879445493221283,0.0920354351401329,0.0,376.9562683105469,0.5871321558952332,0.5871321558952332,0.3071952760219574,0.1981034278869629,27.873085021972656,0.1063074991106987,17.950298309326172,1.4283579587936401,2.2773690223693848,0.10609929263591766,0.11162574589252472,0.0,497.8855895996094,0.5336540937423706,0.5336540937423706,0.17044392228126526,0.16678152978420258,12.977344512939453,0.10171529650688171,23.708837509155273,2.1811513900756836,2.6324193477630615
2016,1,39.2630714771532,76.28435219519173,9213.346,1257.0,1.5146629810333252,127.74866485595703,23.2423152923584,26.695884704589844,1.3845032453536987,7.400000095367432,9.478919982910156,0.11133507639169693,0.11133507639169693,1.558168888092041,335.62481689453125,0.527385950088501,0.527385950088501,0.22199666500091553,0.1701296716928482,7.247823715209961,0.15230518579483032,15.90793514251709,1.3385413885116577,1.6168887615203857,0.059177372604608536,0.08185616880655289,423.71160888671875,255.4891357421875,0.21039563417434692,0.349148690700531,0.058168940246105194,0.05338842794299126,24.474285125732422,0.16594618558883667,-1.2744128704071045,0.33058851957321167,0.9835646152496338,0.0772850438952446,0.09091247618198395,13.555886268615723,483.7841796875,0.44286131858825684,0.4437365233898163,0.28874874114990234,0.1476893424987793,19.733444213867188,0.15139415860176086,12.70887279510498,1.1333277225494385,1.6509755849838257,0.10679503530263901,0.11102024465799332,0.3163205087184906,388.13372802734375,0.5865740776062012,0.5865740776062012,0.3233675956726074,0.20102864503860474,19.52847671508789,0.14280381798744202,18.467496871948242,1.5651352405548096,2.3867106437683105,0.1325089931488037,0.14239804446697235,0.0,515.0175170898438,0.17993536591529846,0.19216017425060272,0.0812235027551651,0.05309617519378662,16.545761108398438,0.14080920815467834,24.524642944335938,2.486832857131958,2.968303918838501
2016,1,39.56463602229669,76.18436577227033,9220.883,1267.0,1.51876699924469,232.3711700439453,31.471691131591797,24.21929359436035,1.3893126249313354,7.744877338409424,14.8156156539917,0.11914137005805969,0.11914137005805969,1.0022717714309692,342.2627258300781,0.5202858448028564,0.5361718535423279,0.3192519247531891,0.1762891262769699,6.751408100128174,0.1604662537574768,16.250497817993164,1.390346646308899,1.6901919841766357,0.061034657061100006,0.07995955646038055,427.6000671386719,267.30047607421875,0.26564908027648926,0.38640838861465454,0.04742090404033661,0.06510231643915176,28.37076759338379,0.1840091198682785,-1.2143906354904175,0.3316570520401001,1.0125757455825806,0.08579563349485397,0.10118789970874786,12.232145309448242,496.34466552734375,0.45969390869140625,0.5544512271881104,0.27029696106910706,0.16370253264904022,21.10390281677246,0.1720312535762787,13.084121704101562,1.1624834537506104,1.6876157522201538,0.11586128175258636,0.11976867914199829,0.30086061358451843,395.7478332519531,0.6104066371917725,0.6159462332725525,0.31457531452178955,0.22654841840267181,18.159034729003906,0.1594785749912262,18.830808639526367,1.6220781803131104,2.438300848007202,0.1396886110305786,0.1500968039035797,0.0,526.6135864257812,0.18789242208003998,0.20159757137298584,0.08217666298151016,0.05527307465672493,14.03053092956543,0.1493655890226364,25.07683753967285,2.5994462966918945,3.092898368835449
2016,1,38.79414795127177,76.28839214074615,9233.098,1354.0,3.6834287643432617,75.43643188476562,30.72565460205078,23.513694763183594,1.390081524848938,7.599999904632568,13.827630996704102,0.0816114991903305,0.0816114991903305,4.5585126876831055,254.1820526123047,0.3275488018989563,0.3275488018989563,0.1480250209569931,0.08553411066532135,14.090960502624512,0.15978246927261353,11.886835098266602,0.9340407848358154,1.1423280239105225,0.050169236958026886,0.07785052061080933,655.7589721679688,149.66458129882812,0.2026924192905426,0.2806859612464905,-0.02103421464562416,0.043089982122182846,28.589292526245117,0.15215373039245605,-3.8340485095977783,0.27784615755081177,0.7454438209533691,0.04983772709965706,0.06165977567434311,39.65852355957031,346.4891357421875,0.1491006761789322,0.17739033699035645,0.04900946840643883,0.048096828162670135,32.80187225341797,0.13663433492183685,8.292718887329102,0.8117307424545288,1.2301340103149414,0.08014154434204102,0.08540044724941254,0.9254138469696045,299.0251770019531,0.3769229054450989,0.3769229054450989,0.10675882548093796,0.10798279941082001,35.54544448852539,0.13510873913764954,14.195226669311523,1.0928447246551514,1.794876217842102,0.10655578225851059,0.11345158517360687,0.0,412.8399963378906,0.15387742221355438,0.16121172904968262,0.07176676392555237,0.044158514589071274,37.56997299194336,0.14624352753162384,19.659048080444336,1.708034873008728,2.0891997814178467
2016,1,39.41776215179828,76.09408681234224,9237.758,1262.0,3.893383502960205,342.06793212890625,27.878978729248047,26.705562591552734,1.3795520067214966,7.599999904632568,10.52350902557373,0.11343297362327576,0.11343297362327576,1.0166730880737305,337.36846923828125,0.16229499876499176,0.16229499876499176,0.07182718813419342,0.04557206481695175,7.890730381011963,0.15233011543750763,16.016752243041992,1.337980031967163,1.6396152973175049,0.059951767325401306,0.07953500002622604,406.06353759765625,248.094482421875,0.22676031291484833,0.28684788942337036,0.06184760108590126,0.046658094972372055,29.112911224365234,0.17363493144512177,-1.196735143661499,0.3313317894935608,0.9943243861198425,0.08290158212184906,0.09796064347028732,8.84493637084961,484.1795959472656,0.452751487493515,0.4541890621185303,0.2798333466053009,0.14673539996147156,21.337669372558594,0.1603373885154724,12.846882820129395,1.122401475906372,1.6431736946105957,0.11203659325838089,0.11531983315944672,0.20639260113239288,392.15264892578125,0.5966317653656006,0.5966317653656006,0.36346450448036194,0.21033108234405518,18.763750076293945,0.14270639419555664,18.664106369018555,1.5686542987823486,2.3902947902679443,0.13273651897907257,0.14180023968219757,0.0,520.4357299804688,0.17965726554393768,0.19171708822250366,0.08072423189878464,0.05295618623495102,13.360969543457031,0.13443201780319214,24.78265380859375,2.5081140995025635,2.98974347114563
2016,1,37.4407483541362,78.60927843434682,9286.617,1396.0,2.191084623336792,32.20016098022461,31.417320251464844,22.375625610351562,1.3492481708526611,7.597082614898682,11.843191146850586,0.060922641307115555,0.060922641307115555,0.0,387.35577392578125,0.3666999936103821,0.3666999936103821,0.18698112666606903,0.11848653852939606,2.840256452560425,0.027678994461894035,18.445512771606445,1.6064391136169434,1.9586124420166016,0.04557285085320473,0.052059777081012726,306.7200622558594,374.10687255859375,0.19705532491207123,0.3536147475242615,0.0032258161809295416,0.05637383088469505,9.999604225158691,0.03041224740445614,0.5105060935020447,0.43629923462867737,1.3588064908981323,0.050080880522727966,0.059537433087825775,0.33991357684135437,628.4266357421875,0.3630942106246948,0.4742964506149292,0.13439011573791504,0.11676531285047531,5.177984237670898,0.020312752574682236,16.975317001342773,1.606305480003357,2.203744411468506,0.06140409782528877,0.06319957226514816,0.0,458.9551086425781,0.08979076147079468,0.09272243827581406,-0.01798153668642044,0.02690652571618557,6.785167217254639,0.019951384514570236,21.855005264282227,2.0991177558898926,3.1469695568084717,0.07530970126390457,0.0787358507514,0.0,590.9178466796875,0.10550249367952347,0.10679225623607635,-0.023656107485294342,0.03227292001247406,5.735733509063721,0.01765756867825985,28.138946533203125,3.13531231880188,3.7649166584014893
2016,1,38.01692663765615,76.89664027904249,9289.968,1433.0,2.1959526538848877,32.4014892578125,34.114315032958984,20.808040618896484,1.3700000047683716,7.63608455657959,14.178642272949219,0.07105807960033417,0.07105807960033417,0.0,260.4972839355469,0.25149375200271606,0.2531973421573639,0.08278891444206238,0.06716588884592056,14.442740440368652,0.14954416453838348,12.404631614685059,0.8752878904342651,1.1024892330169678,0.04849681630730629,0.07254834473133087,613.1648559570312,150.12733459472656,0.17595447599887848,0.3894946575164795,-0.002123282290995121,0.03858786076307297,22.644039154052734,0.1357603669166565,-3.5078601837158203,0.28445327281951904,0.7603138089179993,0.04943031445145607,0.05861519277095795,4.372392177581787,345.1331481933594,0.3105470836162567,0.4208485186100006,0.20275768637657166,0.08540806919336319,28.874353408813477,0.11273838579654694,9.209750175476074,0.8278177976608276,1.281368374824524,0.07308635860681534,0.07708527147769928,0.0,314.32086181640625,0.6104697585105896,0.6104697585105896,0.3689796030521393,0.22017121315002441,38.39717483520508,0.10810161381959915,14.967660903930664,1.1147286891937256,1.8858312368392944,0.09499038755893707,0.10033170133829117,0.0,423.6882019042969,0.23122245073318481,0.23122245073318481,-0.06342899799346924,0.0715857669711113,31.816322326660156,0.12236092984676361,20.175628662109375,1.6525648832321167,2.0663208961486816
2016,1,39.79262540005831,76.19083592789886,9290.321,1411.0,6.574686050415039,10.532342910766602,39.10096740722656,23.41728973388672,1.3514341115951538,7.842813014984131,12.807162284851074,0.10949261486530304,0.10949261486530304,4.559179782867432,263.402587890625,0.3833216726779938,0.3833216726779938,0.19397993385791779,0.10254625976085663,12.208260536193848,0.20482894778251648,12.325876235961914,1.1045565605163574,1.3510639667510986,0.05609126761555672,0.07362216711044312,783.1246337890625,203.28443908691406,0.26141220331192017,0.2815418541431427,0.053366634994745255,0.07520145922899246,38.10676956176758,0.22359348833560944,-4.392728328704834,0.26870203018188477,0.8121566772460938,0.07405247539281845,0.09069649130105972,55.379051208496094,376.5391540527344,0.2934970259666443,0.2934970259666443,0.10949227213859558,0.09626156091690063,38.09701156616211,0.21746726334095,8.680002212524414,0.9102288484573364,1.3344460725784302,0.10765203833580017,0.11348170787096024,1.3705390691757202,306.1942138671875,0.5422773361206055,0.5422773361206055,0.18278546631336212,0.16376470029354095,32.76493835449219,0.21553398668766022,14.515414237976074,1.268081784248352,1.9142587184906006,0.13573209941387177,0.14632490277290344,0.0,432.8690490722656,0.18752682209014893,0.20135293900966644,0.0758611261844635,0.05330793932080269,36.941898345947266,0.20627032220363617,20.612812042236328,2.0505874156951904,2.468841552734375
2016,1,38.168112458873225,77.05348915859744,9298.46,1335.0,2.1972572803497314,327.5448913574219,31.23880958557129,20.7194766998291,1.4056724309921265,7.500143051147461,10.30300235748291,0.08010370284318924,0.08010370284318924,0.0,299.3988037109375,0.12445056438446045,0.12445056438446045,0.03780318424105644,0.03330427408218384,9.924681663513184,0.13677020370960236,14.257086753845215,1.052747130393982,1.2999372482299805,0.05313974246382713,0.07466890662908554,473.2964172363281,209.92333984375,0.19346918165683746,0.29740291833877563,0.05207738280296326,0.050492364913225174,19.020416259765625,0.13095660507678986,-1.9952504634857178,0.31754860281944275,0.8713808655738831,0.06155060604214668,0.0724710002541542,2.2247602939605713,422.7662048339844,0.447910338640213,0.45733651518821716,0.2195395529270172,0.13465964794158936,21.49300765991211,0.111114501953125,11.365984916687012,0.9937810897827148,1.4930899143218994,0.0843990221619606,0.08790590614080429,0.0,353.7196044921875,0.4296063184738159,0.43181750178337097,0.2607114017009735,0.15283387899398804,31.221508026123047,0.11294244229793549,16.843791961669922,1.3075916767120361,2.128032922744751,0.10342209786176682,0.10917739570140839,0.0,470.20037841796875,0.33583927154541016,0.33940181136131287,0.15836770832538605,0.10974756628274918,22.91074562072754,0.11810898035764694,22.390493392944336,1.988948106765747,2.3953559398651123
2016,1,39.29972082871146,76.41101296061485,9343.455,1242.0,1.1983766555786133,90.0,24.38018226623535,27.30604362487793,1.3796913623809814,6.900000095367432,13.025044441223145,0.11813904345035553,0.11813904345035553,0.5439000129699707,360.8186950683594,0.26710814237594604,0.26710814237594604,0.06803840398788452,0.06901995092630386,4.564904689788818,0.14665646851062775,17.155942916870117,1.458878993988037,1.744659423828125,0.06115874648094177,0.08428843319416046,347.2494812011719,290.15283203125,0.2611513137817383,0.4286351203918457,0.06384572386741638,0.06672987341880798,20.21381378173828,0.16184011101722717,-0.4325503706932068,0.34777581691741943,1.0501315593719482,0.08142678439617157,0.09470850974321365,4.731865882873535,526.2344360351562,0.5060420036315918,0.5126582384109497,0.3237622380256653,0.1803903877735138,14.78250503540039,0.14658667147159576,14.094663619995117,1.2370851039886475,1.7851684093475342,0.11094067990779877,0.11543498188257217,0.11041595786809921,414.5781555175781,0.6895132064819336,0.6895132064819336,0.44498369097709656,0.27473682165145874,15.560619354248047,0.1421506106853485,19.73655891418457,1.702938199043274,2.5660626888275146,0.1393834948539734,0.15056097507476807,0.0,544.6132202148438,0.18713240325450897,0.20077356696128845,0.084067203104496,0.05559065192937851,11.730671882629395,0.13922661542892456,25.933961868286133,2.7048137187957764,3.216280460357666
2016,1,38.32334268474579,77.17772417304751,9344.478,1258.0,3.646494150161743,319.6429443359375,33.265899658203125,20.215356826782227,1.3855688571929932,7.502348899841309,12.360879898071289,0.08923313766717911,0.08923313766717911,0.0,333.209716796875,0.13562463223934174,0.13562463223934174,0.027344362810254097,0.03639230877161026,6.270750522613525,0.1329316943883896,15.8671293258667,1.2167489528656006,1.4780447483062744,0.057633668184280396,0.07766972482204437,367.0998840332031,266.00421142578125,0.3132064938545227,0.32714396715164185,0.07139639556407928,0.07070011645555496,15.633292198181152,0.1339685171842575,-0.7658761739730835,0.3439546823501587,0.9694272875785828,0.0736338421702385,0.0863613486289978,0.8538056015968323,489.4443054199219,0.41439321637153625,0.4170934855937958,0.1426900178194046,0.09675592929124832,15.332858085632324,0.11642561852931976,13.205148696899414,1.1451356410980225,1.688433051109314,0.09582360088825226,0.09866805374622345,0.0,388.275634765625,0.5704783201217651,0.5950575470924377,0.3310714066028595,0.20620501041412354,24.156055450439453,0.1216302365064621,18.489315032958984,1.4877907037734985,2.3533244132995605,0.11181861907243729,0.11811560392379761,0.0,510.40692138671875,0.46093207597732544,0.46198779344558716,0.17629942297935486,0.13631309568881989,16.122255325317383,0.12161371856927872,24.305091857910156,2.2957818508148193,2.687727689743042
2016,1,37.97865863241548,77.41245571160195,9357.454,1302.0,3.6448817253112793,255.2785186767578,34.310089111328125,23.8111572265625,1.3665032386779785,7.845508098602295,12.522150993347168,0.08678708970546722,0.08678708970546722,0.0,334.05328369140625,0.1325134038925171,0.1325134038925171,0.021510276943445206,0.03636407479643822,6.011539936065674,0.11372905224561691,15.907299995422363,1.1931157112121582,1.4860795736312866,0.057179998606443405,0.07092542201280594,353.0484924316406,265.49017333984375,0.2625027298927307,0.2625027298927307,0.025645123794674873,0.06870803982019424,15.482305526733398,0.11663056910037994,-0.6633205413818359,0.3525421917438507,0.9852911233901978,0.07380428165197372,0.0843663290143013,0.6855230331420898,497.1680603027344,0.4677726924419403,0.5695962309837341,0.25334790349006653,0.1560409963130951,11.599783897399902,0.09923268854618073,13.41844654083252,1.146233081817627,1.6820383071899414,0.09249041974544525,0.09555668383836746,0.0,391.1595458984375,0.631475031375885,0.631475031375885,0.33709317445755005,0.22951015830039978,25.433378219604492,0.10644714534282684,18.626644134521484,1.4991674423217773,2.3658857345581055,0.10875007510185242,0.11434546113014221,0.0,514.6929931640625,0.5864272117614746,0.5864272117614746,0.2189370095729828,0.18165335059165955,8.96723461151123,0.0978381559252739,24.50918960571289,2.301429510116577,2.758470058441162
2016,1,37.843101960390726,77.5016555690751,9378.815,1371.0,1.4962141513824463,308.2979431152344,36.222434997558594,17.79924964904785,1.3700000047683716,7.599999904632568,12.095795631408691,0.08442513644695282,0.08442513644695282,0.0,334.5474853515625,0.12932689487934113,0.12932689487934113,0.015523063018918037,0.03575064614415169,5.565419673919678,0.09848486632108688,15.930832862854004,1.174920678138733,1.4819279909133911,0.05645664408802986,0.06737396866083145,328.7890625,260.5181884765625,0.17822159826755524,0.21861253678798676,0.03464164212346077,0.04749976471066475,15.713644981384277,0.10209044814109802,-0.5172035694122314,0.3583827614784241,0.9892434477806091,0.07190258055925369,0.08142668008804321,0.0,501.0516357421875,0.1823372095823288,0.21585313975811005,0.035535525530576706,0.060629554092884064,10.097742080688477,0.08534284681081772,13.541935920715332,1.1390122175216675,1.6674165725708008,0.08944573998451233,0.09287239611148834,0.0,391.9079895019531,0.4331505596637726,0.4331505596637726,0.15029792487621307,0.14453212916851044,26.8178653717041,0.09601552039384842,18.66228485107422,1.488487958908081,2.353261947631836,0.10642872005701065,0.1115761399269104,0.0,516.5907592773438,0.604522705078125,0.604522705078125,0.2629085183143616,0.2082829773426056,5.539109230041504,0.08132056146860123,24.599559783935547,2.2876555919647217,2.7750749588012695
2016,1,38.109096256430874,77.26692848962169,9415.492,1290.0,0.0,-0.0,29.798656463623047,21.390228271484375,1.3899999856948853,7.5,9.293688774108887,0.08621449023485184,0.08621449023485184,0.0,325.0,0.1319630891084671,0.1319630891084671,0.02848748117685318,0.03582708537578583,7.2062482833862305,0.12721745669841766,15.476190567016602,1.1668872833251953,1.4400622844696045,0.05647001042962074,0.07383641600608826,394.5543212890625,253.4488067626953,0.15385499596595764,0.23864221572875977,0.03836027905344963,0.04214485362172127,16.298320770263672,0.12746968865394592,-1.0689811706542969,0.34063583612442017,0.9536654353141785,0.07141987234354019,0.08266304433345795,1.3671241998672485,476.132080078125,0.5134514570236206,0.5159070491790771,0.26569029688835144,0.15873588621616364,15.019010543823242,0.10917879641056061,12.831485748291016,1.1105632781982422,1.6406782865524292,0.09190165996551514,0.09491624683141708,0.0,381.14056396484375,0.5931103229522705,0.6161326169967651,0.3454858064651489,0.216970294713974,26.236238479614258,0.11346222460269928,18.149551391601562,1.4541864395141602,2.309931993484497,0.10854866355657578,0.11441942304372787,0.0,502.3116760253906,0.4311077296733856,0.43263354897499084,0.13429979979991913,0.11761194467544556,14.470471382141113,0.11150622367858887,23.919605255126953,2.2275795936584473,2.654388904571533
2016,1,38.33978339032985,76.98880989781722,9417.03,1267.0,2.3636703491210938,270.0,33.97333908081055,23.218257904052734,1.3887708187103271,7.323559761047363,10.438294410705566,0.0817747637629509,0.0817747637629509,0.0,307.6552429199219,0.46605944633483887,0.46605944633483887,0.16344238817691803,0.09525194019079208,8.713797569274902,0.13447514176368713,14.650249481201172,1.0919628143310547,1.332148551940918,0.053839683532714844,0.07702222466468811,430.3634033203125,218.51907348632812,0.3348902463912964,0.375672847032547,0.09690646082162857,0.07793528586626053,18.574417114257812,0.12962257862091064,-1.6048812866210938,0.32359790802001953,0.8865713477134705,0.062292225658893585,0.07429161667823792,1.2280035018920898,437.2666015625,0.39761146903038025,0.4258606433868408,0.18499143421649933,0.12423688173294067,21.356462478637695,0.11098090559244156,11.78482723236084,1.0216138362884521,1.529656171798706,0.08661370724439621,0.09018729627132416,0.0,360.71466064453125,0.5514712333679199,0.7548665404319763,0.31444647908210754,0.1946932077407837,30.004684448242188,0.11598586291074753,17.17688751220703,1.3297964334487915,2.1579766273498535,0.10550077259540558,0.1114695593714714,0.0,478.7420349121094,0.47571510076522827,0.47915881872177124,0.1960524171590805,0.15166187286376953,23.256921768188477,0.1200154647231102,22.797239303588867,2.04362154006958,2.426486015319824
2016,1,39.127514805128435,76.17843962697029,9429.006,1267.0,0.0,-0.0,22.03305435180664,27.416032791137695,1.3886687755584717,7.158768177032471,14.669953346252441,0.09979412704706192,0.09979412704706192,3.652801036834717,293.8844299316406,0.5374987721443176,0.5374987721443176,0.2795264720916748,0.15116208791732788,11.274556159973145,0.16277247667312622,13.82055377960205,1.1483526229858398,1.4023209810256958,0.05573287606239319,0.07930237054824829,562.2976684570312,205.06105041503906,0.299001544713974,0.3700134754180908,0.07485383003950119,0.06397745013237,28.877338409423828,0.16998906433582306,-2.7063379287719727,0.3020934760570526,0.8714225888252258,0.06803879141807556,0.08146535605192184,31.77893829345703,415.4971618652344,0.419057160615921,0.4394184648990631,0.19739077985286713,0.12224139273166656,26.771089553833008,0.1559891700744629,10.370762825012207,0.9740645885467529,1.440588116645813,0.09773469716310501,0.10202803462743759,0.7415472269058228,343.05511474609375,0.5363306403160095,0.5363306403160095,0.3014739155769348,0.1602785289287567,26.067886352539062,0.1452387124300003,16.30064582824707,1.3452280759811401,2.0982401371002197,0.12181681394577026,0.13014616072177887,0.0,464.15826416015625,0.16900579631328583,0.17913611233234406,0.07710427790880203,0.049330320209264755,26.074604034423828,0.1484023630619049,22.10277557373047,2.130645513534546,2.564401865005493
2016,1,38.12068100096773,77.20844737930575,9452.796,1303.0,1.8543341159820557,-0.0,31.50259780883789,22.529159545898438,1.3799999952316284,7.532768249511719,11.345459938049316,0.08446650952100754,0.08446650952100754,0.0,317.46612548828125,0.12982797622680664,0.12982797622680664,0.031381573528051376,0.0351242870092392,8.02656078338623,0.13022851943969727,15.117435455322266,1.1335194110870361,1.3994879722595215,0.05551754683256149,0.07402520626783371,418.8265075683594,240.96090698242188,0.1701972782611847,0.27472928166389465,0.06451855599880219,0.056777577847242355,17.07669448852539,0.12872838973999023,-1.3474667072296143,0.33381712436676025,0.9298985004425049,0.06865020096302032,0.07977335900068283,1.6604377031326294,460.4983215332031,0.5415927767753601,0.5463472008705139,0.2884846031665802,0.17646446824073792,16.86334228515625,0.109941765666008,12.401023864746094,1.0767662525177002,1.5979902744293213,0.08975092321634293,0.09289506822824478,0.0,373.14617919921875,0.4443399906158447,0.4455542266368866,0.26323479413986206,0.14786648750305176,27.663536071777344,0.11334823071956635,17.76886558532715,1.4123250246047974,2.2578792572021484,0.10705850273370743,0.11289475858211517,0.0,492.9191589355469,0.20372313261032104,0.20571859180927277,0.02771696075797081,0.03933475539088249,16.875865936279297,0.11353253573179245,23.472341537475586,2.158594846725464,2.580209970474243
2016,1,39.74600549854454,76.80959416737818,9459.113,1195.0,2.4111359119415283,90.0,29.21533966064453,26.76683235168457,1.3948612213134766,6.901438236236572,15.357786178588867,0.12187010049819946,0.12187010049819946,4.810554504394531,309.79913330078125,0.6364856958389282,0.6364856958389282,0.3378964364528656,0.20611605048179626,7.285782337188721,0.1695968359708786,14.52326488494873,1.3462809324264526,1.6174315214157104,0.0620933473110199,0.08143427968025208,665.86962890625,276.4637451171875,0.17244219779968262,0.2657851278781891,0.016183696687221527,0.04815107211470604,24.911466598510742,0.186012864112854,-2.950044631958008,0.30334240198135376,0.9746180772781372,0.08365918695926666,0.09688843786716461,50.82063674926758,467.4376220703125,0.17260019481182098,0.21570804715156555,0.07711239904165268,0.04723602160811424,24.750452041625977,0.17642375826835632,11.259918212890625,1.1521036624908447,1.6079596281051636,0.11433679610490799,0.11994364112615585,1.48851478099823,357.1064758300781,0.37926071882247925,0.39557337760925293,0.24699752032756805,0.08323486894369125,21.804195404052734,0.18045708537101746,16.934188842773438,1.5743192434310913,2.309157133102417,0.1450091451406479,0.15756382048130035,0.0,489.25653076171875,0.5344403386116028,0.540658712387085,0.30512139201164246,0.2032686322927475,25.820831298828125,0.17490604519844055,23.297929763793945,2.5326380729675293,3.017213821411133
2016,1,38.02151059353909,77.44587221489647,9502.195,1289.0,3.6401970386505127,40.2399787902832,31.222002029418945,21.600173950195312,1.4048967361450195,7.599999904632568,11.351458549499512,0.08941446989774704,0.08941446989774704,0.0,343.158203125,0.13575661182403564,0.13575661182403564,0.019126351922750473,0.03726552426815033,5.067052841186523,0.11363456398248672,16.340866088867188,1.238526701927185,1.5350397825241089,0.05845433846116066,0.07185442000627518,326.6593933105469,281.1913757324219,0.23018518090248108,0.3310145437717438,0.06691339612007141,0.07411554455757141,14.53418254852295,0.1183822751045227,-0.34445464611053467,0.35936129093170166,1.0120223760604858,0.07728851586580276,0.08836495876312256,0.38934382796287537,515.0510864257812,0.47061997652053833,0.5738993287086487,0.25203028321266174,0.15993732213974,9.951751708984375,0.10153482854366302,13.90977668762207,1.1880325078964233,1.7362478971481323,0.09577715396881104,0.09863178431987762,0.0,400.5272521972656,0.5777090191841125,0.5777090191841125,0.2945954501628876,0.19147419929504395,23.41802978515625,0.10933841019868851,19.07272720336914,1.5496234893798828,2.4288153648376465,0.11114570498466492,0.11690867692232132,0.0,525.512451171875,0.3589237630367279,0.3589237630367279,0.04489373788237572,0.09916483610868454,7.228037357330322,0.09967535734176636,25.024404525756836,2.386202335357666,2.838641405105591
2016,1,39.23046207114934,75.80303236838172,9507.396,1347.0,2.393345355987549,270.0,31.736961364746094,26.278438568115234,1.395757794380188,7.900000095367432,11.72846794128418,0.09372277557849884,0.09372277557849884,5.727119445800781,254.443115234375,0.13972100615501404,0.13972100615501404,0.055115099996328354,0.03719142824411392,16.29007339477539,0.1791306436061859,11.843619346618652,0.9765160083770752,1.2381906509399414,0.05411949381232262,0.07422660291194916,700.3923950195312,152.24795532226562,0.2871098816394806,0.35511070489883423,0.07023628801107407,0.06964022666215897,39.510921478271484,0.19107688963413239,-4.152609348297119,0.27342739701271057,0.779998779296875,0.06844834983348846,0.08363861590623856,49.82526397705078,350.6328125,0.46809035539627075,0.46809035539627075,0.29170864820480347,0.1599823385477066,35.455787658691406,0.17971470952033997,8.12993335723877,0.8126664161682129,1.2315428256988525,0.09778488427400589,0.10086846351623535,1.1626501083374023,302.93841552734375,0.5934274792671204,0.5934274792671204,0.3335864841938019,0.2055101841688156,30.278825759887695,0.15335713326931,14.370274543762207,1.152469277381897,1.831501841545105,0.11389250308275223,0.11991552263498306,0.0,420.46759033203125,0.16022123396396637,0.16851849853992462,0.07326493412256241,0.04624436795711517,31.410411834716797,0.1544528752565384,20.022266387939453,1.8390454053878784,2.2294139862060547
2016,1,38.31714453428151,77.0192610989112,9514.252,1269.0,5.670530796051025,11.992796897888184,34.07846450805664,21.71520233154297,1.3769736289978027,7.305758953094482,10.265090942382812,0.08249737322330475,0.08249737322330475,0.0,309.7126770019531,0.12721790373325348,0.12721790373325348,0.03321302682161331,0.033771611750125885,8.57583999633789,0.13474956154823303,14.748222351074219,1.1023832559585571,1.3458976745605469,0.05422128736972809,0.07683752477169037,428.42364501953125,223.27589416503906,0.18495945632457733,0.222501739859581,-0.07917343825101852,0.046500954777002335,18.269521713256836,0.1304856836795807,-1.5541495084762573,0.3252447247505188,0.894710123538971,0.06360425055027008,0.07556524872779846,1.3181761503219604,441.7395324707031,0.17431460320949554,0.24318364262580872,-0.07266071438789368,0.0419389046728611,20.654054641723633,0.11181668937206268,11.903280258178711,1.033224105834961,1.5445358753204346,0.08748798072338104,0.09095980226993561,0.0,363.17724609375,0.3391355276107788,0.3391355276107788,0.18764983117580414,0.12170274555683136,29.430492401123047,0.11639852076768875,17.29415512084961,1.3463871479034424,2.178163528442383,0.10603078454732895,0.11201713979244232,0.0,481.49481201171875,0.6814737319946289,0.6832239627838135,0.32899078726768494,0.2793805003166199,22.377975463867188,0.1201474666595459,22.928325653076172,2.06758713722229,2.454258680343628
2016,1,41.50607511175438,83.00069479290245,9515.866,989.0,0.0,-0.0,28.973724365234375,24.355066299438477,1.416204810142517,8.155304908752441,18.818506240844727,0.10952667146921158,0.10952667146921158,0.04963492229580879,324.54876708984375,0.31309911608695984,0.34272146224975586,0.14213301241397858,0.09056336432695389,5.974978923797607,0.08459845185279846,15.452339172363281,1.168440818786621,1.6110081672668457,0.054333191365003586,0.07849249243736267,475.4181823730469,181.80308532714844,0.11415200680494308,0.25524210929870605,0.05646464601159096,0.027271687984466553,17.96841812133789,0.11370263248682022,-2.2243568897247314,0.2648295760154724,0.7435080409049988,0.06902851164340973,0.08096590638160706,0.10979699343442917,574.0496215820312,0.09403350949287415,0.10860925912857056,-0.010029069148004055,0.027034031227231026,6.083553314208984,0.07575909793376923,15.511887550354004,1.3124903440475464,1.8792976140975952,0.10481489449739456,0.11332959681749344,4.498704511206597E-4,406.3860778808594,0.5771796107292175,0.5771796107292175,0.3546108901500702,0.22648297250270844,7.8585205078125,0.07772944122552872,19.351696014404297,1.6509913206100464,2.1676464080810547,0.14588545262813568,0.15980733931064606,0.0,570.63916015625,0.4011092185974121,0.4011092185974121,0.17167527973651886,0.13018132746219635,9.880841255187988,0.07687175273895264,27.17329216003418,2.8481624126434326,3.852933883666992
2016,1,39.33367688323345,76.01458549966036,9519.952,1288.0,2.396865129470825,90.0,29.54437828063965,25.71628189086914,1.3856370449066162,7.699999809265137,11.203635215759277,0.10586012154817581,0.10586012154817581,2.4647257328033447,309.1286926269531,0.15355335175991058,0.15355335175991058,0.06559894979000092,0.042388997972011566,10.65197467803955,0.1598185896873474,14.603045463562012,1.2102923393249512,1.4962810277938843,0.05769682675600052,0.07776083052158356,500.94354248046875,214.14642333984375,0.20554745197296143,0.23697297275066376,0.07310348004102707,0.0402374342083931,32.26300811767578,0.17709775269031525,-2.1727054119110107,0.31196123361587524,0.9190958142280579,0.07697354257106781,0.09195010364055634,21.44282341003418,438.0898132324219,0.3266275227069855,0.32930663228034973,0.15622732043266296,0.0968356654047966,26.132164001464844,0.16424588859081268,11.260729789733887,1.014873743057251,1.5010480880737305,0.10621848702430725,0.10951358079910278,0.5003586411476135,361.7042541503906,0.3998773992061615,0.3998773992061615,0.14030469954013824,0.1285986602306366,23.083240509033203,0.14474187791347504,17.200185775756836,1.4211846590042114,2.1959757804870605,0.12565995752811432,0.13366104662418365,0.0,486.1398010253906,0.17240552604198456,0.18307173252105713,0.07797720283269882,0.05045599490404129,19.71369743347168,0.1398220807313919,23.14951515197754,2.2697882652282715,2.719348430633545
2016,1,39.09679159887019,76.4007704054951,9537.507,1241.0,1.8543341159820557,180.0,21.630470275878906,27.62065887451172,1.3731069564819336,6.639124870300293,12.628194808959961,0.10385428369045258,0.10385428369045258,1.2212492227554321,326.65155029296875,0.6520515084266663,0.6520515084266663,0.33501604199409485,0.2308596968650818,7.437816619873047,0.14545580744743347,15.496681213378906,1.2737112045288086,1.532029151916504,0.05685527250170708,0.08188023418188095,425.91424560546875,238.96092224121094,0.20024117827415466,0.234658345580101,0.020029421895742416,0.046210676431655884,22.496448516845703,0.15191325545310974,-1.4163131713867188,0.3264540433883667,0.9461386799812317,0.0689186304807663,0.0815746933221817,10.624723434448242,466.1299743652344,0.2900734543800354,0.32444411516189575,0.16427217423915863,0.08529489487409592,20.86935806274414,0.13610005378723145,12.310952186584473,1.090611219406128,1.5976732969284058,0.09875484555959702,0.10358469933271408,0.24792315065860748,377.7325439453125,0.5622193813323975,0.5622193813323975,0.3230922818183899,0.19238656759262085,23.206039428710938,0.13455834984779358,17.9754581451416,1.487143635749817,2.303875684738159,0.1266130656003952,0.13615968823432922,0.0,502.1675109863281,0.17421644926071167,0.18541264533996582,0.07930594682693481,0.0511523112654686,20.175081253051758,0.13554352521896362,23.912738800048828,2.3515114784240723,2.8175604343414307
2016,1,37.921524170617666,77.44721886341462,9568.653,1332.0,1.4971946477890015,308.268310546875,36.8459358215332,21.25308609008789,1.395978331565857,7.900000095367432,12.033893585205078,0.08581559360027313,0.08581559360027313,0.0,333.8182373046875,0.13122551143169403,0.13122551143169403,0.019453177228569984,0.03612043708562851,5.894778728485107,0.1080569252371788,15.896106719970703,1.1840476989746094,1.4824497699737549,0.056872785091400146,0.06950248032808304,345.5268859863281,263.04010009765625,0.23788873851299286,0.25677478313446045,0.032362502068281174,0.05526266619563103,15.601827621459961,0.11116625368595123,-0.6248998641967773,0.354434609413147,0.9856985807418823,0.07302099466323853,0.08314970135688782,0.4592439532279968,497.8479309082031,0.38575297594070435,0.43646439909935,0.177463561296463,0.10643772780895233,11.061860084533691,0.09396843612194061,13.442936897277832,1.1416995525360107,1.6742175817489624,0.09123637527227402,0.09444181621074677,0.0,391.0460205078125,0.5403311252593994,0.5403311252593994,0.28655534982681274,0.1804899424314499,26.037670135498047,0.10239872336387634,18.621238708496094,1.493277668952942,2.3587169647216797,0.10779239982366562,0.11321035772562027,0.0,514.939453125,0.5158117413520813,0.5158117413520813,0.1636735200881958,0.16817843914031982,7.681303024291992,0.09152068197727203,24.52092742919922,2.292661428451538,2.76192307472229
2016,1,37.95790597611274,77.38900975826293,9581.515,1313.0,1.4976515769958496,51.7454833984375,33.615447998046875,22.8231201171875,1.380090355873108,7.900000095367432,10.390273094177246,0.08530490845441818,0.08530490845441818,0.0,328.5048522949219,0.13069766759872437,0.13069766759872437,0.023250671103596687,0.03585069626569748,6.608852386474609,0.11450386792421341,15.643088340759277,1.166426181793213,1.456689715385437,0.05644265562295914,0.07050927728414536,370.3730163574219,256.24371337890625,0.0984739363193512,0.0984739363193512,-0.015429352410137653,0.023014280945062637,16.043149948120117,0.1162586510181427,-0.8646158576011658,0.3481375277042389,0.9689863920211792,0.07179670035839081,0.08208823949098587,0.9038981199264526,486.1542053222656,0.2472197413444519,0.2472197413444519,0.14970430731773376,0.08801373094320297,12.656767845153809,0.09849018603563309,13.114873886108398,1.1213113069534302,1.6499468088150024,0.09063934534788132,0.09381497651338577,0.0,385.4549560546875,0.26167529821395874,0.26167529821395874,0.11711897701025009,0.07325156778097153,26.586544036865234,0.10516179352998734,18.354997634887695,1.4692838191986084,2.328563690185547,0.10740009695291519,0.11291355639696121,0.0,508.0524597167969,0.1475902944803238,0.1475902944803238,0.020587578415870667,0.036145735532045364,10.163418769836426,0.097476065158844,24.192974090576172,2.2508575916290283,2.709486961364746
2016,1,39.37706839558453,76.4953657752429,9582.653,1234.0,0.0,-0.0,21.1417293548584,23.646135330200195,1.3815499544143677,7.0983757972717285,12.786230087280273,0.1267510950565338,0.1267510950565338,0.01782459020614624,384.8481140136719,0.5025379061698914,0.5025379061698914,0.2400967925786972,0.19795796275138855,2.203213691711426,0.14550672471523285,18.325252532958984,1.5862754583358765,1.8827792406082153,0.06370194256305695,0.0867040678858757,289.17578125,327.34326171875,0.20780916512012482,0.28517305850982666,0.05127052962779999,0.049193158745765686,16.805509567260742,0.16379040479660034,0.2891475260257721,0.3632935881614685,1.11900794506073,0.08760593831539154,0.10078214108943939,0.15507183969020844,568.5020141601562,0.5559053421020508,0.5573552250862122,0.3420315682888031,0.2030341476202011,9.95188045501709,0.14832803606987,15.360727310180664,1.342718243598938,1.9194892644882202,0.11704356223344803,0.12165722250938416,0.0036185316275805235,439.8135681152344,0.7380590438842773,0.7380590438842773,0.46507084369659424,0.29591628909111023,10.775045394897461,0.14567814767360687,20.943330764770508,1.8497697114944458,2.7482612133026123,0.14767636358737946,0.16022071242332458,0.0,573.2501831054688,0.19570289552211761,0.21100689470767975,0.08736953139305115,0.05855175480246544,6.811128616333008,0.141898974776268,27.29762840270996,2.9395627975463867,3.482361078262329
2016,1,41.739455542689626,82.12402660759288,9592.887,1213.0,1.8543341159820557,-0.0,26.309133529663086,22.132946014404297,1.409999966621399,8.0,17.374134063720703,0.0947907418012619,0.0947907418012619,6.339094161987305,219.71337890625,0.3365674912929535,0.3805845379829407,0.1514812856912613,0.10859069973230362,18.716218948364258,0.19775043427944183,10.160679817199707,0.7494292855262756,1.0273325443267822,0.04398726299405098,0.0723579004406929,795.0895385742188,90.33289337158203,0.1792128086090088,0.2815033793449402,0.006488318555057049,0.03816724941134453,33.36344528198242,0.20558872818946838,-5.3390655517578125,0.2177230566740036,0.554102897644043,0.06711646914482117,0.08227171748876572,19.72776985168457,373.4792785644531,0.1466224044561386,0.1466224044561386,0.10416952520608902,0.061895594000816345,25.35123062133789,0.17203643918037415,9.56085205078125,0.8480856418609619,1.278904676437378,0.11085653305053711,0.11930996924638748,1.9554194211959839,285.98284912109375,0.15794885158538818,0.17164278030395508,0.1297961324453354,0.04952658712863922,29.93878746032715,0.18162918090820312,13.525115013122559,1.0625739097595215,1.4826220273971558,0.15524758398532867,0.16783633828163147,0.11195392906665802,439.77734375,0.5046002268791199,0.5052902698516846,0.2697494626045227,0.1619994342327118,30.764493942260742,0.1680838167667389,20.936447143554688,1.9154167175292969,2.62398624420166
2016,1,39.52906131409229,76.38918120185718,9593.139,1237.0,3.672760009765625,220.83819580078125,27.375125885009766,28.584386825561523,1.3827080726623535,6.882431507110596,11.682549476623535,0.12947317957878113,0.12947317957878113,0.5560382604598999,379.0253601074219,0.4924411475658417,0.49453991651535034,0.2640492618083954,0.1669660061597824,3.047652244567871,0.15442882478237152,18.022348403930664,1.5773416757583618,1.883331060409546,0.06448939442634583,0.08525381237268448,329.5178527832031,323.9582214355469,0.3608429431915283,0.5097097754478455,0.11056531965732574,0.09127978980541229,20.402408599853516,0.1777343899011612,-0.042118318378925323,0.3571699261665344,1.112963318824768,0.09177520871162415,0.10584653913974762,5.954521179199219,560.9038696289062,0.419094979763031,0.5297046303749084,0.22041119635105133,0.14376477897167206,12.145956993103027,0.16380764544010162,14.99863052368164,1.3252418041229248,1.8944220542907715,0.12122461944818497,0.1254674792289734,0.1731392741203308,433.9686279296875,0.7682687640190125,0.7747977375984192,0.49909552931785583,0.30338090658187866,10.767745018005371,0.15655717253684998,20.65692710876465,1.8393155336380005,2.7180991172790527,0.14962023496627808,0.16203884780406952,0.0,568.3364868164062,0.197702556848526,0.2133689969778061,0.08652744442224503,0.05901449918746948,7.23008918762207,0.1495809555053711,27.063642501831055,2.9347782135009766,3.4745798110961914
2016,1,37.94227682692041,77.48386821497289,9601.158,1317.0,1.4974596500396729,128.26031494140625,32.40257263183594,23.179624557495117,1.3427473306655884,7.699999809265137,32.69496536254883,0.08771821111440659,0.08771821111440659,0.0,341.3545837402344,0.13354499638080597,0.13354499638080597,0.0168323814868927,0.03679269924759865,5.067066669464111,0.10630182176828384,16.254980087280273,1.2193177938461304,1.5221171379089355,0.05784159526228905,0.06988705694675446,321.0367431640625,275.3636779785156,0.23705202341079712,0.23705202341079712,0.1478758305311203,0.07457021623849869,14.850452423095703,0.11100330203771591,-0.3460080325603485,0.36067691445350647,1.0080150365829468,0.07566975057125092,0.08611106127500534,0.1359645277261734,512.9569091796875,0.5023822784423828,0.6850492358207703,0.3083883225917816,0.15864935517311096,9.54858112335205,0.09433314204216003,13.860026359558105,1.1751539707183838,1.7170480489730835,0.09360698610544205,0.0966796875,0.0,398.81591796875,0.5896803140640259,0.5896803140640259,0.31243133544921875,0.19376280903816223,24.53830909729004,0.10364539921283722,18.991233825683594,1.5333783626556396,2.4088141918182373,0.10951419174671173,0.11502152681350708,0.0,524.0296020507812,0.41384178400039673,0.41384178400039673,0.11954472959041595,0.11877688765525818,5.882935523986816,0.09122638404369354,24.95378875732422,2.3606083393096924,2.8292975425720215
2016,1,41.782575049876456,82.92847073313979,9635.924,1106.0,1.5511815547943115,126.71102142333984,29.3798828125,22.621789932250977,1.3483408689498901,8.01586627960205,11.548653602600098,0.10333710163831711,0.10333710163831711,2.114175796508789,246.65756225585938,0.3132113814353943,0.3132113814353943,0.14868037402629852,0.10218198597431183,12.740167617797852,0.15327242016792297,11.644923210144043,0.9090211987495422,1.2536286115646362,0.04475518316030502,0.06921026855707169,747.5696411132812,128.7916259765625,0.1570862978696823,0.39827126264572144,0.13895390927791595,0.03936232998967171,28.941221237182617,0.17626743018627167,-4.6877121925354,0.22583656013011932,0.6179483532905579,0.06686493009328842,0.08052085340023041,4.862185001373291,428.3968200683594,0.09826155006885529,0.11866165697574615,0.07887500524520874,0.029615065082907677,18.36231231689453,0.14301541447639465,11.446882247924805,1.0176057815551758,1.483446478843689,0.11067177355289459,0.12167881429195404,0.017531711608171463,318.92059326171875,0.4868035912513733,0.4868035912513733,0.2807966470718384,0.19091211259365082,17.921735763549805,0.14387863874435425,15.185859680175781,1.2797037363052368,1.6915147304534912,0.16401521861553192,0.1784605085849762,0.0,478.4165344238281,0.35755249857902527,0.35755249857902527,0.12429776042699814,0.11515521258115768,25.89348030090332,0.1423289030790329,22.781740188598633,2.2256433963775635,3.0603041648864746
2016,1,38.28830752776886,77.50219512030255,9639.408,1224.0,3.020190477371216,203.0099334716797,28.920318603515625,21.703283309936523,1.3702948093414307,7.300000190734863,14.795722961425781,0.10118886828422546,0.10118886828422546,0.0,376.4620361328125,0.15051238238811493,0.15051238238811493,0.01565777137875557,0.04117117449641228,2.0184381008148193,0.12699995934963226,17.9267635345459,1.4241875410079956,1.7226510047912598,0.06379386782646179,0.07823789864778519,253.5064697265625,344.46990966796875,0.1496955305337906,0.15555956959724426,0.024585403501987457,0.02931971661746502,10.764028549194336,0.1380086988210678,0.689116895198822,0.37942805886268616,1.109268069267273,0.09200874716043472,0.1058354377746582,0.0,578.1482543945312,0.13277558982372284,0.2427896112203598,0.1002001017332077,0.036045052111148834,5.066214084625244,0.12253305315971375,15.625628471374512,1.3516409397125244,1.9525694847106934,0.11058472841978073,0.11229884624481201,0.0,434.79278564453125,0.3898877501487732,0.39267823100090027,0.1577422022819519,0.11715301126241684,14.61703872680664,0.12905995547771454,20.704418182373047,1.7501345872879028,2.678187608718872,0.12190869450569153,0.1286737024784088,0.0,564.1256713867188,0.4459899961948395,0.4470813572406769,0.21101593971252441,0.1509065479040146,3.703775405883789,0.12107156217098236,26.863126754760742,2.7172164916992188,3.1280484199523926
2016,1,39.463035404793914,76.68751289873693,9651.593,1214.0,1.5173749923706055,127.66938018798828,15.912789344787598,24.375614166259766,1.374014973640442,7.142573356628418,12.481807708740234,0.1335316002368927,0.1335316002368927,0.0,401.49627685546875,0.5503434538841248,0.5518031716346741,0.23264111578464508,0.14899221062660217,0.9537680149078369,0.12873955070972443,19.11886978149414,1.684719443321228,2.0027620792388916,0.06579926609992981,0.08797410875558853,264.52630615234375,356.32763671875,0.18329623341560364,0.2718820869922638,0.02591707371175289,0.04303073510527611,14.447566986083984,0.14916196465492249,0.6954646706581116,0.37428176403045654,1.19498610496521,0.09356393665075302,0.10699670016765594,0.0,604.9443359375,0.34365153312683105,0.3887234330177307,0.18967004120349884,0.09332077205181122,6.463840961456299,0.13463930785655975,16.34984588623047,1.4449429512023926,2.0225160121917725,0.12279027700424194,0.12725916504859924,0.0,458.7001647949219,0.5636884570121765,0.5742281675338745,0.30386921763420105,0.18013200163841248,6.815002918243408,0.13145683705806732,21.842864990234375,1.9809764623641968,2.9020373821258545,0.15379926562309265,0.16714829206466675,0.0,595.9676513671875,0.20190231502056122,0.2183629870414734,0.08934123814105988,0.060686226934194565,3.208874464035034,0.12658603489398956,28.379411697387695,3.1559646129608154,3.728081226348877
2016,1,39.07685049895918,76.46895451970333,9654.385,1232.0,0.9274099469184875,-0.0,22.400161743164062,26.163089752197266,1.3991796970367432,7.041903495788574,12.20230770111084,0.10422487556934357,0.10422487556934357,0.4021039605140686,335.4378662109375,0.5108926296234131,0.5108926296234131,0.21791698038578033,0.1319425106048584,6.357219696044922,0.13931629061698914,15.954083442687988,1.302646279335022,1.5613415241241455,0.056938182562589645,0.08248260617256165,383.7953796386719,246.36856079101562,0.19922219216823578,0.3055650293827057,0.09008185565471649,0.04437355697154999,20.661388397216797,0.14515812695026398,-1.0411121845245361,0.33328717947006226,0.9643956422805786,0.06848026812076569,0.08088214695453644,3.4982569217681885,479.01873779296875,0.27079322934150696,0.2837870419025421,0.10255135595798492,0.0753040760755539,19.368284225463867,0.12872399389743805,12.85190486907959,1.1190937757492065,1.637169599533081,0.09837425500154495,0.10337557643651962,0.08163025230169296,387.0745544433594,0.4524994194507599,0.4524994194507599,0.13590888679027557,0.14206896722316742,22.783462524414062,0.1302190124988556,18.428234100341797,1.5195952653884888,2.354865312576294,0.12727700173854828,0.1370808631181717,0.0,512.288330078125,0.17499053478240967,0.18635593354701996,0.07967137545347214,0.05142727866768837,18.646503448486328,0.13047203421592712,24.394681930541992,2.401336669921875,2.875035285949707
2016,1,39.50561536075326,76.01620415334276,9658.139,1328.0,2.402787446975708,90.0,35.208335876464844,21.48112678527832,1.3748772144317627,7.900000095367432,12.692329406738281,0.11430399864912033,0.11430399864912033,0.07211408019065857,342.2575378417969,0.16367603838443756,0.16367603838443756,0.0711417868733406,0.045718029141426086,7.719315052032471,0.14835849404335022,16.294544219970703,1.3457224369049072,1.6612666845321655,0.06021132320165634,0.07812222838401794,371.67059326171875,245.07594299316406,0.23246604204177856,0.2590580880641937,0.045723579823970795,0.04862258583307266,31.19171142578125,0.1739724725484848,-0.9590504765510559,0.3348943293094635,1.0069936513900757,0.08555243909358978,0.10142987221479416,1.0145714282989502,489.2560119628906,0.5159940719604492,0.5159940719604492,0.31103602051734924,0.17405803501605988,21.932485580444336,0.16119302809238434,13.195714950561523,1.1251293420791626,1.6527196168899536,0.1146090179681778,0.11744948476552963,0.020640041679143906,398.6887512207031,0.6758096218109131,0.6758096218109131,0.40467002987861633,0.23278820514678955,18.605266571044922,0.14014632999897003,18.984195709228516,1.5789742469787598,2.4094185829162598,0.13279575109481812,0.14143231511116028,0.0,528.2318115234375,0.1795678585767746,0.19155253469944,0.08042643964290619,0.052849240601062775,10.840424537658691,0.12710025906562805,25.15389633178711,2.53387188911438,3.017935276031494
2016,1,41.66965723390003,81.80791201571199,9662.133,1239.0,1.2414439916610718,270.0,28.758081436157227,19.744781494140625,1.409999966621399,7.997259616851807,18.59482192993164,0.09952604025602341,0.09952604025602341,7.638937950134277,205.23550415039062,0.5538575649261475,0.5538575649261475,0.29359301924705505,0.14483007788658142,23.1148624420166,0.20470696687698364,9.4093599319458,0.6536773443222046,0.8952398896217346,0.04354248195886612,0.07710092514753342,811.3712768554688,70.2396469116211,0.2909817397594452,0.3290715217590332,0.1637788563966751,0.06127990409731865,34.59264373779297,0.19715312123298645,-5.614633560180664,0.2143373042345047,0.534275233745575,0.07437708228826523,0.09083397686481476,23.690595626831055,346.2647705078125,0.10740388184785843,0.13478538393974304,0.09845500439405441,0.03251618519425392,29.443880081176758,0.16548319160938263,8.718220710754395,0.7683624625205994,1.1624562740325928,0.11819248646497726,0.1253359615802765,2.550509452819824,270.183349609375,0.6437867283821106,0.6437867283821106,0.3925926685333252,0.21314343810081482,38.193206787109375,0.18185843527317047,12.74442195892334,0.9423980712890625,1.3836885690689087,0.16004447638988495,0.1718992292881012,0.1460247039794922,421.863037109375,0.5656266808509827,0.5656266808509827,0.36074647307395935,0.21172292530536652,32.974918365478516,0.1571110337972641,20.081762313842773,1.7531721591949463,2.381617784500122
2016,1,39.78292685526707,76.82711397541716,9674.338,1195.0,2.412428379058838,270.0,26.660276412963867,24.04662322998047,1.3799999952316284,6.985845565795898,15.071529388427734,0.11976561695337296,0.11976561695337296,5.509138584136963,295.3050842285156,0.5051140785217285,0.5051140785217285,0.2466302216053009,0.1517316699028015,8.256174087524414,0.1760396510362625,13.799806594848633,1.2909971475601196,1.5543018579483032,0.06143984943628311,0.08038941770792007,726.6682739257812,263.2115173339844,0.3091028034687042,0.43309521675109863,0.08744297921657562,0.08981990814208984,26.44841766357422,0.19170166552066803,-3.5110361576080322,0.29230108857154846,0.9384484887123108,0.08189807087182999,0.09508670121431351,58.353065490722656,445.226318359375,0.2952333390712738,0.3319701552391052,0.1759629249572754,0.09022429585456848,27.546518325805664,0.18283163011074066,10.456033706665039,1.1039127111434937,1.541490912437439,0.1127898097038269,0.11857019364833832,1.7025145292282104,341.0995788574219,0.5917016267776489,0.5962243676185608,0.3152000606060028,0.2063683569431305,24.152448654174805,0.18788208067417145,16.16176414489746,1.5076299905776978,2.213881254196167,0.14336800575256348,0.15575839579105377,0.0,472.3108215332031,0.1684885323047638,0.18916060030460358,0.06710895150899887,0.05909784883260727,29.15460968017578,0.18228371441364288,22.490991592407227,2.429760694503784,2.8995938301086426
2016,1,38.162186313573194,77.29198863754206,9678.531,1269.0,2.9984166622161865,128.1767120361328,35.05643081665039,23.4724063873291,1.3795084953308105,7.675419807434082,10.941045761108398,0.08881102502346039,0.08881102502346039,0.0,333.9105529785156,0.1351616084575653,0.1351616084575653,0.026176994666457176,0.03668665885925293,6.272722244262695,0.12740547955036163,15.900503158569336,1.211779236793518,1.4874858856201172,0.05771186575293541,0.07492577284574509,368.27996826171875,268.6541442871094,0.17616389691829681,0.36352407932281494,0.05621592700481415,0.05874277278780937,15.386088371276855,0.12940798699855804,-0.7547410726547241,0.3471563756465912,0.9792599081993103,0.0747479796409607,0.08655725419521332,1.0544155836105347,493.46026611328125,0.5823004841804504,0.583445131778717,0.3167383074760437,0.18441566824913025,13.520406723022461,0.11167856305837631,13.308266639709473,1.1511698961257935,1.6935031414031982,0.09515926241874695,0.09797128289937973,0.0,390.2182922363281,0.5233726501464844,0.5449551939964294,0.2962993383407593,0.18237236142158508,24.25798225402832,0.11659455299377441,18.581823348999023,1.5026166439056396,2.3704440593719482,0.11095122247934341,0.1170015037059784,0.0,512.7946166992188,0.3606879711151123,0.3617270290851593,0.038858309388160706,0.10574612766504288,12.96606159210205,0.11375900357961655,24.418790817260742,2.309807300567627,2.7302143573760986
2016,1,39.12994055610151,76.62930379358527,9680.295,1215.0,2.5631725788116455,111.19918060302734,19.583641052246094,28.27672004699707,1.3737750053405762,6.807811260223389,11.306443214416504,0.11111270636320114,0.11111270636320114,0.0,356.56329345703125,0.5797282457351685,0.5797282457351685,0.245294451713562,0.13846895098686218,4.488185405731201,0.13043853640556335,16.979204177856445,1.412000298500061,1.6881769895553589,0.059422049671411514,0.08394581824541092,334.6103820800781,280.6871643066406,0.2286566197872162,0.2666472792625427,0.042288340628147125,0.05064840614795685,17.821502685546875,0.1393900066614151,-0.408509224653244,0.3479294776916504,1.0383073091506958,0.0754707083106041,0.08818340301513672,0.0,520.0628662109375,0.2743206024169922,0.3247777819633484,0.10080715268850327,0.07858876883983612,15.062169075012207,0.12337710708379745,14.055753707885742,1.2248648405075073,1.7617312669754028,0.10473498702049255,0.10948244482278824,0.0,410.2735595703125,0.5275362133979797,0.5275362133979797,0.2501763105392456,0.13796178996562958,18.37164878845215,0.1251804232597351,19.536836624145508,1.6573237180709839,2.524928569793701,0.1335029900074005,0.14407499134540558,0.0,539.0628662109375,0.5341882109642029,0.5341882109642029,0.26333677768707275,0.19837483763694763,13.890978813171387,0.12374693900346756,25.669660568237305,2.6233880519866943,3.119290828704834
2016,1,41.278348820954896,80.4324086546545,9683.279,1187.0,4.621430397033691,126.92536163330078,27.603626251220703,23.078418731689453,1.3900574445724487,7.758930683135986,21.630367279052734,0.10521247237920761,0.10521247237920761,0.0,161.90708923339844,0.3177720010280609,0.33318009972572327,0.06846167147159576,0.08326703310012817,17.51557159423828,0.24036653339862823,7.7098612785339355,0.5597404837608337,0.7061847448348999,0.04564514383673668,0.08179577440023422,916.5913696289062,52.330562591552734,0.1355573832988739,0.35630545020103455,0.10715403407812119,0.04164159670472145,39.41996383666992,0.2452762871980667,-6.547430515289307,0.195404514670372,0.518691897392273,0.07744885236024857,0.0940374881029129,4.385651111602783,228.27218627929688,0.31374847888946533,0.6333237290382385,0.5380587577819824,0.09337127208709717,39.70602798461914,0.20964065194129944,6.050987243652344,0.5894790291786194,0.855765163898468,0.11731462180614471,0.12320239096879959,0.0,218.00132751464844,0.15886768698692322,0.16788604855537415,0.06446755677461624,0.04695483297109604,52.00544738769531,0.23385073244571686,10.38101577758789,0.7510752081871033,1.2046328783035278,0.15807464718818665,0.17153462767601013,0.0,359.4816589355469,0.36319687962532043,0.367402583360672,0.09072854369878769,0.15105171501636505,32.7093391418457,0.19344736635684967,17.118173599243164,1.3415645360946655,1.814308524131775
2016,1,41.29937348242189,80.44211165854679,9683.279,1195.0,3.085305690765381,53.08354187011719,27.36678123474121,22.223033905029297,1.3976315259933472,7.800000190734863,22.167646408081055,0.10545392334461212,0.10545392334461212,0.0,156.68453979492188,0.4965364336967468,0.5653215050697327,0.2078545242547989,0.16127678751945496,17.979434967041016,0.24280205368995667,7.4611687660217285,0.5436323285102844,0.6869609355926514,0.045562125742435455,0.08227238059043884,931.5202026367188,47.366451263427734,0.06104246526956558,0.2533309757709503,0.32736656069755554,0.025454998016357422,40.172916412353516,0.24689368903636932,-6.698134422302246,0.19352975487709045,0.510672926902771,0.07833489030599594,0.09505636245012283,4.483293056488037,218.86566162109375,0.12672066688537598,0.2610936164855957,0.3841550946235657,0.03137781098484993,40.705780029296875,0.21128256618976593,5.7941179275512695,0.572760820388794,0.8313857316970825,0.11837895959615707,0.1241229772567749,0.0,212.55357360839844,0.3090088963508606,0.3090088963508606,0.1426260769367218,0.12964285910129547,53.075225830078125,0.23581437766551971,10.121598243713379,0.7282606363296509,1.1723123788833618,0.15854665637016296,0.17169788479804993,0.0,353.7462463378906,0.4304787814617157,0.44840970635414124,0.17684336006641388,0.14535340666770935,33.3311767578125,0.19473889470100403,16.84505844116211,1.3056813478469849,1.7617831230163574
2016,1,38.34948193512109,77.16101592140025,9737.258,1251.0,4.499642372131348,128.10501098632812,32.95919418334961,21.4244327545166,1.3799999952316284,7.459334373474121,13.115345001220703,0.08927564322948456,0.08927564322948456,0.0,333.393310546875,0.13565169274806976,0.13565169274806976,0.02717364765703678,0.03633084148168564,6.214878082275391,0.13319064676761627,15.875872611999512,1.2181884050369263,1.4775114059448242,0.05762152001261711,0.07805009186267853,364.6581115722656,265.7138977050781,0.3121151328086853,0.33254295587539673,0.08276530355215073,0.08214659243822098,15.664299011230469,0.1341354101896286,-0.7495774626731873,0.3438611924648285,0.968545138835907,0.0734252855181694,0.0862947329878807,0.7664348483085632,489.43994140625,0.514214038848877,0.5274917483329773,0.28232547640800476,0.14818182587623596,15.555408477783203,0.11668314039707184,13.207391738891602,1.144875168800354,1.6883617639541626,0.09589871019124985,0.0987626314163208,0.0,388.2344970703125,0.5129340887069702,0.5144267678260803,0.3157360851764679,0.18506501615047455,24.147260665893555,0.12215597927570343,18.487356185913086,1.4858711957931519,2.3512375354766846,0.1119450032711029,0.11827197670936584,0.0,510.3876953125,0.301047146320343,0.3012484312057495,0.03645942732691765,0.10031915456056595,16.501497268676758,0.12232688069343567,24.304176330566406,2.2949533462524414,2.6827666759490967
2016,1,38.45997845922548,77.33942009544757,9771.36,1205.0,0.9274099469184875,180.0,32.120914459228516,23.420610427856445,1.4098073244094849,7.699999809265137,12.470047950744629,0.10051185637712479,0.10051185637712479,0.0,369.8023376464844,0.14969396591186523,0.14969396591186523,0.019757017493247986,0.040432143956422806,2.6974475383758545,0.136045441031456,17.609634399414062,1.4036130905151367,1.6813771724700928,0.06308219581842422,0.08133315294981003,273.2558898925781,332.5621337890625,0.36520087718963623,0.4277200698852539,0.18135994672775269,0.08444825559854507,11.593544960021973,0.14471302926540375,0.4492897391319275,0.370512992143631,1.0804787874221802,0.08903717249631882,0.1037389487028122,0.09617122262716293,561.5924682617188,0.6398904919624329,0.6398904919624329,0.40556374192237854,0.2177620232105255,8.34903621673584,0.1289704442024231,15.175575256347656,1.3192087411880493,1.9148277044296265,0.10989352315664291,0.11171150952577591,0.0,426.5477294921875,0.15363790094852448,0.16024072468280792,0.02970554493367672,0.04448481649160385,15.537068367004395,0.13480450212955475,20.311796188354492,1.7032597064971924,2.6209635734558105,0.12188257277011871,0.12890122830867767,0.0,554.23486328125,0.34305474162101746,0.34305474162101746,0.07324058562517166,0.09584268927574158,8.845399856567383,0.13164229691028595,26.39213752746582,2.649433135986328,3.0263478755950928
2016,1,39.0544836480751,76.39403270380333,9786.534,1239.0,1.51186203956604,127.8309326171875,22.12824821472168,28.34604835510254,1.399999976158142,7.082526206970215,12.196145057678223,0.1007862463593483,0.1007862463593483,1.440953254699707,318.6400146484375,0.3944341242313385,0.3944341242313385,0.09920449554920197,0.10946646332740784,8.135639190673828,0.14574450254440308,15.104717254638672,1.232020616531372,1.4843227863311768,0.05593243986368179,0.08133573085069656,446.3985595703125,227.5426483154297,0.2776731848716736,0.30542227625846863,0.061902306973934174,0.06682930141687393,23.105667114257812,0.15035341680049896,-1.6579992771148682,0.3213377892971039,0.9224626421928406,0.06627072393894196,0.078806072473526,12.536124229431152,452.2839660644531,0.3470061719417572,0.3470061719417572,0.20169468224048615,0.10365231335163116,22.276304244995117,0.1344671994447708,11.885076522827148,1.057218313217163,1.554612636566162,0.09617282450199127,0.10106563568115234,0.2925248146057129,369.08837890625,0.5289103388786316,0.5289103388786316,0.2904474139213562,0.19036129117012024,24.865182876586914,0.13333791494369507,17.56170654296875,1.4386377334594727,2.2439253330230713,0.12385346740484238,0.1330389678478241,0.0,492.2601623535156,0.17142021656036377,0.18208594620227814,0.07827111333608627,0.05019098520278931,22.11934471130371,0.13526204228401184,23.440959930419922,2.272270441055298,2.7280423641204834
2016,1,41.654563176834124,82.91014382781012,9800.809,1029.0,1.5491944551467896,53.234130859375,33.33122253417969,20.894489288330078,1.4075595140457153,8.100000381469727,16.28264617919922,0.10466191172599792,0.10466191172599792,1.1345939636230469,282.0616455078125,0.37420162558555603,0.44185584783554077,0.15808144211769104,0.13007113337516785,9.618035316467285,0.12624964118003845,13.37747859954834,1.0232558250427246,1.4099037647247314,0.04919933155179024,0.07358536869287491,619.357666015625,151.09814453125,0.12387102842330933,0.24224214255809784,0.02384847030043602,0.03591590374708176,23.898515701293945,0.15232114493846893,-3.5474207401275635,0.24371184408664703,0.6699662804603577,0.06749892979860306,0.08041767030954361,2.6368205547332764,493.8069763183594,0.09576818346977234,0.11357773095369339,0.03869834542274475,0.028361555188894272,12.744670867919922,0.11651372164487839,13.274868965148926,1.1452003717422485,1.6596285104751587,0.10737873613834381,0.11698871850967407,0.009166975505650043,358.64593505859375,0.5242896676063538,0.5242896676063538,0.2776941657066345,0.1961483657360077,13.433384895324707,0.1179249957203865,17.07794189453125,1.4431244134902954,1.9037458896636963,0.1537749022245407,0.16760048270225525,0.0,520.2349243164062,0.39502495527267456,0.39502495527267456,0.15569566190242767,0.11855270713567734,18.46578598022461,0.11655430495738983,24.773090362548828,2.5021755695343018,3.41313099861145
2016,1,41.64944412882477,82.73200719982601,9821.267,1020.0,0.9274099469184875,-0.0,32.072574615478516,21.22567367553711,1.4044557809829712,8.012327194213867,16.47343635559082,0.0994056984782219,0.0994056984782219,0.9080733060836792,281.4792175292969,0.4925515055656433,0.49292922019958496,0.2248401641845703,0.12057430297136307,9.496633529663086,0.13936880230903625,13.360530853271484,1.0093973875045776,1.3870795965194702,0.04945433884859085,0.07380153238773346,605.904296875,144.86318969726562,0.16554827988147736,0.3531358242034912,0.02532866783440113,0.038397811353206635,23.99550437927246,0.16682936251163483,-3.4927353858947754,0.24406969547271729,0.6537683010101318,0.06570014357566833,0.0787309929728508,2.3737316131591797,490.0346374511719,0.09307008236646652,0.11117810755968094,0.04616161808371544,0.02808457612991333,12.75821590423584,0.12930619716644287,13.180024147033691,1.1219979524612427,1.644283652305603,0.10484246909618378,0.11364520341157913,0.0050214724615216255,357.82977294921875,0.7202883362770081,0.7202883362770081,0.43387019634246826,0.30567750334739685,13.845078468322754,0.13080547749996185,17.039274215698242,1.4223681688308716,1.8848367929458618,0.14707346260547638,0.15986701846122742,0.0,519.2930297851562,0.463878870010376,0.49063369631767273,0.22701765596866608,0.14041045308113098,17.972402572631836,0.12902133166790009,24.728240966796875,2.476701259613037,3.3823060989379883
2016,1,38.07028869996274,77.14942671776234,9828.178,1330.0,2.354947566986084,270.0,32.51095962524414,21.17688751220703,1.39749014377594,7.674523830413818,11.370148658752441,0.08093253523111343,0.08093253523111343,0.0,303.7027893066406,0.12552060186862946,0.12552060186862946,0.03605956956744194,0.03390625864267349,9.539952278137207,0.13295908272266388,14.462038040161133,1.0683960914611816,1.3273577690124512,0.05374110862612724,0.07311264425516129,463.58258056640625,218.50347900390625,0.1797132045030594,0.30039042234420776,0.042796652764081955,0.05172860249876976,18.439773559570312,0.12860947847366333,-1.8566598892211914,0.32263267040252686,0.8896641135215759,0.06385225057601929,0.07433418929576874,2.2601468563079834,433.0987243652344,0.23200368881225586,0.28281572461128235,0.0690029039978981,0.07253985106945038,19.506620407104492,0.10884913057088852,11.644285202026367,1.0157763957977295,1.5196908712387085,0.08533782511949539,0.08872620761394501,0.0,359.0372619628906,0.2947577238082886,0.2947577238082886,0.13716761767864227,0.09957601875066757,30.430028915405273,0.11064977943897247,17.097013473510742,1.3396934270858765,2.1670563220977783,0.10382754355669022,0.10948024690151215,0.0,476.4290466308594,0.5957472920417786,0.5957472920417786,0.24747031927108765,0.2193082869052887,19.938140869140625,0.1134238913655281,22.687097549438477,2.034846067428589,2.459610939025879
2016,1,38.405809299628224,77.43051061176735,9837.847,1210.0,4.392205715179443,147.4598388671875,31.438556671142578,20.181365966796875,1.4024978876113892,7.599999904632568,11.186439514160156,0.10269460082054138,0.10269460082054138,0.0,377.54998779296875,0.15246611833572388,0.15246611833572388,0.01793808862566948,0.04144866019487381,2.005246639251709,0.1345207691192627,17.97857093811035,1.4396982192993164,1.7279824018478394,0.06426847726106644,0.08075570315122604,256.4953308105469,347.7879943847656,0.23481296002864838,0.2646160423755646,0.039640724658966064,0.048836275935173035,10.625479698181152,0.14522436261177063,0.6916111707687378,0.3773045837879181,1.1081699132919312,0.09288293123245239,0.10753346234560013,0.0982317328453064,578.163818359375,0.37070709466934204,0.37070709466934204,0.11929076910018921,0.09308401495218277,6.019219398498535,0.12970054149627686,15.623394012451172,1.3581938743591309,1.964289903640747,0.11254560202360153,0.11411584913730621,0.0,435.31451416015625,0.6096339821815491,0.6096339821815491,0.3580612540245056,0.22367872297763824,13.767918586730957,0.1352842003107071,20.729263305664062,1.7557404041290283,2.685389757156372,0.12356751412153244,0.13062123954296112,0.0,564.3011474609375,0.31011858582496643,0.31011858582496643,0.06389406323432922,0.08043379336595535,5.824882507324219,0.13028965890407562,26.871482849121094,2.7295615673065186,3.1174962520599365
2016,1,37.86547327037586,77.52941347313278,9857.243,1343.0,2.348388671875,270.0,32.94163131713867,23.789352416992188,1.3794701099395752,7.400000095367432,9.810599327087402,0.08453699946403503,0.08453699946403503,0.0,338.6002197265625,0.1291448324918747,0.1291448324918747,0.013188306242227554,0.035725269466638565,5.266087532043457,0.09746943414211273,16.12381935119629,1.2020766735076904,1.511423110961914,0.05646142363548279,0.06738406419754028,324.01556396484375,268.07891845703125,0.22495827078819275,0.28773877024650574,-0.012671433389186859,0.05523606762290001,15.263198852539062,0.10162452608346939,-0.42376232147216797,0.36157339811325073,1.0069044828414917,0.07227926701307297,0.08196345716714859,0.0,509.5752868652344,0.27597394585609436,0.2998752295970917,0.08334090560674667,0.07488750666379929,9.629767417907715,0.08507788181304932,13.772305488586426,1.1658439636230469,1.6992274522781372,0.08963717520236969,0.09292556345462799,0.0,396.4427795410156,0.5141663551330566,0.5141663551330566,0.20708103477954865,0.16098958253860474,25.643701553344727,0.09528736025094986,18.87822723388672,1.5216751098632812,2.3955700397491455,0.10612677782773972,0.11127272993326187,0.0,521.7977905273438,0.4822889268398285,0.4822889268398285,0.15136562287807465,0.13352863490581512,5.36883544921875,0.08119898289442062,24.847515106201172,2.340013027191162,2.8282971382141113
2016,1,39.35874149025487,76.22182668022032,9860.53,1252.0,1.5159567594528198,307.7107849121094,27.640817642211914,27.96278953552246,1.401808261871338,7.193444728851318,12.00130558013916,0.1150330901145935,0.1150330901145935,1.1977165937423706,343.6025390625,0.5508716106414795,0.5508716106414795,0.23536130785942078,0.20542319118976593,6.8430867195129395,0.15233798325061798,16.304990768432617,1.3775649070739746,1.6698015928268433,0.060340624302625656,0.08155570179224014,399.7380065917969,263.702392578125,0.186483234167099,0.3121563792228699,0.05161618813872337,0.034308191388845444,25.573251724243164,0.17045870423316956,-1.0305728912353516,0.3354944586753845,1.0094605684280396,0.08182860910892487,0.09608076512813568,10.41999340057373,496.78204345703125,0.21369996666908264,0.23200400173664093,0.11161234974861145,0.06704378873109818,18.99002456665039,0.15644198656082153,13.144920349121094,1.1607027053833008,1.6883091926574707,0.11114198714494705,0.11497199535369873,0.2431458681821823,397.48638916015625,0.31944289803504944,0.31944289803504944,0.1455834060907364,0.11216307431459427,17.667400360107422,0.14417646825313568,18.916345596313477,1.6120392084121704,2.4438750743865967,0.13524577021598816,0.14518921077251434,0.0,526.0464477539062,0.18252778053283691,0.19520452618598938,0.08204211294651031,0.05397167056798935,13.626049041748047,0.1391342282295227,25.04983139038086,2.568979024887085,3.0601463317871094
2016,1,39.12751480512844,76.02832844910708,9870.299,1298.0,2.3898532390594482,270.0,31.29437828063965,26.374544143676758,1.4098857641220093,7.300000190734863,9.513375282287598,0.09562980383634567,0.09562980383634567,5.3573126792907715,268.4243469238281,0.40756070613861084,0.40756070613861084,0.20762282609939575,0.12407256662845612,14.140894889831543,0.17429965734481812,12.527002334594727,1.0455213785171509,1.2937620878219604,0.05454576388001442,0.07733327150344849,661.9384765625,177.15875244140625,0.2458195686340332,0.48263272643089294,0.07393387705087662,0.058789122849702835,33.38624572753906,0.18113583326339722,-3.6725738048553467,0.28357455134391785,0.8107435703277588,0.06618274748325348,0.08006154745817184,46.60798645019531,375.4302062988281,0.5046368837356567,0.5709159970283508,0.33927014470100403,0.13547436892986298,31.345413208007812,0.16829657554626465,8.887086868286133,0.8810544610023499,1.316202163696289,0.09581741690635681,0.0997857078909874,1.0875763893127441,316.036865234375,0.7630349397659302,0.7630349397659302,0.5045159459114075,0.299833744764328,28.75911521911621,0.15166345238685608,14.997584342956543,1.2281882762908936,1.933702826499939,0.11731331795454025,0.12466282397508621,0.0,434.335693359375,0.1642102301120758,0.1733795553445816,0.07514853030443192,0.04766136780381203,30.894712448120117,0.15669837594032288,20.68265151977539,1.9467103481292725,2.3542048931121826
2016,1,38.339511385165586,77.37688100339756,9880.458,1216.0,1.8543341159820557,180.0,32.74535369873047,24.75336456298828,1.386624813079834,7.900000095367432,10.379325866699219,0.09805435687303543,0.09805435687303543,0.0,363.4733581542969,0.14664755761623383,0.14664755761623383,0.020131705328822136,0.03980671986937523,3.3261985778808594,0.1314905434846878,17.30825424194336,1.3652946949005127,1.6486960649490356,0.062074530869722366,0.07895005494356155,289.5210266113281,321.39337158203125,0.19526593387126923,0.20130391418933868,0.04071403294801712,0.03856535628437996,12.220348358154297,0.1393193006515503,0.24145713448524475,0.36773064732551575,1.0655491352081299,0.08667575567960739,0.10045207291841507,0.2969838082790375,550.7199096679688,0.38902321457862854,0.3945297300815582,0.19291996955871582,0.09646996110677719,8.561007499694824,0.12318877130746841,14.876296043395996,1.2898800373077393,1.8748538494110107,0.10674719512462616,0.10876105725765228,0.0,420.59149169921875,0.5516999363899231,0.552386999130249,0.3272835612297058,0.19212719798088074,17.272506713867188,0.12898607552051544,20.028167724609375,1.6707851886749268,2.579970359802246,0.11941365152597427,0.12613734602928162,0.0,547.5712280273438,0.548458993434906,0.5513049960136414,0.24058246612548828,0.18730604648590088,8.260188102722168,0.12447933107614517,26.07482147216797,2.5908637046813965,2.987839937210083
2016,1,39.11107409954438,75.95071779527186,9889.202,1351.0,0.0,-0.0,37.86880111694336,22.681081771850586,1.4136303663253784,7.704485893249512,11.908039093017578,0.09266263991594315,0.09266263991594315,6.518588542938232,251.6346893310547,0.3618182837963104,0.3618182837963104,0.20161454379558563,0.09631354361772537,15.940966606140137,0.1817510575056076,11.672195434570312,0.9783025979995728,1.2203340530395508,0.053680870682001114,0.07628811150789261,728.5396118164062,159.66014099121094,0.19397133588790894,0.2121749222278595,0.04030593857169151,0.041979409754276276,35.83611297607422,0.18751859664916992,-4.309692859649658,0.27143028378486633,0.7699599266052246,0.06435461342334747,0.0783763900399208,56.71095275878906,349.22412109375,0.35054340958595276,0.38683030009269714,0.18700486421585083,0.09736959636211395,34.164669036865234,0.17529916763305664,7.905761241912842,0.8214101195335388,1.2357710599899292,0.09398947656154633,0.09784560650587082,1.3233245611190796,297.9944152832031,0.41151633858680725,0.41151633858680725,0.2200630158185959,0.11521978676319122,30.609594345092773,0.15580035746097565,14.12719440460205,1.1512341499328613,1.825823187828064,0.11432496458292007,0.12111877650022507,0.0,414.3125,0.16108427941799164,0.169638991355896,0.07391536980867386,0.04657813906669617,34.37462615966797,0.1627071350812912,19.729167938232422,1.824096918106079,2.2144010066986084
2016,1,39.35523663682686,76.00272874995925,9914.891,1281.0,3.029688596725464,52.287662506103516,30.51923942565918,24.692983627319336,1.4189809560775757,7.800000190734863,9.411026000976562,0.10652311891317368,0.10652311891317368,2.1978919506073,311.95989990234375,0.15439704060554504,0.15439704060554504,0.06592375040054321,0.04262550547719002,10.451255798339844,0.15852004289627075,14.750572204589844,1.2201907634735107,1.5100929737091064,0.05791040509939194,0.07761256396770477,487.7767028808594,215.7356719970703,0.22947752475738525,0.3056986927986145,0.020230313763022423,0.05519803613424301,32.47386169433594,0.1769210398197174,-2.0609166622161865,0.3139711320400238,0.9266479015350342,0.07792151719331741,0.09305735677480698,19.121400833129883,442.1394348144531,0.35274723172187805,0.3527907729148865,0.17370615899562836,0.10560742020606995,25.911296844482422,0.16412296891212463,11.4329195022583,1.0224360227584839,1.512255072593689,0.10711964964866638,0.11031237989664078,0.446189284324646,365.0298156738281,0.4901832342147827,0.4901832342147827,0.25691452622413635,0.1773850917816162,22.73038673400879,0.14394359290599823,17.36112403869629,1.4330337047576904,2.2127723693847656,0.12609246373176575,0.13406571745872498,0.0,489.9433898925781,0.17279355227947235,0.1835222840309143,0.07808166742324829,0.05058501288294792,18.765060424804688,0.1379026621580124,23.330636978149414,2.290659189224243,2.7428083419799805
2016,1,36.90715002657559,79.54900722675423,9916.394,1627.0,4.98418664932251,111.791748046875,36.9540901184082,23.05835723876953,1.3161884546279907,7.7153191566467285,12.239850044250488,0.04359028488397598,0.04359028488397598,0.0,325.9462585449219,0.15090568363666534,0.15206463634967804,-0.044838808476924896,0.04478834941983223,5.610950946807861,0.07014655321836472,15.521249771118164,1.2578678131103516,1.5856590270996094,0.03947365656495094,0.05744451656937599,356.99462890625,260.64385986328125,0.08191181719303131,0.08850943297147751,-0.09029962122440338,0.027680635452270508,15.476539611816406,0.060486484318971634,-0.7299301028251648,0.39880144596099854,1.0613847970962524,0.03979460150003433,0.04547594487667084,0.0,508.7191162109375,0.134784996509552,0.13640344142913818,-0.02874308079481125,0.043908871710300446,12.32728385925293,0.05109458416700363,13.749165534973145,1.2870657444000244,1.8114937543869019,0.04955464228987694,0.050797052681446075,0.0,391.5943603515625,0.15143196284770966,0.17663146555423737,0.022002965211868286,0.05605652555823326,12.341657638549805,0.04984387010335922,18.647350311279297,1.6745527982711792,2.7155981063842773,0.06398448348045349,0.06862273067235947,0.0,513.6412353515625,0.09607700258493423,0.0997193455696106,0.051774848252534866,0.02902398072183132,10.21683406829834,0.04599180445075035,24.459104537963867,2.4510247707366943,3.067476987838745
2016,1,41.735950689261614,84.28564272976656,9925.914,961.0,1.242720603942871,270.0,36.694576263427734,19.89655876159668,1.4299999475479126,8.100000381469727,14.621282577514648,0.0923829972743988,0.0923829972743988,2.3414552211761475,280.2064208984375,0.28586599230766296,0.3327750563621521,0.07224118709564209,0.08222397416830063,9.613374710083008,0.10277338325977325,13.23166561126709,1.100252389907837,1.5467551946640015,0.03524661064147949,0.057076528668403625,779.653564453125,163.62713623046875,0.15436670184135437,0.3947119116783142,0.23437930643558502,0.0469818189740181,26.362272262573242,0.13197724521160126,-4.666866779327393,0.22384113073349,0.6913260817527771,0.06151960790157318,0.0710931271314621,3.0956382751464844,496.6680908203125,0.5228117108345032,0.5377001166343689,0.3134072422981262,0.19588153064250946,15.368731498718262,0.09684111177921295,13.33979606628418,1.227758526802063,1.7302900552749634,0.09325650334358215,0.10300923138856888,0.00732237147167325,355.4121398925781,0.5984687805175781,0.6715246438980103,0.35683128237724304,0.16219544410705566,14.112049102783203,0.09576219320297241,16.924039840698242,1.5249555110931396,2.0465304851531982,0.14194408059120178,0.15059077739715576,0.0,516.654052734375,0.3319953680038452,0.3368859887123108,0.12650540471076965,0.08954635262489319,22.188648223876953,0.09467621147632599,24.60257339477539,2.5610225200653076,3.43410587310791
2016,1,38.234138368171614,77.37310860390636,9927.344,1243.0,2.535505771636963,291.44219970703125,31.618379592895508,26.024656295776367,1.3719203472137451,7.300000190734863,10.796594619750977,0.09428093582391739,0.09428093582391739,0.0,352.7623596191406,0.14193452894687653,0.14193452894687653,0.021383415907621384,0.03861718624830246,4.347742557525635,0.12715710699558258,16.798206329345703,1.3056111335754395,1.5900365114212036,0.06038500741124153,0.0766172930598259,315.2489929199219,301.6608581542969,0.2579822242259979,0.26346367597579956,-0.00875108502805233,0.05739768594503403,13.383740425109863,0.13307109475135803,-0.10294047743082047,0.3613946735858917,1.0356268882751465,0.08218449354171753,0.09497223794460297,0.5068680047988892,530.7279663085938,0.3176365792751312,0.3748396635055542,0.10821271687746048,0.07182857394218445,9.934017181396484,0.1164175271987915,14.330300331115723,1.2386136054992676,1.8067600727081299,0.10198669135570526,0.10433976352214813,0.0,409.780517578125,0.5440027713775635,0.5628324747085571,0.2931428551673889,0.19213669002056122,20.048168182373047,0.12233427166938782,19.513357162475586,1.6093621253967285,2.5033481121063232,0.11587589234113693,0.12225781381130219,0.0,535.3584594726562,0.5817893743515015,0.5837644934654236,0.24943821132183075,0.2030804306268692,9.092585563659668,0.117218978703022,25.49325942993164,2.487360954284668,2.900918483734131
2016,1,38.34840729176721,77.0922967150656,9927.867,1260.0,1.5026166439056396,51.894676208496094,31.842838287353516,25.203109741210938,1.3710918426513672,7.202487468719482,10.774189949035645,0.08635019510984421,0.08635019510984421,0.0,323.42913818359375,0.13198886811733246,0.13198886811733246,0.029476985335350037,0.03518427163362503,7.173192501068115,0.1336057484149933,15.401387214660645,1.1692335605621338,1.420935869216919,0.05614522099494934,0.07768042385578156,389.60321044921875,247.2989959716797,0.23264461755752563,0.26710519194602966,-0.007676708046346903,0.05600806325674057,16.801183700561523,0.13229067623615265,-1.0780621767044067,0.33602428436279297,0.9366021752357483,0.06905452162027359,0.08159936964511871,0.9267014861106873,469.20721435546875,0.35725137591362,0.3675558865070343,0.09929798543453217,0.11130464822053909,17.8301944732666,0.1143956258893013,12.656229972839355,1.0968999862670898,1.6265896558761597,0.09227987378835678,0.09542534500360489,0.0,377.5458068847656,0.4013203978538513,0.4013203978538513,0.22113315761089325,0.14082321524620056,26.432228088378906,0.11975622177124023,17.978370666503906,1.4248685836791992,2.275749444961548,0.10944324731826782,0.1156320869922638,0.0,498.1092834472656,0.4586067795753479,0.4607057571411133,0.16286179423332214,0.15707187354564667,19.15513038635254,0.12140455096960068,23.7194881439209,2.197094678878784,2.5825986862182617
2016,1,39.26441812567133,75.76207106610478,9929.667,1347.0,1.8543341159820557,-0.0,28.629573822021484,24.777395248413086,1.3923242092132568,7.9223856925964355,12.794449806213379,0.0937710627913475,0.0937710627913475,5.2993855476379395,256.18682861328125,0.13996149599552155,0.13996149599552155,0.05463504046201706,0.037112317979335785,16.2907657623291,0.17695239186286926,11.947020530700684,0.9761479496955872,1.2442715167999268,0.05417197197675705,0.0735221579670906,684.2343139648438,149.50845336914062,0.3411271572113037,0.38953664898872375,0.11901681125164032,0.08817755430936813,40.56162643432617,0.19078251719474792,-4.050953388214111,0.2748659551143646,0.7842077612876892,0.06949751824140549,0.08504681289196014,46.104026794433594,351.915283203125,0.5098603367805481,0.5504665374755859,0.3082241415977478,0.19914324581623077,35.81094741821289,0.17959675192832947,8.265169143676758,0.8107842206954956,1.2322611808776855,0.0987456813454628,0.10159031301736832,1.0758167505264282,305.49163818359375,0.6879020929336548,0.6980025172233582,0.38990113139152527,0.2367183119058609,30.2958927154541,0.1514083743095398,14.495991706848145,1.1530046463012695,1.8359133005142212,0.11349665373563766,0.11924150586128235,0.0,423.4524841308594,0.5311722159385681,0.5311722159385681,0.20770643651485443,0.14083637297153473,30.27591896057129,0.1503552496433258,20.164403915405273,1.8439968824386597,2.234565496444702
2016,1,37.91990997603633,77.425391563758,9954.86,1334.0,1.497177243232727,51.731163024902344,34.736305236816406,20.627735137939453,1.3600000143051147,8.000410079956055,11.873729705810547,0.0851019024848938,0.0851019024848938,0.0,330.38433837890625,0.13037407398223877,0.13037407398223877,0.021011605858802795,0.03585543856024742,6.2976603507995605,0.10980208218097687,15.732586860656738,1.1692842245101929,1.4648531675338745,0.05647963657975197,0.06954509019851685,358.169677734375,257.801513671875,0.2583574950695038,0.2939465343952179,0.023468531668186188,0.06840810924768448,15.92556095123291,0.11214940249919891,-0.7603650093078613,0.35125264525413513,0.9754174947738647,0.07194553315639496,0.08199603855609894,0.6502432823181152,490.78936767578125,0.30544421076774597,0.30544421076774597,0.18942436575889587,0.1133107990026474,11.83635425567627,0.09467088431119919,13.247002601623535,1.12709641456604,1.6558465957641602,0.09035331010818481,0.09359543025493622,0.0,387.49578857421875,0.5141615867614746,0.5141615867614746,0.2541310787200928,0.17081023752689362,26.625904083251953,0.10247816145420074,18.452178955078125,1.4759314060211182,2.33699893951416,0.10715523362159729,0.11256035417318344,0.0,510.72088623046875,0.54861980676651,0.54861980676651,0.18699833750724792,0.17725251615047455,8.704358100891113,0.09267956018447876,24.320043563842773,2.2629435062408447,2.730628252029419
2016,1,41.664805731953884,82.93385732721235,9965.539,1037.0,2.2310001850128174,146.20542907714844,32.04039001464844,20.400278091430664,1.4329876899719238,8.050217628479004,16.655445098876953,0.10521778464317322,0.10521778464317322,1.2398350238800049,279.39495849609375,0.4028289020061493,0.48101842403411865,0.1645684540271759,0.13840456306934357,9.874914169311523,0.1267199069261551,13.245482444763184,1.0161415338516235,1.4006544351577759,0.04882339388132095,0.0732225850224495,630.9608154296875,150.14840698242188,0.2012884020805359,0.32044991850852966,0.02343914844095707,0.05753878131508827,24.274311065673828,0.15237516164779663,-3.6425182819366455,0.24228252470493317,0.6679435968399048,0.06768127530813217,0.08064361661672592,2.8427422046661377,489.2169189453125,0.09630702435970306,0.11427903920412064,0.04080725461244583,0.02849341183900833,13.17713451385498,0.1169833317399025,13.145247459411621,1.138216495513916,1.6479095220565796,0.10795529931783676,0.11777342855930328,0.01035717036575079,355.6747741699219,0.1513306051492691,0.1671079844236374,0.07750008255243301,0.04465944692492485,13.728734970092773,0.1183418333530426,16.9364013671875,1.4330707788467407,1.8896992206573486,0.1554049700498581,0.1694045066833496,0.0,517.1158447265625,0.4079071879386902,0.4079071879386902,0.1603846698999405,0.12701982259750366,19.103334426879883,0.11700835824012756,24.62456512451172,2.483949899673462,3.389677047729492
2016,1,39.111613650771844,76.0075802519054,9967.036,1314.0,2.3893072605133057,90.0,30.384775161743164,23.665771484375,1.3815431594848633,7.622040748596191,10.960722923278809,0.09423957020044327,0.09423957020044327,5.831775665283203,261.56744384765625,0.4613386392593384,0.4613386392593384,0.28694844245910645,0.1275879442691803,14.82825756072998,0.17711703479290009,12.177888870239258,1.017863392829895,1.262341856956482,0.05413132533431053,0.0770164504647255,688.9834594726562,170.26219177246094,0.2275092452764511,0.3207786977291107,0.10321900248527527,0.04675878584384918,34.127540588378906,0.1830892264842987,-3.9297068119049072,0.2786780595779419,0.793541431427002,0.06508191674947739,0.07894112169742584,50.73575973510742,364.75799560546875,0.4752104878425598,0.48438507318496704,0.2904917001724243,0.14793343842029572,32.41239929199219,0.17042064666748047,8.48708724975586,0.8572045564651489,1.2838326692581177,0.09473785758018494,0.0987112894654274,1.1838961839675903,308.5668029785156,0.4914585053920746,0.4914585053920746,0.28579458594322205,0.1521676480770111,29.586240768432617,0.15315301716327667,14.637282371520996,1.196286678314209,1.8895084857940674,0.11601966619491577,0.12317762523889542,0.0,425.9830017089844,0.16288617253303528,0.1718013882637024,0.07464820891618729,0.04720500856637955,32.463226318359375,0.15923723578453064,20.28490447998047,1.89504075050354,2.2954702377319336
2016,1,41.5039169068445,83.04030944666125,9975.687,987.0,3.905155897140503,198.45994567871094,29.578001022338867,23.25826644897461,1.4284440279006958,8.0,15.112590789794922,0.11074261367321014,0.11074261367321014,0.031315211206674576,325.8675537109375,0.1927066296339035,0.20129336416721344,0.0835910215973854,0.05676790326833725,5.894608974456787,0.08000890165567398,15.516011238098145,1.1757186651229858,1.621867060661316,0.054429057985544205,0.07849561423063278,474.2200012207031,184.096923828125,0.16097497940063477,0.3578968346118927,0.1773466318845749,0.03605646640062332,17.853866577148438,0.10904843360185623,-2.197902202606201,0.2653936445713043,0.7497556209564209,0.06924527883529663,0.08111290633678436,0.06791134178638458,577.1219482421875,0.09428346157073975,0.10872628539800644,-0.010845739394426346,0.027048135176301003,5.910099983215332,0.07130219787359238,15.596055030822754,1.3225126266479492,1.888899803161621,0.1051330491900444,0.11381702125072479,2.9579183319583535E-4,407.8818054199219,0.14071568846702576,0.15422910451889038,0.04006122797727585,0.04093421623110771,7.629419803619385,0.07324908673763275,19.422929763793945,1.6613681316375732,2.17873215675354,0.14709459245204926,0.16133596003055573,0.0,572.2890625,0.31753432750701904,0.31753432750701904,0.14974480867385864,0.09877292066812515,9.708279609680176,0.07251378148794174,27.251859664916992,2.863736391067505,3.8720836639404297
2016,1,39.15661935770427,76.16496422358676,9995.584,1270.0,1.8543341159820557,180.0,23.86408805847168,27.46795654296875,1.390303134918213,7.475151062011719,14.413029670715332,0.10111383348703384,0.10111383348703384,3.5083224773406982,297.1370849609375,0.30700528621673584,0.30700528621673584,0.17983560264110565,0.11224336177110672,11.057271003723145,0.16255588829517365,13.982322692871094,1.1640986204147339,1.4223814010620117,0.05614226683974266,0.07930301874876022,552.4266357421875,208.7095489501953,0.19203320145606995,0.243235781788826,0.005776174366474152,0.04330321401357651,29.039762496948242,0.17113064229488373,-2.6039175987243652,0.3041597008705139,0.8813997507095337,0.06950782984495163,0.08310330659151077,30.521991729736328,420.8396301269531,0.4619593024253845,0.48854348063468933,0.22895509004592896,0.1563146859407425,26.373329162597656,0.15725941956043243,10.549125671386719,0.9858275055885315,1.4563759565353394,0.0991467833518982,0.10333508253097534,0.7122169137001038,346.7552795410156,0.5859394669532776,0.5859394669532776,0.3363388478755951,0.21098396182060242,25.3835391998291,0.14559674263000488,16.478240966796875,1.3639028072357178,2.121452569961548,0.12285994738340378,0.13125164806842804,0.0,468.4617614746094,0.17001865804195404,0.18033139407634735,0.07744474709033966,0.04967468976974487,25.046737670898438,0.14783553779125214,22.307703018188477,2.1624984741210938,2.600172758102417
2016,1,38.19694946538587,77.38954930949039,10001.838,1244.0,2.534400701522827,291.4520263671875,35.22111511230469,22.931272506713867,1.3867526054382324,7.360583782196045,10.980436325073242,0.09364013373851776,0.09364013373851776,0.0,351.6081848144531,0.14112502336502075,0.14112502336502075,0.021011151373386383,0.03846487030386925,4.4362897872924805,0.12507975101470947,16.743247985839844,1.2968705892562866,1.583741307258606,0.06014668941497803,0.07584173232316971,316.6714782714844,299.254150390625,0.3081809878349304,0.31232669949531555,0.08802666515111923,0.08211234211921692,13.512763023376465,0.13091018795967102,-0.1319495141506195,0.3613571226596832,1.0333003997802734,0.08163666725158691,0.09415066242218018,0.5025147795677185,529.0314331054688,0.5308415293693542,0.5389575958251953,0.2821931838989258,0.15827126801013947,9.819232940673828,0.11422284692525864,14.284564971923828,1.2326489686965942,1.798224687576294,0.10116112977266312,0.1035759225487709,0.0,408.74786376953125,0.5635582804679871,0.5661575198173523,0.3242151141166687,0.19561129808425903,20.47950553894043,0.12036796659231186,19.464183807373047,1.6027883291244507,2.495062828063965,0.1152246743440628,0.12151266634464264,0.0,534.2828979492188,0.3398549556732178,0.34067678451538086,0.053600817918777466,0.10933315008878708,8.653542518615723,0.11449132114648819,25.44204330444336,2.475555896759033,2.895824909210205
2016,1,39.439856997518106,76.4676078711852,10019.435,1229.0,3.031989097595215,127.67867279052734,23.393203735351562,24.886743545532227,1.389745831489563,6.599999904632568,14.763656616210938,0.13014915585517883,0.13014915585517883,0.05977379158139229,390.5420227050781,0.36020219326019287,0.3609481453895569,0.15711726248264313,0.10878955572843552,1.8664568662643433,0.147539883852005,18.594392776489258,1.6218830347061157,1.9261058568954468,0.06474190205335617,0.0869717225432396,281.5235595703125,336.94561767578125,0.21482190489768982,0.22732211649417877,0.007066277787089348,0.05131085589528084,17.049726486206055,0.16850058734416962,0.41986408829689026,0.36644306778907776,1.1390620470046997,0.0910126343369484,0.10449053347110748,0.5200249552726746,579.0975952148438,0.3211829960346222,0.3982280492782593,0.1893867552280426,0.11010286957025528,9.027738571166992,0.1534186452627182,15.637232780456543,1.368699073791504,1.9522323608398438,0.12033620476722717,0.12476818263530731,0.012134548276662827,446.1128845214844,0.43787717819213867,0.4477893114089966,0.23098039627075195,0.14626288414001465,9.040456771850586,0.14870649576187134,21.24289321899414,1.8918644189834595,2.7960760593414307,0.15052615106105804,0.16333696246147156,0.0,580.7340698242188,0.19852717220783234,0.21435298025608063,0.08836538344621658,0.05951719731092453,5.0648651123046875,0.14385363459587097,27.654003143310547,3.010300874710083,3.561692476272583
2016,1,37.985935885334705,77.47794206967285,10060.451,1301.0,3.645216464996338,104.7200927734375,33.2985725402832,23.4090633392334,1.3880012035369873,7.599999904632568,11.402837753295898,0.08915766328573227,0.08915766328573227,0.0,344.5904541015625,0.13537439703941345,0.13537439703941345,0.017182471230626106,0.037245623767375946,4.814595699310303,0.10940457880496979,16.409069061279297,1.2398015260696411,1.5410202741622925,0.05845215171575546,0.0709548071026802,316.4656982421875,282.1579284667969,0.25506356358528137,0.25506356358528137,0.04421510547399521,0.07268408685922623,14.45443058013916,0.11463507264852524,-0.2599072754383087,0.36197343468666077,1.0170729160308838,0.07732846587896347,0.08817131072282791,0.17103177309036255,518.7190551757812,0.3742193877696991,0.38381168246269226,0.13358967006206512,0.12588800489902496,9.256255149841309,0.09803140163421631,14.014811515808105,1.1920698881149292,1.7400379180908203,0.09542668610811234,0.09834668785333633,0.0,402.10113525390625,0.5437772870063782,0.5437772870063782,0.25596481561660767,0.17382384836673737,23.509963989257812,0.10683514922857285,19.147672653198242,1.554222822189331,2.434676170349121,0.1108563020825386,0.11651664227247238,0.0,527.6097412109375,0.6687893271446228,0.6687893271446228,0.30514878034591675,0.22254906594753265,5.9580769538879395,0.09529832005500793,25.1242733001709,2.3947131633758545,2.8554952144622803
2016,1,38.72623584222779,77.4299710605399,10146.101,1189.0,0.9274099469184875,-0.0,23.653339385986328,25.156185150146484,1.3899999856948853,7.5,11.717354774475098,0.11279520392417908,0.11279520392417908,0.0,392.9813232421875,0.1635993868112564,0.1635993868112564,0.0344940684735775,0.045450709760189056,1.0123004913330078,0.1190381720662117,18.713396072387695,1.554144263267517,1.8585004806518555,0.06590595841407776,0.08416271209716797,242.20904541015625,368.4732360839844,0.09923271834850311,0.12952212989330292,-0.005586487706750631,0.02573959343135357,9.521576881408691,0.13194158673286438,0.9565468430519104,0.3830738365650177,1.178505778312683,0.09652405977249146,0.11159910261631012,0.0,607.9808349609375,0.1343955099582672,0.15162785351276398,0.01670105569064617,0.03774971514940262,4.4910101890563965,0.11750871688127518,16.431913375854492,1.4491503238677979,2.045783042907715,0.11855418980121613,0.12052831053733826,0.0,451.9808654785156,0.5435422658920288,0.5435422658920288,0.3164121210575104,0.19888828694820404,9.770648002624512,0.12142028659582138,21.522897720336914,1.8850735425949097,2.8282861709594727,0.13331077992916107,0.14210155606269836,0.0,585.1759643554688,0.20125927031040192,0.20125927031040192,-0.013184766285121441,0.08642903715372086,4.475543022155762,0.11709275841712952,27.865522384643555,2.9581804275512695,3.3867931365966797
2016,1,38.85532681772505,76.17843962697029,10189.147,1325.0,0.0,-0.0,27.861387252807617,25.890056610107422,1.3962891101837158,7.7226362228393555,15.477840423583984,0.08379441499710083,0.08379441499710083,6.323004245758057,242.54966735839844,0.12679773569107056,0.12679773569107056,0.051064278930425644,0.03380521386861801,15.666128158569336,0.17368298768997192,11.248888969421387,0.9144768714904785,1.1237766742706299,0.05086156725883484,0.07756668329238892,733.871826171875,147.04519653320312,0.22211910784244537,0.24680398404598236,0.023862149566411972,0.0513649508357048,31.16463279724121,0.16795340180397034,-4.4456562995910645,0.267662912607193,0.7277469635009766,0.05267021059989929,0.06491435319185257,55.00939178466797,332.2657470703125,0.1676177978515625,0.1676177978515625,0.21193481981754303,0.029368476942181587,34.3411979675293,0.15368983149528503,7.493414878845215,0.7859863042831421,1.1891824007034302,0.08284492045640945,0.08783501386642456,1.2836194038391113,286.3398132324219,0.6697195768356323,0.6697195768356323,0.37214264273643494,0.1847364455461502,34.80139923095703,0.14657749235630035,13.574104309082031,1.0720090866088867,1.744059681892395,0.10810568928718567,0.1149912178516388,0.0,399.4876708984375,0.1553211361169815,0.1629013568162918,0.07220228016376495,0.04464379698038101,39.58060073852539,0.1596776694059372,19.023221969604492,1.6780873537063599,2.0531678199768066
2016,1,38.59014407807661,77.23917058556398,10198.502,1210.0,2.200965166091919,212.60671997070312,23.253623962402344,27.969627380371094,1.3782227039337158,7.099292755126953,13.376750946044922,0.10068614780902863,0.10068614780902863,0.0,364.3501281738281,0.1492334008216858,0.1492334008216858,0.02766791358590126,0.040487948805093765,3.274240493774414,0.12941621243953705,17.350006103515625,1.3883423805236816,1.6630606651306152,0.06184423714876175,0.08199570327997208,288.93890380859375,317.4027404785156,0.3184794485569,0.39224013686180115,0.1219506785273552,0.07220406830310822,12.689627647399902,0.13649307191371918,0.21563510596752167,0.36445698142051697,1.0678194761276245,0.08472715318202972,0.09917602688074112,0.0,549.544921875,0.5452558398246765,0.5452558398246765,0.29464954137802124,0.18275301158428192,10.433887481689453,0.12084989994764328,14.852564811706543,1.2938865423202515,1.8698036670684814,0.10752099752426147,0.10992845892906189,0.0,420.3923034667969,0.6056332588195801,0.6056332588195801,0.3468209207057953,0.2305489480495453,16.929954528808594,0.1268361657857895,20.018680572509766,1.675482153892517,2.580491065979004,0.12252450734376907,0.13001982867717743,0.0,548.015380859375,0.26183778047561646,0.26183778047561646,0.06323535740375519,0.07894324511289597,11.190529823303223,0.1246565580368042,26.095972061157227,2.616364002227783,3.007063865661621
2016,1,38.84912866726076,77.49599696983826,10213.736,1182.0,1.5091334581375122,52.08854293823242,19.239971160888672,28.165462493896484,1.4110873937606812,7.317596435546875,12.517709732055664,0.11846574395895004,0.11846574395895004,0.0,402.88739013671875,0.16989751160144806,0.16989751160144806,0.042943526059389114,0.04784364253282547,0.3729952275753021,0.10640201717615128,19.18511390686035,1.6216386556625366,1.941407322883606,0.06697431206703186,0.08518935739994049,232.5145721435547,382.9881896972656,0.42899954319000244,0.42899954319000244,0.27387362718582153,0.05774306505918503,8.571516990661621,0.12083186954259872,1.1399515867233276,0.388283908367157,1.226976752281189,0.0993141159415245,0.11436192691326141,0.0,628.75927734375,0.5371379852294922,0.5371379852294922,0.30769070982933044,0.183284193277359,2.7726242542266846,0.10704832524061203,16.993494033813477,1.509937047958374,2.1004083156585693,0.12199052423238754,0.1241438239812851,0.0,463.19696044921875,0.1665121167898178,0.17312803864479065,0.03360041230916977,0.048443641513586044,7.35396671295166,0.11005228757858276,22.056997299194336,1.9705793857574463,2.923961877822876,0.13860000669956207,0.14827366173267365,0.0,599.1591186523438,0.2524234354496002,0.2524234354496002,0.006424162071198225,0.08518379181623459,2.4593312740325928,0.10506191849708557,28.531387329101562,3.1041617393493652,3.565448522567749
2016,1,38.49528116226562,77.533185872624,10214.874,1204.0,0.0,-0.0,29.288726806640625,25.20903968811035,1.3700000047683716,7.193295478820801,13.466923713684082,0.10708512365818024,0.10708512365818024,0.0,396.4553527832031,0.1574581414461136,0.1574581414461136,0.011329959146678448,0.04296686127781868,0.3675645887851715,0.1361735612154007,18.878826141357422,1.5475186109542847,1.847886085510254,0.06629110127687454,0.08198463171720505,221.3902587890625,382.88629150390625,0.3291720151901245,0.4147616922855377,0.09480317682027817,0.08179919421672821,8.420042037963867,0.15057554841041565,1.2234548330307007,0.39008256793022156,1.1729693412780762,0.09959925711154938,0.11504723876714706,0.0,616.6921997070312,0.5741382241249084,0.5741382241249084,0.32222816348075867,0.20230616629123688,2.6621034145355225,0.1356724500656128,16.667356491088867,1.4627381563186646,2.0937657356262207,0.11820390820503235,0.1191178411245346,0.0,455.76959228515625,0.16373904049396515,0.1693658083677292,0.014288120903074741,0.0472269207239151,8.930731773376465,0.1403198093175888,21.70331382751465,1.884928822517395,2.847900152206421,0.12664613127708435,0.1339472532272339,0.0,587.9127197265625,0.29948699474334717,0.29948699474334717,0.07355891913175583,0.09378831833600998,2.8317930698394775,0.13541895151138306,27.99584197998047,2.940551996231079,3.325366497039795
2016,1,38.4378791544046,77.15050582021728,10218.059,1231.0,1.5037680864334106,51.92908477783203,32.654701232910156,25.00103759765625,1.3962956666946411,7.4225382804870605,11.072739601135254,0.09133054316043854,0.09133054316043854,0.0,340.78839111328125,0.13812461495399475,0.13812461495399475,0.02482731267809868,0.036867111921310425,5.354787826538086,0.1333656907081604,16.228017807006836,1.255789875984192,1.5136492252349854,0.058553121984004974,0.07954786717891693,338.349853515625,276.9513244628906,0.36501890420913696,0.36501890420913696,0.14358529448509216,0.10455229878425598,15.01485824584961,0.13552933931350708,-0.4651402235031128,0.3489965498447418,0.9870672821998596,0.07557418942451477,0.0891372412443161,0.32513627409935,503.19805908203125,0.5280042886734009,0.5280042886734009,0.29171550273895264,0.1693803369998932,14.767489433288574,0.11871937662363052,13.59115982055664,1.17608642578125,1.7293319702148438,0.09851719439029694,0.10127174109220505,0.0,395.32379150390625,0.5579133033752441,0.5579133033752441,0.3382958769798279,0.2006918489933014,22.61699867248535,0.1253330111503601,18.82494354248047,1.5198436975479126,2.3943233489990234,0.11401502788066864,0.12052851170301437,0.0,518.6634521484375,0.3956795036792755,0.3956795036792755,0.1028737798333168,0.11964612454175949,15.956995964050293,0.12498592585325241,24.698261260986328,2.357590913772583,2.733149528503418
2016,1,39.63227612617641,76.6915573033924,10232.467,1199.0,1.8543341159820557,180.0,29.613710403442383,24.621675491333008,1.3969130516052246,7.0,18.569576263427734,0.12836788594722748,0.12836788594722748,2.6549501419067383,353.7569580078125,0.43242231011390686,0.4336816072463989,0.2540850043296814,0.15191084146499634,4.3104777336120605,0.1565379500389099,16.71914291381836,1.5120443105697632,1.803755521774292,0.06411107629537582,0.0846603736281395,478.108642578125,315.9226379394531,0.1867871731519699,0.2520962059497833,0.04535236209630966,0.04936949536204338,20.5987548828125,0.1758473813533783,-1.2286819219589233,0.3366294503211975,1.0757243633270264,0.0890968069434166,0.10245145112276077,27.568849563598633,532.5612182617188,0.30991479754447937,0.3255394697189331,0.1388295739889145,0.09081922471523285,16.35169792175293,0.16382794082164764,13.648442268371582,1.2885384559631348,1.8066534996032715,0.11911323666572571,0.12418430298566818,0.8283105492591858,405.27703857421875,0.4538019299507141,0.45984530448913574,0.2195931077003479,0.14313161373138428,14.65933609008789,0.16442960500717163,19.259464263916016,1.7688243389129639,2.59028959274292,0.1500762701034546,0.1631382405757904,0.0,539.8284912109375,0.19901251792907715,0.21517251431941986,0.0808640867471695,0.05886300653219223,15.589921951293945,0.1590414196252823,25.706119537353516,2.8306593894958496,3.357266664505005
2016,1,37.92718722895555,77.47740251844539,10269.914,1323.0,2.195183515548706,327.63018798828125,34.07375717163086,22.6824951171875,1.3802812099456787,7.605271339416504,20.285728454589844,0.08695624023675919,0.08695624023675919,0.0,338.9494323730469,0.13259732723236084,0.13259732723236084,0.017301125451922417,0.03653663396835327,5.305324554443359,0.10590610653162003,16.14044952392578,1.2067395448684692,1.508979320526123,0.0574837252497673,0.06954325735569,327.35870361328125,271.05194091796875,0.2409145087003708,0.2728519141674042,0.0501672588288784,0.06976643204689026,15.108928680419922,0.1101367399096489,-0.42656636238098145,0.3590264916419983,1.0010106563568115,0.07469239830970764,0.0849686935544014,0.19521400332450867,508.3119812011719,0.3616662621498108,0.4072384834289551,0.14050032198429108,0.11071600764989853,9.944990158081055,0.09333865344524384,13.73288631439209,1.163833498954773,1.702225923538208,0.09265128523111343,0.095790334045887,0.0,396.3468322753906,0.5242812633514404,0.5242812633514404,0.268645316362381,0.16253329813480377,25.112648010253906,0.10259214788675308,18.873659133911133,1.519653558731079,2.3917152881622314,0.10881561040878296,0.11426617950201035,0.0,521.2066650390625,0.44035837054252625,0.44035837054252625,0.08708242326974869,0.12717872858047485,6.2500176429748535,0.09028318524360657,24.819364547729492,2.3376760482788086,2.8084158897399902
2016,1,38.33223413224636,77.32944954549205,10270.489,1221.0,3.002749443054199,51.88838195800781,32.710025787353516,22.760025024414062,1.3892407417297363,7.800000190734863,12.318208694458008,0.09582217037677765,0.09582217037677765,0.0,355.9365539550781,0.14385636150836945,0.14385636150836945,0.021849265322089195,0.038951121270656586,4.055506229400635,0.13161318004131317,16.949359893798828,1.327965497970581,1.6061697006225586,0.060959357768297195,0.07856005430221558,308.5987854003906,307.5446472167969,0.2053583711385727,0.21240592002868652,0.044570643454790115,0.046756528317928314,13.071893692016602,0.13776621222496033,-0.007985793054103851,0.36190155148506165,1.0417163372039795,0.08341243863105774,0.09690520167350769,0.4299117624759674,535.5210571289062,0.31849241256713867,0.3336475193500519,0.10842039436101913,0.07868745923042297,10.213347434997559,0.12128899991512299,14.461922645568848,1.253744125366211,1.8282239437103271,0.10398007184267044,0.106205053627491,0.0,412.5586853027344,0.5219092965126038,0.5223405957221985,0.28629380464553833,0.17072920501232147,19.007282257080078,0.1269763857126236,19.645652770996094,1.6251581907272339,2.5234527587890625,0.11748330295085907,0.1240927129983902,0.0,538.3470458984375,0.4039132297039032,0.40402713418006897,0.1413039118051529,0.11593282222747803,10.147409439086914,0.12348779290914536,25.635574340820312,2.517226457595825,2.913604974746704
2016,1,38.029322938584734,77.32567714600084,10270.974,1276.0,1.498550534248352,308.2274169921875,34.45640563964844,24.730138778686523,1.3799999952316284,7.800000190734863,12.4848051071167,0.08566761016845703,0.08566761016845703,0.0,325.90826416015625,0.1312408745288849,0.1312408745288849,0.026482699438929558,0.03582163527607918,7.032194137573242,0.12169637531042099,15.519440650939941,1.1635358333587646,1.444802165031433,0.05639738216996193,0.07217729091644287,386.97711181640625,253.95558166503906,0.15980929136276245,0.18165557086467743,0.01886994205415249,0.0406416654586792,16.22402572631836,0.12253626435995102,-1.0077389478683472,0.34350478649139404,0.9592099189758301,0.07150466740131378,0.08224277198314667,1.2321763038635254,479.4378356933594,0.33379992842674255,0.3579826056957245,0.171100914478302,0.10368437319993973,13.987980842590332,0.10439027100801468,12.924476623535156,1.1130461692810059,1.6417783498764038,0.09115327149629593,0.09423712641000748,0.0,382.4959411621094,0.5129380822181702,0.5129380822181702,0.26624730229377747,0.16354037821292877,26.495956420898438,0.10951452702283859,18.214092254638672,1.4589250087738037,2.3155970573425293,0.1078687533736229,0.11356344819068909,0.0,504.1835632324219,0.46446117758750916,0.46446117758750916,0.1482095569372177,0.15003618597984314,12.537574768066406,0.10508672893047333,24.00874137878418,2.2333998680114746,2.676109552383423
2016,1,41.63165677472257,81.45999511511793,10271.514,1375.0,1.2407057285308838,270.0,26.76333999633789,22.530820846557617,1.4129140377044678,8.108890533447266,17.358407974243164,0.10396924614906311,0.10396924614906311,8.402554512023926,179.0547637939453,0.08981955051422119,0.08981955051422119,-0.00517332972958684,0.01849116012454033,27.959957122802734,0.217595174908638,8.126296043395996,0.5239784717559814,0.7153283357620239,0.04193549230694771,0.08055230975151062,865.0252075195312,42.78099060058594,0.1500394195318222,0.48710209131240845,0.48574644327163696,0.05286448448896408,37.63047409057617,0.1956142783164978,-6.229122638702393,0.20545712113380432,0.5001815557479858,0.08124281466007233,0.09918560087680817,25.954914093017578,295.9932861328125,0.11697971820831299,0.14783571660518646,0.09670198708772659,0.034648627042770386,35.42451095581055,0.16563335061073303,7.29833459854126,0.648050844669342,0.9867936372756958,0.12644149363040924,0.13269242644309998,2.908109188079834,241.50653076171875,0.17694151401519775,0.18709811568260193,0.12120632082223892,0.05373193696141243,48.05421447753906,0.18840666115283966,11.36182975769043,0.7704671621322632,1.215387225151062,0.16769066452980042,0.17915286123752594,0.16137804090976715,390.631591796875,0.2298864871263504,0.24092726409435272,0.12608002126216888,0.06989296525716782,36.88528823852539,0.15204092860221863,18.593820571899414,1.5017685890197754,2.022512912750244
2016,1,37.810764559551124,77.49572942377506,10274.823,1404.0,2.346649169921875,90.0,34.1159553527832,20.779653549194336,1.3700000047683716,7.5,11.3722505569458,0.08313127607107162,0.08313127607107162,0.0,330.7420654296875,0.12772057950496674,0.12772057950496674,0.015985609963536263,0.03532996028661728,5.911448001861572,0.09700946509838104,15.749622344970703,1.1533887386322021,1.460278868675232,0.05587536096572876,0.06664153933525085,337.0091552734375,253.30848693847656,0.2058388739824295,0.3087309002876282,0.041101597249507904,0.06300552934408188,16.14151954650879,0.09992097318172455,-0.6340959072113037,0.35608503222465515,0.9779601693153381,0.07029745727777481,0.07950182259082794,0.04544498026371002,493.8410339355469,0.3166377544403076,0.3910253345966339,0.13605672121047974,0.10686622560024261,10.627363204956055,0.0830109566450119,13.345827102661133,1.1200501918792725,1.6424599885940552,0.08781526237726212,0.0913718044757843,0.0,387.9925842285156,0.5098880529403687,0.5098880529403687,0.2278195470571518,0.16270889341831207,27.832334518432617,0.09383977949619293,18.4758358001709,1.4653226137161255,2.3243918418884277,0.1052568107843399,0.1102917343378067,0.0,512.1784057617188,0.3387245535850525,0.3387245535850525,0.04217902198433876,0.11366116255521774,5.889459133148193,0.07889842987060547,24.389448165893555,2.249413013458252,2.741698980331421
2016,1,39.24690277673339,76.4204439593429,10281.784,1242.0,3.5882482528686523,90.0,21.252988815307617,23.682235717773438,1.399999976158142,6.980432033538818,12.030369758605957,0.11480260640382767,0.11480260640382767,0.614678144454956,353.8470764160156,0.49915969371795654,0.49915969371795654,0.20339740812778473,0.13684718310832977,5.094981670379639,0.14564035832881927,16.82059097290039,1.4190531969070435,1.6980082988739014,0.060147419571876526,0.08384212106466293,360.94317626953125,279.2111511230469,0.15785519778728485,0.2105177938938141,0.052313338965177536,0.03549274057149887,20.43856430053711,0.1585620939731598,-0.6191820502281189,0.34359344840049744,1.0277916193008423,0.07834117114543915,0.09141857922077179,5.34762716293335,513.714599609375,0.4769039750099182,0.4894717037677765,0.2899365723133087,0.15439316630363464,15.995284080505371,0.1430792659521103,13.73964786529541,1.2064530849456787,1.7462021112442017,0.10794457793235779,0.11255601793527603,0.12478447705507278,407.00286865234375,0.6217436194419861,0.6217436194419861,0.3611094653606415,0.21110515296459198,17.312591552734375,0.1398576945066452,19.375146865844727,1.6562929153442383,2.510786533355713,0.13647231459617615,0.1473151296377182,0.0,535.794677734375,0.1842101365327835,0.19730298221111298,0.08300718665122986,0.05458839237689972,13.583727836608887,0.13788120448589325,25.51403045654297,2.6277506351470947,3.129509449005127
2016,1,39.31319623209498,75.75829866661356,10283.505,1333.0,0.9274099469184875,180.0,35.09190368652344,24.261768341064453,1.4085547924041748,7.853673458099365,12.957809448242188,0.09560500830411911,0.09560500830411911,4.222973823547363,267.3647155761719,0.6204640865325928,0.6263476610183716,0.2822120189666748,0.21468418836593628,15.308365821838379,0.17075088620185852,12.530558586120605,1.0137783288955688,1.2925550937652588,0.05475037917494774,0.07334459573030472,630.8722534179688,156.49942016601562,0.25542280077934265,0.31984204053878784,0.07664493471384048,0.06828182190656662,40.38594436645508,0.18731801211833954,-3.593733549118042,0.283085435628891,0.8116855621337891,0.0717911347746849,0.08766454458236694,36.73937225341797,367.922119140625,0.4353815019130707,0.4931907653808594,0.2539398670196533,0.14046326279640198,34.62797546386719,0.17601042985916138,8.950884819030762,0.8421928882598877,1.2779643535614014,0.10093829035758972,0.10357740521430969,0.8572967648506165,318.2396240234375,0.5914353728294373,0.6124980449676514,0.312807559967041,0.20095567405223846,29.22443962097168,0.1472836136817932,15.113444328308105,1.1971826553344727,1.901118516921997,0.11483630537986755,0.1205967590212822,0.0,437.7897033691406,0.2920628488063812,0.294651597738266,0.061948467046022415,0.07618200033903122,27.101093292236328,0.14287152886390686,20.84712791442871,1.9189738035202026,2.319450855255127
2016,1,38.1867069102661,77.28444383855962,10290.052,1270.0,3.6436245441436768,40.303794860839844,32.99363708496094,21.295757293701172,1.3799999952316284,7.5804243087768555,9.880424499511719,0.08930393308401108,0.08930393308401108,0.0,335.17901611328125,0.13577264547348022,0.13577264547348022,0.026102649047970772,0.03681199625134468,6.146719932556152,0.12832115590572357,15.960906028747559,1.2194631099700928,1.494034767150879,0.057913888245821,0.07540447264909744,365.0211486816406,270.8927001953125,0.30684149265289307,0.3082125186920166,0.10402143746614456,0.08432164043188095,15.260489463806152,0.1304914951324463,-0.7130942940711975,0.34771281480789185,0.9822497963905334,0.07522118836641312,0.08721629530191422,1.014162302017212,495.63836669921875,0.4520067274570465,0.45248812437057495,0.16996663808822632,0.12611597776412964,13.478508949279785,0.11283984035253525,13.3682222366333,1.157047986984253,1.7015159130096436,0.09579036384820938,0.09856309741735458,0.0,391.41168212890625,0.5201722979545593,0.5344547629356384,0.26316770911216736,0.174189954996109,23.909969329833984,0.11776300519704819,18.63865089416504,1.5091233253479004,2.3786580562591553,0.11144652962684631,0.11755604296922684,0.0,514.129638671875,0.6148449778556824,0.6170337796211243,0.22532479465007782,0.20926959812641144,13.084465980529785,0.11519818753004074,24.482362747192383,2.321545362472534,2.7379209995269775
2016,1,39.64117203277802,76.21886137801977,10296.15,1278.0,1.5198220014572144,52.40183639526367,33.54277420043945,27.248193740844727,1.356541395187378,7.958646297454834,9.178690910339355,0.1171427071094513,0.1171427071094513,2.2716240882873535,319.1217041015625,0.16607630252838135,0.16607630252838135,0.06674244999885559,0.046881143003702164,8.191285133361816,0.17559556663036346,15.088098526000977,1.3141380548477173,1.5957878828048706,0.059840645641088486,0.07850680500268936,541.6814575195312,252.3511962890625,0.19005927443504333,0.20730018615722656,0.00973863247781992,0.04104761406779289,30.721778869628906,0.19740413129329681,-2.1918962001800537,0.3126795291900635,0.9548978805541992,0.08254659175872803,0.098111592233181,27.04597282409668,462.53033447265625,0.19451254606246948,0.2781401574611664,0.08399254083633423,0.05799455568194389,25.920156478881836,0.1871441751718521,11.76984691619873,1.0949832201004028,1.5900611877441406,0.11368725448846817,0.11830199509859085,0.6869702935218811,368.9815368652344,0.570536732673645,0.5780259370803833,0.2968057692050934,0.22381551563739777,22.33534049987793,0.17917516827583313,17.5378360748291,1.5258004665374756,2.290006637573242,0.13954925537109375,0.1502871960401535,0.0,498.81121826171875,0.18892599642276764,0.20292095839977264,0.08011142164468765,0.05504222586750984,21.325603485107422,0.16981267929077148,23.752914428710938,2.4499759674072266,2.922959566116333
2016,1,39.51612546193624,76.04800200295489,10321.335,1322.0,4.049139976501465,117.21653747558594,33.777130126953125,22.038583755493164,1.4201152324676514,7.800000190734863,13.838240623474121,0.11530924588441849,0.11530924588441849,0.21295751631259918,342.6945495605469,0.16472721099853516,0.16472721099853516,0.0716257095336914,0.04616493359208107,7.49690055847168,0.1504867523908615,16.30864715576172,1.356092095375061,1.6687870025634766,0.060361091047525406,0.0784875899553299,380.6690368652344,249.79966735839844,0.2855226993560791,0.35900408029556274,0.05920782312750816,0.06967446953058243,30.589807510375977,0.17571115493774414,-0.9914347529411316,0.33458662033081055,1.0091397762298584,0.08561177551746368,0.10142505913972855,2.9073779582977295,491.27093505859375,0.38846853375434875,0.39942243695259094,0.20274081826210022,0.12529492378234863,21.68507194519043,0.1631043702363968,13.199015617370605,1.1338419914245605,1.6615123748779297,0.11489413678646088,0.11794785410165787,0.06161583214998245,398.5982360839844,0.4609890580177307,0.46366026997566223,0.19340698421001434,0.15797092020511627,18.44809341430664,0.14366871118545532,18.977933883666992,1.5893501043319702,2.417821168899536,0.1342308223247528,0.14322513341903687,0.0,528.4364624023438,0.18130867183208466,0.1936456561088562,0.0809825211763382,0.0533616840839386,11.333805084228516,0.13119640946388245,25.16364097595215,2.5497045516967773,3.0360372066497803
2016,1,39.26441812567133,75.82485966803834,10333.332,1319.0,3.0265767574310303,156.7064971923828,30.29799461364746,25.256519317626953,1.3872588872909546,7.847257614135742,11.823898315429688,0.0958930179476738,0.0958930179476738,4.84852409362793,265.7658386230469,0.14228028059005737,0.14228028059005737,0.05674784630537033,0.03807453811168671,15.201164245605469,0.17398634552955627,12.424633026123047,1.0198580026626587,1.2892351150512695,0.0547768734395504,0.07452552020549774,652.830810546875,162.28692626953125,0.3117043375968933,0.40640416741371155,0.08434543758630753,0.07812568545341492,38.626033782958984,0.18780109286308289,-3.7162415981292725,0.2815837562084198,0.8082587122917175,0.07044327259063721,0.0857621282339096,42.18158721923828,367.81732177734375,0.5767718553543091,0.5767718553543091,0.35307419300079346,0.22200177609920502,33.873443603515625,0.1762109249830246,8.800965309143066,0.8496745824813843,1.2827484607696533,0.09972263872623444,0.10273289680480957,0.9842883348464966,315.45855712890625,0.7120540142059326,0.7120540142059326,0.43044984340667725,0.30454522371292114,28.995813369750977,0.15037637948989868,14.97496509552002,1.2027180194854736,1.902340054512024,0.1157914325594902,0.12203556299209595,0.0,434.4967041015625,0.16212908923625946,0.17078468203544617,0.07395830750465393,0.04689885303378105,28.61785888671875,0.14920547604560852,20.690319061279297,1.9215537309646606,2.3230860233306885
2016,1,41.84428900845614,84.18916561937422,10334.065,1009.0,1.2448272705078125,270.0,36.360145568847656,19.24103355407715,1.407994270324707,8.00085163116455,14.455270767211914,0.09608040004968643,0.09608040004968643,3.4893805980682373,246.4196014404297,0.4429589807987213,0.5114359855651855,0.2151465266942978,0.1423596888780594,12.792688369750977,0.134750634431839,11.568105697631836,0.9713655710220337,1.3645139932632446,0.03445388004183769,0.05766729637980461,880.2275390625,139.7467803955078,0.13732300698757172,0.24686504900455475,0.23005880415439606,0.034388139843940735,29.72576141357422,0.15858981013298035,-5.609703063964844,0.20944927632808685,0.6308454275131226,0.06423445045948029,0.07556984573602676,4.857170104980469,433.0708312988281,0.25730082392692566,0.33294612169265747,0.06291744858026505,0.07734090834856033,20.88083839416504,0.12776914238929749,11.573342323303223,1.0869765281677246,1.5442290306091309,0.10107859969139099,0.11258409172296524,0.015505497343838215,318.2073669433594,0.47214603424072266,0.4918336570262909,0.212693452835083,0.16473831236362457,18.86962890625,0.12630823254585266,15.151993751525879,1.3509979248046875,1.8146119117736816,0.15690657496452332,0.16644777357578278,0.0,476.07891845703125,0.4614701569080353,0.5490613579750061,0.23542195558547974,0.1583448350429535,29.928688049316406,0.12476744502782822,22.670425415039062,2.26987361907959,3.074712038040161
2016,1,38.402036900137006,77.17503087601122,10343.05,1240.0,8.948432922363281,231.915283203125,32.291744232177734,21.330894470214844,1.3899999856948853,7.737915992736816,11.350849151611328,0.09139223396778107,0.09139223396778107,0.0,340.6914367675781,0.1382485032081604,0.1382485032081604,0.025219526141881943,0.03700247034430504,5.435039043426514,0.13340818881988525,16.22340202331543,1.2551075220108032,1.5157469511032104,0.058622125536203384,0.0790734514594078,342.3420715332031,277.9183349609375,0.28674742579460144,0.2869332432746887,0.05173977091908455,0.07500714808702469,14.937244415283203,0.13573798537254333,-0.48805853724479675,0.34912583231925964,0.9889633655548096,0.07603824138641357,0.0894196480512619,0.4771425724029541,503.498291015625,0.5185528993606567,0.5185528993606567,0.2909814417362213,0.15569689869880676,14.423468589782715,0.11877789348363876,13.595166206359863,1.1776820421218872,1.7311323881149292,0.09856246411800385,0.10127057880163193,0.0,395.5810241699219,0.5289843082427979,0.5289843082427979,0.31755301356315613,0.18964208662509918,22.543033599853516,0.12487657368183136,18.837190628051758,1.5243662595748901,2.39945912361145,0.11393715441226959,0.12042034417390823,0.0,518.8849487304688,0.3848520517349243,0.3848520517349243,0.17231829464435577,0.11145664751529694,15.421377182006836,0.12439285218715668,24.70880699157715,2.361271858215332,2.7423529624938965
2016,1,39.18788211518998,76.58833803220725,10359.754,1219.0,0.9274099469184875,-0.0,23.18439483642578,31.814666748046875,1.3823599815368652,6.413434028625488,11.146525382995605,0.11440213769674301,0.11440213769674301,0.0,362.05078125,0.37137341499328613,0.37137341499328613,0.15164053440093994,0.09892891347408295,4.047122001647949,0.13392649590969086,17.24051284790039,1.4469172954559326,1.726831316947937,0.060230813920497894,0.08453868329524994,326.1352233886719,289.30145263671875,0.38119882345199585,0.403873473405838,0.16151072084903717,0.10321136564016342,17.71515464782715,0.14478522539138794,-0.2790437340736389,0.350684255361557,1.0531615018844604,0.0777091309428215,0.09047868847846985,0.0,529.0199584960938,0.2558445930480957,0.26517540216445923,0.16221018135547638,0.0783664658665657,14.127774238586426,0.1288526952266693,14.297837257385254,1.2464255094528198,1.7910583019256592,0.10712070018053055,0.11188546568155289,0.0,415.93402099609375,0.3282012343406677,0.3282012343406677,0.1562885195016861,0.11434003710746765,16.891048431396484,0.12971894443035126,19.806381225585938,1.694666862487793,2.5677707195281982,0.1365172415971756,0.14753875136375427,0.0,545.6325073242188,0.18433141708374023,0.19739076495170593,0.08183953166007996,0.05465090647339821,12.530996322631836,0.12784543633460999,25.982500076293945,2.68524432182312,3.1920812129974365
2016,1,38.39718539819086,77.09364336358372,10361.941,1237.0,3.545790672302246,270.0,34.02141571044922,24.32284164428711,1.3828791379928589,7.438369274139404,10.903617858886719,0.08770567923784256,0.08770567923784256,0.0,328.5721435546875,0.13361847400665283,0.13361847400665283,0.027704285457730293,0.03556419909000397,6.57490873336792,0.13315951824188232,15.646292686462402,1.1945419311523438,1.4463584423065186,0.05678197741508484,0.07848591357469559,371.22509765625,255.13624572753906,0.3498181700706482,0.3984561562538147,0.08851411193609238,0.08754871040582657,16.341413497924805,0.13275571167469025,-0.8794609904289246,0.33984673023223877,0.9500367641448975,0.07058007270097733,0.08352895826101303,0.6261771321296692,478.9908142089844,0.6167688369750977,0.6212640404701233,0.35206180810928345,0.22802890837192535,17.15004539489746,0.11529991030693054,12.928773880004883,1.118668794631958,1.6549123525619507,0.09399843215942383,0.0970715656876564,0.0,382.5614929199219,0.5363165140151978,0.5645415186882019,0.32056689262390137,0.1935887336730957,25.404752731323242,0.12147591263055801,18.217214584350586,1.4490540027618408,2.3063268661499023,0.11078128218650818,0.11707647889852524,0.0,503.98638916015625,0.4014957845211029,0.40613770484924316,0.17145012319087982,0.11012344807386398,18.5290584564209,0.12250082939863205,23.999351501464844,2.2409167289733887,2.6202359199523926
2016,1,38.318223636736434,77.32325139502777,10380.218,1226.0,0.9274099469184875,-0.0,33.25117874145508,23.031436920166016,1.3833340406417847,7.800000190734863,12.263063430786133,0.09511050581932068,0.09511050581932068,0.0,353.70489501953125,0.14297032356262207,0.14297032356262207,0.022271160036325455,0.038710739463567734,4.275094509124756,0.13122372329235077,16.843090057373047,1.3162670135498047,1.5939353704452515,0.06062514707446098,0.07824192941188812,314.38348388671875,303.5209045410156,0.287226140499115,0.36917874217033386,0.10476630181074142,0.0718759074807167,13.313263893127441,0.13693836331367493,-0.082292340695858,0.36037540435791016,1.0351921319961548,0.08249621838331223,0.09583662450313568,0.48199549317359924,531.208984375,0.49738582968711853,0.5070437788963318,0.24135611951351166,0.1549241840839386,10.583783149719238,0.12034520506858826,14.343973159790039,1.2431998252868652,1.814414620399475,0.10308776050806046,0.10537546873092651,0.0,410.263427734375,0.5437698364257812,0.5465183258056641,0.32082945108413696,0.1849237084388733,19.543582916259766,0.12598960101604462,19.536354064941406,1.6123380661010742,2.5074880123138428,0.11683239042758942,0.12338884174823761,0.0,535.7252807617188,0.4250063896179199,0.4266533851623535,0.1280447095632553,0.1385013908147812,10.49034309387207,0.12259631603956223,25.51072883605957,2.4958620071411133,2.894115924835205
2016,1,41.697415137957734,83.19850497473436,10384.208,1013.0,0.9274099469184875,180.0,34.34235382080078,21.844738006591797,1.4048988819122314,8.199999809265137,14.069340705871582,0.11266479641199112,0.11266479641199112,1.8594738245010376,272.73553466796875,0.4011804163455963,0.5186733603477478,0.1739416867494583,0.1305590718984604,10.721832275390625,0.11482761055231094,12.898860931396484,1.0114943981170654,1.3998911380767822,0.047497477382421494,0.07218541949987411,677.7196044921875,154.24063110351562,0.08885656297206879,0.2990500032901764,0.07968436926603317,0.029701707884669304,25.034852981567383,0.137477308511734,-3.965749740600586,0.23786647617816925,0.6787666082382202,0.07064129412174225,0.08363916724920273,3.7584424018859863,480.8014221191406,0.10138947516679764,0.11942747980356216,0.0335538424551487,0.029178863391280174,14.309845924377441,0.10536802560091019,12.89305305480957,1.1440050601959229,1.6324890851974487,0.11268242448568344,0.12390455603599548,0.01997358351945877,348.4861145019531,0.5224681496620178,0.5224681496620178,0.3221651017665863,0.19126369059085846,14.046910285949707,0.10652951896190643,16.593626022338867,1.4283217191696167,1.8730082511901855,0.1673016995191574,0.18270866572856903,0.0,509.5453186035156,0.3057612180709839,0.3057612180709839,0.08509743213653564,0.0829046219587326,21.47797393798828,0.105712890625,24.264062881469727,2.461366653442383,3.3591558933258057
2016,1,40.48900321157496,79.07900905751892,10422.786,1144.0,3.061396360397339,307.2540283203125,19.920000076293945,27.283626556396484,1.3813985586166382,7.689929485321045,10.016993522644043,0.10281552374362946,0.10281552374362946,0.0,269.2859802246094,0.5986164808273315,0.6128464341163635,0.2986023426055908,0.19964681565761566,9.223403930664062,0.11274895817041397,12.823141098022461,0.8574347496032715,1.0675697326660156,0.06306428462266922,0.07740500569343567,517.3079223632812,150.6903839111328,0.21739605069160461,0.3527355194091797,0.08126012980937958,0.05726231634616852,20.952468872070312,0.11247732490301132,-2.7774057388305664,0.26059862971305847,0.806110143661499,0.06736094504594803,0.07926251739263535,0.0,414.79425048828125,0.1849859207868576,0.27675101161003113,0.0016198249068111181,0.0559811145067215,21.020029067993164,0.07676608115434647,11.210655212402344,0.8872761726379395,1.315576195716858,0.09426597505807877,0.10112126916646957,0.0,314.075439453125,0.3403237462043762,0.3403237462043762,0.1400642842054367,0.13021105527877808,47.83708572387695,0.1303289830684662,14.955973625183105,1.025240182876587,1.869116187095642,0.1282183825969696,0.14026017487049103,0.0,467.1542663574219,0.44179025292396545,0.44179025292396545,0.2009681612253189,0.16014158725738525,24.581663131713867,0.0739249438047409,22.245441436767578,1.8884488344192505,2.4476230144500732
2016,1,38.220127872661685,77.36771755073272,10439.279,1243.0,3.991580009460449,297.6436767578125,33.800594329833984,22.455406188964844,1.375601887702942,7.4598236083984375,10.856538772583008,0.0936007872223854,0.0936007872223854,0.0,350.648681640625,0.14108750224113464,0.14108750224113464,0.021770011633634567,0.03838906064629555,4.555243492126465,0.12674547731876373,16.697555541992188,1.2944694757461548,1.5784530639648438,0.060067079961299896,0.07630143314599991,320.69696044921875,297.8438720703125,0.3422253131866455,0.35571953654289246,0.07979181408882141,0.08685000240802765,13.612332344055176,0.13224774599075317,-0.1731293648481369,0.3599666357040405,1.0294742584228516,0.08131567388772964,0.09395443648099899,0.5556785464286804,526.6566772460938,0.6337683200836182,0.6442969441413879,0.39807766675949097,0.19736914336681366,10.277406692504883,0.11548478901386261,14.21894645690918,1.2286176681518555,1.7936519384384155,0.10113334655761719,0.10354643315076828,0.0,407.6105651855469,0.5960170030593872,0.6109036803245544,0.3601962625980377,0.21941518783569336,20.559507369995117,0.12136586755514145,19.4100284576416,1.597227692604065,2.488234281539917,0.11525213718414307,0.12158235162496567,0.0,532.882080078125,0.2692485749721527,0.2716326415538788,0.06897514313459396,0.0732572078704834,9.402599334716797,0.11632215231657028,25.375337600708008,2.4671146869659424,2.882586717605591
2016,1,39.38353409211203,76.45251381411929,10467.036,1234.0,2.2081899642944336,327.1011047363281,18.49811553955078,24.159326553344727,1.3991799354553223,7.099999904632568,12.524144172668457,0.12554825842380524,0.12554825842380524,0.16890083253383636,379.91180419921875,0.4896385073661804,0.4896385073661804,0.26310840249061584,0.18892404437065125,2.803529739379883,0.14661210775375366,18.08299446105957,1.561758279800415,1.858873963356018,0.06336642801761627,0.08599677681922913,302.8770751953125,319.60858154296875,0.3163171708583832,0.3601534068584442,0.0811198428273201,0.0732090100646019,18.089588165283203,0.1652759164571762,0.12675398588180542,0.3598930537700653,1.106482744216919,0.08726558089256287,0.10064178705215454,1.4694172143936157,559.9331665039062,0.4287604093551636,0.44611144065856934,0.25673505663871765,0.1412658393383026,11.10268497467041,0.15006695687770844,15.093615531921387,1.3206545114517212,1.8915594816207886,0.11666854470968246,0.12114208191633224,0.034288190305233,434.8341979980469,0.676532506942749,0.676532506942749,0.41342130303382874,0.25600478053092957,11.51662540435791,0.1457623690366745,20.704757690429688,1.822069525718689,2.71220064163208,0.14629021286964417,0.15849639475345612,0.0,567.7586669921875,0.19420509040355682,0.20920437574386597,0.08674255758523941,0.058028679341077805,7.494375228881836,0.1415911763906479,27.036128997802734,2.8971731662750244,3.433891773223877
2016,1,38.25812387273809,77.3666384482778,10496.636,1240.0,4.803574562072754,281.1063537597656,30.736135482788086,24.241987228393555,1.374607801437378,7.5,10.08189868927002,0.09484673291444778,0.09484673291444778,0.0,354.13616943359375,0.14264293015003204,0.14264293015003204,0.021394124254584312,0.038773562759160995,4.22212553024292,0.12829501926898956,16.86362648010254,1.3141099214553833,1.5974617004394531,0.060619283467531204,0.077122263610363,312.3116760253906,304.2547302246094,0.3270087242126465,0.3287685513496399,0.0693587064743042,0.07662766426801682,13.236183166503906,0.1344037801027298,-0.06103730574250221,0.36196669936180115,1.0390651226043701,0.08276661485433578,0.09574775397777557,0.48464658856391907,533.1096801757812,0.3695899248123169,0.3765408396720886,0.1625121384859085,0.09993070363998413,9.865432739257812,0.11781403422355652,14.395270347595215,1.2452791929244995,1.8158469200134277,0.10270781815052032,0.10500992089509964,0.0,411.1070556640625,0.4618494212627411,0.47429507970809937,0.25717464089393616,0.1631777584552765,19.647489547729492,0.12365470826625824,19.576526641845703,1.6170517206192017,2.512988328933716,0.11642927676439285,0.12287669628858566,0.0,536.8262939453125,0.4703865945339203,0.47247639298439026,0.1576269268989563,0.15327036380767822,9.196288108825684,0.11887462437152863,25.563156127929688,2.5007164478302,2.9101765155792236
2016,1,41.76802054403801,82.9405950289041,10509.354,1089.0,3.725344181060791,270.0,31.348108291625977,21.85862159729004,1.3703726530075073,8.199999809265137,13.7311429977417,0.10391717404127121,0.10391717404127121,2.026604652404785,250.84950256347656,0.26253393292427063,0.26253393292427063,0.08201885223388672,0.08180953562259674,12.38509750366211,0.14923381805419922,11.848710060119629,0.923429012298584,1.2736412286758423,0.04525401070713997,0.06972842663526535,733.6204223632812,131.8692169189453,0.11511567234992981,0.27656275033950806,0.1117209643125534,0.0319676399230957,28.324295043945312,0.1724420040845871,-4.55872106552124,0.22788968682289124,0.6251296997070312,0.06713490933179855,0.08070037513971329,4.62924337387085,436.3510437011719,0.09825335443019867,0.1183210015296936,0.0730300098657608,0.029492061585187912,17.699079513549805,0.13905386626720428,11.668156623840332,1.0342808961868286,1.5052481889724731,0.11052475869655609,0.1214246153831482,0.01708287000656128,323.6423034667969,0.442518949508667,0.442518949508667,0.2704584300518036,0.1455172300338745,17.35970687866211,0.13997958600521088,15.410725593566895,1.3004496097564697,1.7179527282714844,0.16334359347820282,0.17777276039123535,0.0,483.3797607421875,0.2868216335773468,0.2868216335773468,0.06917103379964828,0.06955445557832718,25.07189178466797,0.13847829401493073,23.018083572387695,2.2599282264709473,3.103997230529785
