Year,Zone,latitude,longitude,yield,Elevation,Slope,Aspect,Sand,Clay,BD,pH,SOC,P1_EVI,P1_EVI_max,P1_FDD,P1_GDD,P1_NDVI,P1_NDVI_max,P1_NDWI,P1_NIRv,P1_PPT,P1_SM,P1_Tmean,P1_VPD,P1_VPD_max,P2_EVI,P2_EVI_max,P2_FDD,P2_GDD,P2_NDVI,P2_NDVI_max,P2_NDWI,P2_NIRv,P2_PPT,P2_SM,P2_Tmean,P2_VPD,P2_VPD_max,P3_EVI,P3_EVI_max,P3_FDD,P3_GDD,P3_NDVI,P3_NDVI_max,P3_NDWI,P3_NIRv,P3_PPT,P3_SM,P3_Tmean,P3_VPD,P3_VPD_max,P4_EVI,P4_EVI_max,P4_FDD,P4_GDD,P4_NDVI,P4_NDVI_max,P4_NDWI,P4_NIRv,P4_PPT,P4_SM,P4_Tmean,P4_VPD,P4_VPD_max,P5_EVI,P5_EVI_max,P5_FDD,P5_GDD,P5_NDVI,P5_NDVI_max,P5_NDWI,P5_NIRv,P5_PPT,P5_SM,P5_Tmean,P5_VPD,P5_VPD_max
2019,1,41.091860296697675,78.990076746109,2492.009,1600.0,0.9274099469184875,180.0,28.999286651611328,20.66387176513672,1.357497215270996,7.900000095367432,21.44076156616211,0.08394340425729752,0.08394340425729752,0.9185872077941895,166.04168701171875,0.12553134560585022,0.12553134560585022,0.0757935643196106,0.03426105156540871,10.31834602355957,0.18955597281455994,7.863004684448242,0.5975438356399536,0.7857235670089722,0.04182188957929611,0.05687393620610237,1348.86767578125,14.428523063659668,0.1551174372434616,0.32663875818252563,-0.0700824111700058,0.04087620601058006,32.53192901611328,0.21919146180152893,-10.18655776977539,0.13933420181274414,0.3334631323814392,0.04927348345518112,0.060157790780067444,47.6594123840332,227.4108428955078,0.13648360967636108,0.277719110250473,-0.04854724183678627,0.03755426034331322,29.363370895385742,0.1426367461681366,4.858146667480469,0.5580076575279236,0.9494785070419312,0.07769665122032166,0.08734279870986938,12.034260749816895,169.36727905273438,0.6993168592453003,0.7552365064620972,0.3082294166088104,0.2656274735927582,28.2022705078125,0.18006408214569092,7.492048740386963,0.6894194483757019,1.1791565418243408,0.10095573961734772,0.10095573961734772,0.0,248.08302307128906,0.8315943479537964,0.8818598985671997,0.48431703448295593,0.4157969355583191,46.838157653808594,0.19564016163349152,11.813477516174316,0.7650251388549805,1.1398483514785767
2019,1,39.2749282268543,75.54485487648826,2714.7642,1419.0,1.1979538202285767,90.0,35.52130889892578,25.14733123779297,1.399999976158142,7.813047409057617,10.651575088500977,0.08737679570913315,0.08737679570913315,6.122437000274658,220.89317321777344,0.1325458437204361,0.1325458437204361,0.07743930071592331,0.03548787534236908,14.46409797668457,0.22373802959918976,10.227177619934082,0.7748864889144897,1.0408300161361694,0.050138022750616074,0.06395651400089264,878.2846069335938,32.295963287353516,0.2626018524169922,0.37072503566741943,0.05097251757979393,0.05425465479493141,36.67805099487305,0.21673531830310822,-6.457928657531738,0.21628454327583313,0.4685092270374298,0.06950521469116211,0.09077765792608261,33.31243896484375,348.4259033203125,0.5276959538459778,0.8357672691345215,0.23389442265033722,0.15137527883052826,17.452926635742188,0.14799033105373383,8.516580581665039,0.8456148505210876,1.4497058391571045,0.10354630649089813,0.10970554500818253,6.536043167114258,257.2087097167969,0.9035658240318298,0.9156327247619629,0.5531564354896545,0.38347333669662476,34.0487060546875,0.16119763255119324,11.93679428100586,1.0112072229385376,1.5386816263198853,0.11364813148975372,0.11364813148975372,0.7103009819984436,317.9493713378906,0.8170040845870972,0.8316597938537598,0.43618038296699524,0.2767414152622223,46.155433654785156,0.16791878640651703,15.106621742248535,1.232105016708374,1.6228634119033813
2019,1,39.31104248628616,75.54027537970637,2905.247,1414.0,2.2075154781341553,147.12820434570312,32.55922317504883,22.34189796447754,1.4004542827606201,7.900000095367432,11.549310684204102,0.08827587962150574,0.08827587962150574,5.164169788360596,229.9339141845703,0.13379281759262085,0.13379281759262085,0.07696259766817093,0.035776007920503616,13.959601402282715,0.21847371757030487,10.70332145690918,0.7986297011375427,1.0702879428863525,0.0503356046974659,0.0634615421295166,827.1741943359375,33.097957611083984,0.2292628139257431,0.3148345649242401,0.040727805346250534,0.043513547629117966,36.34006881713867,0.21174514293670654,-6.06165075302124,0.22223128378391266,0.4793846607208252,0.07045574486255646,0.09225131571292877,28.098466873168945,362.3758850097656,0.5813953280448914,0.7958047986030579,0.2516210079193115,0.17395348846912384,16.704870223999023,0.1420629471540451,9.034524917602539,0.8716328144073486,1.490264892578125,0.10523319244384766,0.11133908480405807,5.513039588928223,267.4602966308594,0.891106367111206,0.9054027199745178,0.5387040972709656,0.43485990166664124,32.64635467529297,0.15470632910728455,12.473678588867188,1.0430657863616943,1.5836453437805176,0.11490259319543839,0.11490259319543839,0.5991265773773193,329.4990539550781,0.6110297441482544,0.6177181005477905,0.25914421677589417,0.16407857835292816,43.85590744018555,0.1598583310842514,15.661901473999023,1.2733806371688843,1.6720460653305054
2019,1,43.51946625581047,83.32678439383989,3034.9702,849.0,2.556401491165161,270.0,22.49529266357422,19.90810775756836,1.399999976158142,7.775058269500732,38.663639068603516,0.1753491908311844,0.1753491908311844,1.043054223060608,123.4998779296875,0.15281309187412262,0.15281306207180023,-0.24326898157596588,0.024266719818115234,42.488983154296875,0.3534758985042572,5.831277370452881,0.35043156147003174,0.5653850436210632,0.004815537948161364,0.042242810130119324,1561.5928955078125,1.107279658317566,0.22002819180488586,0.25201937556266785,-0.21327878534793854,0.019032437354326248,119.94876098632812,0.3355620801448822,-11.912104606628418,0.09183641523122787,0.19853343069553375,0.1463012844324112,0.2119501829147339,26.799278259277344,100.59651947021484,0.1849995255470276,0.33862242102622986,-0.17620478570461273,0.026840921491384506,111.97712707519531,0.37556037306785583,1.9945200681686401,0.22451487183570862,0.45668846368789673,0.29148030281066895,0.3206879198551178,0.8290011286735535,106.61080169677734,0.4400430917739868,0.6656269431114197,0.06944165378808975,0.11757951229810715,62.65998840332031,0.38933810591697693,5.037228584289551,0.32165780663490295,0.562659740447998,0.38777852058410645,0.38777852058410645,0.0,200.0249481201172,0.5574044585227966,0.7816901206970215,0.2511856257915497,0.17115136981010437,101.10966491699219,0.39228615164756775,9.52499771118164,0.3462676703929901,0.5977529883384705
2019,1,43.774410899440184,81.45137121368057,3103.7095,634.0,0.0,-0.0,32.01738357543945,16.615646362304688,1.3945343494415283,8.100000381469727,44.613197326660156,0.17999187111854553,0.17999187111854553,0.10793495178222656,187.61170959472656,0.32056254148483276,0.32056254148483276,0.13018853962421417,0.07270164787769318,48.35335922241211,0.3554495871067047,8.928750991821289,0.44853463768959045,0.671382486820221,0.009394872933626175,0.0674842819571495,1203.4044189453125,0.20062044262886047,0.02060749940574169,0.12121661007404327,0.7576398849487305,0.011634118854999542,91.86309814453125,0.34611475467681885,-9.184762001037598,0.12557749450206757,0.29790231585502625,0.1653471440076828,0.217058002948761,7.540303707122803,169.14292907714844,0.37362390756607056,0.7457466721534729,0.05954909324645996,0.09897034615278244,128.59283447265625,0.4044627845287323,4.36763858795166,0.2690613269805908,0.6190042495727539,0.2744910717010498,0.2928895354270935,0.29598960280418396,168.29029846191406,0.9092040061950684,0.9335504770278931,0.5489404797554016,0.4156166613101959,65.67027282714844,0.3864761292934418,7.999729156494141,0.42887789011001587,0.6804870367050171,0.3571317791938782,0.3571317791938782,0.0,243.79647827148438,0.8349114060401917,0.8805360198020935,0.527794599533081,0.315513014793396,131.48753356933594,0.402910053730011,11.609355926513672,0.39548230171203613,0.6744791269302368
2019,1,39.45656524916536,76.54441142772974,3126.4597,1223.0,0.9274099469184875,-0.0,28.73223876953125,25.49135971069336,1.3829946517944336,6.446399211883545,14.05423641204834,0.13851451873779297,0.13851451873779297,0.0,388.8197021484375,0.19134005904197693,0.19134005904197693,0.08487322181463242,0.05636177584528923,2.955137252807617,0.15615075826644897,18.515222549438477,1.572234869003296,1.966416597366333,0.069254569709301,0.07760653644800186,323.0141296386719,208.44207763671875,0.26050788164138794,0.41778385639190674,0.09948443621397018,0.07500021904706955,11.774097442626953,0.18519510328769684,-0.8745958805084229,0.3198848366737366,0.8910870552062988,0.08845875412225723,0.1094013899564743,0.0,637.5436401367188,0.5968312621116638,0.6980851292610168,0.3281991481781006,0.21507717669010162,2.1533334255218506,0.13989058136940002,17.23090934753418,1.6174139976501465,2.526573657989502,0.1295754462480545,0.1431138813495636,0.0,438.353759765625,0.7409074306488037,0.8353813290596008,0.45332080125808716,0.3426235318183899,12.26856517791748,0.14688663184642792,20.87398910522461,1.9565389156341553,2.8585379123687744,0.1659410148859024,0.1659410148859024,0.0,511.9049377441406,0.2608011066913605,0.5305403470993042,0.13344113528728485,0.09852900356054306,9.875260353088379,0.14882884919643402,24.37642478942871,2.348781108856201,2.9894297122955322
2019,1,39.6435977837511,75.76368526068612,3419.259,1711.0,2.5796167850494385,291.0574035644531,32.184391021728516,23.2637939453125,1.3633836507797241,7.900000095367432,15.347923278808594,0.1006857231259346,0.1006857231259346,0.2125971019268036,269.6409912109375,0.14902828633785248,0.14902828633785248,0.06872231513261795,0.04019157961010933,11.466575622558594,0.2022199034690857,12.829924583435059,0.9768893718719482,1.270052433013916,0.05102517828345299,0.06126881390810013,712.3380737304688,69.74433135986328,0.1920327991247177,0.20105355978012085,-0.06696044653654099,0.03999992087483406,33.26723098754883,0.20396994054317474,-4.9052958488464355,0.24122941493988037,0.5647054314613342,0.07499907165765762,0.09625230729579926,14.146333694458008,421.18853759765625,0.3968175947666168,0.6066048741340637,0.06773949414491653,0.11321205645799637,17.459829330444336,0.14983032643795013,11.001140594482422,1.0246102809906006,1.7051000595092773,0.11316098272800446,0.12184416502714157,2.644791603088379,306.8139343261719,0.7888342142105103,0.823842465877533,0.3890824615955353,0.26842260360717773,28.92364501953125,0.16220223903656006,14.484245300292969,1.2348315715789795,1.858996033668518,0.1311160773038864,0.1311160773038864,0.0,375.963134765625,0.7079538702964783,0.7466216087341309,0.30594244599342346,0.19914743304252625,30.714174270629883,0.1591520756483078,17.903005599975586,1.5125820636749268,1.9608891010284424
2019,1,39.15985220596802,76.30860524582143,3658.9321,1251.0,1.5132677555084229,307.7895812988281,19.761703491210938,26.378429412841797,1.396064281463623,6.439357280731201,12.822669982910156,0.10905531048774719,0.10905531048774719,1.8568986654281616,312.4492492675781,0.156212717294693,0.156212717294693,0.08421982079744339,0.04480060189962387,7.7953948974609375,0.17721609771251678,14.790111541748047,1.1924370527267456,1.5234315395355225,0.0590515099465847,0.07404886931180954,556.0419921875,121.62841033935547,0.23241794109344482,0.3240223526954651,0.08704213052988052,0.05628976598381996,21.897232055664062,0.19208043813705444,-3.316134214401245,0.26841437816619873,0.6800197958946228,0.07389821857213974,0.09192541241645813,10.103464126586914,508.2620849609375,0.5239853858947754,0.7938144207000732,0.26929473876953125,0.1707422435283661,9.227124214172363,0.12684661149978638,13.463747024536133,1.2662484645843506,2.047281503677368,0.10735854506492615,0.11772245913743973,1.9823429584503174,353.57379150390625,0.8019088506698608,0.8167269825935364,0.5106480717658997,0.3841879963874817,25.153797149658203,0.15125411748886108,16.742450714111328,1.476151466369629,2.1749417781829834,0.1338471919298172,0.1338471919298172,0.21543005108833313,420.5837097167969,0.4135265648365021,0.6501443982124329,0.21536864340305328,0.12099787592887878,29.264009475708008,0.1574828028678894,20.017536163330078,1.7665464878082275,2.2659242153167725
2019,1,39.266571871480146,75.64942079619159,3895.2256,1369.0,2.2071006298065186,32.85511016845703,27.738073348999023,26.967683792114258,1.399999976158142,7.800000190734863,11.611943244934082,0.09111687541007996,0.09111687541007996,5.661305904388428,233.96620178222656,0.13670215010643005,0.13670215010643005,0.0784001350402832,0.03706750273704529,13.515962600708008,0.2180604487657547,10.871661186218262,0.8382725119590759,1.113755702972412,0.051628369837999344,0.06544581800699234,836.5453491210938,46.76028060913086,0.25137221813201904,0.25343212485313416,0.0576900914311409,0.06758265197277069,34.474937438964844,0.21432581543922424,-6.028893947601318,0.22390753030776978,0.5014710426330566,0.07047496736049652,0.09136886149644852,30.80340576171875,371.36419677734375,0.6768898367881775,0.8312347531318665,0.34433481097221375,0.24585260450839996,16.257301330566406,0.1469273418188095,9.204345703125,0.9080052375793457,1.5372605323791504,0.10462553054094315,0.11144738644361496,6.043759822845459,271.0260009765625,0.8875561952590942,0.9102253913879395,0.5490618348121643,0.4469732940196991,32.656578063964844,0.1609651893377304,12.61820125579834,1.0832302570343018,1.637896180152893,0.11724787205457687,0.11724787205457687,0.6568023562431335,332.6144104003906,0.6360068917274475,0.637082040309906,0.22353477776050568,0.1715662181377411,43.63410186767578,0.16770029067993164,15.80750560760498,1.315513014793396,1.723999261856079
2019,1,44.98578812802351,81.67424154343284,3954.542,749.0,2.270503044128418,144.74227905273438,27.68301773071289,23.102188110351562,1.3287948369979858,7.800000190734863,52.901912689208984,0.1402125358581543,0.1402125358581543,0.0,184.83425903320312,0.26136767864227295,0.26136767864227295,0.07994505017995834,0.05283099785447121,32.647159576416016,0.27660471200942993,8.801631927490234,0.5238255262374878,0.7993820905685425,0.005880927201360464,0.05071825534105301,1285.1783447265625,6.15696382522583,0.013447821140289307,0.08895622193813324,0.7427393794059753,0.007564052473753691,110.43101501464844,0.2951231598854065,-9.763522148132324,0.12841489911079407,0.34486937522888184,0.11788592487573624,0.150408536195755,10.906468391418457,165.78102111816406,0.24881449341773987,0.5357425212860107,-0.1475914865732193,0.06147429347038269,82.38038635253906,0.3530401587486267,4.185798645019531,0.2848730981349945,0.6788303852081299,0.2106248438358307,0.2267564982175827,0.0,169.5012969970703,0.7879809141159058,0.8576329350471497,0.33742770552635193,0.35553112626075745,36.619598388671875,0.3377384543418884,8.071490287780762,0.48247838020324707,0.7539598941802979,0.27667683362960815,0.27667683362960815,0.0,266.3778991699219,0.8811537623405457,0.8906314373016357,0.37691614031791687,0.3919728696346283,81.51174926757812,0.3314923346042633,12.684662818908691,0.5530588030815125,0.8425649404525757
2019,1,43.575254069090136,80.79838491451501,3976.5999,1121.0,1.5804977416992188,54.077823638916016,27.555593490600586,19.853269577026367,1.348249077796936,7.68476676940918,30.22296142578125,0.17808891832828522,0.17808891832828522,0.4265904724597931,199.95994567871094,0.10089840739965439,0.10089840739965439,-0.15691982209682465,0.016073117032647133,42.54190444946289,0.3271092474460602,9.501587867736816,0.5336008071899414,0.852743923664093,0.0074833231046795845,0.06679031252861023,1137.6962890625,0.9276573657989502,0.2518616020679474,0.251861572265625,0.13683374226093292,0.03599102422595024,102.3244857788086,0.3393794596195221,-8.677623748779297,0.1323760747909546,0.32974904775619507,0.1667693853378296,0.21430301666259766,6.029971599578857,185.04714965820312,0.423739492893219,0.7638095021247864,0.08444149047136307,0.10946483165025711,114.45955657958984,0.3844607472419739,4.838302135467529,0.3046620488166809,0.6454747319221497,0.264853298664093,0.28417012095451355,1.169837474822998,176.1232147216797,0.888035774230957,0.9253945350646973,0.5378695726394653,0.370290070772171,64.26152801513672,0.3665853440761566,8.3311128616333,0.4784632921218872,0.7682030200958252,0.34060367941856384,0.34060367941856384,0.0,248.11329650878906,0.8594184517860413,0.9121718406677246,0.49669349193573,0.3456762433052063,122.17061614990234,0.38156697154045105,11.814918518066406,0.45569905638694763,0.792639434337616
2019,1,43.525664406274764,82.29677218240337,4224.21,780.0,1.8543341159820557,-0.0,20.567169189453125,19.950008392333984,1.3884366750717163,8.100000381469727,24.8265380859375,0.19085580110549927,0.19085580110549927,0.0,186.3961944580078,0.3640155792236328,0.36437028646469116,-0.13285915553569794,0.09224158525466919,49.826568603515625,0.34202340245246887,8.876008987426758,0.4426027536392212,0.6964940428733826,0.008938295766711235,0.07214555144309998,1138.227294921875,1.3387433290481567,0.27323710918426514,0.2742537260055542,-3.652875020634383E-4,0.05605434253811836,95.32041931152344,0.34308940172195435,-8.678539276123047,0.12408984452486038,0.2907003164291382,0.18268944323062897,0.24407289922237396,3.724926471710205,180.60743713378906,0.33982592821121216,0.6961196660995483,0.019430145621299744,0.09583123028278351,125.80028533935547,0.3735257685184479,4.780608177185059,0.2797894775867462,0.5682573914527893,0.3041161000728607,0.3222865164279938,0.0,171.6510009765625,0.8355501890182495,0.8989183902740479,0.46592196822166443,0.3901039958000183,56.17184829711914,0.3652932941913605,8.173857688903809,0.4238065183162689,0.7166228294372559,0.39026740193367004,0.39026740193367004,0.0,251.7076416015625,0.7964910268783569,0.8759031295776367,0.4789887070655823,0.3289509415626526,110.40138244628906,0.3776019811630249,11.986078262329102,0.4163336157798767,0.6391216516494751
2019,1,43.78114860113193,81.64217168865646,4267.9937,725.0,1.284424901008606,270.0,23.146289825439453,15.10418701171875,1.409999966621399,8.0,30.880643844604492,0.18039560317993164,0.18039560317993164,0.0,193.72254943847656,0.3214128315448761,0.3214128315448761,0.13107676804065704,0.07279670983552933,47.59981918334961,0.346183180809021,9.224883079528809,0.4684004783630371,0.7042734622955322,0.00932192150503397,0.06759319454431534,1184.3096923828125,2.6804580688476562,0.02070615626871586,0.12144585698843002,0.7575380802154541,0.011723103933036327,89.24002075195312,0.3403186798095703,-9.02007007598877,0.12605665624141693,0.29833897948265076,0.16555416584014893,0.21775618195533752,6.255039691925049,182.12399291992188,0.3111460208892822,0.5986696481704712,-0.02625005878508091,0.0670962780714035,126.18905639648438,0.3919689357280731,4.7532148361206055,0.28714966773986816,0.6470934748649597,0.2757278084754944,0.29410281777381897,0.0,176.61827087402344,0.7716483473777771,0.8622552156448364,0.4112863838672638,0.31113746762275696,62.68519973754883,0.3761291205883026,8.410393714904785,0.4567793011665344,0.7268438339233398,0.35888680815696716,0.35888680815696716,0.0,255.56649780273438,0.8738903999328613,0.8926342129707336,0.37634894251823425,0.26749786734580994,124.23503875732422,0.3888687789440155,12.169833183288574,0.4492310583591461,0.7253591418266296
2019,1,39.80152130665993,75.83941417387679,4383.5293,1819.0,1.522041916847229,127.53380584716797,34.9294319152832,22.910913467407227,1.3700687885284424,7.978486061096191,12.4085054397583,0.098611980676651,0.098611980676651,0.5743885636329651,233.94151306152344,0.1466890126466751,0.1466890126466751,0.05887031927704811,0.03896012157201767,13.385290145874023,0.22276677191257477,11.112720489501953,0.8855916261672974,1.1481953859329224,0.047335799783468246,0.058667317032814026,945.048583984375,66.52228546142578,0.20199880003929138,0.44851258397102356,-0.021425696089863777,0.04944170266389847,36.989952087402344,0.2239828109741211,-6.706307888031006,0.21179898083209991,0.5151234865188599,0.07154694199562073,0.0897364690899849,30.908533096313477,357.7187194824219,0.46634265780448914,0.7555930018424988,0.1258186250925064,0.11155496537685394,25.240781784057617,0.18581029772758484,8.832707405090332,0.9012972116470337,1.5140825510025024,0.10827839374542236,0.11829505860805511,6.06607723236084,262.4284973144531,0.8782608509063721,0.9162479043006897,0.47971877455711365,0.3604382574558258,35.8878288269043,0.20219361782073975,12.207734107971191,1.087363600730896,1.6592817306518555,0.1309155523777008,0.1309155523777008,0.0,330.41864013671875,0.6821032166481018,0.6985658407211304,0.3458124101161957,0.22752290964126587,34.83082580566406,0.19832521677017212,15.734220504760742,1.3344985246658325,1.7447792291641235
2019,1,43.8533726608946,81.550274075046,4402.962,689.0,0.0,-0.0,24.824420928955078,14.994118690490723,1.3600643873214722,8.099239349365234,40.122276306152344,0.17744162678718567,0.17744162678718567,0.0,187.3390655517578,0.3149198591709137,0.3149198591709137,0.12746340036392212,0.07115606218576431,47.04737091064453,0.34900474548339844,8.920907974243164,0.45215904712677,0.6738194823265076,0.00943025853484869,0.06630760431289673,1214.994384765625,1.265012502670288,0.020489484071731567,0.1190696656703949,0.756799578666687,0.011628666892647743,89.18794250488281,0.3406146168708801,-9.26511001586914,0.12495557218790054,0.2949537932872772,0.16071513295173645,0.2103242725133896,7.765964031219482,170.06097412109375,0.3338954448699951,0.7923650145530701,-0.010425368323922157,0.07923338562250137,123.70417785644531,0.3979293406009674,4.386351585388184,0.27249032258987427,0.630259096622467,0.2677108943462372,0.2861436903476715,0.0,169.24208068847656,0.7953479290008545,0.8396226167678833,0.454832524061203,0.3509513735771179,61.63626480102539,0.38058850169181824,8.059146881103516,0.43741557002067566,0.6978886723518372,0.35002487897872925,0.35002487897872925,0.0,247.56729125976562,0.7248700857162476,0.7752713561058044,0.4188034236431122,0.2767553925514221,123.95294189453125,0.39456284046173096,11.788918495178223,0.41797301173210144,0.683903157711029
2019,1,40.67953168138659,80.2399895259962,4418.006,1049.0,0.9274099469184875,180.0,24.77943992614746,25.627105712890625,1.360546350479126,7.400000095367432,15.421782493591309,0.12359713762998581,0.12359713762998581,0.0,320.5673828125,0.17128866910934448,0.17128866910934448,0.05057123675942421,0.049821119755506516,2.7431817054748535,0.16590020060539246,15.265113830566406,1.0949796438217163,1.4074344635009766,0.05714644491672516,0.07086759805679321,612.3401489257812,93.3465576171875,0.10453584790229797,0.12916666269302368,-0.030989695340394974,0.024824826046824455,14.655550956726074,0.2048131674528122,-3.9617831707000732,0.23117168247699738,0.6292131543159485,0.06241060793399811,0.07933442294597626,2.4354019165039062,498.34417724609375,0.11981351673603058,0.11981351673603058,-0.04720349609851837,0.028779206797480583,12.049461364746094,0.14976418018341064,13.402939796447754,1.1056143045425415,1.7858682870864868,0.10557450354099274,0.1212710365653038,3.796610326389782E-5,350.32659912109375,0.7860360145568848,0.8648233413696289,0.4350776672363281,0.37399592995643616,11.430377960205078,0.17039810121059418,16.68221664428711,1.4341076612472534,2.120974063873291,0.14361511170864105,0.14361511170864105,0.0,430.4330749511719,0.6558129191398621,0.7184157371520996,0.2762314975261688,0.18470439314842224,22.832460403442383,0.16845200955867767,20.49681282043457,1.5308133363723755,2.191157579421997
2019,1,41.04793369222019,80.35452599565501,4524.644,1083.0,3.0392913818359375,203.84510803222656,24.554393768310547,29.031898498535156,1.39364755153656,7.7479023933410645,14.799304962158203,0.12209644913673401,0.12209644913673401,0.0,243.35205078125,0.17267656326293945,0.17267656326293945,0.059658460319042206,0.0490022674202919,5.67380952835083,0.18894177675247192,11.5881929397583,0.8340916037559509,1.0730549097061157,0.05743526667356491,0.07573769986629486,925.9938354492188,54.537593841552734,0.1956346035003662,0.34857675433158875,-0.01713777519762516,0.05482720956206322,26.344018936157227,0.24982038140296936,-6.652337551116943,0.19300717115402222,0.4595410227775574,0.06699346005916595,0.08879650384187698,7.338386535644531,349.3896789550781,0.13388735055923462,0.13388735055923462,-0.0798051729798317,0.03288273513317108,26.21012306213379,0.17998287081718445,9.244629859924316,0.8218565583229065,1.3400177955627441,0.11738893389701843,0.1318923383951187,6.491870590252802E-5,258.72247314453125,0.8071199655532837,0.8225335478782654,0.4109671711921692,0.38519248366355896,18.615215301513672,0.19900009036064148,12.320115089416504,1.0642255544662476,1.5928014516830444,0.15228886902332306,0.15228886902332306,0.0,344.3204345703125,0.8450704216957092,0.8573876023292542,0.36071765422821045,0.365323930978775,34.82600402832031,0.19381625950336456,16.396211624145508,1.1534409523010254,1.6418647766113281
2019,1,43.438890299774705,82.36792159881216,4547.1094,890.0,3.1539299488067627,305.98370361328125,26.206708908081055,20.005573272705078,1.3843634128570557,8.086216926574707,34.30912399291992,0.186204731464386,0.186204731464386,0.2717524766921997,175.89602661132812,0.4231851398944855,0.4231851398944855,-0.007067129015922546,0.10702352225780487,48.77391052246094,0.3406848907470703,8.363059997558594,0.4237930178642273,0.6689404249191284,0.009973197244107723,0.07036823779344559,1176.916259765625,0.02759450115263462,0.26035913825035095,0.26035910844802856,-0.10231184214353561,0.047515545040369034,94.05443572998047,0.3435208201408386,-8.983882904052734,0.12157119065523148,0.2826457917690277,0.17593637108802795,0.23465701937675476,6.679633140563965,167.61492919921875,0.37489089369773865,0.6780905723571777,-0.03420143574476242,0.0817684680223465,122.2116470336914,0.3697007894515991,4.349602699279785,0.2691197693347931,0.5352008938789368,0.2944161593914032,0.31303873658180237,0.6876166462898254,161.27435302734375,0.801937460899353,0.8568117618560791,0.38450348377227783,0.3031667470932007,53.38996124267578,0.3637036085128784,7.646987438201904,0.40354737639427185,0.6946879625320435,0.3797350227832794,0.3797350227832794,0.006543392781168222,240.8421173095703,0.7997902631759644,0.8601143956184387,0.3286145329475403,0.22857457399368286,106.81953430175781,0.3766948878765106,11.468360900878906,0.38763150572776794,0.5986410975456238
2019,1,41.200466161955404,79.36197915126954,4650.4907,1351.0,5.910374164581299,38.570228576660156,26.460908889770508,23.319345474243164,1.399744987487793,7.900000095367432,15.127542495727539,0.08985163271427155,0.08985163271427155,0.29444199800491333,194.25450134277344,0.133937269449234,0.133937269449234,0.09379716962575912,0.03644571080803871,9.84351634979248,0.17415226995944977,9.23619270324707,0.657680094242096,0.8652732968330383,0.044773977249860764,0.060533277690410614,1218.0111083984375,17.938871383666992,0.13936880230903625,0.23404255509376526,-0.04983389750123024,0.03446590527892113,32.85292434692383,0.23378020524978638,-9.160856246948242,0.1510014533996582,0.3405475318431854,0.05475997552275658,0.0693625882267952,22.82469940185547,252.06723022460938,0.18929438292980194,0.30334189534187317,-0.03743644431233406,0.04321188107132912,27.207765579223633,0.13652077317237854,6.195744037628174,0.6000104546546936,1.037928581237793,0.0894162580370903,0.0999988242983818,3.857851982116699,193.99887084960938,0.810141384601593,0.838678777217865,0.4069395065307617,0.32403141260147095,25.260387420654297,0.1638098508119583,9.05433464050293,0.7699845433235168,1.2874387502670288,0.11149147152900696,0.11149147152900696,0.0,281.0535888671875,0.42462730407714844,0.6385480761528015,0.18853893876075745,0.1600233018398285,39.66877365112305,0.16541680693626404,13.383504867553711,0.8607994914054871,1.237246036529541
2019,1,41.541377814794515,86.07912884627093,4699.9116,903.0,1.547455906867981,306.8139953613281,40.564109802246094,13.981277465820312,1.4097404479980469,8.082911491394043,13.569579124450684,0.10766719281673431,0.10766719281673431,0.03997150436043739,373.3031921386719,0.5873924493789673,0.5974955558776855,0.25458407402038574,0.20274080336093903,0.5848696231842041,0.04560477286577225,17.774438858032227,1.520883560180664,1.8903158903121948,0.05029350146651268,0.0580693781375885,581.8780517578125,131.27003479003906,0.17283302545547485,0.2097030133008957,-0.05388035625219345,0.04804205149412155,9.381817817687988,0.07853463292121887,-3.43975567817688,0.27396202087402344,0.8261489868164062,0.05718465894460678,0.06728353351354599,1.2532836198806763,559.6065063476562,0.18873009085655212,0.5478435158729553,-0.09115911275148392,0.050064485520124435,9.066823959350586,0.053433265537023544,15.090627670288086,1.3161473274230957,2.0651185512542725,0.08637290447950363,0.09757624566555023,0.16816438734531403,387.1006164550781,0.708938717842102,0.855165421962738,0.3825647234916687,0.35631465911865234,29.869428634643555,0.1017816960811615,18.42535400390625,1.6080434322357178,2.81994891166687,0.11408756673336029,0.11408756673336029,0.0,510.6373291015625,0.36886006593704224,0.4341968894004822,0.08902174234390259,0.13958123326301575,15.051386833190918,0.057726092636585236,24.316062927246094,2.087124824523926,2.8331217765808105
2019,1,44.44814539580743,84.69608514533205,4878.6494,449.0,3.0679163932800293,334.970703125,30.166549682617188,24.59384536743164,1.3595154285430908,8.251618385314941,15.308749198913574,0.16374677419662476,0.16374677419662476,0.4835296869277954,351.2669982910156,0.6568607687950134,0.689450204372406,0.30625662207603455,0.21325531601905823,13.45283317565918,0.10287173837423325,16.703975677490234,1.2011810541152954,1.6833091974258423,0.003165528178215027,0.05905533209443092,1348.9390869140625,50.22966766357422,0.02305949106812477,0.12111581116914749,0.6836063265800476,0.012607358396053314,34.9187126159668,0.19151131808757782,-9.913812637329102,0.10367404669523239,0.3888518810272217,0.08630522340536118,0.1065293475985527,5.030701637268066,496.06805419921875,0.12035034596920013,0.2195589691400528,-0.07040833681821823,0.023948874324560165,47.38821029663086,0.12391329556703568,13.271279335021973,0.873038113117218,1.762067437171936,0.1509741097688675,0.17442405223846436,1.0708122253417969,369.6139221191406,0.5565590858459473,0.7903226017951965,0.2553419768810272,0.18268609046936035,44.17829513549805,0.16416066884994507,17.549671173095703,1.3361625671386719,2.309868097305298,0.2597467005252838,0.2597467005252838,0.014773408882319927,511.3708801269531,0.5371197462081909,0.6531867980957031,0.17899823188781738,0.18081073462963104,14.488384246826172,0.09180130064487457,24.350290298461914,1.9294191598892212,2.662296772003174
2019,1,39.391618442321935,76.5770208337336,5007.9263,1220.0,2.398846387863159,90.0,25.001394271850586,26.304561614990234,1.4031627178192139,6.5305328369140625,12.621766090393066,0.1337997019290924,0.1337997019290924,0.0,380.6300048828125,0.18568526208400726,0.18568526208400726,0.08454505354166031,0.05453138053417206,3.4270761013031006,0.1530144214630127,18.1252384185791,1.5296884775161743,1.9202473163604736,0.06769004464149475,0.07733086496591568,344.1163635253906,197.2259063720703,0.2261965274810791,0.29742637276649475,0.04949590563774109,0.0618228055536747,12.90361499786377,0.1805347204208374,-1.1213010549545288,0.31394922733306885,0.8669745922088623,0.08604951947927475,0.10635847598314285,0.0,624.1023559570312,0.3394647538661957,0.4117647111415863,0.14213480055332184,0.10582061111927032,3.0010650157928467,0.1315813958644867,16.867630004882812,1.5796360969543457,2.472029209136963,0.1256643831729889,0.13874223828315735,0.0,428.9574890136719,0.5012682676315308,0.6388235092163086,0.3320637047290802,0.1979195922613144,13.84766674041748,0.14240291714668274,20.426546096801758,1.897412896156311,2.775240659713745,0.16071149706840515,0.16071149706840515,0.0,501.54986572265625,0.3724673390388489,0.45874038338661194,0.13438670337200165,0.132161483168602,12.371077537536621,0.1449405699968338,23.883325576782227,2.2706501483917236,2.895437240600586
2019,1,43.61271497704014,80.76604305457437,5014.604,1035.0,2.2531676292419434,325.37139892578125,29.15845489501953,20.687419891357422,1.37587308883667,7.7298712730407715,27.74468994140625,0.1762494146823883,0.1762494146823883,0.6679904460906982,195.1853485107422,0.18234233558177948,0.18234233558177948,-0.005606916267424822,0.05982651934027672,41.892311096191406,0.3254782557487488,9.262731552124023,0.5282965302467346,0.8473114967346191,0.008005233481526375,0.06614861637353897,1163.0047607421875,0.9220051765441895,-0.008124243468046188,-0.008124253712594509,0.7373653054237366,-0.006744747050106525,102.85722351074219,0.33773696422576904,-8.870861053466797,0.13141928613185883,0.3271139860153198,0.16429032385349274,0.2102203518152237,8.694438934326172,179.1582489013672,0.2184087634086609,0.45974576473236084,-0.017859570682048798,0.05625210702419281,111.52208709716797,0.3832150399684906,4.60713005065918,0.3003774583339691,0.6377248167991638,0.2601569592952728,0.2794186472892761,1.8318276405334473,171.3659210205078,0.5429890155792236,0.6346443295478821,0.2651951313018799,0.21655748784542084,62.55982971191406,0.36621472239494324,8.073052406311035,0.4721008241176605,0.7615839242935181,0.33525723218917847,0.33525723218917847,0.0,243.4708251953125,0.6005541682243347,0.7506925463676453,0.2898910939693451,0.20815207064151764,120.08740234375,0.3806074261665344,11.593849182128906,0.4500572085380554,0.7797787189483643
2019,1,39.203511264382314,75.98574849314772,5061.959,1299.0,1.1967357397079468,90.0,28.663137435913086,25.912992477416992,1.409999966621399,7.511828899383545,10.086684226989746,0.10071262717247009,0.10071262717247009,4.343367576599121,270.0462341308594,0.14710184931755066,0.14710184931755066,0.08161896467208862,0.041217830032110214,10.816699028015137,0.20073118805885315,12.652517318725586,1.013897180557251,1.3155338764190674,0.055623214691877365,0.07017526030540466,721.8616333007812,87.03141784667969,0.18977245688438416,0.25122082233428955,-0.028794728219509125,0.03712247684597969,28.04474639892578,0.20662443339824677,-4.84603214263916,0.2441924810409546,0.5915908217430115,0.07219897210597992,0.09146764129400253,23.6324462890625,435.316162109375,0.5387769341468811,0.7835558652877808,0.25448116660118103,0.18117551505565643,12.969913482666016,0.14182429015636444,11.1265869140625,1.0828828811645508,1.7832071781158447,0.10587423294782639,0.11462260037660599,4.636786937713623,308.6873779296875,0.813377857208252,0.9276055693626404,0.516757607460022,0.3843576908111572,29.31752586364746,0.16053758561611176,14.478599548339844,1.2771967649459839,1.9031357765197754,0.12606915831565857,0.12606915831565857,0.5039003491401672,372.38592529296875,0.6300268173217773,0.7512490153312683,0.21968019008636475,0.16179606318473816,37.204498291015625,0.16787026822566986,17.708667755126953,1.5366679430007935,1.9908812046051025
2019,1,43.94365162082267,81.64379034233886,5109.0605,795.0,3.171382188796997,234.245361328125,25.236509323120117,15.803399085998535,1.349518060684204,7.92636251449585,30.88506317138672,0.1737491488456726,0.1737491488456726,0.0,190.82989501953125,0.3068036139011383,0.3068036139011383,0.12294669449329376,0.06910525262355804,44.422481536865234,0.33393245935440063,9.087138175964355,0.4767612814903259,0.7143495082855225,0.009565679356455803,0.06470060348510742,1221.5224609375,4.164347171783447,0.020218640565872192,0.11609943211078644,0.755876362323761,0.011510621756315231,85.83171081542969,0.3302225172519684,-9.292810440063477,0.12506216764450073,0.2949444353580475,0.15466631948947906,0.20103439688682556,8.538851737976074,178.97122192382812,0.2617776393890381,0.6052467226982117,-0.05727502703666687,0.06017886474728584,115.29673767089844,0.3824111223220825,4.606280326843262,0.29035553336143494,0.6649876236915588,0.2576897144317627,0.2761947512626648,0.0,174.8022918701172,0.766732931137085,0.815134584903717,0.40294405817985535,0.2913290858268738,55.73074722290039,0.36709874868392944,8.323919296264648,0.46890491247177124,0.7516247034072876,0.3389474153518677,0.3389474153518677,0.0,257.5952453613281,0.6283879280090332,0.770620584487915,0.29326871037483215,0.1767391562461853,111.80912017822266,0.37592586874961853,12.266439437866211,0.4813693165779114,0.7405436635017395
2019,1,41.43438614411812,79.43797561052342,5113.4883,1334.0,2.6404998302459717,69.4510726928711,23.54460906982422,20.354034423828125,1.4057435989379883,7.854004859924316,19.242116928100586,0.08014670014381409,0.08014670014381409,0.17663845419883728,166.1817626953125,0.12458416074514389,0.12458416074514389,0.11372113972902298,0.03237108513712883,11.789705276489258,0.18747061491012573,7.905005931854248,0.5596098899841309,0.7247335910797119,0.039286479353904724,0.05646499618887901,1372.5975341796875,4.2692060470581055,0.19733689725399017,0.2756292223930359,-0.04129435494542122,0.045510973781347275,37.329864501953125,0.2658978998661041,-10.4452543258667,0.13156171143054962,0.25228151679039,0.05238158628344536,0.06671974062919617,21.286773681640625,185.98158264160156,0.23784837126731873,0.5869733691215515,0.03652782738208771,0.0615939199924469,30.586925506591797,0.1546507179737091,4.451210975646973,0.4782184660434723,0.8739585876464844,0.08809133619070053,0.09860973805189133,2.314779043197632,157.32687377929688,0.8569402694702148,0.8810144662857056,0.42296937108039856,0.3482264280319214,26.127967834472656,0.17499174177646637,7.381528377532959,0.6368730068206787,1.092615008354187,0.10643883049488068,0.10643883049488068,0.0,250.36752319335938,0.9005564451217651,0.9447488784790039,0.5091248750686646,0.4078385829925537,37.7569465637207,0.17031779885292053,11.922263145446777,0.7365871071815491,1.023759126663208
2019,1,39.07711804502239,76.37867110067423,5149.2163,1242.0,1.5121588706970215,232.1778106689453,21.200401306152344,29.370853424072266,1.3891363143920898,7.0,12.253986358642578,0.10543487221002579,0.10543487221002579,1.463843584060669,310.05157470703125,0.1515982300043106,0.1515982300043106,0.08497771620750427,0.043489985167980194,7.825129508972168,0.17294171452522278,14.69465446472168,1.1716190576553345,1.4998955726623535,0.0579921156167984,0.07464182376861572,552.8342895507812,114.86759185791016,0.1825200617313385,0.30922430753707886,-0.03372860699892044,0.03882385790348053,21.990650177001953,0.18778875470161438,-3.343257188796997,0.2653103470802307,0.6650504469871521,0.07124827057123184,0.08817702531814575,7.9648356437683105,504.7781982421875,0.42206376791000366,0.8393815755844116,0.14962148666381836,0.13513484597206116,9.524089813232422,0.11819395422935486,13.427388191223145,1.2527660131454468,2.0320680141448975,0.10290899872779846,0.11313866823911667,1.5627347230911255,350.1201477050781,0.802371621131897,0.8327059745788574,0.4632447063922882,0.3619384467601776,26.553918838500977,0.1483936309814453,16.597972869873047,1.439775824546814,2.1200313568115234,0.1294344663619995,0.1294344663619995,0.1698293685913086,416.7339172363281,0.46425071358680725,0.6642408967018127,0.16569200158119202,0.13881096243858337,30.878562927246094,0.15529051423072815,19.83638572692871,1.7172614336013794,2.2021610736846924
2019,1,41.25732861858895,79.49375896470202,5168.4946,1280.0,3.704791784286499,-0.0,24.981481552124023,25.337053298950195,1.4199999570846558,7.900000095367432,11.656410217285156,0.09062957018613815,0.09062957018613815,0.01465744897723198,202.3651885986328,0.13565118610858917,0.13565118610858917,0.09941359609365463,0.03657100722193718,9.75452995300293,0.16874456405639648,9.63573932647705,0.6700238585472107,0.8793514966964722,0.04569026082754135,0.06190217286348343,1178.240234375,16.660430908203125,0.14905700087547302,0.3843851387500763,-0.024225205183029175,0.04452398791909218,33.3406867980957,0.24191614985466003,-8.867020606994629,0.15367546677589417,0.3335654139518738,0.057113807648420334,0.07300294190645218,11.808943748474121,254.6835479736328,0.24264299869537354,0.45951417088508606,0.025060871616005898,0.06648235023021698,26.508695602416992,0.134332537651062,6.564178466796875,0.6037424802780151,1.0538896322250366,0.09407815337181091,0.10491690784692764,0.19263316690921783,199.659912109375,0.816867470741272,0.8461538553237915,0.4339476227760315,0.31273844838142395,24.31637954711914,0.15745022892951965,9.498441696166992,0.784357488155365,1.306665062904358,0.1147054061293602,0.1147054061293602,0.0,290.5766296386719,0.737098753452301,0.8000865578651428,0.38048508763313293,0.2833843231201172,37.115150451660156,0.15384216606616974,13.836982727050781,0.8807568550109863,1.250415563583374
2019,1,43.96359272073368,80.93906063454912,5206.1123,578.0,1.58724844455719,234.25425720214844,36.531131744384766,13.4466552734375,1.3899999856948853,8.0,41.305450439453125,0.16584791243076324,0.16584791243076324,2.0968215465545654,156.7717742919922,0.5038650631904602,0.5038650631904602,0.08703015744686127,0.16174069046974182,41.34296798706055,0.3324611783027649,7.365473747253418,0.44296592473983765,0.7045578360557556,0.012617894448339939,0.06260722875595093,1366.0123291015625,0.4543025493621826,0.21115536987781525,0.21115538477897644,-0.06461538374423981,0.03530517593026161,100.44636535644531,0.3316766619682312,-10.424107551574707,0.12117022275924683,0.2911779582500458,0.14812405407428741,0.18649503588676453,27.131811141967773,131.63369750976562,0.6659684181213379,0.8426132202148438,0.2843635678291321,0.237192764878273,101.57618713378906,0.38742610812187195,2.8243751525878906,0.2515442669391632,0.5707840919494629,0.23658405244350433,0.25491175055503845,5.750105857849121,135.72113037109375,0.868800938129425,0.9208715558052063,0.5313552618026733,0.4504087269306183,52.85888671875,0.37621936202049255,6.189096450805664,0.4008752107620239,0.6652262210845947,0.311667263507843,0.311667263507843,0.0,210.36000061035156,0.7920650243759155,0.8732455968856812,0.46045970916748047,0.296945184469223,113.11370086669922,0.38780516386032104,10.017143249511719,0.3764597475528717,0.6264957785606384
2019,1,43.57094211837144,82.34608984005449,5284.5083,780.0,1.8543341159820557,-0.0,21.190143585205078,19.40487289428711,1.375878930091858,8.065528869628906,24.49520492553711,0.18899302184581757,0.18899302184581757,0.0,191.8096466064453,0.36745136976242065,0.3684837520122528,-0.04726334288716316,0.08444022387266159,48.23781967163086,0.3316383957862854,9.133792877197266,0.4668216109275818,0.7353861927986145,0.009006612934172153,0.07133486121892929,1132.89208984375,3.8592631816864014,0.195086270570755,0.19584055244922638,-0.12708494067192078,0.040334273129701614,92.7773208618164,0.33620476722717285,-8.618571281433105,0.12476266920566559,0.292673259973526,0.17963795363903046,0.23938636481761932,3.7662627696990967,191.3902587890625,0.22686898708343506,0.49433544278144836,-0.08671265840530396,0.05517296865582466,121.56426239013672,0.3625962436199188,5.070919036865234,0.2977391183376312,0.6030151844024658,0.2990606427192688,0.317267507314682,0.0,178.6121368408203,0.7117185592651367,0.8078648447990417,0.34644585847854614,0.23913083970546722,53.36390686035156,0.35571232438087463,8.505339622497559,0.45420557260513306,0.7633997201919556,0.38467907905578613,0.38467907905578613,0.0,261.6669616699219,0.7174961566925049,0.8239960074424744,0.34175482392311096,0.2346300631761551,103.87483978271484,0.36428824067115784,12.460331916809082,0.4718376696109772,0.6985554099082947
2019,1,43.76982694355724,81.42037600225807,5289.5293,632.0,0.9274099469184875,180.0,34.00302505493164,16.862667083740234,1.3799999952316284,8.0,41.1168212890625,0.1797558218240738,0.1797558218240738,0.17342709004878998,187.2953338623047,0.3200634717941284,0.3200634717941284,0.1296280324459076,0.07265118509531021,48.09962463378906,0.3543583154678345,8.910566329956055,0.45076507329940796,0.6773759126663208,0.00943285133689642,0.06742190569639206,1204.840087890625,0.22715230286121368,0.02053428441286087,0.12108442932367325,0.7577646970748901,0.011572807095944881,92.44300842285156,0.3457877039909363,-9.195518493652344,0.12568087875843048,0.29870352149009705,0.16524501144886017,0.21665988862514496,7.977849960327148,168.85549926757812,0.34785789251327515,0.6601009964942932,-0.09500587731599808,0.08006139099597931,127.82394409179688,0.40364623069763184,4.348044395446777,0.2697553336620331,0.618495523929596,0.27375370264053345,0.2921684980392456,0.47558844089508057,167.80015563964844,0.8929055333137512,0.9126262664794922,0.48335695266723633,0.3456115424633026,65.5047607421875,0.38585612177848816,7.967836380004883,0.42958521842956543,0.682329535484314,0.3560681939125061,0.3560681939125061,0.0,243.10159301757812,0.7939461469650269,0.871652364730835,0.43300801515579224,0.2564446032047272,131.120849609375,0.40218982100486755,11.576266288757324,0.39647629857063293,0.6769871115684509
2019,1,44.030969737651255,86.86228076428763,5290.7124,749.0,3.789064884185791,42.838592529296875,24.477832794189453,27.996170043945312,1.3351410627365112,8.100000381469727,17.339754104614258,0.11757445335388184,0.11757445335388184,3.524142265319824,229.6842803955078,0.0883721113204956,0.08837209641933441,-0.11831196397542953,0.015509306453168392,18.916114807128906,0.17413264513015747,10.769530296325684,0.8508970737457275,1.4012906551361084,0.01176264975219965,0.05428024381399155,1640.12353515625,27.316879272460938,0.027735453099012375,0.10779590904712677,0.6674016714096069,0.012490144930779934,30.51764678955078,0.19967974722385406,-12.311500549316406,0.09715388715267181,0.32741495966911316,0.08515409380197525,0.10353492200374603,32.375335693359375,323.8663635253906,0.6452056765556335,0.7612786889076233,0.2530460059642792,0.2179422229528427,41.93177032470703,0.1739017814397812,7.878135681152344,0.7336192727088928,1.5799458026885986,0.14006218314170837,0.1600620150566101,6.223886966705322,243.97589111328125,0.7533023357391357,0.7700960040092468,0.440504252910614,0.2504172623157501,25.706830978393555,0.1934429258108139,11.321523666381836,1.0238598585128784,2.123447895050049,0.1899636685848236,0.1899636685848236,0.0,371.4297790527344,0.7952513694763184,0.8547080159187317,0.4151536822319031,0.25253909826278687,55.66276550292969,0.19130437076091766,17.687131881713867,1.3326894044876099,2.1522436141967773
2019,1,37.983777680424836,77.31570659604533,5318.6113,1302.0,2.5280039310455322,111.50907135009766,35.1629753112793,25.321414947509766,1.3799999952316284,7.881688117980957,11.771055221557617,0.08988385647535324,0.08988385647535324,0.0,314.91961669921875,0.5777574181556702,0.5777574181556702,0.18250513076782227,0.1491769552230835,5.752331256866455,0.13497471809387207,14.996171951293945,1.1834356784820557,1.467860221862793,0.05446816608309746,0.0661420077085495,516.0438232421875,110.23175811767578,0.17758847773075104,0.3000723123550415,-0.0638289675116539,0.03662242740392685,19.395580291748047,0.17699486017227173,-3.097801923751831,0.2712498903274536,0.6916661858558655,0.07808200269937515,0.09315695613622665,1.7251365184783936,524.955810546875,0.3175273835659027,0.7638211250305176,0.012096093967556953,0.07369039952754974,6.4951910972595215,0.09349250048398972,14.141369819641113,1.3111913204193115,2.101733922958374,0.10095188766717911,0.1083528995513916,0.0,357.7708740234375,0.679383397102356,0.7699043154716492,0.3731825649738312,0.2754767835140228,15.41594409942627,0.11546508967876434,17.03670883178711,1.4309849739074707,2.070458173751831,0.11456748843193054,0.11456748843193054,0.0,409.9468994140625,0.538711667060852,0.5585769414901733,0.17754019796848297,0.1817208081483841,27.348106384277344,0.12893076241016388,19.52128028869629,1.5175509452819824,2.0845561027526855
2019,1,39.39916324130436,75.75560091047622,5329.842,1405.0,1.8543341159820557,180.0,34.676666259765625,24.882041931152344,1.3980852365493774,7.88211727142334,10.481351852416992,0.10055415332317352,0.10055415332317352,2.141947031021118,281.6990661621094,0.148191437125206,0.148191437125206,0.07796406000852585,0.04068310558795929,10.584293365478516,0.19510264694690704,13.312244415283203,1.0098516941070557,1.317747950553894,0.05473942682147026,0.06575582176446915,618.1258544921875,72.12305450439453,0.1352187991142273,0.13846154510974884,-0.021007033064961433,0.033523742109537125,30.28199577331543,0.19682659208774567,-4.167960166931152,0.25450533628463745,0.587608814239502,0.07582180202007294,0.09824293851852417,11.654425621032715,448.8201904296875,0.3501225709915161,0.39699751138687134,0.14781296253204346,0.10605212301015854,12.11092758178711,0.1299966722726822,11.815290451049805,1.0826101303100586,1.7936537265777588,0.11311866343021393,0.12075302749872208,2.2866480350494385,324.0131530761719,0.5407097935676575,0.6267166137695312,0.2933753728866577,0.19952191412448883,25.76060676574707,0.14125847816467285,15.320310592651367,1.2983192205429077,1.9393783807754517,0.12790386378765106,0.12790386378765106,0.248500257730484,391.0295715332031,0.4353826940059662,0.47097378969192505,0.1702127903699875,0.1245194599032402,32.2461051940918,0.14281998574733734,18.60862159729004,1.581080436706543,2.0447802543640137
2019,1,43.503297555390674,82.21942907463135,5329.937,760.0,1.579262614250183,305.95465087890625,22.74065589904785,23.351110458374023,1.3593523502349854,8.003594398498535,30.589027404785156,0.1917596310377121,0.1917596310377121,0.0,185.38023376464844,0.7740448117256165,0.7740448117256165,0.29751870036125183,0.20845027267932892,50.77824401855469,0.34849482774734497,8.827630043029785,0.43394988775253296,0.6801859140396118,0.008905148133635521,0.07253891229629517,1138.2861328125,0.21932801604270935,0.3014947175979614,0.3014947175979614,-0.11742893606424332,0.05381680652499199,96.34716033935547,0.3472166657447815,-8.687533378601074,0.12416068464517593,0.291151225566864,0.18417005240917206,0.2463468313217163,3.5568439960479736,177.00477600097656,0.24865445494651794,0.5587437152862549,-0.10672451555728912,0.047203339636325836,129.2915496826172,0.3810277581214905,4.687781810760498,0.27283167839050293,0.5585533976554871,0.30656903982162476,0.3247217833995819,0.0,169.6403350830078,0.7482320070266724,0.8513476848602295,0.28268560767173767,0.20778794586658478,58.99324035644531,0.3715071678161621,8.078110694885254,0.4127301871776581,0.6950082778930664,0.39297887682914734,0.39297887682914734,0.0,247.78631591796875,0.8967456817626953,0.9601910710334778,0.38721296191215515,0.2503327429294586,116.23121643066406,0.38596776127815247,11.799347877502441,0.39206644892692566,0.620780348777771
2019,1,39.10892035373556,75.93993568892462,5342.663,1366.0,1.1951308250427246,90.0,38.895042419433594,22.008275985717773,1.4063016176223755,7.629302024841309,12.112359046936035,0.09439834207296371,0.09439834207296371,6.240049839019775,242.20535278320312,0.1393764466047287,0.1393764466047287,0.08201967924833298,0.03881280869245529,12.50239372253418,0.21276873350143433,11.236443519592285,0.9103012084960938,1.1927436590194702,0.05356641113758087,0.07009915262460709,845.1976318359375,70.65043640136719,0.19946616888046265,0.29158928990364075,-0.013762596994638443,0.04277580976486206,30.495187759399414,0.21548475325107574,-5.912574291229248,0.22598505020141602,0.5384361743927002,0.06851107627153397,0.08666335791349411,33.95237731933594,390.18377685546875,0.2067001461982727,0.5076595544815063,7.686341996304691E-4,0.045058008283376694,15.412047386169434,0.14925062656402588,9.627876281738281,0.9794198870658875,1.6325358152389526,0.09997189790010452,0.10820937156677246,6.661601543426514,277.60943603515625,0.7467206716537476,0.8023431301116943,0.398698091506958,0.3457016348838806,33.58274459838867,0.17092111706733704,12.902276992797852,1.1450424194335938,1.7169911861419678,0.11887955665588379,0.11887955665588379,0.7239459753036499,338.132080078125,0.7181467413902283,0.7724500298500061,0.37970516085624695,0.3195752799510956,44.08377456665039,0.18132604658603668,16.067054748535156,1.3726004362106323,1.7916510105133057
2019,1,43.43430634389176,82.4506557597578,5397.4434,865.0,0.9274099469184875,180.0,23.70005989074707,22.40703773498535,1.3743771314620972,8.087347030639648,28.738079071044922,0.18575166165828705,0.18575166165828705,0.13930200040340424,174.06578063964844,0.8917397856712341,0.8917397856712341,0.391113817691803,0.5095400810241699,48.215389251708984,0.3371879458427429,8.28221321105957,0.42185723781585693,0.6688260436058044,0.010058573447167873,0.07019069790840149,1179.17041015625,0.010272090323269367,0.18726183474063873,0.22727273404598236,-0.11528151482343674,0.03374999761581421,93.88745880126953,0.34177616238594055,-9.001222610473633,0.12108109891414642,0.2805391252040863,0.17526307702064514,0.23369896411895752,6.290100574493408,166.09873962402344,0.13160794973373413,0.15016873180866241,-0.08053819835186005,0.029048293828964233,119.6637954711914,0.36515405774116516,4.319152355194092,0.26872268319129944,0.5276682376861572,0.2934190630912781,0.31207922101020813,0.5014848709106445,159.8993377685547,0.21299806237220764,0.23778606951236725,0.09399323910474777,0.07982804626226425,51.10103988647461,0.3603264093399048,7.590373516082764,0.401438444852829,0.697713315486908,0.37864795327186584,0.37864795327186584,0.002643215237185359,240.47303771972656,0.6925548315048218,0.810769259929657,0.32148200273513794,0.2473757565021515,102.61724090576172,0.37253299355506897,11.450971603393555,0.38833263516426086,0.58991938829422
2019,1,41.850219612857224,82.11351650640991,5429.26,1334.0,2.4887070655822754,270.0,29.009136199951172,18.546110153198242,1.42947256565094,8.0,20.674776077270508,0.11062873899936676,0.11062873899936676,4.082801818847656,232.92018127441406,0.17424684762954712,0.17424684762954712,0.10171766579151154,0.04755859076976776,12.691475868225098,0.19062840938568115,10.897017478942871,0.8797596096992493,1.1307023763656616,0.04832499846816063,0.06671597808599472,1074.357177734375,32.720672607421875,0.13719233870506287,0.1753513514995575,-0.03135222569108009,0.03683912381529808,33.71657943725586,0.24541310966014862,-7.951423168182373,0.18098603188991547,0.4403350055217743,0.06013075262308121,0.0764789804816246,30.26520347595215,332.5013427734375,0.10927294939756393,0.1650536209344864,-0.03018932417035103,0.02861711196601391,39.05794143676758,0.19223454594612122,8.168543815612793,0.7734222412109375,1.2409353256225586,0.1098988726735115,0.1253727227449417,7.892145156860352,239.56344604492188,0.5955483317375183,0.7246634364128113,0.2870257794857025,0.19516906142234802,23.44237518310547,0.2235654592514038,11.031966209411621,0.9763662219047546,1.5893257856369019,0.14891976118087769,0.14891976118087769,0.10994306206703186,328.1435852050781,0.8367044925689697,0.8828264474868774,0.500302255153656,0.3115050792694092,44.166690826416016,0.209612637758255,15.620649337768555,1.1420018672943115,1.6005431413650513
2019,1,41.36378073803786,79.4484857117064,5435.7173,1312.0,2.470038890838623,270.0,25.250394821166992,26.296091079711914,1.4057512283325195,8.0,16.802410125732422,0.08397427201271057,0.08397427201271057,0.1357163041830063,179.064453125,0.1285589635372162,0.1285589635372162,0.10786935687065125,0.033914715051651,11.034945487976074,0.18086400628089905,8.520416259765625,0.5997829437255859,0.781184732913971,0.04161546751856804,0.058402542024850845,1302.9625244140625,8.930933952331543,0.21730130910873413,0.34289127588272095,-0.021523453295230865,0.06781409680843353,35.80628204345703,0.2563532292842865,-9.878103256225586,0.13960440456867218,0.28302001953125,0.053988974541425705,0.06880676001310349,18.51397705078125,211.359130859375,0.2567529082298279,0.5986899733543396,0.015639187768101692,0.0768352523446083,29.112197875976562,0.14718759059906006,5.212031364440918,0.5246696472167969,0.9397248029708862,0.08999092131853104,0.10060650110244751,1.7786288261413574,172.6698455810547,0.8303755521774292,0.879006564617157,0.4285714328289032,0.3682715594768524,25.525802612304688,0.16888092458248138,8.137677192687988,0.6906174421310425,1.1708006858825684,0.10927069932222366,0.10927069932222366,0.0,264.640625,0.8635721206665039,0.8901549577713013,0.4396213889122009,0.3518684506416321,37.717830657958984,0.16501113772392273,12.601934432983398,0.7886502146720886,1.1070787906646729
2019,1,39.28894318146529,76.49644041859678,5437.8735,1231.0,1.5150120258331299,127.73843383789062,22.94961166381836,29.00559425354004,1.4041117429733276,6.347278118133545,13.562043190002441,0.12526622414588928,0.12526622414588928,0.022126689553260803,362.00848388671875,0.17530985176563263,0.17530985176563263,0.08529439568519592,0.051247354596853256,4.568831920623779,0.16134141385555267,17.237445831298828,1.4221512079238892,1.7896077632904053,0.06480961292982101,0.07677949219942093,387.0221252441406,171.47979736328125,0.20961007475852966,0.28948166966438293,0.015347366221249104,0.058884624391794205,15.321922302246094,0.18553559482097626,-1.6453611850738525,0.30038967728614807,0.8033879399299622,0.08123403787612915,0.1003020778298378,0.12039226293563843,592.0535888671875,0.46198219060897827,0.769121527671814,0.13587290048599243,0.1288006454706192,4.679803371429443,0.12882490456104279,15.99819564819336,1.4859181642532349,2.3551769256591797,0.11826921254396439,0.1305767297744751,0.02362147718667984,407.99322509765625,0.7117220163345337,0.7860919237136841,0.42589059472084045,0.3190649747848511,17.82678985595703,0.14704856276512146,19.4271240234375,1.7599351406097412,2.5735836029052734,0.15114884078502655,0.15114884078502655,0.002567051211372018,479.3568420410156,0.2714524269104004,0.48772868514060974,0.011824111454188824,0.1033690869808197,17.513267517089844,0.1506170630455017,22.82639503479004,2.1098740100860596,2.6866395473480225
2019,1,41.3061067250126,80.37824395415828,5481.0884,1204.0,6.6548752784729,146.3519744873047,25.950397491455078,23.359630584716797,1.405532717704773,7.950056552886963,16.03074073791504,0.12164387106895447,0.12164387106895447,0.0,186.3442840576172,0.17420794069766998,0.17420794069766998,0.06559184193611145,0.0487060546875,7.815666675567627,0.20129981637001038,8.873537063598633,0.6381887793540955,0.8281922340393066,0.058576084673404694,0.08010764420032501,1151.2666015625,23.69253158569336,0.236101433634758,0.44746333360671997,-0.025680048391222954,0.0595705471932888,35.260807037353516,0.2774590253829956,-8.607436180114746,0.16482502222061157,0.3361576497554779,0.07103803753852844,0.09671968221664429,10.760636329650879,239.97825622558594,0.2586615979671478,0.33799439668655396,0.008515638299286366,0.08227704465389252,36.81230926513672,0.19529442489147186,6.195070743560791,0.6086758971214294,1.002712607383728,0.12638774514198303,0.13967765867710114,7.991757593117654E-5,190.72457885742188,0.840776801109314,0.8682156205177307,0.4358532130718231,0.4323790669441223,24.596820831298828,0.21482254564762115,9.08211898803711,0.7804721593856812,1.1980736255645752,0.15860405564308167,0.15860405564308167,0.0,279.98101806640625,0.8522875905036926,0.891141951084137,0.3463182747364044,0.36230745911598206,45.102935791015625,0.20812734961509705,13.332428932189941,0.8623015284538269,1.2259401082992554
2019,1,41.25840772104388,79.1369506166074,5571.0117,1466.0,4.620542526245117,233.0663299560547,28.628515243530273,20.31723403930664,1.3632292747497559,8.039861679077148,16.21920394897461,0.08092290908098221,0.08092290908098221,0.8380802273750305,154.66912841796875,0.12323065102100372,0.12323065102100372,0.09821154922246933,0.033185429871082306,11.583700180053711,0.19676712155342102,7.325287818908691,0.5554481148719788,0.7272881269454956,0.038369614630937576,0.05419611558318138,1427.3031005859375,10.880109786987305,0.13143523037433624,0.23407481610774994,-0.0671839788556099,0.035343971103429794,35.24851608276367,0.2407209873199463,-10.812389373779297,0.1300777643918991,0.2886764109134674,0.04748120903968811,0.05908220261335373,46.709903717041016,195.63607788085938,0.19274066388607025,0.20656289160251617,-0.051788557320833206,0.05003548040986061,31.453020095825195,0.1560855656862259,4.025032043457031,0.4983178675174713,0.8773897886276245,0.07791844010353088,0.0879298746585846,10.979729652404785,153.3462677001953,0.6962229609489441,0.7575209140777588,0.3405405580997467,0.29234403371810913,27.97304916381836,0.18709233403205872,6.779358863830566,0.637450098991394,1.0965708494186401,0.10063948482275009,0.10063948482275009,0.0,236.40231323242188,0.6945801973342896,0.7521206140518188,0.3224836587905884,0.2772550880908966,43.6778450012207,0.19507156312465668,11.25725269317627,0.7232601046562195,1.045486330986023
2019,1,39.332597780778514,75.8035719196092,5571.446,1333.0,3.0290794372558594,307.72125244140625,32.11150360107422,25.243181228637695,1.3905547857284546,7.88893461227417,12.120901107788086,0.0998477190732956,0.0998477190732956,3.325045585632324,272.2456359863281,0.14696380496025085,0.14696380496025085,0.07904639095067978,0.04054832085967064,11.031486511230469,0.20035649836063385,12.805742263793945,0.9915638566017151,1.293689489364624,0.054744888097047806,0.06699784100055695,678.7095947265625,74.29386138916016,0.14037981629371643,0.27897971868515015,0.009790241718292236,0.03580561280250549,30.125072479248047,0.20265762507915497,-4.613860607147217,0.24777348339557648,0.5796100497245789,0.07435743510723114,0.09575332701206207,18.09171485900879,435.0892639160156,0.5353443026542664,0.6704914569854736,0.27966099977493286,0.18435949087142944,12.873564720153809,0.13694031536579132,11.270203590393066,1.0618250370025635,1.7592068910598755,0.11036559194326401,0.11825452744960785,3.5496718883514404,312.8864440917969,0.7613258361816406,0.8111305236816406,0.48505234718322754,0.3413498103618622,27.56641960144043,0.15010550618171692,14.730321884155273,1.2686665058135986,1.896281123161316,0.1265290379524231,0.1265290379524231,0.3857586681842804,378.23114013671875,0.2912723422050476,0.5089226961135864,-0.0018964948831126094,0.06607481837272644,35.036720275878906,0.1540248841047287,17.992637634277344,1.5393965244293213,1.994897723197937
2019,1,41.78149594742151,82.23182537555994,5572.039,1210.0,1.5511599779129028,233.2883758544922,25.81363296508789,22.894380569458008,1.4007216691970825,8.0,18.458560943603516,0.11058194935321808,0.11058194935321808,2.337161064147949,262.0316162109375,0.17732258141040802,0.17732258141040802,-0.08047834038734436,0.05044827610254288,9.32753849029541,0.17194296419620514,12.366402626037598,0.9934853315353394,1.2693581581115723,0.05035792663693428,0.06947629898786545,949.3121948242188,42.463134765625,0.20097841322422028,0.48455697298049927,-0.027929149568080902,0.05288883298635483,29.36708641052246,0.23624487221240997,-6.922511577606201,0.19661596417427063,0.48726019263267517,0.06044957786798477,0.07715687900781631,19.523523330688477,381.5028991699219,0.2505330741405487,0.3762873113155365,0.03563519939780235,0.05225140601396561,30.891952514648438,0.17471462488174438,9.783226013183594,0.8790054321289062,1.4004180431365967,0.10745161026716232,0.12144414335489273,4.8660759925842285,270.78961181640625,0.8274253606796265,0.8761457800865173,0.4885593056678772,0.35137900710105896,22.564395904541016,0.21139146387577057,12.663025856018066,1.1000579595565796,1.7841243743896484,0.14224083721637726,0.14224083721637726,0.06127404049038887,363.3448181152344,0.7664521932601929,0.8447626233100891,0.48999762535095215,0.2191387265920639,37.69834518432617,0.19134487211704254,17.29921531677246,1.2954615354537964,1.7973132133483887
2019,1,41.23064981698618,79.5258288194784,5606.813,1293.0,3.0406765937805176,203.90420532226562,26.264440536499023,21.531402587890625,1.387100338935852,7.935262680053711,14.632821083068848,0.09304378181695938,0.09304378181695938,0.0,207.2882843017578,0.1383354216814041,0.1383354216814041,0.09646385908126831,0.0375421978533268,9.401785850524902,0.16714879870414734,9.870870590209961,0.6861177682876587,0.9015909433364868,0.046915650367736816,0.06310691684484482,1149.416748046875,19.003999710083008,0.13617666065692902,0.2405063360929489,-0.07431072741746902,0.035732757300138474,32.75288391113281,0.2392113208770752,-8.629105567932129,0.1572902649641037,0.3463836908340454,0.058064691722393036,0.07440569996833801,10.76733112335205,264.8304138183594,0.26147106289863586,0.6073427200317383,0.026228314265608788,0.05293254554271698,26.177736282348633,0.1333119422197342,6.866569519042969,0.6233441233634949,1.0803967714309692,0.09566536545753479,0.10663340240716934,5.792444571852684E-4,205.82598876953125,0.7853192090988159,0.8398429155349731,0.41114434599876404,0.35046616196632385,24.031890869140625,0.15677547454833984,9.801210403442383,0.8073849081993103,1.3367986679077148,0.11705812066793442,0.11705812066793442,0.0,296.2690734863281,0.757258951663971,0.8239968419075012,0.3382033407688141,0.3301561176776886,37.20066833496094,0.15330268442630768,14.108051300048828,0.9029083251953125,1.285131573677063
2019,1,39.325864538187815,76.134780568556,5645.2197,1268.0,0.0,-0.0,34.68752670288086,23.0208797454834,1.3995780944824219,7.143330097198486,13.646195411682129,0.11322148889303207,0.11322148889303207,1.8113235235214233,317.00799560546875,0.16198405623435974,0.16198405623435974,0.0820305272936821,0.04613829776644707,7.830384731292725,0.18207266926765442,15.00936508178711,1.2092736959457397,1.5442261695861816,0.05997152253985405,0.07177892327308655,536.7020263671875,124.10490417480469,0.21740518510341644,0.2646108567714691,0.018490830436348915,0.04445858299732208,22.743331909179688,0.19527816772460938,-3.1495964527130127,0.27432820200920105,0.6936923265457153,0.07828289270401001,0.09871712327003479,9.855488777160645,513.3170166015625,0.5546391606330872,0.727450966835022,0.3043794333934784,0.19871562719345093,8.767226219177246,0.13500423729419708,13.607068061828613,1.2746565341949463,2.0573067665100098,0.11513562500476837,0.12525826692581177,1.933688998222351,360.4662780761719,0.7799948453903198,0.9034619331359863,0.48269662261009216,0.38657352328300476,22.496456146240234,0.14952373504638672,17.072978973388672,1.5194114446640015,2.2429068088531494,0.13964930176734924,0.13964930176734924,0.2101426124572754,428.8237609863281,0.3945991098880768,0.7254902124404907,0.09162365645170212,0.1045055240392685,26.089937210083008,0.153214693069458,20.410171508789062,1.8317960500717163,2.3503262996673584
2019,1,39.26441812567133,75.75371471073062,5649.3013,1345.0,1.5146780014038086,127.74822235107422,29.037538528442383,24.54669761657715,1.3953970670700073,7.900000095367432,12.80630874633789,0.0950293317437172,0.0950293317437172,5.007361888885498,248.856201171875,0.1410963088274002,0.1410963088274002,0.0792730301618576,0.038702819496393204,12.465300559997559,0.2113044410943985,11.611848831176758,0.9064502716064453,1.192619800567627,0.05315738171339035,0.0668443813920021,784.552978515625,61.39535903930664,0.11559552699327469,0.12165985256433487,-0.034946102648973465,0.02452702820301056,32.19877624511719,0.21090182662010193,-5.520287036895752,0.2327156960964203,0.5366143584251404,0.07162345200777054,0.09223611652851105,27.245267868041992,397.1153564453125,0.4021259844303131,0.5855371952056885,0.12269044667482376,0.1087348610162735,14.911446571350098,0.14464831352233887,9.996489524841309,0.9756684303283691,1.6330326795578003,0.10602119565010071,0.11349648982286453,5.345638275146484,286.8971862792969,0.8421832323074341,0.8476954102516174,0.47518211603164673,0.3517088294029236,30.989267349243164,0.15943437814712524,13.40721607208252,1.161604881286621,1.7460510730743408,0.12108621746301651,0.12108621746301651,0.5809343457221985,349.5909729003906,0.5285006165504456,0.7023419737815857,0.17504169046878815,0.13038110733032227,40.65766906738281,0.16587607562541962,16.619525909423828,1.407110333442688,1.834875226020813
2019,1,37.565522919813716,77.45746141853438,5673.133,1714.0,2.192122220993042,212.2432403564453,32.17763137817383,23.915393829345703,1.3698772192001343,7.687305927276611,14.112852096557617,0.08015404641628265,0.08015404641628265,0.0,296.8267822265625,0.4370597004890442,0.4370597302913666,0.04174065962433815,0.1025342047214508,5.993806838989258,0.10204695910215378,14.13460922241211,1.0734671354293823,1.336434006690979,0.05145123228430748,0.056728679686784744,530.1923217773438,55.2608757019043,0.23839083313941956,0.41262364387512207,-0.003599982475861907,0.06761649996042252,21.3754825592041,0.15282879769802094,-3.6254310607910156,0.25791823863983154,0.6236396431922913,0.07223052531480789,0.08212924003601074,0.7223767042160034,498.2344665527344,0.4400188624858856,0.5854943990707397,0.10889292508363724,0.13442575931549072,5.373520374298096,0.057658322155475616,13.446272850036621,1.2221521139144897,2.0081899166107178,0.09191285818815231,0.09941106289625168,0.0,339.0083923339844,0.7544332146644592,0.8099173307418823,0.41133981943130493,0.2948324978351593,11.584433555603027,0.07281444221735,16.14325714111328,1.280070424079895,1.874925971031189,0.10344361513853073,0.10344361513853073,0.0,386.177978515625,0.7275922894477844,0.8017135858535767,0.3464201092720032,0.21217741072177887,29.98457145690918,0.0943692997097969,18.389427185058594,1.3054596185684204,1.8363327980041504
2019,1,41.44462869923789,79.4080639606569,5713.438,1358.0,1.5459779500961304,53.14496994018555,27.01485824584961,19.837787628173828,1.386123776435852,8.100000381469727,17.941877365112305,0.07891464978456497,0.07891464978456497,0.2646036148071289,160.20535278320312,0.1230967789888382,0.1230967789888382,0.11508777737617493,0.03194615989923477,12.07322883605957,0.19105155766010284,7.616225719451904,0.5444271564483643,0.704487144947052,0.038251642137765884,0.05543171241879463,1405.166015625,3.477648973464966,0.24345412850379944,0.3035624623298645,0.010326488874852657,0.05910336971282959,37.7078857421875,0.2670840919017792,-10.699911117553711,0.12838341295719147,0.24466854333877563,0.05118176341056824,0.06509245932102203,25.168365478515625,177.54322814941406,0.35001304745674133,0.5919579863548279,0.008174393326044083,0.09065338224172592,31.270681381225586,0.15794897079467773,4.118239402770996,0.462965190410614,0.8501453399658203,0.08629677444696426,0.0967499390244484,3.467158555984497,151.23683166503906,0.7346988320350647,0.7475388050079346,0.34658336639404297,0.285346120595932,26.515235900878906,0.17876170575618744,7.036651134490967,0.6176260113716125,1.0645087957382202,0.10487496852874756,0.10487496852874756,0.0,243.66128540039062,0.7671991586685181,0.8113207817077637,0.3444978594779968,0.3143393099308014,38.277381896972656,0.1748819351196289,11.602917671203613,0.7168304920196533,0.9955234527587891
2019,1,41.38318228672141,79.43528231348714,5763.202,1320.0,3.7169289588928223,318.3780822753906,23.053956985473633,21.65982437133789,1.4102845191955566,7.900000095367432,18.33586883544922,0.08267588913440704,0.08267588913440704,0.17419715225696564,174.12411499023438,0.12713809311389923,0.12713809311389923,0.10954926162958145,0.03341275826096535,11.298518180847168,0.183550164103508,8.283329010009766,0.5855243802070618,0.7614878416061401,0.04074786975979805,0.057624589651823044,1329.6156005859375,7.573253154754639,0.23925237357616425,0.32088521122932434,-0.06257957965135574,0.043971240520477295,36.27546691894531,0.2588821053504944,-10.091926574707031,0.136712446808815,0.2734788954257965,0.05323159694671631,0.06779144704341888,20.426786422729492,202.7583770751953,0.1955135464668274,0.37465980648994446,-0.04042363166809082,0.05031702294945717,29.671361923217773,0.14994318783283234,4.927880764007568,0.5089998841285706,0.916737973690033,0.08895792812108994,0.09952627122402191,2.2827553749084473,167.1313934326172,0.7666282653808594,0.797082245349884,0.32794424891471863,0.28076082468032837,25.796964645385742,0.17150773108005524,7.849935054779053,0.6718449592590332,1.1435128450393677,0.10808810591697693,0.10808810591697693,0.0,259.1329040527344,0.8842275142669678,0.9341121315956116,0.46629318594932556,0.38662898540496826,37.917381286621094,0.1677541434764862,12.339661598205566,0.7700446248054504,1.0785934925079346
2019,1,38.848856662096495,76.0210556552889,5764.9844,1450.0,1.5091297626495361,52.08843231201172,36.18982696533203,23.426105499267578,1.3600000143051147,7.699999809265137,12.377408027648926,0.08287376910448074,0.08287376910448074,8.886338233947754,201.31903076171875,0.12470901757478714,0.12470901757478714,0.08437108248472214,0.034632936120033264,14.721427917480469,0.2252967357635498,9.163461685180664,0.7603388428688049,1.0140531063079834,0.050180260092020035,0.07191295176744461,1027.963623046875,47.70472717285156,0.17133021354675293,0.32183098793029785,-0.06858312338590622,0.037353213876485825,33.00508499145508,0.22523997724056244,-7.482892036437988,0.19690491259098053,0.45775890350341797,0.06013773754239082,0.074846550822258,48.35094451904297,325.9102478027344,0.3112054467201233,0.6629647612571716,0.004318543244153261,0.0767725259065628,19.036836624145508,0.15343330800533295,7.501602649688721,0.8358578681945801,1.4246755838394165,0.0859314352273941,0.09372320026159286,9.486661911010742,230.50018310546875,0.7472332715988159,0.8790719509124756,0.3745429217815399,0.2970990836620331,41.4093017578125,0.18684813380241394,10.524453163146973,0.9360741376876831,1.4170359373092651,0.10486661642789841,0.10486661642789841,1.030957818031311,285.6441650390625,0.6664509177207947,0.7947123050689697,0.33097147941589355,0.23901864886283875,55.82999038696289,0.20350414514541626,13.553009986877441,1.1036211252212524,1.4611077308654785
2019,1,41.26783871977192,79.25875988008437,5766.066,1376.0,0.0,-0.0,27.051864624023438,23.300331115722656,1.364648461341858,7.914808750152588,18.53476905822754,0.08378042280673981,0.08378042280673981,0.5637091398239136,169.3051300048828,0.1270006000995636,0.1270006000995636,0.09958923608064651,0.03416318818926811,11.062353134155273,0.18809375166893005,8.035305976867676,0.5894895792007446,0.7721378803253174,0.04055015742778778,0.05655641481280327,1351.47265625,12.33532428741455,0.17079399526119232,0.33353546261787415,-0.08306480944156647,0.04220293089747429,34.7983512878418,0.24240504205226898,-10.22242259979248,0.13709737360477448,0.30010998249053955,0.050535328686237335,0.06354764103889465,35.22264099121094,212.56076049804688,0.2669312059879303,0.43259772658348083,-0.02729060873389244,0.0633440688252449,29.966672897338867,0.14971913397312164,4.792922019958496,0.5283743143081665,0.9293385744094849,0.08317831158638,0.09346624463796616,7.385390281677246,167.20596313476562,0.8227253556251526,0.8560180068016052,0.39750850200653076,0.35121336579322815,26.794431686401367,0.17782782018184662,7.610503673553467,0.6809406280517578,1.1584817171096802,0.10510319471359253,0.10510319471359253,0.0,253.08322143554688,0.766618549823761,0.8017342686653137,0.3376403748989105,0.3084055781364441,41.41442108154297,0.18169234693050385,12.051582336425781,0.7706611156463623,1.1049697399139404
2019,1,44.45137824407118,85.30406573756518,5766.735,427.0,1.2990604639053345,270.0,33.2874755859375,23.891849517822266,1.3200000524520874,8.300000190734863,15.890721321105957,0.16389884054660797,0.16389884054660797,0.8077512383460999,353.18890380859375,0.08327367901802063,0.08391234278678894,-0.11902692168951035,0.01701742596924305,12.83228588104248,0.08184648305177689,16.780054092407227,1.2336828708648682,1.7580984830856323,0.0031732358038425446,0.0591667965054512,1466.6378173828125,48.20878219604492,0.02306467853486538,0.12132124602794647,0.6834375858306885,0.012612308375537395,30.495067596435547,0.13863803446292877,-10.827702522277832,0.0935443639755249,0.3542708456516266,0.0863393098115921,0.10655632615089417,6.902594566345215,506.04779052734375,0.7002551555633545,0.9022047519683838,0.3572898507118225,0.25185665488243103,43.40507888793945,0.09823164343833923,13.490410804748535,0.9172025322914124,1.8099147081375122,0.15095840394496918,0.1743653565645218,1.9751511812210083,374.6417236328125,0.8224978446960449,0.8978845477104187,0.5248119235038757,0.5016119480133057,34.624755859375,0.12588907778263092,17.74602699279785,1.4067357778549194,2.435880661010742,0.2598471939563751,0.2598471939563751,0.05713490769267082,517.636474609375,0.9338115453720093,0.9651647210121155,0.5568565130233765,0.4762731194496155,13.183103561401367,0.06866832077503204,24.64663314819336,2.022207498550415,2.856300115585327
2019,1,41.57506632325328,82.70964034894193,5826.097,1022.0,2.230041980743408,213.75772094726562,30.318944931030273,20.537851333618164,1.399999976158142,8.044198036193848,14.476316452026367,0.11999308317899704,0.11999308317899704,0.0742148905992508,345.5982971191406,0.7526088356971741,0.7526088356971741,0.3219428062438965,0.2591232359409332,1.8682680130004883,0.11237592995166779,16.453527450561523,1.3574527502059937,1.7096441984176636,0.05693574994802475,0.07809514552354813,625.397705078125,80.81427764892578,0.1982492357492447,0.23799581825733185,-0.059285085648298264,0.04282853752374649,18.32069206237793,0.1914076954126358,-4.157125473022461,0.2450883537530899,0.6536270380020142,0.06285237520933151,0.08050765842199326,2.5292649269104004,529.47412109375,0.08473677188158035,0.12378360331058502,0.026540391147136688,0.02633359096944332,10.214348793029785,0.11564453691244125,14.241752624511719,1.216346263885498,1.907791018486023,0.1021992638707161,0.11218955367803574,0.5537295341491699,359.4008483886719,0.5999090671539307,0.7668968439102173,0.3284505605697632,0.2580404281616211,22.411060333251953,0.1679057627916336,17.08795928955078,1.4719653129577637,2.397014856338501,0.1273159235715866,0.1273159235715866,0.0,462.2364501953125,0.17760880291461945,0.17760880291461945,0.09306701272726059,0.0516308955848217,19.969064712524414,0.12918853759765625,22.011259078979492,1.7966676950454712,2.4558451175689697
2019,1,39.454143957293354,76.54683717870282,5957.772,1222.0,4.411152362823486,147.0746612548828,27.11693000793457,24.585407257080078,1.3813896179199219,6.5,14.159024238586426,0.13835766911506653,0.13835766911506653,0.0,388.5764465332031,0.19115188717842102,0.19115188717842102,0.08486279100179672,0.056300897151231766,2.9686996936798096,0.15588997304439545,18.50364112854004,1.571102261543274,1.9653559923171997,0.06920250505208969,0.07759735733270645,323.7139587402344,208.11082458496094,0.18912258744239807,0.26140296459198,0.02029648795723915,0.0511571429669857,11.809675216674805,0.18488143384456635,-0.8824666142463684,0.31970760226249695,0.8904656767845154,0.0883784368634224,0.10929995030164719,0.0,637.1575317382812,0.5664846897125244,0.8162986040115356,0.2652395963668823,0.19531220197677612,2.1812551021575928,0.13946878910064697,17.220474243164062,1.616371512413025,2.5248706340789795,0.12944519519805908,0.1429683268070221,0.0,438.0701599121094,0.7220325469970703,0.8651509284973145,0.44076624512672424,0.30953535437583923,12.312203407287598,0.14658968150615692,20.860485076904297,1.954837679862976,2.856260061264038,0.16576699912548065,0.16576699912548065,0.0,511.5863037109375,0.2352096289396286,0.4813537299633026,0.06634959578514099,0.07907698303461075,9.95521068572998,0.1485540270805359,24.361251831054688,2.3463540077209473,2.9866552352905273
2019,1,39.21267471704715,76.01081310016914,6075.9873,1291.0,1.5139812231063843,127.7686538696289,28.237491607666016,25.592710494995117,1.4081811904907227,7.599999904632568,12.341313362121582,0.10208086669445038,0.10208086669445038,4.003988742828369,275.8582763671875,0.14870229363441467,0.14870229363441467,0.08174218982458115,0.04176615923643112,10.436176300048828,0.19808076322078705,12.945441246032715,1.0376464128494263,1.343349814414978,0.05611659586429596,0.07044493407011032,698.4235229492188,91.42912292480469,0.17000338435173035,0.19526226818561554,-0.02993684634566307,0.033107202500104904,27.357378005981445,0.2049354612827301,-4.633544921875,0.2478027194738388,0.6037408113479614,0.0727851539850235,0.0921134501695633,21.785873413085938,445.0347900390625,0.5491432547569275,0.7560241222381592,0.21764034032821655,0.1523386687040329,12.454240798950195,0.14043885469436646,11.439160346984863,1.1066348552703857,1.8173651695251465,0.10672949999570847,0.1156516894698143,4.274481296539307,315.02825927734375,0.8111514449119568,0.9170370101928711,0.5050594806671143,0.348396897315979,28.553348541259766,0.15903829038143158,14.797798156738281,1.3057949542999268,1.9429584741592407,0.12751157581806183,0.12751157581806183,0.4645269811153412,379.2810363769531,0.4174649715423584,0.5760272145271301,0.15124645829200745,0.10412296652793884,35.91048049926758,0.16597899794578552,18.038881301879883,1.5710818767547607,2.032548189163208
2019,1,39.81229895390611,76.17682097328789,6194.157,1411.0,0.9274099469184875,-0.0,32.77851867675781,24.6215763092041,1.3700000047683716,7.699999809265137,15.193572998046875,0.11022647470235825,0.11022647470235825,1.1855037212371826,254.88558959960938,0.15958477556705475,0.15958477556705475,0.05487702786922455,0.043626319617033005,10.597293853759766,0.22091174125671387,12.08095645904541,1.0311894416809082,1.309718370437622,0.055264122784137726,0.0654052197933197,920.5921020507812,107.83052825927734,0.23680679500102997,0.40847983956336975,-0.011180018074810505,0.06375238299369812,31.5504093170166,0.22827096283435822,-6.204286575317383,0.22543218731880188,0.6000811457633972,0.07582338899374008,0.09242117404937744,37.605674743652344,400.99835205078125,0.2396640032529831,0.40761634707450867,-0.006465323735028505,0.06446375697851181,23.692893981933594,0.19903114438056946,9.821423530578613,1.0363980531692505,1.6952513456344604,0.11258398741483688,0.124290332198143,8.653468132019043,285.1307678222656,0.5700979232788086,0.6194291710853577,0.23443228006362915,0.19217999279499054,32.3206787109375,0.21495172381401062,13.165586471557617,1.2536416053771973,1.8877993822097778,0.1406019628047943,0.1406019628047943,0.0,353.3963928222656,0.5880804657936096,0.616754949092865,0.2292548567056656,0.20517797768115997,29.469676971435547,0.2122000753879547,16.828399658203125,1.5269562005996704,1.978018879890442
2019,1,41.34330008689938,80.11494741425547,6216.2725,1171.0,2.637272357940674,249.42474365234375,29.115135192871094,21.946739196777344,1.409999966621399,7.889924049377441,18.287866592407227,0.11095033586025238,0.11095033586025238,0.0,181.46749877929688,0.16143587231636047,0.16143587231636047,0.07835491001605988,0.04447505250573158,8.858837127685547,0.19452857971191406,8.64130973815918,0.61478590965271,0.8001502156257629,0.05411437153816223,0.07452961057424545,1203.130859375,16.626806259155273,0.1267799586057663,0.1931275874376297,-0.07307960093021393,0.028536051511764526,36.128517150878906,0.27308839559555054,-9.057282447814941,0.15603169798851013,0.31196129322052,0.06689389795064926,0.08991890400648117,11.621025085449219,224.81053161621094,0.1790529191493988,0.2508952021598816,-0.018441494554281235,0.045378752052783966,35.22665023803711,0.1806100606918335,5.761878967285156,0.569887638092041,0.9621453881263733,0.11720801889896393,0.1296021044254303,2.642987237777561E-4,181.59690856933594,0.7935760021209717,0.8134645223617554,0.36399975419044495,0.3289110064506531,25.292409896850586,0.2006494551897049,8.647459030151367,0.7348791360855103,1.164876103401184,0.14519411325454712,0.14519411325454712,0.0,272.3029479980469,0.7314814925193787,0.7408007383346558,0.31343284249305725,0.2735740840435028,43.671104431152344,0.1942591369152069,12.96680736541748,0.8210898637771606,1.1630600690841675
2019,1,43.58630372150057,82.14774456609616,6268.856,743.0,3.15897536277771,234.0828399658203,24.19476318359375,19.022123336791992,1.3653106689453125,8.183876991271973,26.40516471862793,0.18836474418640137,0.18836474418640137,0.0,194.89859008789062,0.7016434669494629,0.7016434669494629,0.11170761287212372,0.18888242542743683,48.790950775146484,0.3377262353897095,9.280885696411133,0.4707050919532776,0.7327718138694763,0.009029654785990715,0.07106143236160278,1133.1693115234375,3.634880542755127,0.021290691569447517,0.12785623967647552,0.7595304846763611,0.01197787094861269,92.2908706665039,0.3393109142780304,-8.622400283813477,0.12569695711135864,0.29614993929862976,0.1786087602376938,0.23780569434165955,3.6822385787963867,192.6632080078125,0.27501076459884644,0.47358888387680054,-0.16290880739688873,0.05724700912833214,125.82633972167969,0.37199047207832336,5.107594013214111,0.2981942594051361,0.6189490556716919,0.2973555624485016,0.3155747056007385,0.0,180.5484161376953,0.6641949415206909,0.7543760538101196,0.2631155848503113,0.20869006216526031,57.96608352661133,0.362589567899704,8.597543716430664,0.45865675806999207,0.755851686000824,0.38279426097869873,0.38279426097869873,0.0,261.7600402832031,0.893774688243866,0.8963414430618286,0.4164178967475891,0.3425838351249695,112.80387115478516,0.37285396456718445,12.464763641357422,0.46809929609298706,0.7169213891029358
2019,1,41.87959171149627,84.10077285919176,6339.9976,1076.0,0.9274099469184875,180.0,36.06476593017578,21.44503402709961,1.4287222623825073,8.086813926696777,16.33837127685547,0.11792311817407608,0.11792311817407608,0.45074719190597534,281.81268310546875,0.3730742335319519,0.42702701687812805,0.04195062816143036,0.07767635583877563,8.32367992401123,0.12219686806201935,13.398187637329102,1.1853742599487305,1.540816068649292,0.04357533156871796,0.0589742474257946,988.5382080078125,84.7732925415039,0.16099320352077484,0.38940539956092834,-0.027034619823098183,0.04878538101911545,22.722768783569336,0.1694839894771576,-6.898968696594238,0.20636944472789764,0.5968246459960938,0.05805603787302971,0.07781951129436493,14.453104972839355,415.0987548828125,0.3567383289337158,0.3954952657222748,0.06735468655824661,0.09973958879709244,26.22651481628418,0.1373651623725891,10.82826042175293,1.0316935777664185,1.6030924320220947,0.10542577505111694,0.12335594743490219,3.245842695236206,283.8118591308594,0.7256780862808228,0.7465590834617615,0.359876424074173,0.251332551240921,28.55499839782715,0.18421433866024017,13.360286712646484,1.208432674407959,2.0804331302642822,0.14699943363666534,0.14699943363666534,0.0,394.7486572265625,0.21497341990470886,0.21497341990470886,0.1353399157524109,0.06283074617385864,38.9752197265625,0.14846214652061462,18.797555923461914,1.5979441404342651,2.2265055179595947
2019,1,41.87986371666054,84.14927896045114,6348.9727,1050.0,1.5526964664459229,126.66932678222656,34.61055374145508,21.090538024902344,1.3981494903564453,8.19117546081543,11.859991073608398,0.11559483408927917,0.11559483408927917,0.4262712597846985,282.61102294921875,0.6827651262283325,0.7313295006752014,0.3082970380783081,0.2414528727531433,8.32394790649414,0.12194165587425232,13.437369346618652,1.1888458728790283,1.5465675592422485,0.043249767273664474,0.058187954127788544,988.4846801757812,85.55520629882812,0.18114346265792847,0.30864912271499634,-0.01574777252972126,0.04687398672103882,22.613872528076172,0.16933013498783112,-6.89259147644043,0.20670382678508759,0.5993092656135559,0.05706735700368881,0.07694659382104874,14.287549018859863,416.39874267578125,0.2995455265045166,0.6771616339683533,0.027980519458651543,0.07427806407213211,26.09857177734375,0.137261301279068,10.86786937713623,1.0350348949432373,1.6096783876419067,0.10388223081827164,0.12183929979801178,3.0631704330444336,284.7017517089844,0.842949390411377,0.8632446527481079,0.4218442142009735,0.3636077046394348,28.675987243652344,0.18424637615680695,13.411360740661621,1.2121272087097168,2.0890371799468994,0.14518968760967255,0.14518968760967255,0.0,396.0154724121094,0.6618911027908325,0.6838154196739197,0.3120119273662567,0.23849616944789886,38.78221893310547,0.14818313717842102,18.857879638671875,1.6063778400421143,2.2348132133483887
2019,1,38.686081637241514,76.44254326416377,6401.182,1325.0,1.188034176826477,90.0,28.285512924194336,26.70871353149414,1.4045919179916382,7.4131598472595215,14.01248550415039,0.07803396135568619,0.07803396135568619,1.335126280784607,259.642578125,0.11820174008607864,0.11820174008607864,0.0863511711359024,0.033006053417921066,10.71142864227295,0.17035336792469025,12.300355911254883,0.894897997379303,1.1822906732559204,0.0489836111664772,0.07387109845876694,674.75732421875,44.78187561035156,0.3012083172798157,0.597433865070343,0.09051194787025452,0.0798342153429985,28.342206954956055,0.17648251354694366,-4.8089728355407715,0.22743692994117737,0.502309262752533,0.05561504513025284,0.06801635771989822,7.26447868347168,420.8412780761719,0.527307391166687,0.7786648869514465,0.2633655369281769,0.1688438206911087,14.458720207214355,0.08321861177682877,11.177751541137695,1.0121703147888184,1.7097464799880981,0.07803288102149963,0.08593571186065674,1.4253218173980713,292.0834655761719,0.8350599408149719,0.8850625157356262,0.4713355004787445,0.36797770857810974,37.6047248840332,0.13907881081104279,13.840864181518555,1.062204122543335,1.576508641242981,0.09843603521585464,0.09843603521585464,0.154896080493927,353.88421630859375,0.6614420413970947,0.7132216095924377,0.33138877153396606,0.2358267903327942,46.3839111328125,0.14999687671661377,16.844253540039062,1.243545413017273,1.6092449426651
2019,1,39.160124211132285,75.68634215291411,6419.705,1456.0,0.9274099469184875,180.0,40.97453308105469,23.575037002563477,1.3968291282653809,7.763682842254639,12.868975639343262,0.08859043568372726,0.08859043568372726,7.877622127532959,212.77391052246094,0.13316760957241058,0.13316760957241058,0.07982685416936874,0.03626912832260132,14.653426170349121,0.2294614464044571,9.756965637207031,0.7828562259674072,1.0448397397994995,0.051092956215143204,0.06694179028272629,956.4793090820312,45.010860443115234,0.2353760302066803,0.4621463119983673,0.009101231582462788,0.0514521598815918,35.079830169677734,0.225410595536232,-6.9577741622924805,0.20955070853233337,0.47541579604148865,0.06771557033061981,0.08706380426883698,42.86248016357422,339.0115966796875,0.5879497528076172,0.7183908224105835,0.2601158320903778,0.18464064598083496,18.018325805664062,0.1595696210861206,8.004030227661133,0.8483983874320984,1.4444535970687866,0.09970949590206146,0.10670743882656097,8.409801483154297,246.73574829101562,0.8908473253250122,0.9034572839736938,0.5428868532180786,0.39544326066970825,36.22233581542969,0.17625564336776733,11.348854064941406,1.005729079246521,1.5275222063064575,0.11367489397525787,0.11367489397525787,0.9139306545257568,305.15777587890625,0.47934919595718384,0.5648009777069092,0.09309495985507965,0.08498861640691757,49.316593170166016,0.18697066605091095,14.487801551818848,1.213578462600708,1.6017069816589355
2019,1,39.334488439625176,75.50335402298384,6520.892,1437.0,5.153791427612305,224.11790466308594,36.38807678222656,22.900243759155273,1.4144132137298584,7.778695106506348,15.08937931060791,0.08743699640035629,0.08743699640035629,4.69692325592041,231.1175994873047,0.1330001950263977,0.1330001950263977,0.07634842395782471,0.035370104014873505,13.965986251831055,0.21692851185798645,10.781937599182129,0.7911877632141113,1.0631122589111328,0.049910806119441986,0.06264697015285492,808.7785034179688,28.374691009521484,0.15527662634849548,0.2843905985355377,-0.024342354387044907,0.038586243987083435,36.89058303833008,0.2092415988445282,-5.957281112670898,0.22329865396022797,0.4744361937046051,0.07064238935709,0.09286883473396301,25.55615997314453,363.2498474121094,0.5050071477890015,0.7540842890739441,0.21151632070541382,0.13307444751262665,16.649658203125,0.1383492797613144,9.126855850219727,0.8662338256835938,1.4854038953781128,0.10579527914524078,0.11163276433944702,5.014227867126465,269.1277160644531,0.8190255165100098,0.8301886916160583,0.4716723561286926,0.34627172350883484,32.27578353881836,0.15053188800811768,12.576831817626953,1.0373237133026123,1.5762696266174316,0.11431439220905304,0.11431439220905304,0.5449184775352478,331.6917419433594,0.34088459610939026,0.6108347177505493,0.14456723630428314,0.0847439095377922,43.30878829956055,0.1546948254108429,15.76889705657959,1.2693063020706177,1.6664199829101562
2019,1,41.22364456923122,80.26801943521815,6579.0933,1132.0,0.9274099469184875,180.0,30.28647232055664,19.66149139404297,1.4265979528427124,7.786229610443115,14.39228630065918,0.11827444285154343,0.11827444285154343,0.0,205.0703887939453,0.16938933730125427,0.16938933730125427,0.06768523901700974,0.04742423817515373,7.4020161628723145,0.19366896152496338,9.765256881713867,0.6996351480484009,0.9065849184989929,0.056820254772901535,0.07678540050983429,1087.2054443359375,31.8892822265625,0.20054017007350922,0.3849557638168335,-0.014881511218845844,0.0537160225212574,32.42285919189453,0.2650027573108673,-8.055849075317383,0.1718985140323639,0.3723837733268738,0.06830082088708878,0.09173943102359772,9.792649269104004,274.0395202636719,0.24254345893859863,0.3007570505142212,0.016386356204748154,0.06910207867622375,32.505496978759766,0.18345001339912415,7.141807556152344,0.6709657907485962,1.107943058013916,0.1200820580124855,0.13343580067157745,1.366698124911636E-4,211.8579864501953,0.7887517213821411,0.7977254390716553,0.36126598715782166,0.3530732989311218,22.824939727783203,0.2032977193593979,10.088468551635742,0.8643389940261841,1.3270115852355957,0.15174154937267303,0.15174154937267303,0.0,300.225341796875,0.8082890510559082,0.8251318335533142,0.3394339084625244,0.33216217160224915,41.21000671386719,0.19741636514663696,14.2964448928833,0.9499524831771851,1.351232886314392
2019,1,43.53375321558571,82.34366408908141,6584.1387,788.0,1.5797865390777588,234.0591278076172,20.89950180053711,19.100000381469727,1.3737761974334717,8.006885528564453,25.149595260620117,0.19051410257816315,0.19051410257816315,0.0,186.6868438720703,0.1390320360660553,0.14158305525779724,0.013173089362680912,0.04277205839753151,49.37666320800781,0.3387818932533264,8.889849662780762,0.4462588131427765,0.704002320766449,0.008950827643275261,0.07199684530496597,1138.010498046875,1.8531010150909424,0.18830519914627075,0.198478564620018,-0.129665806889534,0.0328865610063076,94.89940643310547,0.34107890725135803,-8.672956466674805,0.1240067407488823,0.29030466079711914,0.18212971091270447,0.2432132363319397,3.7955329418182373,182.18109130859375,0.26978370547294617,0.5498698949813843,-0.023522518575191498,0.07803274691104889,124.0133285522461,0.36960726976394653,4.821231365203857,0.2829045355319977,0.571628749370575,0.3031887710094452,0.3213658630847931,0.0,172.45657348632812,0.7561670541763306,0.8371454477310181,0.3544371724128723,0.3169805705547333,54.65022277832031,0.3621066212654114,8.212218284606934,0.428510844707489,0.7267639636993408,0.3892423212528229,0.3892423212528229,0.0,253.471923828125,0.7249631285667419,0.814740002155304,0.3566940426826477,0.2428329735994339,107.28271484375,0.3733566701412201,12.070091247558594,0.42741721868515015,0.64628005027771
2019,1,39.45845590801203,76.15283546872139,6586.0527,1261.0,4.411235332489014,327.072998046875,28.809499740600586,23.753124237060547,1.375959038734436,7.651989936828613,12.962685585021973,0.1219702959060669,0.1219702959060669,0.40978240966796875,345.10223388671875,0.172697976231575,0.172697976231575,0.08144700527191162,0.04946693405508995,6.165572166442871,0.17364007234573364,16.413925170898438,1.3263537883758545,1.6815717220306396,0.06281492114067078,0.0718502402305603,426.54833984375,146.31585693359375,0.20925596356391907,0.2690008580684662,-0.026238204911351204,0.03635904937982559,20.05278778076172,0.19037875533103943,-2.139179229736328,0.2935134172439575,0.7568953037261963,0.08342139422893524,0.10542701929807663,2.2296435832977295,559.0757446289062,0.26830828189849854,0.40620383620262146,0.010865016840398312,0.05988240987062454,6.228200435638428,0.1347133070230484,15.049895286560059,1.3862038850784302,2.2157111167907715,0.12337075918912888,0.13419276475906372,0.4374656081199646,392.150390625,0.5800766944885254,0.643750011920929,0.2905072271823883,0.17731329798698425,17.64287567138672,0.14300130307674408,18.652996063232422,1.6731268167495728,2.4613585472106934,0.1496264785528183,0.1496264785528183,0.047541338950395584,463.61505126953125,0.5433741211891174,0.5870006680488586,0.18102218210697174,0.1918676346540451,18.634029388427734,0.1437247097492218,22.074644088745117,2.023808479309082,2.5861918926239014
2019,1,43.836392404083085,80.81482562009906,6665.2534,565.0,3.062288284301758,335.1976013183594,36.52770233154297,18.640811920166016,1.4193809032440186,8.0,40.95845413208008,0.16888627409934998,0.16888627409934998,1.8581953048706055,167.600341796875,0.3561208248138428,0.3561208248138428,0.028950534760951996,0.060754213482141495,41.174922943115234,0.32872653007507324,7.892483234405518,0.47318804264068604,0.7608689665794373,0.011396575719118118,0.06375318020582199,1307.5157470703125,0.6537836790084839,0.3830065131187439,0.49485713243484497,-0.03029651939868927,0.05629315972328186,102.77399444580078,0.3333992063999176,-9.976045608520508,0.12448855489492416,0.30384811758995056,0.1535545438528061,0.19393621385097504,22.75584602355957,145.51031494140625,0.5511969923973083,0.772395670413971,0.1004706472158432,0.1482168734073639,103.64163970947266,0.3848033547401428,3.317688226699829,0.26791682839393616,0.5889855027198792,0.24329251050949097,0.2619071900844574,5.095722198486328,145.3121337890625,0.8453805446624756,0.8907867670059204,0.4525938928127289,0.31894028186798096,55.9378776550293,0.37245163321495056,6.676971912384033,0.4234411418437958,0.697020947933197,0.31778496503829956,0.31778496503829956,0.0,218.44313049316406,0.8045212626457214,0.8598077893257141,0.36176618933677673,0.21834707260131836,115.43976593017578,0.38482123613357544,10.402053833007812,0.39962801337242126,0.678592324256897
2019,1,41.30637873017686,80.33889684646267,6770.435,1211.0,3.8128011226654053,104.0576400756836,27.907878875732422,23.12826919555664,1.399999976158142,7.900078773498535,17.643274307250977,0.12014518678188324,0.12014518678188324,0.0,186.6339874267578,0.17237557470798492,0.17237557470798492,0.06728764623403549,0.048116281628608704,7.926669597625732,0.20001119375228882,8.887332916259766,0.6381597518920898,0.828474760055542,0.05794350057840347,0.07925675064325333,1154.610595703125,23.166589736938477,0.2396286427974701,0.43908044695854187,-0.012788986787199974,0.07164692878723145,35.237308502197266,0.2762259840965271,-8.636977195739746,0.164059579372406,0.3348880112171173,0.07039415836334229,0.09563731402158737,10.81931209564209,239.72096252441406,0.23291440308094025,0.2808716595172882,-0.02078155428171158,0.06948806345462799,36.40713882446289,0.19277223944664001,6.186531066894531,0.6067456007003784,1.002564787864685,0.12493233382701874,0.13810771703720093,1.0578749788692221E-4,190.590087890625,0.7403847575187683,0.7588271498680115,0.2895044982433319,0.31583523750305176,24.608816146850586,0.21240514516830444,9.075713157653809,0.7786238789558411,1.200046181678772,0.15658406913280487,0.15658406913280487,0.0,279.980224609375,0.8105120658874512,0.8145343065261841,0.33413606882095337,0.3610016107559204,44.75580978393555,0.20580048859119415,13.332391738891602,0.8611599206924438,1.223919153213501
2019,1,39.20243216192737,76.2002669266269,6776.31,1264.0,0.9274099469184875,-0.0,22.88321876525879,27.766218185424805,1.400325059890747,6.851609230041504,11.776456832885742,0.10816022008657455,0.10816022008657455,2.5434951782226562,303.0331726074219,0.1554809808731079,0.1554809808731079,0.08323899656534195,0.04432537406682968,8.527083396911621,0.18427319824695587,14.30903148651123,1.154921054840088,1.4796931743621826,0.05852434039115906,0.07278738915920258,595.469970703125,114.88489532470703,0.1938929557800293,0.23812732100486755,0.013148005120456219,0.04153959080576897,23.44376564025879,0.19681932032108307,-3.668588161468506,0.26368942856788635,0.6628966927528381,0.07442733645439148,0.09319673478603363,13.839265823364258,491.6910095214844,0.3907066285610199,0.4738084077835083,0.12089018523693085,0.09151674062013626,10.034908294677734,0.13305336236953735,12.914912223815918,1.2252594232559204,1.987163782119751,0.10861484706401825,0.11859456449747086,2.7153232097625732,343.9781494140625,0.691693902015686,0.7945619225502014,0.44269466400146484,0.2931511104106903,25.64044189453125,0.15398938953876495,16.2506103515625,1.4392586946487427,2.1264147758483887,0.13339854776859283,0.13339854776859283,0.2950862944126129,410.381103515625,0.23043376207351685,0.5104631781578064,0.052299413830041885,0.08680915832519531,30.579866409301758,0.1601291000843048,19.52790641784668,1.7267733812332153,2.2199084758758545
2019,1,39.271962924653764,75.81650777176525,6779.2153,1322.0,3.8926186561584473,342.1028747558594,29.717506408691406,26.252660751342773,1.3899999856948853,7.871076583862305,12.80319595336914,0.09775383025407791,0.09775383025407791,4.439133644104004,259.8812255859375,0.14421376585960388,0.14421376585960388,0.07971668988466263,0.039820346981287,11.714807510375977,0.2062535136938095,12.163908958435059,0.9541192650794983,1.2480944395065308,0.05418485403060913,0.06762038171291351,742.962890625,70.9408950805664,0.17259015142917633,0.2620452344417572,-0.0248812735080719,0.04735436290502548,30.704524993896484,0.20799612998962402,-5.129939079284668,0.23939143121242523,0.5610696077346802,0.07258966565132141,0.09314896911382675,24.153514862060547,415.8674621582031,0.35102784633636475,0.530951201915741,0.10783886909484863,0.09736474603414536,13.924732208251953,0.14242497086524963,10.58686351776123,1.0232001543045044,1.7008531093597412,0.1073242798447609,0.11520527303218842,4.739023208618164,298.7826232910156,0.7187463045120239,0.8299825191497803,0.4253411889076233,0.3112245202064514,29.653522491455078,0.15741510689258575,14.002077102661133,1.217564582824707,1.823586106300354,0.12384939193725586,0.12384939193725586,0.5150107741355896,362.41119384765625,0.4799143075942993,0.6568322777748108,0.18177932500839233,0.1326003223657608,38.334556579589844,0.16337750852108002,17.233152389526367,1.4734165668487549,1.9151190519332886
2019,1,38.94318002668003,76.1105275179263,6790.2295,1311.0,1.5103795528411865,307.8746337890625,26.98694610595703,26.9394474029541,1.4199999570846558,7.312600135803223,10.199570655822754,0.0899270698428154,0.0899270698428154,6.179646015167236,237.80685424804688,0.13326498866081238,0.13326498866081238,0.08413363993167877,0.037346646189689636,12.46627426147461,0.20741046965122223,11.029867172241211,0.8913881778717041,1.1698352098464966,0.052525512874126434,0.07225129008293152,860.8316040039062,67.0498046875,0.21607473492622375,0.3459119498729706,-0.025617800652980804,0.05108914151787758,29.746545791625977,0.21162007749080658,-6.059402942657471,0.22015680372714996,0.5232962965965271,0.06404420733451843,0.07981768250465393,33.62371826171875,385.2206115722656,0.24372822046279907,0.6216861605644226,-0.017112573608756065,0.06300932914018631,15.870621681213379,0.14000946283340454,9.502618789672852,0.9696424603462219,1.6212589740753174,0.09210063517093658,0.10052624344825745,6.597116947174072,270.92144775390625,0.8066567778587341,0.8859164118766785,0.3728616535663605,0.3547862470149994,36.22986602783203,0.1717492640018463,12.586874008178711,1.0993465185165405,1.6455509662628174,0.11278212815523148,0.11278212815523148,0.7169381380081177,330.1788330078125,0.8198482990264893,0.8474244475364685,0.37227964401245117,0.35089409351348877,47.22039031982422,0.18453960120677948,15.6886625289917,1.304680347442627,1.7037022113800049
2019,1,41.20505011783835,79.43339611374152,6811.756,1308.0,2.2261457443237305,33.60723876953125,26.867036819458008,21.81915855407715,1.3901631832122803,7.900000095367432,13.071069717407227,0.09162934124469757,0.09162934124469757,0.14315688610076904,202.79835510253906,0.13624010980129242,0.13624010980129242,0.09489238262176514,0.03707814961671829,9.54569149017334,0.16922543942928314,9.650247573852539,0.677972137928009,0.8922644257545471,0.046011824160814285,0.061856742948293686,1174.3187255859375,19.054384231567383,0.18046772480010986,0.2545638978481293,-0.0821494460105896,0.030687810853123665,32.57311248779297,0.23458243906497955,-8.818811416625977,0.155132457613945,0.34787875413894653,0.05644896626472473,0.07187367230653763,16.483797073364258,262.26055908203125,0.1865902543067932,0.23640607297420502,-0.08830776810646057,0.034713126718997955,26.364471435546875,0.13298746943473816,6.64261531829834,0.6181172132492065,1.069032073020935,0.09238015115261078,0.10313446819782257,1.8759735822677612,202.19894409179688,0.7241477966308594,0.7847857475280762,0.32360583543777466,0.2911425232887268,24.568313598632812,0.15862175822257996,9.539189338684082,0.796262264251709,1.3246382474899292,0.11411961168050766,0.11411961168050766,0.0,290.8043518066406,0.7733723521232605,0.7959299087524414,0.35211265087127686,0.2823445200920105,38.339378356933594,0.1578245609998703,13.84782600402832,0.8893968462944031,1.2732118368148804
2019,1,41.2082829661021,79.29325548583384,6842.4224,1395.0,0.9274099469184875,180.0,27.279861450195312,21.731016159057617,1.3706364631652832,7.936726093292236,16.70343780517578,0.08754384517669678,0.08754384517669678,0.44583168625831604,183.98764038085938,0.1311093270778656,0.1311093270778656,0.09387261420488358,0.035598888993263245,10.256668090820312,0.17996512353420258,8.74008560180664,0.631731390953064,0.8302969336509705,0.043196145445108414,0.05893854796886444,1271.325439453125,16.147716522216797,0.1547989547252655,0.25684574246406555,-0.057407546788454056,0.035732660442590714,33.37751388549805,0.23465093970298767,-9.581509590148926,0.14572866261005402,0.32846665382385254,0.0528697706758976,0.06661708652973175,29.353200912475586,238.14964294433594,0.192081481218338,0.271089643239975,-0.05761401355266571,0.041667062789201736,28.26321029663086,0.14118947088718414,5.643146991729736,0.5750490427017212,0.9974567890167236,0.0862760841846466,0.09668336063623428,5.841110706329346,183.6527862548828,0.7516006827354431,0.7783946394920349,0.375080406665802,0.25222495198249817,26.0136661529541,0.16980324685573578,8.467223167419434,0.7361724972724915,1.2391513586044312,0.10853733122348785,0.10853733122348785,0.0,269.4151611328125,0.7626070380210876,0.7767482995986938,0.3572838604450226,0.28254589438438416,40.919960021972656,0.17352305352687836,12.829294204711914,0.8251166939735413,1.189265489578247
2019,1,43.62672547255006,81.96260269035709,6851.3325,714.0,0.0,-0.0,22.57179832458496,20.26462745666504,1.4056715965270996,8.07312297821045,30.76746368408203,0.18672242760658264,0.18672242760658264,0.0,197.92315673828125,0.335319459438324,0.335319459438324,0.13881585001945496,0.0763106420636177,48.762306213378906,0.34103482961654663,9.424912452697754,0.4775769114494324,0.7349039316177368,0.009089887142181396,0.07034667581319809,1137.934814453125,3.83111834526062,0.2864321768283844,0.286432147026062,-0.18837514519691467,0.04399598389863968,91.15741729736328,0.3403531610965729,-8.657279968261719,0.1265142858028412,0.29918718338012695,0.17591840028762817,0.23367376625537872,3.9093501567840576,194.37203979492188,0.36778777837753296,0.44322532415390015,-0.13758623600006104,0.09198372066020966,128.09120178222656,0.37877076864242554,5.147640228271484,0.3005739152431488,0.6394954323768616,0.29289838671684265,0.3111496567726135,0.0,182.7457275390625,0.5838309526443481,0.6438822746276855,0.09211378544569016,0.20130491256713867,61.20072937011719,0.3671490252017975,8.702178001403809,0.4670947194099426,0.7558931708335876,0.37786728143692017,0.37786728143692017,0.0,262.9612731933594,0.7250257730484009,0.728967010974884,0.18807171285152435,0.23669558763504028,119.1303939819336,0.3781904876232147,12.521965980529785,0.47349825501441956,0.7415183186531067
2019,1,38.95719498129102,76.34364040279834,6887.533,1257.0,1.5105639696121216,127.86919403076172,25.083974838256836,27.854820251464844,1.383061408996582,7.30806827545166,13.638782501220703,0.0960632860660553,0.0960632860660553,2.419621467590332,283.8300476074219,0.14026686549186707,0.14026686549186707,0.085188128054142,0.0398707315325737,9.419885635375977,0.17936307191848755,13.400496482849121,1.0522304773330688,1.3610550165176392,0.054852165281772614,0.07406563311815262,644.335693359375,89.52286529541016,0.27510085701942444,0.4079466164112091,0.05169491469860077,0.07389208674430847,24.957901000976562,0.19015872478485107,-4.235212326049805,0.24741147458553314,0.5994886159896851,0.06616433709859848,0.08176968991756439,13.165263175964355,461.37030029296875,0.572323203086853,0.8636738061904907,0.2693789303302765,0.17931732535362244,11.94039249420166,0.11478469520807266,12.113649368286133,1.1409889459609985,1.8758087158203125,0.09492404013872147,0.10427997261285782,2.583080768585205,320.6942443847656,0.8126037120819092,0.8344751000404358,0.5044593214988708,0.35706913471221924,31.084674835205078,0.1512938290834427,15.148150444030762,1.2848061323165894,1.8999674320220947,0.11897506564855576,0.11897506564855576,0.2807149291038513,384.6728210449219,0.3446848392486572,0.5108878016471863,0.09129603952169418,0.08858015388250351,37.789642333984375,0.1603955626487732,18.304386138916016,1.525423288345337,1.9656788110733032
2019,1,39.355776188054335,76.15229591749393,6942.0073,1258.0,1.5159152746200562,127.71200561523438,29.08833885192871,26.89674949645996,1.3895944356918335,7.346464157104492,10.519562721252441,0.11574859917163849,0.11574859917163849,1.4280116558074951,325.2272033691406,0.16502438485622406,0.16502438485622406,0.08201737701892853,0.04711989685893059,7.3211989402771,0.1793961077928543,15.4190092086792,1.244723916053772,1.585623025894165,0.060828130692243576,0.0719868391752243,505.7592468261719,131.1575164794922,0.23640452325344086,0.43315184116363525,0.030332565307617188,0.059629812836647034,21.83306884765625,0.19384531676769257,-2.859555244445801,0.2797768712043762,0.7126798629760742,0.07960961759090424,0.10036288946866989,7.769872665405273,526.9164428710938,0.5378305912017822,0.6875162124633789,0.2305738478899002,0.17408043146133423,8.02227783203125,0.1348305493593216,14.030988693237305,1.3086680173873901,2.105454921722412,0.11720090359449387,0.12757225334644318,1.5244821310043335,369.61810302734375,0.7768675684928894,0.9049594402313232,0.42499610781669617,0.3774750232696533,21.185470581054688,0.14799241721630096,17.52826690673828,1.5645322799682617,2.306633710861206,0.14244578778743744,0.14244578778743744,0.16567228734493256,438.807373046875,0.563029944896698,0.7152795195579529,0.21800416707992554,0.1769479662179947,24.028270721435547,0.15099495649337769,20.8877010345459,1.8873200416564941,2.4183714389801025
2019,1,43.80082215497975,80.90106017537167,6963.787,636.0,0.0,-0.0,34.272254943847656,15.06679630279541,1.3615416288375854,8.062339782714844,36.136505126953125,0.17135176062583923,0.17135176062583923,1.4538179636001587,173.89488220214844,0.37105417251586914,0.37105420231819153,0.03569284453988075,0.12812499701976776,42.2752685546875,0.3320997953414917,8.211479187011719,0.4764696955680847,0.7586073875427246,0.010680513456463814,0.06456401944160461,1274.7237548828125,0.6214632987976074,0.3878406584262848,0.47567567229270935,0.04548326134681702,0.05194378271698952,101.17559051513672,0.33570343255996704,-9.725972175598145,0.1255001425743103,0.3058512508869171,0.15649689733982086,0.19915665686130524,18.80341911315918,153.04971313476562,0.3295009732246399,0.6873207092285156,-0.022348567843437195,0.0939844474196434,108.13284301757812,0.3873969614505768,3.6282782554626465,0.27207139134407043,0.5994175672531128,0.2497435063123703,0.26840999722480774,3.986799716949463,151.84808349609375,0.7196297645568848,0.7805626392364502,0.34398597478866577,0.2586536407470703,58.10360336303711,0.37364110350608826,7.041013717651367,0.4302746057510376,0.7027351260185242,0.3254736065864563,0.3254736065864563,0.0,225.2263641357422,0.6518658399581909,0.7442898154258728,0.2555328607559204,0.1754126101732254,118.21895599365234,0.38682979345321655,10.725065231323242,0.40537595748901367,0.6904366612434387
2019,1,41.23496176770487,79.91794432971423,6975.3726,1181.0,1.2331547737121582,270.0,29.201473236083984,20.2293701171875,1.3983749151229858,7.800000190734863,14.035984992980957,0.10621137171983719,0.10621137171983719,0.0,204.50965881347656,0.15461528301239014,0.15461528301239014,0.0815996304154396,0.042693741619586945,8.416476249694824,0.18160180747509003,9.738555908203125,0.6877906918525696,0.8971656560897827,0.05209099128842354,0.07035700976848602,1123.5263671875,24.977642059326172,0.14243972301483154,0.2748154103755951,-0.0076142288744449615,0.03341635689139366,32.819698333740234,0.25375983119010925,-8.385869026184082,0.16413992643356323,0.3564094007015228,0.06350839138031006,0.08366292715072632,10.363260269165039,266.522216796875,0.17715942859649658,0.5263893008232117,-0.011443526484072208,0.04021048918366432,29.784914016723633,0.16032423079013824,6.923215389251709,0.6424022912979126,1.0856289863586426,0.10869251936674118,0.12089075893163681,3.481635940261185E-4,207.0723114013672,0.6982332468032837,0.8051724433898926,0.40628406405448914,0.26535725593566895,23.538148880004883,0.18182975053787231,9.860569953918457,0.8296522498130798,1.3206977844238281,0.13540181517601013,0.13540181517601013,0.0,296.55072021484375,0.6959972381591797,0.7367088794708252,0.36691826581954956,0.24240419268608093,39.525421142578125,0.17701208591461182,14.121463775634766,0.9198635220527649,1.3084254264831543
2019,1,41.40662824006043,79.9872075463774,6979.345,1238.0,1.236401081085205,270.0,30.38188362121582,19.23857879638672,1.4066904783248901,7.971370220184326,12.667143821716309,0.1042383462190628,0.1042383462190628,0.0,170.9026336669922,0.1538154035806656,0.1538154035806656,0.08708767592906952,0.04178273305296898,9.777464866638184,0.19413940608501434,8.13822078704834,0.5759252309799194,0.7496871948242188,0.05121350288391113,0.07146278768777847,1266.9852294921875,9.207980155944824,0.15218359231948853,0.3241032063961029,-0.0506453774869442,0.03629578649997711,37.72098922729492,0.2765820622444153,-9.601353645324707,0.14700831472873688,0.28016337752342224,0.06468606740236282,0.0865313783288002,12.677755355834961,200.83407592773438,0.2604401707649231,0.5363855361938477,9.677959606051445E-4,0.052400559186935425,35.64339065551758,0.17690321803092957,5.085305690765381,0.5197061896324158,0.8961266875267029,0.11282955855131149,0.12466872483491898,3.782653948292136E-4,167.17918395996094,0.6870512962341309,0.7362840175628662,0.3584098517894745,0.2508646845817566,26.22168731689453,0.19658878445625305,7.960895538330078,0.6741423010826111,1.094102382659912,0.13809022307395935,0.13809022307395935,0.0,259.40936279296875,0.7434417605400085,0.8001378178596497,0.3423551023006439,0.24704569578170776,43.592037200927734,0.18980208039283752,12.352826118469238,0.7627629637718201,1.0741430521011353
2019,1,37.46742715573896,76.69694835656603,7003.445,2314.0,7.948646068572998,324.24774169921875,38.23518371582031,24.836706161499023,1.2561988830566406,7.766443252563477,18.327909469604492,0.05856828764081001,0.05856828764081001,2.0965044498443604,156.59019470214844,0.09959261864423752,0.09959261864423752,0.13693967461585999,0.02810894511640072,15.40349292755127,0.22588315606117249,7.356842517852783,0.5480891466140747,0.7147648334503174,0.04154466465115547,0.062072135508060455,1294.701416015625,8.70976448059082,0.19693836569786072,0.2762058675289154,-0.07724837213754654,0.04754100739955902,35.69552993774414,0.2155742049217224,-9.816730499267578,0.14354367554187775,0.2981114089488983,0.0455760583281517,0.055558010935783386,21.226598739624023,246.77456665039062,0.15026341378688812,0.23982466757297516,-0.08197382092475891,0.034979499876499176,21.600555419921875,0.12389923632144928,6.095890998840332,0.6576281785964966,1.175191879272461,0.06458377838134766,0.07070039212703705,1.4597785472869873,178.52879333496094,0.29358941316604614,0.37641721963882446,0.08586761355400085,0.07612773030996323,50.52570724487305,0.19025921821594238,8.43185806274414,0.602374792098999,1.0590648651123047,0.07182516157627106,0.07182516157627106,1.144864559173584,224.30282592773438,0.331877738237381,0.331877738237381,0.16146230697631836,0.050611354410648346,71.5096206665039,0.23100537061691284,10.626569747924805,0.607978880405426,1.0041471719741821
2019,1,41.16381681039714,79.90932042827686,7012.2197,1169.0,1.5417296886444092,126.97352600097656,30.179672241210938,22.603862762451172,1.4123057126998901,7.752951622009277,14.16069221496582,0.10801991820335388,0.10801991820335388,0.0,217.95814514160156,0.15614604949951172,0.15614604949951172,0.07822960615158081,0.04346456378698349,7.792138576507568,0.1769152283668518,10.378959655761719,0.7328899502754211,0.9569884538650513,0.05293087661266327,0.07051698863506317,1062.652099609375,31.5108585357666,0.1718750149011612,0.32306745648384094,-0.03164433315396309,0.04814719408750534,30.872236251831055,0.24478229880332947,-7.871306896209717,0.1715734601020813,0.3883104920387268,0.06349789351224899,0.08326917886734009,9.369536399841309,293.3806457519531,0.2514267563819885,0.5787411332130432,0.033422812819480896,0.05821666866540909,27.67844581604004,0.15456949174404144,7.675975799560547,0.6930640935897827,1.1618608236312866,0.10796122252941132,0.12034785002470016,3.1912466511130333E-4,223.3064727783203,0.7937407493591309,0.8369876146316528,0.4367057979106903,0.305537611246109,22.50274658203125,0.1768997311592102,10.633625984191895,0.8929457068443298,1.4109333753585815,0.1355830878019333,0.1355830878019333,0.0,311.5484619140625,0.7449988126754761,0.7810055613517761,0.3591289818286896,0.273307204246521,38.22333526611328,0.17290222644805908,14.835641860961914,0.9831880331039429,1.403806447982788
2019,1,41.756163794336885,81.95775118841094,7030.499,1212.0,2.7802884578704834,180.0,24.239177703857422,21.388242721557617,1.380135416984558,8.0,18.707334518432617,0.1142091453075409,0.1142091453075409,4.111809730529785,241.33108520507812,0.1749255359172821,0.1749255359172821,0.09047403931617737,0.048159409314394,11.606008529663086,0.1779222935438156,11.29615592956543,0.8881759643554688,1.1288409233093262,0.05188201740384102,0.07185939699411392,1022.4176025390625,28.928388595581055,0.23366862535476685,0.39303699135780334,0.0016224351711571217,0.06341033428907394,32.86586380004883,0.2321455031633377,-7.583887100219727,0.1858893185853958,0.44499489665031433,0.06390926241874695,0.08346428722143173,27.846248626708984,346.2594299316406,0.25206705927848816,0.35695475339889526,0.0028381943702697754,0.06679777055978775,37.81729507446289,0.17865341901779175,8.605761528015137,0.7897289395332336,1.2667056322097778,0.11569876968860626,0.13016873598098755,7.530933856964111,249.5855255126953,0.8333333134651184,0.9143087863922119,0.5256198048591614,0.3247624635696411,22.628313064575195,0.20689056813716888,11.526409149169922,0.9966623187065125,1.609616756439209,0.15211431682109833,0.15211431682109833,0.11271519958972931,338.2539367675781,0.7299226522445679,0.8424076437950134,0.41888266801834106,0.21226151287555695,42.830650329589844,0.19385729730129242,16.10196304321289,1.1705472469329834,1.6400578022003174
2019,1,39.231808719667484,76.19434078132687,7053.5444,1264.0,0.9274099469184875,-0.0,28.299667358398438,26.19962501525879,1.3989994525909424,6.7382683753967285,13.755410194396973,0.10980348289012909,0.10980348289012909,2.335503101348877,307.6778259277344,0.15752410888671875,0.15752410888671875,0.08304154872894287,0.04493920877575874,8.266863822937012,0.18327493965625763,14.54011058807373,1.174556016921997,1.50273597240448,0.05903846025466919,0.07269489765167236,577.6223754882812,118.67639923095703,0.3140454590320587,0.42646658420562744,0.0866144672036171,0.09541179239749908,23.050933837890625,0.19631314277648926,-3.503404378890991,0.26701346039772034,0.6737894415855408,0.07548154145479202,0.09462232887744904,12.707572937011719,499.1543884277344,0.45158523321151733,0.6394366025924683,0.18189600110054016,0.13025866448879242,9.610712051391602,0.13359643518924713,13.147211074829102,1.2434735298156738,2.0128278732299805,0.11033882200717926,0.12042351067066193,2.4932799339294434,349.3059387207031,0.6759754419326782,0.8306920528411865,0.4209786057472229,0.2940664291381836,24.736162185668945,0.15299943089485168,16.514888763427734,1.4661201238632202,2.164935350418091,0.13532082736492157,0.13532082736492157,0.2709558606147766,416.2581787109375,0.4558706283569336,0.6603687405586243,0.17774690687656403,0.1412777304649353,29.242116928100586,0.1585586965084076,19.808916091918945,1.7608695030212402,2.2620556354522705
2019,1,39.314275334549905,75.9897928978032,7143.245,1289.0,3.708893299102783,255.5388946533203,28.399999618530273,27.509145736694336,1.399999976158142,7.627286434173584,12.397392272949219,0.10664017498493195,0.10664017498493195,2.698657751083374,294.27496337890625,0.15449662506580353,0.15449662506580353,0.08083575963973999,0.043422866612672806,9.412354469299316,0.1913428008556366,13.8845853805542,1.1027889251708984,1.4212146997451782,0.05746161937713623,0.06975608319044113,613.2991333007812,100.68311309814453,0.22481107711791992,0.22481107711791992,0.0493660606443882,0.04372575506567955,26.19927978515625,0.19950488209724426,-3.9130992889404297,0.26058194041252136,0.6379637718200684,0.07607363164424896,0.09674354642629623,14.683512687683105,474.0744934082031,0.3669661283493042,0.5403608679771423,0.105027936398983,0.10887885093688965,10.839212417602539,0.13664694130420685,12.415971755981445,1.1704013347625732,1.9105844497680664,0.11223609000444412,0.1213417574763298,2.880967855453491,336.0853271484375,0.7189444303512573,0.8023592233657837,0.4687442481517792,0.3042995035648346,25.242799758911133,0.15110476315021515,15.866873741149902,1.3948009014129639,2.070091724395752,0.13304221630096436,0.13304221630096436,0.3130876421928406,402.7335510253906,0.28524109721183777,0.6005228757858276,0.06466960906982422,0.09960619360208511,30.83247947692871,0.1553175300359726,19.162879943847656,1.6850130558013916,2.171853542327881
2019,1,38.92539267257784,75.95853014031749,7221.8467,1498.0,3.6897928714752197,75.46217346191406,32.438140869140625,24.902070999145508,1.3997690677642822,7.800000190734863,13.497753143310547,0.08564974367618561,0.08564974367618561,8.869162559509277,205.42678833007812,0.12833045423030853,0.12833045423030853,0.08355218917131424,0.03560708090662956,14.587400436401367,0.2270384281873703,9.35988712310791,0.7798782587051392,1.0369995832443237,0.05093856528401375,0.07117170840501785,1014.9474487304688,51.99996566772461,0.20000000298023224,0.3684210479259491,-0.02705118991434574,0.045779999345541,32.979129791259766,0.226845845580101,-7.350744247436523,0.20083387196063995,0.4705119729042053,0.0624106340110302,0.07816801220178604,48.25749206542969,331.87518310546875,0.2108246088027954,0.34003517031669617,0.006846602074801922,0.05358841270208359,18.63119888305664,0.15788760781288147,7.665343284606934,0.8507636785507202,1.4442689418792725,0.08982273936271667,0.09764599800109863,9.468326568603516,235.7894744873047,0.5755800008773804,0.6432681083679199,0.28936851024627686,0.18371737003326416,39.94752502441406,0.18666118383407593,10.77719783782959,0.9696567058563232,1.46731436252594,0.10838081687688828,0.10838081687688828,1.0289652347564697,291.6407775878906,0.654712438583374,0.8190191388130188,0.3381383419036865,0.2584836483001709,53.96552276611328,0.2022402137517929,13.83865737915039,1.1495126485824585,1.5194597244262695
2019,1,38.86906976717177,76.09947786551587,7252.914,1374.0,4.842893123626709,78.9853744506836,28.153690338134766,26.08622932434082,1.387275218963623,7.599999904632568,14.1061372756958,0.0854058712720871,0.0854058712720871,7.200927257537842,220.95437622070312,0.12769198417663574,0.12769198417663574,0.08453880250453949,0.03563988581299782,13.460665702819824,0.2134920060634613,10.178735733032227,0.8259613513946533,1.0925474166870117,0.051079630851745605,0.07233931124210358,932.3294677734375,55.91132354736328,0.2605946958065033,0.45724907517433167,0.015215549618005753,0.06346336752176285,31.20454216003418,0.21583420038223267,-6.690215110778809,0.20878832042217255,0.48875272274017334,0.06128370016813278,0.07615520060062408,39.1805534362793,357.9904479980469,0.5201287865638733,0.7303807139396667,0.2289380580186844,0.1718505471944809,17.36860466003418,0.14239323139190674,8.616483688354492,0.9059591293334961,1.5295255184173584,0.08763590455055237,0.095731221139431,7.687391757965088,251.93423461914062,0.771661639213562,0.8684521317481995,0.43147850036621094,0.3400859236717224,39.04518508911133,0.17717652022838593,11.630802154541016,1.0136674642562866,1.5240381956100464,0.10756916552782059,0.10756916552782059,0.8354231715202332,309.2422180175781,0.6935447454452515,0.7759052515029907,0.35636815428733826,0.252634733915329,51.615478515625,0.19191616773605347,14.68603801727295,1.1973832845687866,1.5725210905075073
2019,1,40.7269631392921,80.41839815914456,7257.758,1050.0,1.5352511405944824,127.15585327148438,20.275484085083008,27.090742111206055,1.3524322509765625,7.199999809265137,14.8336181640625,0.12419062107801437,0.12419062107801437,0.0,316.0249938964844,0.17277121543884277,0.17277121543884277,0.05036541819572449,0.04994251951575279,2.798250198364258,0.1780504435300827,15.048809051513672,1.0874725580215454,1.3850665092468262,0.05615788325667381,0.070716492831707,637.3093872070312,96.28800201416016,0.10313902795314789,0.11331640928983688,-0.06799338757991791,0.022801613435149193,14.747686386108398,0.21992827951908112,-4.129934310913086,0.2301328480243683,0.6180081963539124,0.06219596415758133,0.07941264659166336,3.0136477947235107,489.5445861816406,0.10759491473436356,0.10759493708610535,-0.07862409949302673,0.028243664652109146,13.053816795349121,0.16856764256954193,13.149484634399414,1.1001547574996948,1.7781425714492798,0.10757919400930405,0.12402062118053436,1.5081625861057546E-5,346.2934265136719,0.3812023401260376,0.40589913725852966,0.17668399214744568,0.14001400768756866,10.461316108703613,0.18560194969177246,16.490163803100586,1.4377328157424927,2.099378824234009,0.1469157636165619,0.1469157636165619,0.0,427.3037109375,0.7649493217468262,0.7701401114463806,0.36142826080322266,0.3106745481491089,21.11993408203125,0.18162187933921814,20.347795486450195,1.536779522895813,2.1847732067108154
2019,1,39.20431836167299,75.85504332306913,7277.381,1330.0,2.2065255641937256,32.83195877075195,30.16571617126465,25.143630981445312,1.409999966621399,7.806310176849365,11.541804313659668,0.09614785760641098,0.09614785760641098,5.437130928039551,249.9177703857422,0.14196427166461945,0.14196427166461945,0.08063133805990219,0.039313845336437225,12.213587760925293,0.21074269711971283,11.641935348510742,0.9277327060699463,1.2152445316314697,0.053846266120672226,0.06858064234256744,798.8571166992188,69.98434448242188,0.09587091952562332,0.10635579377412796,-0.03960653394460678,0.022136595100164413,30.854610443115234,0.21257275342941284,-5.563914775848389,0.23228923976421356,0.5479961633682251,0.07082777470350266,0.09039784222841263,29.583662033081055,400.9137878417969,0.19567231833934784,0.5422680377960205,0.1661180853843689,0.03784302622079849,14.76148796081543,0.14711475372314453,10.03594970703125,0.9959386587142944,1.6586920022964478,0.10418373346328735,0.1121789813041687,5.804440975189209,287.15081787109375,0.7743566036224365,0.8183421492576599,0.45505934953689575,0.2989790737628937,31.5655460357666,0.1644977629184723,13.397446632385254,1.1781319379806519,1.7666298151016235,0.12157391756772995,0.12157391756772995,0.6307944655418396,349.2003173828125,0.5442613363265991,0.5926485657691956,0.18873600661754608,0.1504882574081421,41.25074768066406,0.172556534409523,16.598548889160156,1.42044198513031,1.850834846496582
2019,1,39.50130341003459,75.7874032191894,7403.4985,1364.0,2.20929217338562,327.0569152832031,33.13356399536133,24.53945541381836,1.3799999952316284,7.873229026794434,11.154722213745117,0.10618992894887924,0.10618992894887924,0.002317587146535516,309.5276184082031,0.15519434213638306,0.15519434213638306,0.07722393423318863,0.04278692603111267,8.931134223937988,0.18229259550571442,14.739299774169922,1.1071884632110596,1.4338825941085815,0.056473370641469955,0.06543237715959549,488.1837463378906,85.65155029296875,0.22326123714447021,0.38645419478416443,0.008041744120419025,0.04769343137741089,28.157419204711914,0.18669869005680084,-3.0727648735046387,0.27270328998565674,0.6367085576057434,0.07939691841602325,0.10305248200893402,0.14330196380615234,493.3776550292969,0.611794650554657,0.7101791501045227,0.2712775766849518,0.23242078721523285,9.741029739379883,0.12058604508638382,13.330657958984375,1.1809608936309814,1.9385247230529785,0.11896739900112152,0.1269814372062683,0.027220621705055237,355.1609802246094,0.7236349582672119,0.7959427237510681,0.4110053479671478,0.31637319922447205,21.47886848449707,0.1290477216243744,16.911130905151367,1.4235022068023682,2.115922451019287,0.1345093995332718,0.1345093995332718,0.0,425.5660400390625,0.46165046095848083,0.5910661816596985,0.19840793311595917,0.1390029489994049,25.261451721191406,0.12709224224090576,20.26504898071289,1.737817645072937,2.2345526218414307
2019,1,39.0924796481515,76.24096068284067,7486.6035,1260.0,2.2054989337921143,327.2094421386719,25.99582290649414,27.280065536499023,1.3865371942520142,6.7682785987854,12.705329895019531,0.10248231142759323,0.10248231142759323,3.0082571506500244,289.3920593261719,0.14837434887886047,0.14837434887886047,0.08405569195747375,0.0422218032181263,9.254280090332031,0.18569731712341309,13.637323379516602,1.0942832231521606,1.4087586402893066,0.056778449565172195,0.07326903194189072,644.4067993164062,102.41718292236328,0.2843910753726959,0.46858975291252136,0.02143230475485325,0.05494645982980728,24.535234451293945,0.19691963493824005,-4.137325286865234,0.2534656524658203,0.628176212310791,0.07064846903085709,0.08801795542240143,16.36805534362793,469.9337463378906,0.32486188411712646,0.5947169661521912,0.07669764012098312,0.07376348972320557,11.30399227142334,0.12888815999031067,12.258532524108887,1.1708470582962036,1.9116160869598389,0.10238683223724365,0.11204427480697632,3.211482524871826,328.0888671875,0.6282695531845093,0.7979027628898621,0.31883081793785095,0.21319791674613953,28.606077194213867,0.15595881640911102,15.470351219177246,1.3535494804382324,2.0025737285614014,0.1266826093196869,0.1266826093196869,0.34900614619255066,392.8262939453125,0.6743678450584412,0.7651991844177246,0.2951507568359375,0.20828315615653992,34.818241119384766,0.16395777463912964,18.689393997192383,1.6168341636657715,2.0831077098846436
2019,1,38.877693668609126,76.03479860473563,7492.892,1409.0,1.1912307739257812,90.0,31.876428604125977,25.323148727416992,1.3830915689468384,7.733695983886719,13.432071685791016,0.0846841037273407,0.0846841037273407,8.24907398223877,210.03724670410156,0.12693506479263306,0.12693506479263306,0.0842243954539299,0.03531835600733757,14.195730209350586,0.22130097448825836,9.608960151672363,0.7916005253791809,1.0512558221817017,0.050762735307216644,0.07189644128084183,988.014892578125,52.297698974609375,0.26414573192596436,0.4267996847629547,0.02072654850780964,0.05895603820681572,32.28050231933594,0.22216945886611938,-7.142879009246826,0.20258277654647827,0.47359558939933777,0.061227310448884964,0.07628379017114639,44.88356399536133,339.9811706542969,0.3364640772342682,0.7569515705108643,0.10912425071001053,0.08711504936218262,18.278026580810547,0.15059980750083923,7.975610733032227,0.8674339056015015,1.4709985256195068,0.08768779784440994,0.09561648964881897,8.806346893310547,240.2340087890625,0.7617496252059937,0.8912692666053772,0.45001915097236633,0.29887381196022034,40.09016418457031,0.18322496116161346,11.020364761352539,0.9759345650672913,1.4731249809265137,0.10694540292024612,0.10694540292024612,0.9570249915122986,296.396484375,0.6520386934280396,0.7341696619987488,0.2993331253528595,0.2169613391160965,53.68735885620117,0.19887004792690277,14.068546295166016,1.1532033681869507,1.5211554765701294
2019,1,44.00240027720183,80.74071090148973,7498.233,589.0,0.0,-0.0,36.75421905517578,16.304298400878906,1.3559175729751587,8.099666595458984,40.246097564697266,0.16195230185985565,0.16195230185985565,3.075737476348877,143.77610778808594,0.23770909011363983,0.23770907521247864,-0.15193608403205872,0.058048561215400696,39.64171600341797,0.32734212279319763,6.70001745223999,0.43616199493408203,0.7119665145874023,0.014319375157356262,0.06154775992035866,1431.533447265625,0.5313202142715454,0.19995060563087463,0.241621196269989,-0.08610964566469193,0.032759569585323334,104.83316802978516,0.32860785722732544,-10.923680305480957,0.1191767156124115,0.2876894474029541,0.14433135092258453,0.17904998362064362,35.912479400634766,116.80413055419922,0.3131844103336334,0.5347288250923157,-0.031340859830379486,0.09389268606901169,94.3052749633789,0.3830803334712982,2.186260938644409,0.24380812048912048,0.5471035242080688,0.2266760617494583,0.24482066929340363,8.43458366394043,122.10546875,0.796018660068512,0.8814317584037781,0.32367321848869324,0.2908652126789093,49.86944580078125,0.37526604533195496,5.412899017333984,0.3860960006713867,0.6508296728134155,0.2994616627693176,0.2994616627693176,0.0,195.33456420898438,0.6329712867736816,0.8451776504516602,0.23896047472953796,0.18558716773986816,110.23287200927734,0.3855985105037689,9.301645278930664,0.36191311478614807,0.6047124862670898
2019,1,39.515318364645566,75.93966814286142,7646.9097,1316.0,2.403123378753662,90.0,31.277881622314453,24.164794921875,1.4011589288711548,7.998537540435791,13.358274459838867,0.11323819309473038,0.11323819309473038,0.038114309310913086,323.45751953125,0.1631309688091278,0.1631309688091278,0.07786180824041367,0.045691266655921936,7.824508190155029,0.17986923456192017,15.400923728942871,1.198480486869812,1.5359055995941162,0.05898040533065796,0.0677267462015152,472.7525329589844,111.7791748046875,0.14770816266536713,0.2567463517189026,-0.03889121860265732,0.035232461988925934,25.00884246826172,0.18945978581905365,-2.755521774291992,0.28040772676467896,0.6867592930793762,0.08128508180379868,0.10420100390911102,1.6658397912979126,518.6366577148438,0.30614036321640015,0.5762065052986145,0.04308231920003891,0.0911686047911644,8.78629207611084,0.12949346005916595,13.972185134887695,1.2631407976150513,2.0481278896331787,0.1212458461523056,0.1305646002292633,0.34565797448158264,369.2772521972656,0.7510190010070801,0.8074289560317993,0.3872213065624237,0.3292334973812103,20.03438377380371,0.13748161494731903,17.56817054748535,1.5259579420089722,2.258798599243164,0.1416105479001999,0.1416105479001999,0.0,440.35247802734375,0.5263763070106506,0.5998986959457397,0.1746557503938675,0.1611456274986267,22.15762710571289,0.13614773750305176,20.969165802001953,1.8562804460525513,2.3804523944854736
2019,1,41.66291953220828,82.9403274828409,7657.755,1029.0,2.6487011909484863,110.48234558105469,31.81447982788086,18.652189254760742,1.4194927215576172,8.100000381469727,17.469148635864258,0.12888185679912567,0.12888185679912567,0.20942635834217072,325.56451416015625,0.5531373023986816,0.5531373023986816,0.2053908109664917,0.18552224338054657,3.7464277744293213,0.10972034931182861,15.493099212646484,1.3046633005142212,1.6512069702148438,0.054485760629177094,0.0749707967042923,724.7445678710938,80.9870376586914,0.17999623715877533,0.22309145331382751,-0.04816581681370735,0.04115171357989311,20.359634399414062,0.1798281967639923,-4.91417932510376,0.23389455676078796,0.6336565613746643,0.06403124332427979,0.08109410852193832,5.9847187995910645,494.221435546875,0.08966054022312164,0.12546446919441223,0.06684409826993942,0.02797836996614933,15.57464599609375,0.11541478335857391,13.195587158203125,1.1591929197311401,1.806168794631958,0.10689996927976608,0.11906430125236511,1.547684907913208,335.7198791503906,0.6928213834762573,0.7434312105178833,0.3854562044143677,0.31613439321517944,23.888824462890625,0.1654062718153,15.912961959838867,1.3890631198883057,2.2900567054748535,0.1390107423067093,0.1390107423067093,0.0,440.1388854980469,0.19682577252388,0.19682577252388,0.1249251440167427,0.05824316293001175,25.008792877197266,0.12843678891658783,20.958995819091797,1.7243667840957642,2.385075092315674
2019,1,39.32451343056862,75.77635356677897,7685.9375,1326.0,2.207639217376709,327.12322998046875,36.3655891418457,24.810049057006836,1.408347487449646,7.836681365966797,11.26461410522461,0.09838084876537323,0.09838084876537323,3.6217057704925537,266.5263671875,0.14525926113128662,0.14525926113128662,0.07888206094503403,0.039956290274858475,11.41137409210205,0.2028297781944275,12.519268989562988,0.96709805727005,1.2651662826538086,0.05420862138271332,0.06666988879442215,700.551513671875,69.46593475341797,0.11953835189342499,0.21709875762462616,-0.022657234221696854,0.03246661648154259,30.854900360107422,0.20409612357616425,-4.817447185516357,0.24423116445541382,0.5669583082199097,0.07376165688037872,0.0951215848326683,19.705854415893555,425.4424133300781,0.520186722278595,0.6307692527770996,0.26706868410110474,0.16942481696605682,13.385852813720703,0.1379353404045105,10.965852737426758,1.0375943183898926,1.724635362625122,0.10951365530490875,0.11720655858516693,3.866373062133789,306.6684265136719,0.8378260731697083,0.8658641576766968,0.4881182909011841,0.35414907336235046,28.312137603759766,0.15123556554317474,14.419145584106445,1.239349126815796,1.8554636240005493,0.12500035762786865,0.12500035762786865,0.4201759994029999,371.4991149902344,0.3078746497631073,0.5432987213134766,0.0776909738779068,0.07644527405500412,36.298274993896484,0.15547290444374084,17.670425415039062,1.5042887926101685,1.952293872833252
2019,1,41.181064613271865,79.13829726512553,7733.7427,1477.0,2.6315464973449707,69.37787628173828,27.962827682495117,22.17085075378418,1.3519924879074097,8.099900245666504,17.39478874206543,0.08442778885364532,0.08442778885364532,0.7498327493667603,168.6131134033203,0.12689226865768433,0.12689226865768433,0.08931863307952881,0.034492768347263336,10.698166847229004,0.18877343833446503,7.9934892654418945,0.5969106554985046,0.7842738628387451,0.041162554174661636,0.05665166676044464,1347.7889404296875,14.39363956451416,0.20499998331069946,0.2961011528968811,-0.05319784954190254,0.037471041083335876,33.622711181640625,0.23071548342704773,-10.178589820861816,0.13870972394943237,0.31917575001716614,0.04977089539170265,0.061840470880270004,41.828826904296875,221.8319091796875,0.1723344922065735,0.18773946166038513,-0.10686610639095306,0.030632808804512024,29.677358627319336,0.14660924673080444,4.86494779586792,0.5464191436767578,0.9449255466461182,0.08047556132078171,0.09050983190536499,9.823596954345703,169.46702575683594,0.7233782410621643,0.7839062809944153,0.2560214102268219,0.18508028984069824,27.38453483581543,0.17914839088916779,7.602067947387695,0.6908376812934875,1.1759401559829712,0.1034620851278305,0.1034620851278305,0.0,251.72816467285156,0.747696042060852,0.8150638937950134,0.29400634765625,0.20761632919311523,43.85090255737305,0.18837592005729675,11.987055778503418,0.7741567492485046,1.129761815071106
2019,1,38.46886990672605,77.16128346746345,7745.826,1222.0,0.0,-0.0,34.09693145751953,20.692108154296875,1.3921008110046387,7.634909152984619,12.428430557250977,0.09743556380271912,0.09743556380271912,0.0,340.2896728515625,0.14670197665691376,0.14670197665691376,0.04107994958758354,0.039495114237070084,5.122377395629883,0.15106473863124847,16.204269409179688,1.2936428785324097,1.6106033325195312,0.05684586986899376,0.07504630088806152,417.1881103515625,150.26397705078125,0.2248767763376236,0.5049151182174683,-0.018825650215148926,0.0484817698597908,17.49169921875,0.18743796646595,-2.0375888347625732,0.29099276661872864,0.7583467960357666,0.0820816233754158,0.10106601566076279,0.19027096033096313,564.66650390625,0.5279502868652344,0.7974263429641724,0.2788521647453308,0.16234470903873444,6.692540168762207,0.11027030646800995,15.25611400604248,1.4101206064224243,2.224386692047119,0.10705477744340897,0.11442112922668457,0.0,384.5135192871094,0.6933017373085022,0.7430762648582458,0.4207327663898468,0.27253690361976624,17.463830947875977,0.13851061463356018,18.31016731262207,1.5805387496948242,2.246344804763794,0.12378235906362534,0.12378235906362534,0.0,442.8235778808594,0.2988607883453369,0.343102365732193,0.04680769518017769,0.0904766172170639,22.7388973236084,0.1412270963191986,21.086837768554688,1.7354238033294678,2.310697555541992
2019,1,39.34230078467081,75.50793797886679,7795.191,1453.0,1.515730619430542,127.7174072265625,35.453670501708984,25.126731872558594,1.4070216417312622,7.9726457595825195,11.21061897277832,0.08784051984548569,0.08784051984548569,4.462011337280273,233.81224060058594,0.13350363075733185,0.13350363075733185,0.07629499584436417,0.035520199686288834,13.803893089294434,0.21547001600265503,10.921440124511719,0.7998519539833069,1.0735499858856201,0.050035931169986725,0.06261830776929855,795.302978515625,29.340559005737305,0.16119328141212463,0.16119328141212463,-0.027503671124577522,0.03733236342668533,36.69705581665039,0.2080201655626297,-5.847041606903076,0.22501985728740692,0.4786229729652405,0.07090626657009125,0.09322819113731384,24.27799415588379,367.5572204589844,0.3815084993839264,0.5670391321182251,0.1299348622560501,0.1083102598786354,16.420427322387695,0.1369994729757309,9.277816772460938,0.8753359317779541,1.4990618228912354,0.10622857511043549,0.11209035664796829,4.76344633102417,272.1295166015625,0.6785125732421875,0.6994295716285706,0.38106146454811096,0.24195757508277893,31.891151428222656,0.1490972936153412,12.731717109680176,1.0482529401779175,1.5915663242340088,0.11478914320468903,0.11478914320468903,0.5176649689674377,335.0248107910156,0.3561181128025055,0.5242669582366943,0.15966081619262695,0.11445635557174683,42.66587448120117,0.152915820479393,15.928912162780762,1.282932162284851,1.6827560663223267
2019,1,43.68736478777586,81.69445464850811,7805.4517,702.0,1.5824345350265503,54.12863540649414,23.349777221679688,18.84028434753418,1.4075648784637451,8.056960105895996,28.290618896484375,0.18423137068748474,0.18423137068748474,0.0,196.3911590576172,0.32984402775764465,0.32984402775764465,0.13576875627040863,0.07492710649967194,49.0731315612793,0.3499179184436798,9.351960182189941,0.46884721517562866,0.7088990211486816,0.009181245230138302,0.0692625567317009,1159.2384033203125,2.4648876190185547,0.020987508818507195,0.1245313510298729,0.7584971189498901,0.011845730245113373,90.81217956542969,0.34423327445983887,-8.83033275604248,0.12667959928512573,0.3003200888633728,0.1718377023935318,0.2274065762758255,4.836150169372559,186.77090454101562,0.2876889705657959,0.6223723888397217,-0.121037557721138,0.048786524683237076,131.08871459960938,0.39318370819091797,4.9171552658081055,0.2898644506931305,0.6419094800949097,0.2861378490924835,0.3044378459453583,0.0,179.25436401367188,0.7381438612937927,0.8696770668029785,0.35830482840538025,0.23216572403907776,65.40618133544922,0.3778809607028961,8.535922050476074,0.4563918709754944,0.7252731323242188,0.37039414048194885,0.37039414048194885,0.0,256.94659423828125,0.8252252340316772,0.8379999995231628,0.3764353394508362,0.23103660345077515,128.54750061035156,0.39175280928611755,12.235551834106445,0.44458243250846863,0.7280519604682922
2019,1,38.950996830826725,76.36331395664617,7925.1846,1252.0,1.1924619674682617,270.0,25.89432716369629,28.386276245117188,1.393433928489685,7.125833988189697,14.805347442626953,0.09607294201850891,0.09607294201850891,2.139592170715332,286.44635009765625,0.14023751020431519,0.14023751020431519,0.08530506491661072,0.0398896262049675,9.237154006958008,0.17720645666122437,13.538416862487793,1.0598617792129517,1.3702913522720337,0.054882001131772995,0.07420744001865387,630.2870483398438,90.11788940429688,0.2768676280975342,0.3906382918357849,0.05262387916445732,0.07143580913543701,24.691205978393555,0.18837331235408783,-4.1234283447265625,0.2488139569759369,0.6025823354721069,0.06605081260204315,0.08155585080385208,11.64161205291748,465.7120361328125,0.4797907769680023,0.7622523307800293,0.1859755963087082,0.1493108868598938,11.726984024047852,0.11232493072748184,12.272173881530762,1.1500091552734375,1.8897548913955688,0.09469595551490784,0.10408797860145569,2.2841341495513916,323.4546203613281,0.7425608038902283,0.7832947373390198,0.43783947825431824,0.32156243920326233,30.891157150268555,0.14965388178825378,15.293831825256348,1.29253089427948,1.9101098775863647,0.1189214214682579,0.1189214214682579,0.2482270449399948,387.6995849609375,0.31156620383262634,0.5534906983375549,0.060383886098861694,0.0995444729924202,37.34968948364258,0.1585637927055359,18.45006561279297,1.5341389179229736,1.975504755973816
2019,1,39.046934389991605,76.0927401638241,7958.196,1293.0,2.5605454444885254,68.77798461914062,33.111270904541016,24.747827529907227,1.409999966621399,7.099999904632568,10.249218940734863,0.09547074884176254,0.09547074884176254,5.260550022125244,255.2056884765625,0.14018021523952484,0.14018021523952484,0.0834030732512474,0.03940913453698158,11.48733901977539,0.20275267958641052,11.902149200439453,0.9613848924636841,1.2523598670959473,0.054245300590991974,0.07186156511306763,789.939208984375,79.6392593383789,0.1727205216884613,0.20259319245815277,-0.018518539145588875,0.03624960407614708,28.361194610595703,0.2086702585220337,-5.422137260437012,0.23243606090545654,0.561488151550293,0.06766600161790848,0.08474830538034439,28.622879028320312,413.0713195800781,0.48769038915634155,0.7125858068466187,0.15489859879016876,0.1465347707271576,14.301567077636719,0.14018718898296356,10.390498161315918,1.0356812477111816,1.7153064012527466,0.09804663807153702,0.10680697858333588,5.615931034088135,290.8231201171875,0.8679631352424622,0.9123595356941223,0.492667019367218,0.3032554090023041,32.95969009399414,0.16691969335079193,13.581295013427734,1.194625735282898,1.7819113731384277,0.11930256336927414,0.11930256336927414,0.6103082895278931,352.181884765625,0.5939176678657532,0.7579832077026367,0.24394161999225616,0.16544903814792633,42.31463623046875,0.17745813727378845,16.74150276184082,1.4256634712219238,1.852736473083496
2019,1,40.901599372949256,80.20172152075553,7959.1704,1066.0,3.704993963241577,318.5868225097656,30.070838928222656,21.70536994934082,1.3967703580856323,7.212950229644775,14.700695991516113,0.12042979896068573,0.12042979896068573,0.0,272.7430419921875,0.1692393273115158,0.1692393273115158,0.0587584488093853,0.04846503585577011,4.760462760925293,0.17496825754642487,12.987764358520508,0.9294360280036926,1.199931263923645,0.0568162277340889,0.07291682809591293,810.4769897460938,66.67158508300781,0.12182740867137909,0.1995820254087448,-0.05470804125070572,0.026125533506274223,22.120542526245117,0.22711311280727386,-5.67790412902832,0.2059175968170166,0.5219841003417969,0.06457272917032242,0.08395498245954514,5.478598594665527,405.00860595703125,0.12812578678131104,0.12812580168247223,-0.07032081484794617,0.028033921495079994,20.292434692382812,0.15958882868289948,10.798108100891113,0.9221197366714478,1.5011272430419922,0.11056951433420181,0.12509644031524658,9.752559708431363E-5,292.4995422363281,0.7210819125175476,0.7385846972465515,0.3792274594306946,0.2966894507408142,16.3961124420166,0.18052087724208832,13.928545951843262,1.1922341585159302,1.7906743288040161,0.1454012244939804,0.1454012244939804,0.0,376.0200500488281,0.8178861737251282,0.8196332454681396,0.35562098026275635,0.3200388550758362,30.662551879882812,0.17728838324546814,17.905717849731445,1.2842810153961182,1.8368514776229858
2019,1,39.241511723559775,75.75910576390423,7968.957,1355.0,1.1973844766616821,270.0,28.49167251586914,24.533191680908203,1.39818274974823,7.875287055969238,11.485642433166504,0.09430211037397385,0.09430211037397385,5.454857349395752,244.1134490966797,0.14012861251831055,0.14012861251831055,0.07954180985689163,0.03845464810729027,12.726140975952148,0.21366731822490692,11.364694595336914,0.8926414251327515,1.175716519355774,0.05297105014324188,0.06710395961999893,809.8221435546875,60.361610412597656,0.08250661939382553,0.10414865612983704,0.046781886368989944,0.02174471504986286,32.39995193481445,0.21308495104312897,-5.721073150634766,0.22950929403305054,0.529878556728363,0.07097302377223969,0.09126391261816025,29.680110931396484,389.7732849121094,0.10046236217021942,0.10046237707138062,0.04531840980052948,0.02630104497075081,15.311914443969727,0.14698338508605957,9.732247352600098,0.9612462520599365,1.6110646724700928,0.10489236563444138,0.11237570643424988,5.823364734649658,281.48486328125,0.47818824648857117,0.49770230054855347,0.267724871635437,0.16932645440101624,31.783655166625977,0.16241289675235748,13.126738548278809,1.1427016258239746,1.719171166419983,0.12013578414916992,0.12013578414916992,0.6328510046005249,343.5084533691406,0.7036532759666443,0.7280192971229553,0.3588685989379883,0.2604124844074249,41.918853759765625,0.16966284811496735,16.327409744262695,1.3826143741607666,1.8053321838378906
2019,1,46.44240699634424,82.93439687843981,7972.0415,411.0,2.2906384468078613,35.964744567871094,26.996553421020508,32.87800979614258,1.3434361219406128,7.900000095367432,31.842308044433594,0.15525656938552856,0.15525656938552856,0.0,297.3800048828125,0.28007081151008606,0.28007081151008606,0.052889157086610794,0.059115149080753326,18.855396270751953,0.19355656206607819,14.1609525680542,0.985937774181366,1.4612923860549927,-0.010721317492425442,0.036599304527044296,1029.614990234375,20.81560516357422,-0.00998562853783369,0.07827994227409363,0.8098101615905762,-0.00683680921792984,126.99420928955078,0.2824823260307312,-7.700758457183838,0.1279277205467224,0.46942833065986633,0.12989312410354614,0.19773097336292267,0.18277651071548462,344.7741394042969,0.2480519562959671,0.37631955742836,-0.18264935910701752,0.047675587236881256,41.438072204589844,0.30498436093330383,9.31328010559082,0.5381561517715454,1.1151478290557861,0.26275476813316345,0.2789398431777954,0.0,292.63427734375,0.4501076936721802,0.4501076936721802,0.029736623167991638,0.13638263940811157,28.297536849975586,0.2796412408351898,13.934965133666992,0.9409196972846985,1.4278794527053833,0.3354867100715637,0.3354867100715637,0.0,398.41619873046875,0.5584372878074646,0.5766726136207581,0.09646185487508774,0.12826520204544067,42.875450134277344,0.2646878957748413,18.972200393676758,1.0071974992752075,1.7025668621063232
2019,1,41.16058396213339,79.78373876530868,8006.856,1199.0,5.640795707702637,119.45118713378906,26.936254501342773,22.147235870361328,1.4114073514938354,7.7789411544799805,14.715407371520996,0.10433854907751083,0.10433854907751083,0.0,218.56959533691406,0.1515408605337143,0.1515408605337143,0.0823964849114418,0.042034294456243515,8.08018684387207,0.17184264957904816,10.408076286315918,0.7310848832130432,0.9578433036804199,0.05162250995635986,0.06858839094638824,1069.6468505859375,29.23883819580078,0.12198851257562637,0.21716737747192383,-0.055224619805812836,0.03405057638883591,30.940536499023438,0.2395462989807129,-7.942046165466309,0.16949462890625,0.38536885380744934,0.06206833943724632,0.08080431073904037,9.458507537841797,292.6333312988281,0.24769985675811768,0.30444395542144775,-0.05088783800601959,0.05938861891627312,26.699796676635742,0.14540255069732666,7.653373718261719,0.6860901713371277,1.1575778722763062,0.10427657514810562,0.11623648554086685,3.85074905352667E-4,222.64239501953125,0.5018211603164673,0.623309850692749,0.1627761423587799,0.18622583150863647,22.801380157470703,0.1686423420906067,10.60200023651123,0.8834059238433838,1.413301944732666,0.1302776038646698,0.1302776038646698,0.0,311.09674072265625,0.6603559255599976,0.7107645869255066,0.22396422922611237,0.23488956689834595,37.869869232177734,0.16520489752292633,14.814129829406738,0.9747892618179321,1.3935800790786743
2019,1,39.32478543573288,75.89600908444713,8017.397,1306.0,1.515497088432312,52.275760650634766,31.73149299621582,26.3870792388916,1.3976563215255737,7.633916854858398,9.655282974243164,0.10332869738340378,0.10332869738340378,3.013679027557373,283.3946838378906,0.1508352905511856,0.1508352905511856,0.07993175834417343,0.042017363011837006,10.215070724487305,0.195879727602005,13.351476669311523,1.0479336977005005,1.3583219051361084,0.05612996593117714,0.06837323307991028,645.7041625976562,87.683837890625,0.17963671684265137,0.32486963272094727,0.005941402167081833,0.04724445939064026,28.148052215576172,0.20112957060337067,-4.259697437286377,0.25428739190101624,0.6092485189437866,0.07526902854442596,0.09632033109664917,16.39755630493164,454.8000793457031,0.5096277594566345,0.6707706451416016,0.23969070613384247,0.17979668080806732,11.842962265014648,0.13692201673984528,11.848716735839844,1.1167442798614502,1.8357280492782593,0.11138801276683807,0.1198909804224968,3.217270612716675,324.64569091796875,0.7912412285804749,0.8658649325370789,0.45235487818717957,0.31230291724205017,26.369319915771484,0.15063618123531342,15.30611515045166,1.3328273296356201,1.984778881072998,0.12988430261611938,0.12988430261611938,0.34963515400886536,390.65692138671875,0.3677710294723511,0.5985877513885498,0.16286735236644745,0.12708362936973572,32.88726806640625,0.1546865999698639,18.586061477661133,1.6136068105697632,2.0851426124572754
2019,1,39.374103093383994,76.54414388166654,8020.9507,1226.0,3.711858034133911,255.55072021484375,20.05742645263672,23.40850257873535,1.398474931716919,6.400000095367432,14.176348686218262,0.13231435418128967,0.13231435418128967,0.0,376.966552734375,0.18386681377887726,0.18386681377887726,0.08477514237165451,0.05396280065178871,3.6567909717559814,0.1565505862236023,17.950788497924805,1.5069557428359985,1.8909425735473633,0.06718725711107254,0.07724141329526901,351.6549987792969,192.0875244140625,0.16082167625427246,0.2476489096879959,0.00946388952434063,0.0431981198489666,13.354804039001465,0.18348462879657745,-1.2180722951889038,0.31126827001571655,0.8532589673995972,0.08517193049192429,0.1052512377500534,0.0,617.638427734375,0.37221959233283997,0.7309287190437317,0.14083293080329895,0.12199590355157852,3.3003878593444824,0.13298381865024567,16.692930221557617,1.5602186918258667,2.449984550476074,0.1243387833237648,0.1372893750667572,0.0,424.8757629394531,0.6492398977279663,0.7695358991622925,0.3785835802555084,0.28878191113471985,14.684286117553711,0.14518041908740997,20.232179641723633,1.8695675134658813,2.7331502437591553,0.15903577208518982,0.15903577208518982,0.0,497.31671142578125,0.21437576413154602,0.47330641746520996,0.013168866746127605,0.07993374019861221,13.326773643493652,0.1478792279958725,23.681747436523438,2.240219831466675,2.853970527648926
2019,1,43.86496186453251,81.26002672837615,8047.988,601.0,0.9274099469184875,180.0,30.570466995239258,20.85785484313965,1.3705646991729736,8.0,42.07863235473633,0.1737702190876007,0.1737702190876007,0.7068483233451843,177.0047607421875,0.3072492182254791,0.3072492182254791,0.12221468985080719,0.06983604282140732,45.100379943847656,0.34444567561149597,8.39513874053955,0.44985201954841614,0.6878884434700012,0.010280610993504524,0.0651569813489914,1261.25048828125,0.31078627705574036,0.020555248484015465,0.11675702780485153,0.7537938952445984,0.011440432630479336,94.38524627685547,0.33916032314300537,-9.625494003295898,0.12417192757129669,0.2961418628692627,0.1571788340806961,0.20299695432186127,13.971033096313477,155.62063598632812,0.3249041438102722,0.6887871623039246,-0.08401179313659668,0.05987516790628433,116.55193328857422,0.396666020154953,3.8283679485321045,0.26339390873908997,0.6046053767204285,0.25745466351509094,0.2759310305118561,1.9383875131607056,156.99526977539062,0.72577965259552,0.7744823694229126,0.2924129068851471,0.2158631682395935,59.69084167480469,0.3806810677051544,7.383661270141602,0.4213300049304962,0.680712878704071,0.33688268065452576,0.33688268065452576,0.0,232.8545684814453,0.7634961605072021,0.7642561197280884,0.24698930978775024,0.21162252128124237,121.97764587402344,0.3949262201786041,11.088313102722168,0.39336302876472473,0.6594281196594238
2019,1,39.48243695347746,76.12642421318183,8049.2817,1280.0,2.2091121673583984,147.06411743164062,31.317588806152344,22.798686981201172,1.3815371990203857,7.800000190734863,11.521666526794434,0.12210745364427567,0.12210745364427567,0.1884288489818573,346.4970703125,0.1730063557624817,0.1730063557624817,0.08103686571121216,0.049467217177152634,6.1346755027771,0.17317023873329163,16.490888595581055,1.3270384073257446,1.6830720901489258,0.06276844441890717,0.0713680312037468,415.4436340332031,145.06387329101562,0.24248796701431274,0.442823201417923,0.030972810462117195,0.043777745217084885,20.27448081970215,0.18948543071746826,-2.063967704772949,0.29476258158683777,0.7572051286697388,0.08390845358371735,0.10628669708967209,1.0252494812011719,560.7606811523438,0.3483094573020935,0.6045050024986267,0.06825365871191025,0.08160406351089478,6.119680404663086,0.133773073554039,15.127984046936035,1.387012243270874,2.2178566455841064,0.12430869042873383,0.1350211799144745,0.2011583149433136,393.9775695800781,0.7281914949417114,0.8621236085891724,0.37844717502593994,0.26604804396629333,17.20661163330078,0.14106206595897675,18.751256942749023,1.6771001815795898,2.467766523361206,0.1500033736228943,0.1500033736228943,0.021860772743821144,465.81317138671875,0.7057866454124451,0.8099266886711121,0.32330507040023804,0.2590236961841583,18.035152435302734,0.1411491483449936,22.180538177490234,2.0307886600494385,2.594808578491211
2019,1,41.19723331369167,79.68968294678834,8093.154,1229.0,1.5422345399856567,126.95939636230469,29.386449813842773,18.248849868774414,1.4048717021942139,7.900000095367432,14.315956115722656,0.09998701512813568,0.09998701512813568,0.0,212.24017333984375,0.14654076099395752,0.14654076099395752,0.0880056619644165,0.040296901017427444,8.660945892333984,0.1707480549812317,10.106675148010254,0.7071517705917358,0.9275802969932556,0.04982119798660278,0.06661570072174072,1108.3956298828125,24.359970092773438,0.2468133568763733,0.3555387258529663,0.016006426885724068,0.061829857528209686,31.933225631713867,0.24070709943771362,-8.275081634521484,0.16384285688400269,0.3660217225551605,0.06065277010202408,0.07860046625137329,10.089594841003418,278.1134948730469,0.42395085096359253,0.7337238192558289,0.1890598088502884,0.13564102351665497,26.8714656829834,0.14172406494617462,7.243889331817627,0.6547930836677551,1.1165958642959595,0.10130447149276733,0.11286143213510513,4.5979631249792874E-4,213.8333282470703,0.7957929372787476,0.8621666431427002,0.4181484580039978,0.33585476875305176,23.44675064086914,0.16497519612312317,10.182518005371094,0.8449137806892395,1.3703473806381226,0.12547504901885986,0.12547504901885986,0.0,303.1967468261719,0.8520102500915527,0.8611111044883728,0.4146341383457184,0.34939926862716675,37.905059814453125,0.16142289340496063,14.43794059753418,0.9377098679542542,1.3380099534988403
2019,1,38.80088565296353,76.22641063610325,8129.346,1358.0,1.1899439096450806,270.0,33.16501235961914,23.000308990478516,1.3699555397033691,7.400000095367432,11.803160667419434,0.08336061239242554,0.08336061239242554,5.453400135040283,233.3150634765625,0.12494424730539322,0.12494424730539322,0.08536935597658157,0.034951578825712204,12.548684120178223,0.1999124139547348,10.850555419921875,0.8520469069480896,1.125450849533081,0.05057252570986748,0.07315931469202042,854.5225830078125,54.21651840209961,0.14834240078926086,0.30664652585983276,-0.010107994079589844,0.030936159193515778,30.03820037841797,0.20388725399971008,-6.109206676483154,0.21458114683628082,0.4954432249069214,0.05937875434756279,0.07328052073717117,29.672182083129883,378.48052978515625,0.2770952582359314,0.5172581672668457,0.09959982335567474,0.06481257826089859,16.423585891723633,0.12444385886192322,9.427252769470215,0.9434378743171692,1.591288447380066,0.08431059122085571,0.09245097637176514,5.821808815002441,264.603271484375,0.44552862644195557,0.5610883235931396,0.34255221486091614,0.16005617380142212,38.6931037902832,0.16628383100032806,12.32292652130127,1.032588005065918,1.5452104806900024,0.10485507547855377,0.10485507547855377,0.6326819658279419,323.1946716308594,0.5013891458511353,0.5319253206253052,0.26603832840919495,0.15300153195858002,50.0765266418457,0.18014155328273773,15.360095024108887,1.2150678634643555,1.587937593460083
2019,1,41.26460587150818,79.4765111618273,8168.9263,1285.0,2.2267656326293945,33.631263732910156,23.398258209228516,25.59612274169922,1.4224244356155396,8.0,13.147157669067383,0.08977513015270233,0.08977513015270233,0.05493040755391121,198.8604278564453,0.1346598118543625,0.1346598118543625,0.09993473440408707,0.036247964948415756,9.915432929992676,0.17068451642990112,9.466928482055664,0.6605802774429321,0.8664554953575134,0.04512009397149086,0.06135827302932739,1196.713134765625,15.874778747558594,0.1635018289089203,0.3641292452812195,-0.02597377635538578,0.045703910291194916,33.5889778137207,0.24288813769817352,-9.014032363891602,0.15176187455654144,0.32822558283805847,0.05652288347482681,0.07216838002204895,13.626442909240723,249.31320190429688,0.20485299825668335,0.2732802927494049,5.774854216724634E-4,0.05289304256439209,26.883377075195312,0.13607317209243774,6.369912624359131,0.5940341353416443,1.0389173030853271,0.09316367655992508,0.103953517973423,0.7202276587486267,195.94471740722656,0.6898618936538696,0.6957142949104309,0.3452282249927521,0.22365322709083557,24.545154571533203,0.15940004587173462,9.296403884887695,0.7719676494598389,1.2888356447219849,0.11377036571502686,0.11377036571502686,0.0,286.6318054199219,0.6544663310050964,0.6692726612091064,0.3278553783893585,0.21152350306510925,37.41652297973633,0.15623082220554352,13.649133682250977,0.8680606484413147,1.2322559356689453
2019,1,36.6233728355343,80.69867049675786,8170.4478,1901.0,11.403489112854004,270.0,37.400001525878906,17.845888137817383,1.3165032863616943,7.888856410980225,11.058448791503906,0.057508066296577454,0.057508066296577454,0.0,335.9980773925781,0.11000433564186096,0.11000432819128036,-0.1390661746263504,0.028194110840559006,2.3339595794677734,0.044769179075956345,15.999907493591309,1.4360021352767944,1.8476645946502686,0.04508743807673454,0.0534650981426239,372.36492919921875,133.45750427246094,0.32912760972976685,0.6752500534057617,0.020913582295179367,0.11794045567512512,22.233949661254883,0.090660460293293,-1.8237208127975464,0.3290672302246094,0.8181913495063782,0.0488993264734745,0.05135717615485191,0.0,570.7320556640625,0.3633202016353607,0.6977700591087341,0.11771469563245773,0.1320846676826477,4.608489513397217,0.03611426427960396,15.425189971923828,1.5123952627182007,2.5218324661254883,0.060044605284929276,0.0611850768327713,0.0,389.09503173828125,0.6875799894332886,0.7145217657089233,0.32571521401405334,0.29482021927833557,4.374006271362305,0.03785904496908188,18.528335571289062,1.773346185684204,2.7463746070861816,0.0657738521695137,0.0657738521695137,0.0,407.4352111816406,0.49449422955513,0.699489414691925,0.19126351177692413,0.144293412566185,46.62059783935547,0.0796750858426094,19.401676177978516,1.415231704711914,2.4258973598480225
2019,1,40.232172368199635,77.13299047127934,8188.8364,1608.0,3.054037094116211,127.35930633544922,32.679935455322266,23.44911766052246,1.3675780296325684,7.800000190734863,16.126689910888672,0.09463944286108017,0.09463944286108017,3.618638753890991,130.11001586914062,0.1414022147655487,0.1414022147655487,0.006944956723600626,0.03564969077706337,11.250162124633789,0.2531067132949829,6.0233988761901855,0.6746360659599304,0.8840087056159973,0.05358017235994339,0.0644720122218132,1610.4127197265625,63.08113479614258,0.3213135898113251,0.3774058520793915,-0.022120501846075058,0.06212100386619568,40.57125473022461,0.24195869266986847,-11.811692237854004,0.1362842619419098,0.42738643288612366,0.0667661800980568,0.07373973727226257,85.8158950805664,191.2565460205078,0.44090551137924194,0.6619718074798584,0.07805509865283966,0.1109306588768959,41.274959564208984,0.22887149453163147,2.8497474193573,0.6020966172218323,0.9983343482017517,0.09657680988311768,0.10907204449176788,24.022762298583984,136.6065216064453,0.6879081130027771,0.6879081130027771,0.3178621530532837,0.2578279674053192,42.73194885253906,0.2624276876449585,5.361131191253662,0.719506025314331,1.1455293893814087,0.12383082509040833,0.12383082509040833,0.0,199.18606567382812,0.6872180700302124,0.788488507270813,0.3351844549179077,0.24000132083892822,41.92680740356445,0.25981006026268005,9.485050201416016,0.8647809028625488,1.1821949481964111
2019,1,39.70935168788521,75.18104128063867,8202.566,2138.0,4.415943622589111,146.9783935546875,35.52546691894531,21.062864303588867,1.3515979051589966,7.599999904632568,20.595918655395508,0.0780450701713562,0.0780450701713562,1.1329420804977417,170.4408721923828,0.12571613490581512,0.12571613490581512,0.10723374783992767,0.03215732052922249,17.008602142333984,0.2299024760723114,8.06228256225586,0.6266902089118958,0.863433837890625,0.0334322564303875,0.044172901660203934,1192.849853515625,17.985851287841797,0.24386580288410187,0.36761364340782166,-0.07905219495296478,0.055767059326171875,47.27174758911133,0.2234712392091751,-8.968427658081055,0.17238672077655792,0.37273064255714417,0.05905704200267792,0.0786418542265892,45.192955017089844,241.13104248046875,0.2457205057144165,0.552625298500061,-0.09101153910160065,0.05945204943418503,27.996620178222656,0.17999909818172455,5.295623779296875,0.6325206756591797,1.1220887899398804,0.0975629985332489,0.1056036651134491,3.567265033721924,191.12771606445312,0.6980260014533997,0.7739740014076233,0.2899656593799591,0.28064125776290894,39.5839729309082,0.1858154684305191,8.931450843811035,0.7733376026153564,1.2081972360610962,0.11430961638689041,0.11430961638689041,0.0,256.5429992675781,0.8145495653152466,0.867311418056488,0.44610634446144104,0.3554711937904358,49.47126770019531,0.19670653343200684,12.216333389282227,0.9505011439323425,1.2727869749069214
2019,1,41.231189368213656,79.30026519268985,8265.706,1367.0,0.9274099469184875,180.0,26.03770637512207,22.567081451416016,1.3744596242904663,7.900000095367432,15.875646591186523,0.08664033561944962,0.08664033561944962,0.44465869665145874,181.01724243164062,0.13022679090499878,0.13022679090499878,0.09616319835186005,0.03523639962077141,10.4647855758667,0.18151943385601044,8.59869384765625,0.6218985319137573,0.8164379000663757,0.042587459087371826,0.05845391005277634,1288.1942138671875,15.003425598144531,0.16137930750846863,0.25537633895874023,-0.08290684223175049,0.03596321493387222,33.81936264038086,0.23772390186786652,-9.719014167785645,0.1437293291091919,0.32004261016845703,0.05251305177807808,0.06622020155191422,29.641977310180664,231.60240173339844,0.1705121099948883,0.27239570021629333,-0.132838636636734,0.036897145211696625,28.641887664794922,0.143258199095726,5.458390235900879,0.5629763603210449,0.9811302423477173,0.08599592745304108,0.09640433639287949,5.825762748718262,179.92083740234375,0.44242334365844727,0.5656138062477112,0.06674259155988693,0.12586158514022827,26.107561111450195,0.17122602462768555,8.290242195129395,0.7231555581092834,1.2198798656463623,0.10800916701555252,0.10800916701555252,0.0,266.1752624511719,0.49227800965309143,0.6090185642242432,0.0681818351149559,0.1373034417629242,40.73674392700195,0.17434003949165344,12.675012588500977,0.8130063414573669,1.1682955026626587
2019,1,41.227144963558175,80.34940694764565,8322.819,1145.0,2.6331593990325928,249.39109802246094,28.958721160888672,19.48253059387207,1.4120430946350098,7.800000190734863,15.921893119812012,0.1209845244884491,0.1209845244884491,0.0,203.99285888671875,0.17275981605052948,0.17275981605052948,0.06467407941818237,0.048483218997716904,7.217748641967773,0.19678105413913727,9.713945388793945,0.6982622146606445,0.9034972786903381,0.05789411440491676,0.0783165991306305,1083.883544921875,32.858768463134766,0.15115980803966522,0.18758291006088257,-0.11079137027263641,0.03488264977931976,32.51424026489258,0.26827386021614075,-8.023090362548828,0.17306262254714966,0.37335285544395447,0.06945691257715225,0.09371548891067505,9.740416526794434,273.41845703125,0.13154935836791992,0.13154935836791992,-0.12227455526590347,0.03309781849384308,33.34291458129883,0.1891900897026062,7.126433372497559,0.6730290651321411,1.106075406074524,0.12284843623638153,0.1364467591047287,8.914322825148702E-5,211.51536560058594,0.5946738719940186,0.7412431836128235,0.21433469653129578,0.2100982815027237,22.77297019958496,0.2086307555437088,10.072155952453613,0.8664711713790894,1.3202193975448608,0.15558281540870667,0.15558281540870667,0.0,299.7177734375,0.6865764856338501,0.739783525466919,0.30031368136405945,0.27820080518722534,41.774295806884766,0.20245464146137238,14.2722749710083,0.9509314298629761,1.352406620979309
2019,1,41.08943454572461,78.96150728565956,8323.8125,1609.0,3.0790047645568848,307.0047607421875,28.140066146850586,19.966379165649414,1.3589833974838257,7.900000095367432,17.154966354370117,0.08317950367927551,0.08317950367927551,0.9660604596138,162.94039916992188,0.12457194924354553,0.12457194924354553,0.07483838498592377,0.033963482826948166,10.410797119140625,0.1911829560995102,7.713064193725586,0.5898427963256836,0.7752174735069275,0.04142959415912628,0.05646413564682007,1363.88134765625,13.740251541137695,0.18886539340019226,0.2632725238800049,-0.05289705470204353,0.046946071088314056,32.63066101074219,0.21889200806617737,-10.30642032623291,0.13783246278762817,0.3303861618041992,0.0487629771232605,0.05933372303843498,49.63459396362305,223.52647399902344,0.2341616153717041,0.4469648003578186,-0.031392842531204224,0.062109481543302536,29.63255500793457,0.1436278522014618,4.699780464172363,0.5511335134506226,0.937593400478363,0.07670268416404724,0.0862690806388855,12.656173706054688,166.3146209716797,0.6271334290504456,0.7039963006973267,0.1903604120016098,0.24154996871948242,28.468997955322266,0.18169546127319336,7.317069053649902,0.6790288686752319,1.1647617816925049,0.09994607418775558,0.09994607418775558,0.0,244.51638793945312,0.7612236738204956,0.8496240377426147,0.32131147384643555,0.33745047450065613,47.37666320800781,0.19824901223182678,11.643637657165527,0.7536246180534363,1.1258198022842407
2019,1,41.28643763026585,80.30628744045883,8501.922,1195.0,0.0,-0.0,30.859546661376953,20.17062759399414,1.4155073165893555,7.811919212341309,16.3192081451416,0.11906211078166962,0.11906211078166962,0.0,191.2937774658203,0.1708836555480957,0.1708836555480957,0.06809020787477493,0.04770016670227051,7.843115329742432,0.1979932188987732,9.109227180480957,0.6533411145210266,0.8478004336357117,0.05739426240324974,0.07828857749700546,1139.4686279296875,25.133705139160156,0.22394464910030365,0.43485087156295776,-0.022848453372716904,0.05771200731396675,34.530059814453125,0.27304261922836304,-8.506373405456543,0.16567790508270264,0.34357690811157227,0.06960539519786835,0.09422069787979126,10.593392372131348,248.0609588623047,0.25359654426574707,0.3379501402378082,0.014350289478898048,0.07393230497837067,35.27827835083008,0.18955188989639282,6.4180426597595215,0.6218322515487671,1.0285857915878296,0.12313876301050186,0.13631632924079895,1.2403848813846707E-4,195.77960205078125,0.7271906137466431,0.7478764653205872,0.3114466965198517,0.3231232166290283,24.163999557495117,0.20925460755825043,9.322833061218262,0.7991451025009155,1.232200026512146,0.15456728637218475,0.15456728637218475,0.0,284.97845458984375,0.7770867943763733,0.8661625981330872,0.3607107102870941,0.3146546185016632,43.71893310546875,0.20285172760486603,13.570403099060059,0.8827561736106873,1.2546124458312988
2019,1,39.195966465399884,76.33501650136098,8525.128,1249.0,0.9274099469184875,180.0,22.48525047302246,27.418163299560547,1.3788751363754272,6.929673194885254,11.778841972351074,0.11245185136795044,0.11245185136795044,1.4296772480010986,322.879150390625,0.1602742075920105,0.1602742075920105,0.08427301049232483,0.04612908139824867,7.140405654907227,0.1740299016237259,15.30711841583252,1.2391657829284668,1.5777943134307861,0.06021891534328461,0.0744137316942215,518.720703125,131.3743438720703,0.16428139805793762,0.29965949058532715,0.03630487620830536,0.04744446650147438,20.656330108642578,0.19061493873596191,-2.9568426609039307,0.27531030774116516,0.7052181959152222,0.07560955733060837,0.09400404989719391,7.778934955596924,525.6533813476562,0.38764578104019165,0.710609495639801,0.1503601223230362,0.11483900994062424,8.274137496948242,0.12720634043216705,13.99660587310791,1.310778260231018,2.109914779663086,0.10999142378568649,0.12071090191602707,1.526260256767273,365.15155029296875,0.7689911127090454,0.8357911705970764,0.4738253057003021,0.3476717174053192,23.501405715942383,0.1498604118824005,17.31549072265625,1.535265326499939,2.2583796977996826,0.13756681978702545,0.13756681978702545,0.16586551070213318,433.1665344238281,0.502059280872345,0.6825994849205017,0.24662449955940247,0.17462265491485596,26.667905807495117,0.15532462298870087,20.61907958984375,1.838958501815796,2.354787826538086
2019,1,41.72544058807864,82.06042644926758,8541.929,1199.0,3.0445051193237305,24.066551208496094,25.091045379638672,24.76634979248047,1.4074071645736694,8.0,20.030536651611328,0.11360902339220047,0.11360902339220047,2.9639763832092285,259.24267578125,0.1719289869070053,0.1719289869070053,0.08431368321180344,0.04781483858823776,9.56197452545166,0.1676291823387146,12.203747749328613,0.9620841145515442,1.2208596467971802,0.05266369879245758,0.07287091016769409,948.0755615234375,35.98684310913086,0.18067803978919983,0.2728451192378998,-0.01404527761042118,0.049797989428043365,30.130708694458008,0.2282041311264038,-6.9625091552734375,0.19545529782772064,0.47534239292144775,0.0635199174284935,0.0828031525015831,21.181499481201172,376.4986267089844,0.1976218819618225,0.2713947892189026,-0.008075634017586708,0.04976119101047516,32.62216567993164,0.1692543625831604,9.603165626525879,0.8570119142532349,1.3681954145431519,0.11315523087978363,0.1268031895160675,5.604274272918701,268.64154052734375,0.7647917866706848,0.8007847666740417,0.42558032274246216,0.2505600154399872,22.182037353515625,0.20151890814304352,12.52558422088623,1.0752742290496826,1.735290288925171,0.14718087017536163,0.14718087017536163,0.0804121270775795,359.9085388183594,0.6545059680938721,0.8257127404212952,0.3828665018081665,0.215638667345047,38.76868438720703,0.18431155383586884,17.134674072265625,1.2675620317459106,1.7639635801315308
2019,1,41.25867972620814,80.31922329261488,8542.018,1167.0,1.8543341159820557,180.0,30.08552360534668,20.454870223999023,1.4199086427688599,7.728968143463135,15.353726387023926,0.11973926424980164,0.11973926424980164,0.0,197.2169952392578,0.17148655652999878,0.17148655652999878,0.06674883514642715,0.04797985777258873,7.569831848144531,0.1971527636051178,9.391284942626953,0.6740747094154358,0.8736677169799805,0.05754781514406204,0.07818806916475296,1114.1185302734375,28.591068267822266,0.19037295877933502,0.4352452754974365,-0.032258041203022,0.05225738137960434,33.59849166870117,0.2705465257167816,-8.286469459533691,0.16898202896118164,0.35720738768577576,0.06945216655731201,0.093841552734375,10.203629493713379,259.7732849121094,0.25021985173225403,0.32482993602752686,0.008841200731694698,0.07388558238744736,34.3240852355957,0.18887671828269958,6.745125770568848,0.6451788544654846,1.0642915964126587,0.12279092520475388,0.13613997399806976,1.1167556658620015E-4,203.03836059570312,0.7905116081237793,0.8143166899681091,0.3542407155036926,0.34054723381996155,23.53422737121582,0.20850525796413422,9.668488502502441,0.8298431634902954,1.2731614112854004,0.1547325700521469,0.1547325700521469,0.0,291.78863525390625,0.8626354336738586,0.8734629154205322,0.3848992586135864,0.40584686398506165,42.79265213012695,0.20223715901374817,13.894697189331055,0.9139193296432495,1.2993966341018677
2019,1,41.878517068142386,82.04830215350326,8599.336,1356.0,3.844660758972168,103.93843078613281,30.52728843688965,20.239826202392578,1.3744795322418213,7.992396354675293,16.824420928955078,0.1107366532087326,0.1107366532087326,5.111142635345459,219.4339141845703,0.17619651556015015,0.17619651556015015,0.10676254332065582,0.0477399006485939,14.391212463378906,0.19989730417728424,10.205846786499023,0.8274258375167847,1.0662630796432495,0.047510113567113876,0.0656171590089798,1133.4410400390625,28.30813217163086,0.22854840755462646,0.2865836024284363,0.04700595512986183,0.05466615781188011,35.845001220703125,0.24962255358695984,-8.436129570007324,0.1739582121372223,0.4195290505886078,0.0600813627243042,0.0763484314084053,36.25716018676758,310.28240966796875,0.2723073959350586,0.31808826327323914,0.01929764822125435,0.0768217071890831,43.00027847290039,0.20063921809196472,7.406087398529053,0.7253507375717163,1.1691091060638428,0.11112529039382935,0.12723158299922943,9.621564865112305,225.16424560546875,0.6120564937591553,0.7509747743606567,0.22451016306877136,0.19412241876125336,23.926544189453125,0.22939755022525787,10.263936996459961,0.9196823239326477,1.5000413656234741,0.15195924043655396,0.15195924043655396,0.13886740803718567,311.58245849609375,0.8435726761817932,0.8962037563323975,0.3935098946094513,0.31515875458717346,47.22406768798828,0.21835742890834808,14.830647468566895,1.072108268737793,1.5105047225952148
2019,1,41.56482376813353,82.53716232019464,8631.434,1009.0,0.9274099469184875,180.0,29.31739044189453,22.3325138092041,1.3836311101913452,8.100000381469727,26.221067428588867,0.11202944070100784,0.11202944070100784,0.049660492688417435,345.20477294921875,0.6511356830596924,0.6511356830596924,0.23207299411296844,0.1845969557762146,1.6637119054794312,0.1261972039937973,16.435958862304688,1.3359626531600952,1.682987928390503,0.05680399015545845,0.07815864682197571,615.2957153320312,75.1520767211914,0.15130746364593506,0.2050233632326126,-0.057057976722717285,0.03177831321954727,18.305023193359375,0.20941345393657684,-4.123234272003174,0.24409733712673187,0.6395983695983887,0.061604514718055725,0.07933348417282104,2.0357494354248047,528.1091918945312,0.1359434574842453,0.24791359901428223,-0.05603252351284027,0.028398588299751282,9.448158264160156,0.12864579260349274,14.21820068359375,1.1999472379684448,1.8929352760314941,0.09986831247806549,0.10926011204719543,0.37495705485343933,360.25244140625,0.7258753180503845,0.809034526348114,0.3862876296043396,0.2951664626598358,21.4736385345459,0.18094736337661743,17.13702392578125,1.4675915241241455,2.3710227012634277,0.12182928621768951,0.12182928621768951,0.0,460.8202819824219,0.7801504731178284,0.7801504731178284,0.3475385904312134,0.2861591875553131,19.8604679107666,0.1434708684682846,21.943822860717773,1.7622195482254028,2.393284559249878
2019,1,39.6435977837511,75.843186573368,8649.031,1632.0,1.8543341159820557,180.0,33.772491455078125,25.806360244750977,1.3837175369262695,7.99788236618042,14.028264999389648,0.10412490367889404,0.10412490367889404,0.27672481536865234,277.2923583984375,0.15288148820400238,0.15288148820400238,0.0688193291425705,0.04160865768790245,10.769124984741211,0.20059534907341003,13.1912202835083,1.0230977535247803,1.322236180305481,0.052756037563085556,0.0627710148692131,697.1864013671875,82.15459442138672,0.113621786236763,0.12505832314491272,-0.06235863268375397,0.028605109080672264,31.609237670898438,0.20458392798900604,-4.694899082183838,0.2460092306137085,0.5905742645263672,0.0761435404419899,0.09710695594549179,14.756062507629395,435.58905029296875,0.4001976251602173,0.7168367505073547,0.058252424001693726,0.11341600865125656,16.742721557617188,0.1527131348848343,11.37386417388916,1.0680323839187622,1.7640169858932495,0.11447453498840332,0.1236867904663086,2.90256404876709,315.0042724609375,0.8598839640617371,0.8983191251754761,0.45836248993873596,0.3583996295928955,27.869976043701172,0.16475695371627808,14.86198616027832,1.2885234355926514,1.933308482170105,0.13430078327655792,0.13430078327655792,0.0,384.4240417480469,0.6643216013908386,0.7878562808036804,0.25012582540512085,0.1650174856185913,29.06473159790039,0.1620415449142456,18.305906295776367,1.5749404430389404,2.0371739864349365
2019,1,42.73685388902124,93.54062736192193,8667.732,716.0,1.5664106607437134,233.7034454345703,38.187259674072266,24.424814224243164,1.4311484098434448,8.036053657531738,23.94556427001953,0.06797369569540024,0.06797369569540024,0.0,344.6211242675781,0.7649853825569153,0.7649853825569153,0.4148842692375183,0.369411438703537,2.812487840652466,0.08467715978622437,16.41053009033203,1.487820029258728,2.1668057441711426,0.03592680022120476,0.04778781160712242,754.52001953125,115.9050064086914,0.2314741611480713,0.31362468004226685,-0.04148305580019951,0.06541339308023453,13.613802909851074,0.11335598677396774,-4.8749237060546875,0.2811194360256195,0.9019443392753601,0.050611235201358795,0.05548420548439026,0.9127417802810669,526.5326538085938,0.17557530105113983,0.23604601621627808,-0.09696496278047562,0.05695663020014763,7.632478713989258,0.08569015562534332,14.20594310760498,1.357696771621704,2.2447028160095215,0.0661165714263916,0.07159599661827087,0.0,364.31488037109375,0.08361079543828964,0.7441512942314148,0.018530862405896187,0.02448960207402706,19.55267906188965,0.1152992993593216,17.34832763671875,1.5505754947662354,3.0484778881073,0.08100496977567673,0.08100496977567673,0.0,544.4579467773438,0.12631085515022278,0.12631084024906158,-0.01140264980494976,0.045446645468473434,22.085119247436523,0.09594359248876572,25.92656898498535,2.49531626701355,3.081505060195923
2019,1,41.29910147725763,80.29119338339291,8670.733,1211.0,3.8124048709869385,104.05913543701172,32.47226333618164,21.486772537231445,1.4089043140411377,7.900000095367432,18.469297409057617,0.11839422583580017,0.11839422583580017,0.0,188.69876098632812,0.17016930878162384,0.17016930878162384,0.06910479813814163,0.04743122309446335,7.992876052856445,0.19807666540145874,8.985654830932617,0.6440173387527466,0.8362242579460144,0.05716966092586517,0.0781261995434761,1151.7001953125,23.458995819091797,0.21007932722568512,0.3564486503601074,-0.05860070884227753,0.05287623405456543,34.942527770996094,0.2738874852657318,-8.612528800964355,0.1640070378780365,0.33713245391845703,0.06951699405908585,0.0941273644566536,10.783547401428223,242.72781372070312,0.22607621550559998,0.29149115085601807,-0.03590534254908562,0.06668011844158173,35.60946273803711,0.18927176296710968,6.268764019012451,0.6108763217926025,1.0125138759613037,0.12294372916221619,0.13601769506931305,1.358487643301487E-4,192.48280334472656,0.690243124961853,0.7036713361740112,0.22599631547927856,0.270410418510437,24.447927474975586,0.20902733504772186,9.165841102600098,0.7849252223968506,1.2142632007598877,0.15400664508342743,0.15400664508342743,0.0,281.9170227050781,0.7465924620628357,0.773353099822998,0.2865932583808899,0.3237256109714508,44.04722595214844,0.20258265733718872,13.424619674682617,0.8685035705566406,1.2340126037597656
2019,1,39.6417115840055,76.25605473990656,8703.286,1265.0,2.5795626640319824,111.057861328125,37.41423416137695,23.14414405822754,1.402279019355774,7.665499210357666,12.271488189697266,0.12208554148674011,0.12208554148674011,0.6017512083053589,317.6608581542969,0.17300604283809662,0.17300604283809662,0.06949368864297867,0.04901495203375816,7.1162495613098145,0.1918453872203827,15.098052978515625,1.2652586698532104,1.5959584712982178,0.061795562505722046,0.07061173021793365,615.224365234375,146.92677307128906,0.12435552477836609,0.2328002005815506,-0.018593376502394676,0.032894566655159,22.918378829956055,0.2075349986553192,-3.5747904777526855,0.2712985575199127,0.726078450679779,0.08214515447616577,0.10163917392492294,17.687286376953125,511.47161865234375,0.1665676236152649,0.22938038408756256,-0.006597909610718489,0.05035461112856865,12.90462589263916,0.167304128408432,13.3455228805542,1.2960288524627686,2.073662757873535,0.12138128280639648,0.13333965837955475,4.185565948486328,358.28057861328125,0.41009238362312317,0.5704637765884399,0.11976936459541321,0.12004415690898895,22.297679901123047,0.17758361995220184,16.86166763305664,1.570397973060608,2.323413133621216,0.1509282886981964,0.1509282886981964,0.0,429.1333312988281,0.6513504385948181,0.7485098838806152,0.30145129561424255,0.30665579438209534,20.413442611694336,0.1766233593225479,20.434921264648438,1.9023977518081665,2.437774181365967
2019,1,42.19247791421446,82.7123336459782,8770.877,1619.0,3.8625402450561523,256.1275939941406,31.471010208129883,18.87468147277832,1.388178825378418,8.085758209228516,17.069385528564453,0.10949710011482239,0.10949710011482239,0.6859594583511353,181.11956787109375,0.6009749174118042,0.6009749174118042,0.08086507022380829,0.13816413283348083,15.127001762390137,0.21858394145965576,8.592076301574707,0.7219877243041992,0.9767839312553406,0.03620792180299759,0.051339730620384216,1309.693603515625,26.895078659057617,0.18402746319770813,0.26120415329933167,-0.06078174337744713,0.037041354924440384,36.403526306152344,0.2726708948612213,-9.79235553741455,0.14660219848155975,0.35531824827194214,0.05509614944458008,0.06557843089103699,23.320499420166016,233.57875061035156,0.21842846274375916,0.29916122555732727,-0.05986608564853668,0.04769524186849594,46.9897575378418,0.23092477023601532,5.682655334472656,0.5964899063110352,0.9457605481147766,0.10844966024160385,0.12960204482078552,5.117318153381348,178.99908447265625,0.5773809552192688,0.5976061820983887,0.16282927989959717,0.1530059427022934,24.710763931274414,0.2640817165374756,8.280083656311035,0.7663316130638123,1.2886755466461182,0.1611795425415039,0.1611795425415039,0.0,272.1240234375,0.6516824960708618,0.6516824960708618,0.23250910639762878,0.20951592922210693,55.852996826171875,0.2526053488254547,12.95828628540039,0.8809491395950317,1.280052661895752
2019,1,39.618265630666464,75.785784565507,8847.547,1664.0,2.2103941440582275,147.01280212402344,32.51984405517578,24.720897674560547,1.3851758241653442,7.900000095367432,14.499409675598145,0.10243707150220871,0.10243707150220871,0.18981054425239563,278.4562683105469,0.15099026262760162,0.15099026262760162,0.07025497406721115,0.04097142443060875,10.858362197875977,0.1983095109462738,13.25078296661377,1.0104470252990723,1.3109182119369507,0.05238499492406845,0.06234829127788544,669.0416870117188,75.35939025878906,0.2554260492324829,0.3733503520488739,0.09227477014064789,0.07499188929796219,31.985610961914062,0.20103347301483154,-4.531926155090332,0.24790433049201965,0.5833266973495483,0.07603916525840759,0.097654789686203,11.792658805847168,437.2693176269531,0.4198191463947296,0.7479296326637268,0.1132139265537262,0.12165869772434235,15.925073623657227,0.14527130126953125,11.499369621276855,1.0621817111968994,1.7598668336868286,0.11448944360017776,0.12317202240228653,2.237671136856079,317.25665283203125,0.8457735776901245,0.8680402040481567,0.45984283089637756,0.3158118426799774,27.36159324645996,0.15687376260757446,15.000904083251953,1.280458927154541,1.9213968515396118,0.1324336975812912,0.1324336975812912,0.0,386.689697265625,0.7109997272491455,0.716152012348175,0.2528611719608307,0.20696793496608734,29.373441696166992,0.15409359335899353,18.413795471191406,1.5666619539260864,2.0267114639282227
2019,1,38.93644232498828,76.32504149230442,8864.375,1264.0,2.2040774822235107,212.7331085205078,29.204444885253906,25.805280685424805,1.3635824918746948,7.5,10.674047470092773,0.09420786798000336,0.09420786798000336,2.8106627464294434,276.8218994140625,0.13804252445697784,0.13804252445697784,0.08517532050609589,0.03914713114500046,9.858808517456055,0.18211448192596436,13.0481538772583,1.02357017993927,1.3274368047714233,0.05421813949942589,0.07388591021299362,672.5066528320312,84.21887969970703,0.13524574041366577,0.27411943674087524,-0.033983249217271805,0.032987575978040695,25.707794189453125,0.19188886880874634,-4.49074649810791,0.24286934733390808,0.5844973921775818,0.06521301716566086,0.08060361444950104,15.292935371398926,449.7998046875,0.33219724893569946,0.48647215962409973,0.09414248168468475,0.09530341625213623,12.566203117370605,0.11583974212408066,11.743429183959961,1.1128746271133423,1.8355382680892944,0.09345300495624542,0.10261958837509155,3.0005393028259277,312.93267822265625,0.462748259305954,0.6432696580886841,0.21145693957805634,0.16126477718353271,32.1323356628418,0.1530935913324356,14.758672714233398,1.2488932609558105,1.8494832515716553,0.11693421751260757,0.11693421751260757,0.3260819911956787,376.1904602050781,0.36463987827301025,0.45317497849464417,0.11678411811590195,0.12824593484401703,39.48174285888672,0.16279731690883636,17.898303985595703,1.4814141988754272,1.912049412727356
2019,1,39.410212893714785,76.1628060186769,8915.852,1253.0,0.9274099469184875,-0.0,28.83906364440918,28.085935592651367,1.3899999856948853,7.5,10.047033309936523,0.11949461698532104,0.11949461698532104,0.8642425537109375,337.03662109375,0.1695948988199234,0.1695948988199234,0.08181577920913696,0.04855138063430786,6.615623950958252,0.1759084016084671,16.008209228515625,1.2947306632995605,1.64418363571167,0.06205655634403229,0.07207553833723068,460.3336181640625,140.8565216064453,0.1761089265346527,0.2613257169723511,-0.011471880599856377,0.03759336844086647,20.65612030029297,0.19191974401474,-2.4387564659118652,0.2878165543079376,0.7397202253341675,0.08176087588071823,0.10314510017633438,4.702380657196045,546.2251586914062,0.32187768816947937,0.4440693259239197,0.08510062098503113,0.09223414957523346,6.951853275299072,0.1349187195301056,14.635750770568848,1.3562270402908325,2.1728193759918213,0.12062963843345642,0.1313149333000183,0.9226271510124207,382.91021728515625,0.488362580537796,0.6095179915428162,0.2753673791885376,0.1830904632806778,19.16139793395996,0.1455002725124359,18.189884185791016,1.6298675537109375,2.3994152545928955,0.1466912180185318,0.1466912180185318,0.10026600956916809,453.3780212402344,0.2437867820262909,0.3228597342967987,0.10969985276460648,0.08346964418888092,20.914836883544922,0.14731639623641968,21.58465576171875,1.9687029123306274,2.5183677673339844
2019,1,39.61880518189395,75.91083113634878,8962.521,1543.0,3.607405185699463,270.0,32.53438949584961,22.597135543823242,1.3960745334625244,7.900000095367432,12.494956016540527,0.10797280818223953,0.10797280818223953,0.27414068579673767,290.82147216796875,0.1571987122297287,0.1571987122297287,0.07057972997426987,0.04325627163052559,9.770163536071777,0.1956331580877304,13.835586547851562,1.0849510431289673,1.3950836658477783,0.05503758043050766,0.06466258317232132,644.764892578125,95.39838409423828,0.2103976309299469,0.33223140239715576,-0.046551357954740524,0.04006069898605347,29.327373504638672,0.2020440697669983,-4.193637371063232,0.2555482089519501,0.6248571872711182,0.07783911377191544,0.09899906814098358,12.639941215515137,460.3554382324219,0.2482837438583374,0.4855549931526184,-0.025394203141331673,0.05417551100254059,14.774703979492188,0.14998653531074524,12.100419044494629,1.1320223808288574,1.8545796871185303,0.1165819764137268,0.12613318860530853,2.5833637714385986,330.43365478515625,0.6343966722488403,0.68909752368927,0.2604374289512634,0.21141542494297028,25.710874557495117,0.16105236113071442,15.611918449401855,1.3668954372406006,2.0411503314971924,0.13763083517551422,0.13763083517551422,0.0,400.33038330078125,0.5875192284584045,0.6708074808120728,0.2013378143310547,0.1906680315732956,26.72906494140625,0.1588073968887329,19.063350677490234,1.6670386791229248,2.1496388912200928
2019,1,36.53012411430464,81.88256182644773,8962.629,2127.0,2.9588050842285156,308.783447265625,40.2999153137207,17.370351791381836,1.2855526208877563,7.79504919052124,14.640164375305176,0.060018766671419144,0.060018766671419144,0.0,339.6099853515625,0.6297798752784729,0.6297798156738281,0.144892156124115,0.17715708911418915,2.6410586833953857,0.03586167097091675,16.171903610229492,1.463768482208252,1.9298243522644043,0.04135651886463165,0.047594811767339706,382.21087646484375,143.672607421875,0.16782008111476898,0.3880142271518707,-0.07869689911603928,0.045311424881219864,19.321577072143555,0.07182051241397858,-1.820902705192566,0.33341655135154724,0.8519054055213928,0.047765832394361496,0.04844530299305916,0.0,575.2332763671875,0.3408753573894501,0.6015022993087769,0.09346641600131989,0.12322644144296646,5.7101545333862305,0.029691455885767937,15.546846389770508,1.5408440828323364,2.588207960128784,0.05754424259066582,0.058014221489429474,0.0,394.05755615234375,0.802921712398529,0.8150579333305359,0.34796956181526184,0.3790746033191681,2.626727342605591,0.030723806470632553,18.764644622802734,1.8268969058990479,2.8119935989379883,0.06666062027215958,0.06666062027215958,0.0,423.4323425292969,0.75,0.75,0.34204792976379395,0.3465000092983246,42.563690185546875,0.05901828780770302,20.16344451904297,1.5456525087356567,2.6181888580322266
2019,1,43.774410899440184,80.79272631527819,8966.688,657.0,1.2842758893966675,270.0,29.77846908569336,13.841263771057129,1.3818315267562866,8.045343399047852,34.227725982666016,0.1708149015903473,0.1708149015903473,1.566079020500183,174.8187713623047,0.09371411055326462,0.09371409565210342,-0.06127622351050377,0.03122554160654545,41.31633758544922,0.32763558626174927,8.250128746032715,0.4883880615234375,0.7854922413825989,0.010516941547393799,0.06439270824193954,1269.5609130859375,0.7324145436286926,0.18667301535606384,0.20132559537887573,0.04903443902730942,0.03868335112929344,102.99337768554688,0.33451971411705017,-9.685713768005371,0.12635546922683716,0.310250848531723,0.15645205974578857,0.19826024770736694,19.173994064331055,154.3687286376953,0.27373823523521423,0.4526129364967346,0.0016818103613331914,0.0815192461013794,105.59115600585938,0.3841966390609741,3.653911828994751,0.2767321765422821,0.6016758680343628,0.24768054485321045,0.26646825671195984,4.294652938842773,152.07333374023438,0.3487124443054199,0.45820239186286926,0.06887754052877426,0.1241297721862793,57.69983673095703,0.370685338973999,7.037079811096191,0.4364950954914093,0.7145259380340576,0.32225432991981506,0.32225432991981506,0.0,224.8443145751953,0.20475438237190247,0.2284417599439621,-0.0424199253320694,0.057005625218153,116.67375946044922,0.38357916474342346,10.70687198638916,0.413156121969223,0.7061672210693359
2019,1,37.58573602488899,78.25758913426155,8977.308,1400.0,1.4930241107940674,51.60527038574219,37.12255096435547,21.871152877807617,1.3668054342269897,7.621245861053467,13.094293594360352,0.07086186110973358,0.07086186110973358,0.0,377.7025451660156,0.6674418449401855,0.6674418449401855,0.25158193707466125,0.19142231345176697,1.557472825050354,0.03161837160587311,17.985836029052734,1.6119104623794556,2.031935214996338,0.04797440022230148,0.05136672407388687,363.38726806640625,189.1722869873047,0.204279363155365,0.26443958282470703,-0.06154980883002281,0.046755850315093994,12.450321197509766,0.0814182460308075,-1.3298852443695068,0.3298489451408386,0.9292720556259155,0.0662684217095375,0.06952055543661118,0.0,646.75048828125,0.24129481613636017,0.7565175890922546,-8.589983190177009E-5,0.06498868763446808,3.183520793914795,0.021457169204950333,17.47974395751953,1.7076102495193481,2.684272527694702,0.0800914466381073,0.08384087681770325,0.0,435.9372863769531,0.6329910159111023,0.7561897039413452,0.3003784716129303,0.2337217479944229,2.5275816917419434,0.023325692862272263,20.75891876220703,2.00834059715271,2.8926312923431396,0.0852360799908638,0.0852360799908638,0.0,470.91168212890625,0.7793324589729309,0.8256141543388367,0.3573055565357208,0.3235314190387726,25.67839813232422,0.048702042549848557,22.424365997314453,1.873201608657837,2.732093095779419
2019,1,38.950996830826725,76.11456746348072,8979.024,1304.0,3.018868923187256,52.12841033935547,28.07184410095215,24.614347457885742,1.4199999570846558,7.300000190734863,11.127645492553711,0.09047338366508484,0.09047338366508484,6.029670715332031,240.10816955566406,0.1339309960603714,0.1339309960603714,0.08410580456256866,0.03755561634898186,12.326312065124512,0.20644624531269073,11.146595001220703,0.9001428484916687,1.1801869869232178,0.05270501971244812,0.0722661092877388,850.851318359375,68.49114990234375,0.21316304802894592,0.30737942457199097,-0.03043881617486477,0.05265127122402191,29.535966873168945,0.2109317034482956,-5.972214698791504,0.22166313230991364,0.5278169512748718,0.06435635685920715,0.08022048324346542,32.80769348144531,388.9633483886719,0.27476590871810913,0.5675907731056213,0.004186597652733326,0.07060032337903976,15.667845726013184,0.1394699215888977,9.62582778930664,0.9783356785774231,1.6338655948638916,0.09259752184152603,0.1010693833231926,6.437009811401367,273.48846435546875,0.6255382895469666,0.7593883275985718,0.26987719535827637,0.2302381694316864,35.8763313293457,0.17095132172107697,12.71673583984375,1.1104987859725952,1.6612623929977417,0.1134004220366478,0.1134004220366478,0.6995385885238647,333.0037536621094,0.5083782076835632,0.6193082928657532,0.1471489816904068,0.17537042498588562,46.65165328979492,0.18349741399288177,15.824010848999023,1.3185001611709595,1.7205053567886353
2019,1,41.12851410735701,79.802872767929,8999.452,1206.0,2.6297037601470947,69.36274719238281,25.63984489440918,23.043407440185547,1.4097237586975098,7.899655342102051,15.10110855102539,0.10604831576347351,0.10604831576347351,0.0,224.36746215820312,0.15332596004009247,0.15332596004009247,0.07987372577190399,0.04273392632603645,7.736082553863525,0.1704849898815155,10.684165000915527,0.7510931491851807,0.9842595458030701,0.05238517373800278,0.06917854398488998,1040.5406494140625,32.4320068359375,0.1530384123325348,0.20281772315502167,-0.08145785331726074,0.03687232360243797,30.092967987060547,0.23623983561992645,-7.695486068725586,0.17325489223003387,0.40031692385673523,0.06245730072259903,0.08128927648067474,8.979896545410156,304.72027587890625,0.1863834410905838,0.46764570474624634,-0.03773326426744461,0.04740195348858833,26.00922393798828,0.14428582787513733,7.992982864379883,0.7097055315971375,1.1914297342300415,0.10482846200466156,0.11693720519542694,3.5659829154610634E-4,229.92794799804688,0.5764869451522827,0.6543515920639038,0.2577800154685974,0.21639218926429749,22.34170150756836,0.16784727573394775,10.948932647705078,0.9125059247016907,1.452135443687439,0.13156969845294952,0.13156969845294952,0.0,317.74871826171875,0.730434775352478,0.7794715166091919,0.3147711157798767,0.2674294412136078,37.51536178588867,0.16472914814949036,15.130890846252441,1.003458857536316,1.437035322189331
2019,1,39.04747394121908,76.51961882587258,9008.859,1227.0,1.1940871477127075,90.0,22.737062454223633,25.868066787719727,1.4097412824630737,6.702587604522705,13.636750221252441,0.10710514336824417,0.10710514336824417,0.0,327.9367370605469,0.15339432656764984,0.15339432656764984,0.08516213297843933,0.04422784224152565,6.574825763702393,0.15974678099155426,15.616034507751465,1.2360817193984985,1.576996088027954,0.05875847861170769,0.07575074583292007,470.01007080078125,124.27554321289062,0.16215312480926514,0.27416297793388367,0.009509122930467129,0.03605417534708977,19.887357711791992,0.1777370274066925,-2.639194965362549,0.27551665902137756,0.6956107020378113,0.07152862101793289,0.08802701532840729,0.0,535.0368041992188,0.43600210547447205,0.7251594066619873,0.138152077794075,0.14151957631111145,8.021965026855469,0.10594271123409271,14.460454940795898,1.322513222694397,2.1337358951568604,0.10282687842845917,0.11342936009168625,0.0,369.1413269042969,0.7106572389602661,0.7673377990722656,0.38287419080734253,0.2762070596218109,24.78209686279297,0.13953614234924316,17.578157424926758,1.5097872018814087,2.214777708053589,0.13089333474636078,0.13089333474636078,0.0,437.23504638671875,0.2660667896270752,0.385967880487442,0.09517484158277512,0.0874391719698906,27.574106216430664,0.14538003504276276,20.820716857910156,1.7951843738555908,2.295893430709839
2019,1,41.889294715388566,81.71250954867352,9084.207,1458.0,3.704791784286499,-0.0,29.34894561767578,19.692235946655273,1.3810691833496094,8.025825500488281,14.470386505126953,0.11374323070049286,0.11374323070049286,8.95589542388916,184.1676483154297,0.1823413074016571,0.1823413074016571,0.11287855356931686,0.04871602728962898,19.273225784301758,0.22145791351795197,8.343416213989258,0.675451934337616,0.8688859343528748,0.0478324368596077,0.06631296873092651,1281.53271484375,12.70290470123291,0.21850664913654327,0.31269192695617676,-0.018163785338401794,0.05812276899814606,42.09526443481445,0.25336867570877075,-9.685723304748535,0.15661409497261047,0.3625405430793762,0.06278246641159058,0.08122855424880981,56.07472229003906,253.6619873046875,0.2146705687046051,0.287404328584671,-0.00641521206125617,0.060003988444805145,54.638694763183594,0.21794910728931427,5.340196132659912,0.5931748747825623,0.9751294851303101,0.11903450638055801,0.1362128108739853,15.67796516418457,188.4240264892578,0.6466861963272095,0.7678773999214172,0.29712092876434326,0.2185152769088745,25.097944259643555,0.2365196794271469,8.226003646850586,0.7633402347564697,1.2459008693695068,0.16314685344696045,0.16314685344696045,0.2489636391401291,267.313720703125,0.6636481285095215,0.77073734998703,0.2924623191356659,0.21336287260055542,55.797462463378906,0.23522000014781952,12.717369079589844,0.8830968141555786,1.2674858570098877
2019,1,41.268917822226854,79.25148708626621,9098.076,1378.0,2.2268121242523193,213.633056640625,28.27287483215332,21.992971420288086,1.366568922996521,7.9241108894348145,19.2900447845459,0.08352179825305939,0.08352179825305939,0.5817224979400635,168.10150146484375,0.12668439745903015,0.12668439745903015,0.0997081845998764,0.03407103568315506,11.114277839660645,0.18879453837871552,7.977132797241211,0.5864546895027161,0.7680714130401611,0.040355198085308075,0.05635974183678627,1357.8580322265625,12.152828216552734,0.1815476417541504,0.4493046700954437,-0.042001135647296906,0.05224769189953804,34.8648681640625,0.24255335330963135,-10.272558212280273,0.1364719420671463,0.29866987466812134,0.050303198397159576,0.0632205605506897,36.005619049072266,210.9132080078125,0.28782713413238525,0.3808463215827942,0.03196677565574646,0.07662096619606018,30.096466064453125,0.1503165364265442,4.727232456207275,0.5254102945327759,0.924598753452301,0.08280938863754272,0.09307990968227386,7.621372222900391,165.99131774902344,0.6973047852516174,0.7511454224586487,0.36588698625564575,0.27274090051651,26.878704071044922,0.178558811545372,7.541425704956055,0.6770377159118652,1.1528539657592773,0.10476946085691452,0.10476946085691452,0.0,251.7244415283203,0.6103687286376953,0.6407312750816345,0.2906315326690674,0.2124072164297104,41.54497528076172,0.18263767659664154,11.986878395080566,0.7665843367576599,1.0993602275848389
2019,1,41.813298256134686,84.17838351302699,9123.824,990.0,3.0451996326446533,204.09585571289062,33.31435775756836,25.123136520385742,1.4199999570846558,8.063368797302246,12.940726280212402,0.11480538547039032,0.11480538547039032,0.3391701579093933,302.3504638671875,0.7517576217651367,0.767289400100708,0.24238497018814087,0.1962318867444992,6.878958225250244,0.10489343851804733,14.381489753723145,1.2750766277313232,1.6475892066955566,0.04512536898255348,0.05892576277256012,908.8392333984375,95.30908203125,0.22851692140102386,0.36206015944480896,0.004765741527080536,0.05739479884505272,21.029735565185547,0.1551981121301651,-6.210153579711914,0.2192886918783188,0.6439891457557678,0.05710778757929802,0.07639820873737335,11.69266414642334,452.2984924316406,0.3845335841178894,0.6023337244987488,0.06735733896493912,0.10955559462308884,22.606613159179688,0.11860013008117676,11.908266067504883,1.1174993515014648,1.7324755191802979,0.10117433220148087,0.1175561398267746,2.4339001178741455,306.36865234375,0.7090355157852173,0.7403092384338379,0.3197765350341797,0.2722472846508026,28.292409896850586,0.16743291914463043,14.47308349609375,1.3019018173217773,2.2356321811676025,0.13976989686489105,0.13976989686489105,0.0,419.77203369140625,0.6435573697090149,0.6582961678504944,0.3136316239833832,0.2316991239786148,33.554481506347656,0.12795743346214294,19.989145278930664,1.7383358478546143,2.4009852409362793
2019,1,43.57686826367148,82.2781777310105,9152.68,765.0,1.8543341159820557,180.0,28.04562759399414,21.948774337768555,1.3874977827072144,8.005960464477539,22.59134864807129,0.18876154720783234,0.18876154720783234,0.0,193.07008361816406,0.27125346660614014,0.27205386757850647,-0.20807062089443207,0.05110454931855202,48.404876708984375,0.33353903889656067,9.19381332397461,0.4688456058502197,0.7355630397796631,0.009015101939439774,0.07123412191867828,1132.585693359375,3.8460426330566406,0.14704197645187378,0.14752252399921417,-0.07528125494718552,0.02993784286081791,92.55391693115234,0.3371526002883911,-8.6163330078125,0.1251159906387329,0.2939702272415161,0.1792587786912918,0.23880401253700256,3.7230916023254395,192.17709350585938,0.1848369538784027,0.41280972957611084,-0.04023721441626549,0.0535842590034008,123.00041961669922,0.36561933159828186,5.093351364135742,0.29841139912605286,0.6095045804977417,0.29843246936798096,0.3166438341140747,0.0,179.50843811035156,0.5630732178688049,0.6497772932052612,0.24813567101955414,0.18972152471542358,54.93561935424805,0.3578917980194092,8.548020362854004,0.4565872848033905,0.7619890570640564,0.38398465514183044,0.38398465514183044,0.0,261.9825744628906,0.4632030725479126,0.6089702844619751,0.12696021795272827,0.11820891499519348,106.88511657714844,0.3669728636741638,12.475360870361328,0.47197070717811584,0.7066475749015808
2019,1,39.26953717368068,76.83546587169026,9155.552,1201.0,2.567594051361084,111.1608657836914,16.284873962402344,28.201120376586914,1.3935750722885132,6.158687114715576,16.018503189086914,0.1278804987668991,0.1278804987668991,0.0,376.8453674316406,0.17905235290527344,0.17905235290527344,0.07992593199014664,0.052131619304418564,3.5225822925567627,0.12997284531593323,17.945018768310547,1.5249322652816772,1.9327694177627563,0.06585078686475754,0.0770176351070404,360.1838684082031,193.09226989746094,0.17110766470432281,0.25363582372665405,-0.03589560091495514,0.04549752548336983,13.616290092468262,0.15739266574382782,-1.2755084037780762,0.31174367666244507,0.869723916053772,0.08452097326517105,0.10441301763057709,0.0,620.3817138671875,0.3371804356575012,0.443061500787735,0.13758763670921326,0.12116535007953644,3.7345499992370605,0.10565511137247086,16.767074584960938,1.5745818614959717,2.4372732639312744,0.12193340808153152,0.13420817255973816,0.0,424.1739196777344,0.7009081840515137,0.726335883140564,0.4006980359554291,0.2953627109527588,13.737937927246094,0.1197558268904686,20.19875717163086,1.8744897842407227,2.75036358833313,0.1545022875070572,0.1545022875070572,0.0,494.4478454589844,0.5150496959686279,0.6104692220687866,0.17405813932418823,0.18588845431804657,14.14136028289795,0.12282652407884598,23.545135498046875,2.20388126373291,2.8408637046813965
2019,1,42.29138077557989,86.2281609216792,9175.427,1092.0,0.0,-0.0,28.035663604736328,20.311080932617188,1.429091215133667,8.090911865234375,19.68290901184082,0.10456843674182892,0.10456843674182892,0.49235159158706665,210.93223571777344,0.3454289436340332,0.37314268946647644,-0.0675186887383461,0.08545337617397308,9.117447853088379,0.18831394612789154,10.020946502685547,0.7809439897537231,1.0183980464935303,0.04509958624839783,0.05746305733919144,1205.3485107421875,27.670040130615234,0.16390424966812134,0.20158103108406067,-0.05985361710190773,0.05236244574189186,19.897315979003906,0.22308814525604248,-8.989912033081055,0.17058445513248444,0.45076876878738403,0.06188122183084488,0.0736299678683281,17.89362907409668,253.93211364746094,0.28042569756507874,0.4397376477718353,-0.044358525425195694,0.07759378850460052,31.150577545166016,0.2118898183107376,6.37941837310791,0.6062527894973755,1.0803934335708618,0.11108946800231934,0.13668164610862732,2.071375608444214,202.30299377441406,0.5171518325805664,0.5397033095359802,0.12569323182106018,0.17223992943763733,39.016845703125,0.25806382298469543,9.534839630126953,0.7900997400283813,1.4712071418762207,0.1647958755493164,0.1647958755493164,0.0,322.3417663574219,0.4502640962600708,0.45548015832901,0.03771877661347389,0.1575460135936737,52.730533599853516,0.22564402222633362,15.349607467651367,1.018574595451355,1.499740481376648
2019,1,38.20126141610455,77.2359332781992,9201.619,1276.0,0.9274099469184875,-0.0,34.09889221191406,21.78251075744629,1.3700000047683716,7.492573261260986,9.9320068359375,0.09334927797317505,0.09334927797317505,0.0,324.312255859375,0.14227059483528137,0.14227059483528137,0.04088357090950012,0.038563523441553116,5.610363483428955,0.14554768800735474,15.443440437316895,1.2281813621520996,1.525447964668274,0.055523693561553955,0.07039813697338104,487.3736572265625,129.66184997558594,0.17714980244636536,0.26850032806396484,-0.056502677500247955,0.03723516687750816,18.673921585083008,0.1839061826467514,-2.7306244373321533,0.2784056067466736,0.7187486886978149,0.07980679720640182,0.09681808203458786,1.4291595220565796,539.10791015625,0.3649173974990845,0.649666428565979,0.09384735673666,0.10250529646873474,6.8755621910095215,0.10386751592159271,14.531858444213867,1.3493244647979736,2.1458423137664795,0.10375408083200455,0.11111825704574585,0.0,367.4891662597656,0.7157939076423645,0.7328504323959351,0.4002409875392914,0.29082706570625305,17.022939682006836,0.12946897745132446,17.499483108520508,1.4922361373901367,2.1440892219543457,0.11866506934165955,0.11866506934165955,0.0,422.39837646484375,0.6019955277442932,0.6392467617988586,0.21951887011528015,0.20724420249462128,25.916160583496094,0.13844051957130432,20.114208221435547,1.6095694303512573,2.1815195083618164
2019,1,38.84966375938718,76.08708156458728,9202.537,1378.0,3.686114549636841,255.4473114013672,28.25901222229004,27.0540714263916,1.3794879913330078,7.599999904632568,13.530495643615723,0.0840543583035469,0.0840543583035469,7.655266284942627,214.56434631347656,0.12604215741157532,0.12604215741157532,0.08461394160985947,0.03512373939156532,13.850375175476074,0.21641729772090912,9.852813720703125,0.8026162385940552,1.0648318529129028,0.050636980682611465,0.07231021672487259,961.135498046875,52.34659957885742,0.24658387899398804,0.39318689703941345,0.09389698505401611,0.057396892458200455,31.765703201293945,0.21803060173988342,-6.937319755554199,0.2046520709991455,0.47690773010253906,0.06050511822104454,0.07514689117670059,41.65262985229492,347.6274108886719,0.16391298174858093,0.24105460941791534,0.029449988156557083,0.049202077090740204,17.926244735717773,0.14439332485198975,8.269588470458984,0.8824160099029541,1.4950896501541138,0.08639400452375412,0.09437678009271622,8.17242431640625,244.82142639160156,0.5713653564453125,0.7122849225997925,0.31125858426094055,0.22182029485702515,39.99534606933594,0.17969611287117004,11.269000053405762,0.9841464161872864,1.4825588464736938,0.10603614151477814,0.10603614151477814,0.8881337642669678,301.4012756347656,0.37445613741874695,0.4291209876537323,0.13866093754768372,0.1048821285367012,53.16640090942383,0.19513528048992157,14.310149192810059,1.1608319282531738,1.5282553434371948
2019,1,41.332517980552154,80.30278258703082,9210.255,1252.0,2.6368885040283203,69.42161560058594,32.05678176879883,22.531213760375977,1.415964961051941,8.0,14.812223434448242,0.1185627281665802,0.1185627281665802,0.0,181.41094970703125,0.17065006494522095,0.17065006494522095,0.06960377842187881,0.04748082533478737,8.24724292755127,0.20001712441444397,8.638616561889648,0.619254469871521,0.8050125241279602,0.05738787353038788,0.07879585027694702,1179.9688720703125,19.703115463256836,0.160354882478714,0.23640009760856628,-0.07852845638990402,0.04063495248556137,36.06909942626953,0.27779102325439453,-8.856989860534668,0.1605549156665802,0.3216094970703125,0.07011488080024719,0.09528107196092606,11.215140342712402,228.85646057128906,0.1560235321521759,0.18727096915245056,-0.06900300830602646,0.046451862901449203,37.01801300048828,0.1918710172176361,5.882197856903076,0.584247350692749,0.9699771404266357,0.1243182048201561,0.1372682899236679,1.336356217507273E-4,183.8819580078125,0.3800526261329651,0.3934057056903839,-0.012740014120936394,0.13050401210784912,25.182655334472656,0.2116163671016693,8.756277084350586,0.7495567798614502,1.1639691591262817,0.15514615178108215,0.15514615178108215,0.0,273.7720642089844,0.4072924852371216,0.43283581733703613,-0.0018756324425339699,0.14776571094989777,45.36167907714844,0.2049349993467331,13.036764144897461,0.8321430087089539,1.1818777322769165
2019,1,41.320661230851044,80.2774504339462,9293.413,1237.0,2.227353096008301,213.65399169921875,31.29454231262207,22.980493545532227,1.4198639392852783,8.0,13.96308708190918,0.11767300963401794,0.11767300963401794,0.0,184.2079315185547,0.16946515440940857,0.16946515440940857,0.0703611746430397,0.0471363440155983,8.21634578704834,0.19864359498023987,8.771806716918945,0.6282274723052979,0.8164488077163696,0.056953929364681244,0.07807976007461548,1171.62451171875,20.79092788696289,0.16649416089057922,0.300629585981369,-0.07590653002262115,0.043124765157699585,35.646148681640625,0.2757449150085449,-8.784989356994629,0.16138382256031036,0.3265153467655182,0.06953942030668259,0.0942612960934639,11.09273624420166,233.73130798339844,0.19656246900558472,0.2614566385746002,-0.05056934058666229,0.058947768062353134,36.28438186645508,0.18959979712963104,6.017258644104004,0.5928540825843811,0.9853563904762268,0.123018778860569,0.1359533965587616,1.4869110600557178E-4,186.9239959716797,0.7259472608566284,0.74640953540802,0.2580377459526062,0.31019774079322815,24.917943954467773,0.20939290523529053,8.901135444641113,0.7614272832870483,1.1832947731018066,0.15362443029880524,0.15362443029880524,0.0,276.7257080078125,0.7865828275680542,0.7975854873657227,0.2941533625125885,0.3351629376411438,44.68389129638672,0.20283998548984528,13.177414894104004,0.8447756171226501,1.1997195482254028
2019,1,39.448480898955474,76.75892986120893,9308.578,1209.0,2.7802884578704834,180.0,14.531983375549316,25.798843383789062,1.4149407148361206,7.199999809265137,11.83351993560791,0.13847769796848297,0.13847769796848297,0.0,393.7783508300781,0.19138306379318237,0.19138306379318237,0.08408430963754654,0.05632845684885979,2.586914539337158,0.13238808512687683,18.75135040283203,1.617661476135254,2.040689706802368,0.0692656934261322,0.07761052250862122,320.79962158203125,215.6836700439453,0.2240246832370758,0.4095115065574646,0.0789879560470581,0.07160927355289459,11.386842727661133,0.16150759160518646,-0.8024117946624756,0.3234666883945465,0.9205344319343567,0.08871957659721375,0.10972803831100464,0.0,647.8484497070312,0.38739538192749023,0.6734693646430969,0.1774163842201233,0.13706344366073608,2.057692050933838,0.11822271347045898,17.509418487548828,1.65289306640625,2.547111749649048,0.12976528704166412,0.14325809478759766,0.0,443.3811950683594,0.6819660067558289,0.7164589166641235,0.39824968576431274,0.2711173892021179,10.728654861450195,0.12463465332984924,21.11338996887207,2.0001845359802246,2.9366445541381836,0.16596673429012299,0.16596673429012299,0.0,516.2992553710938,0.5093988180160522,0.5952491760253906,0.2081298679113388,0.19620536267757416,9.228754997253418,0.12683241069316864,24.58568000793457,2.3763604164123535,3.0462985038757324
2019,1,39.738460699562104,76.20161357514505,9312.671,1287.0,3.029819965362549,156.56419372558594,32.744529724121094,23.767440795898438,1.3724299669265747,7.9195876121521,10.12678337097168,0.11482949554920197,0.11482949554920197,0.9392989277839661,280.7258605957031,0.1647951304912567,0.1647951304912567,0.06102019548416138,0.045735880732536316,9.176361083984375,0.20870067179203033,13.323169708251953,1.1250516176223755,1.4251089096069336,0.05791999027132988,0.06750284135341644,791.477294921875,122.8058090209961,0.16015250980854034,0.24820047616958618,-0.050861723721027374,0.0389811210334301,28.071298599243164,0.21925753355026245,-5.104362487792969,0.24449096620082855,0.6505925059318542,0.07840653508901596,0.09628227353096008,29.058300018310547,446.47021484375,0.5560490489006042,0.6825795769691467,0.18525703251361847,0.17603586614131927,19.157485961914062,0.1849321573972702,11.281402587890625,1.141771912574768,1.8494917154312134,0.11619164049625397,0.12791810929775238,6.747437477111816,315.39202880859375,0.7845861911773682,0.8563632369041443,0.4293266832828522,0.3376564085483551,28.132043838500977,0.1984822154045105,14.69736099243164,1.3820416927337646,2.0642237663269043,0.1445310413837433,0.1445310413837433,0.0,384.7099914550781,0.38287442922592163,0.4939303994178772,0.08056507259607315,0.10617134720087051,25.807010650634766,0.1964549571275711,18.319522857666016,1.6793371438980103,2.164534091949463
2019,1,37.42430764855214,78.12796306663788,9348.129,1684.0,3.6195363998413086,104.82720947265625,32.90652847290039,25.959877014160156,1.365478754043579,7.699999809265137,27.617563247680664,0.0675734356045723,0.0675734356045723,1.3400799036026,339.2105712890625,0.7426623106002808,0.7426623106002808,0.36285650730133057,0.2182684689760208,3.6252071857452393,0.059864342212677,16.08907127380371,1.4135600328445435,1.7774162292480469,0.04667454957962036,0.05042131245136261,471.3681640625,148.89053344726562,0.24516542255878448,0.37057727575302124,0.024734485894441605,0.05770786106586456,16.69870376586914,0.10443039983510971,-2.4616613388061523,0.30268213152885437,0.8204846382141113,0.06337394565343857,0.06746000051498413,4.282825946807861,579.5306396484375,0.2649802565574646,0.7739694118499756,0.025214502587914467,0.06922604143619537,5.090956687927246,0.036415815353393555,15.54723834991455,1.5207021236419678,2.420076847076416,0.07744663208723068,0.08168089389801025,0.5029994249343872,392.40069580078125,0.602325975894928,0.8735777735710144,0.26912277936935425,0.2017979472875595,6.242403984069824,0.04083986207842827,18.661794662475586,1.751578688621521,2.530952215194702,0.08315139263868332,0.08315139263868332,0.18330495059490204,428.7461853027344,0.7713489532470703,0.8528684973716736,0.3280166685581207,0.282091349363327,30.901275634765625,0.06992468237876892,20.407756805419922,1.6412469148635864,2.3996496200561523
2019,1,39.4953728056335,75.63971779229928,9378.155,1467.0,0.0,-0.0,33.424285888671875,25.777124404907227,1.3644649982452393,7.800000190734863,12.028499603271484,0.09870027005672455,0.09870027005672455,0.11671484261751175,291.2353515625,0.14672791957855225,0.14672791957855225,0.07578400522470474,0.039679594337940216,10.272839546203613,0.18710476160049438,13.862792015075684,1.0034523010253906,1.3159528970718384,0.053613826632499695,0.06296395510435104,529.3485107421875,58.57701873779297,0.1996246576309204,0.22708038985729218,0.0015667688567191362,0.044280968606472015,31.717283248901367,0.1861211359500885,-3.5936756134033203,0.26168400049209595,0.5801669359207153,0.07706835120916367,0.10115569829940796,0.6350504159927368,460.65997314453125,0.5622880458831787,0.798583447933197,0.2570000886917114,0.21122844517230988,11.44827938079834,0.11513524502515793,12.433106422424316,1.083680510520935,1.8058971166610718,0.11602042615413666,0.12281441688537598,0.12459960579872131,335.82366943359375,0.8948436975479126,0.8985595703125,0.524352490901947,0.4176235496997833,23.69386863708496,0.12450342625379562,15.98567008972168,1.3027163743972778,1.9478626251220703,0.12705636024475098,0.12705636024475098,0.01354079507291317,405.28106689453125,0.5221799612045288,0.6982682943344116,0.1615086942911148,0.12542761862277985,29.055578231811523,0.1220429539680481,19.29845428466797,1.5969661474227905,2.061504602432251
2019,1,39.38676694037577,76.44119661564564,9405.219,1237.0,0.9274099469184875,-0.0,19.3507137298584,24.155010223388672,1.3958038091659546,7.099999904632568,12.833635330200195,0.13038420677185059,0.13038420677185059,0.1903473436832428,369.3565979003906,0.18170717358589172,0.18170717358589172,0.08458252996206284,0.05314663052558899,4.224771499633789,0.16391199827194214,17.579345703125,1.4646512269973755,1.838408350944519,0.06638885289430618,0.07637462764978409,371.9419860839844,182.64212036132812,0.17510546743869781,0.23647145926952362,0.025910506024956703,0.045103494077920914,14.640138626098633,0.18894122540950775,-1.4450371265411377,0.30671563744544983,0.82990562915802,0.08461562544107437,0.10492444783449173,1.0356879234313965,603.798583984375,0.36041390895843506,0.6495559811592102,0.09334522485733032,0.10130921006202698,3.9338629245758057,0.13730186223983765,16.290889739990234,1.5203075408935547,2.3999602794647217,0.1238340511918068,0.13643938302993774,0.203206405043602,416.9176940917969,0.7073403596878052,0.7671409845352173,0.43745818734169006,0.3042580485343933,15.6768159866333,0.14909061789512634,19.843547821044922,1.8234208822250366,2.666639804840088,0.15718914568424225,0.15718914568424225,0.022083347663283348,489.1530456542969,0.4287360906600952,0.5798432230949402,0.21913723647594452,0.14509810507297516,14.70009994506836,0.15163591504096985,23.291950225830078,2.1922309398651123,2.7908644676208496
2019,1,41.05628558849329,80.26505413301761,9419.947,1086.0,3.0780115127563477,307.01873779296875,25.920082092285156,24.127208709716797,1.4073214530944824,7.599999904632568,17.108715057373047,0.11987393349409103,0.11987393349409103,0.0,240.90797424316406,0.1699417531490326,0.1699417531490326,0.06243683770298958,0.04814288392663002,5.957798480987549,0.18548208475112915,11.471808433532715,0.8226110935211182,1.0618157386779785,0.05684022977948189,0.074882872402668,940.4097290039062,51.16176223754883,0.15690977871418,0.27476125955581665,-0.057511959224939346,0.03783094882965088,26.883596420288086,0.24684055149555206,-6.78815221786499,0.19029544293880463,0.451913446187973,0.06641613692045212,0.08781023323535919,7.527362823486328,343.59210205078125,0.17975565791130066,0.22328482568264008,-0.03463345393538475,0.04951932281255722,26.146541595458984,0.17364661395549774,9.082830429077148,0.8061831593513489,1.319046139717102,0.11556245386600494,0.1296740025281906,1.0635859507601708E-4,254.85922241210938,0.7155826091766357,0.7178460359573364,0.33248159289360046,0.28306275606155396,19.227510452270508,0.1935826689004898,12.136148452758789,1.0421198606491089,1.5738054513931274,0.14923803508281708,0.14923803508281708,0.0,340.69854736328125,0.6915799379348755,0.7492083311080933,0.2703374922275543,0.24730898439884186,35.379737854003906,0.18884199857711792,16.22374153137207,1.131340742111206,1.6128185987472534
2019,1,41.219332618512546,80.26667278670001,9445.143,1128.0,3.704791784286499,180.0,29.930530548095703,21.285612106323242,1.4199999570846558,7.784427642822266,14.57648754119873,0.11827260255813599,0.11827260255813599,0.0,205.9984893798828,0.1693505346775055,0.1693505346775055,0.06759902834892273,0.04742589592933655,7.368185043334961,0.19341228902339935,9.809452056884766,0.7027836441993713,0.9105800986289978,0.056803878396749496,0.07671298086643219,1083.5255126953125,32.364234924316406,0.21045538783073425,0.36477556824684143,-0.019748704507946968,0.05602638050913811,32.28057098388672,0.264490008354187,-8.024131774902344,0.1723480224609375,0.374390572309494,0.06823474168777466,0.09160850197076797,9.735882759094238,275.81768798828125,0.21530768275260925,0.2888212203979492,0.002658204874023795,0.06237063184380531,32.33068084716797,0.18311119079589844,7.191400051116943,0.6743717193603516,1.1133403778076172,0.11992377042770386,0.13329297304153442,1.3664430298376828E-4,212.95672607421875,0.6956704258918762,0.7068818807601929,0.28498375415802,0.2840251326560974,22.7342472076416,0.20296742022037506,10.140789985656738,0.8688264489173889,1.3333933353424072,0.15161769092082977,0.15161769092082977,0.0,301.26239013671875,0.8076521158218384,0.8105175495147705,0.35425448417663574,0.3502790033817291,41.05284118652344,0.19711963832378387,14.345829010009766,0.9545498490333557,1.3578661680221558
2019,1,39.12482150809216,75.65265364445531,9479.651,1508.0,1.1953994035720825,90.0,35.026485443115234,23.765169143676758,1.3977795839309692,7.800000190734863,13.66425609588623,0.08623040467500687,0.08623040467500687,9.056195259094238,198.3726348876953,0.1302804946899414,0.1302804946899414,0.0799756720662117,0.035370100289583206,15.537822723388672,0.23709405958652496,9.015069007873535,0.7341367602348328,0.9865353107452393,0.05032398924231529,0.0669122040271759,1025.824462890625,38.743202209472656,0.1923612654209137,0.2912744879722595,-0.048723287880420685,0.04342946410179138,36.2563362121582,0.23153799772262573,-7.534971237182617,0.20043238997459412,0.4516064524650574,0.06633813679218292,0.08526993542909622,49.275142669677734,315.7618103027344,0.39358463883399963,0.5974082350730896,0.14666666090488434,0.10404471307992935,19.252906799316406,0.166157528758049,7.2023420333862305,0.7976964116096497,1.36906099319458,0.0975053533911705,0.10431206226348877,9.667993545532227,230.77610778808594,0.5418604612350464,0.6652052402496338,0.30000001192092896,0.21555209159851074,38.225555419921875,0.18316200375556946,10.52895736694336,0.9451574683189392,1.4429200887680054,0.11098822206258774,0.11098822206258774,1.0506640672683716,287.51312255859375,0.678206205368042,0.6988117098808289,0.34400591254234314,0.23226378858089447,52.68623733520508,0.1955283135175705,13.641069412231445,1.138776421546936,1.511894941329956
2019,1,41.268917822226854,79.39862850282782,9503.752,1321.0,1.233799695968628,90.0,24.9178524017334,24.546464920043945,1.409999966621399,8.0,15.375669479370117,0.08746577054262161,0.08746577054262161,0.23745977878570557,187.76210021972656,0.13175222277641296,0.13175222277641296,0.10007555782794952,0.0354345478117466,10.357723236083984,0.17717374861240387,8.929744720458984,0.6334527730941772,0.8303141593933105,0.04338923841714859,0.05956343561410904,1254.915283203125,14.396327018737793,0.18717113137245178,0.24796748161315918,-0.05759352073073387,0.04598027467727661,34.08939743041992,0.2431601881980896,-9.469610214233398,0.14617840945720673,0.31680211424827576,0.05432267487049103,0.06901021301746368,21.42228889465332,235.07435607910156,0.1921549141407013,0.37754541635513306,-0.09810736775398254,0.04613639414310455,28.046703338623047,0.14126336574554443,5.774380207061768,0.5685445070266724,0.9969232082366943,0.0895293653011322,0.10013612359762192,3.1114230155944824,185.02090454101562,0.7515576481819153,0.78077632188797,0.3123267889022827,0.3523685336112976,25.3724308013916,0.16622668504714966,8.66235637664795,0.7371189594268799,1.2388793230056763,0.11055888235569,0.11055888235569,0.0,274.0498352050781,0.7465964555740356,0.7753971219062805,0.3002394139766693,0.3591875433921814,38.83942413330078,0.16552035510540009,13.049991607666016,0.8310237526893616,1.1831494569778442
2019,1,39.3503851348807,75.84049327633173,9541.407,1326.0,3.7106711864471436,75.54598999023438,32.575862884521484,25.09931182861328,1.390745759010315,7.85707426071167,14.322941780090332,0.10217797011137009,0.10217797011137009,2.814504861831665,281.495849609375,0.14970369637012482,0.14970369637012482,0.07921582460403442,0.04147695377469063,10.430305480957031,0.196392223238945,13.270540237426758,1.0300333499908447,1.3386861085891724,0.05557598918676376,0.06740840524435043,642.18017578125,81.5959701538086,0.17565980553627014,0.22400642931461334,-0.010679260827600956,0.04170668125152588,29.029436111450195,0.20022355020046234,-4.279268741607666,0.2535865008831024,0.5995001792907715,0.07539674639701843,0.09692925959825516,15.313840866088867,450.54986572265625,0.20337821543216705,0.40250903367996216,0.013722511939704418,0.05627840757369995,12.048355102539062,0.13519681990146637,11.76313591003418,1.0999419689178467,1.8137946128845215,0.11190375685691833,0.12007657438516617,3.004641056060791,323.0101623535156,0.5409836173057556,0.5889164805412292,0.2820263206958771,0.21358034014701843,26.30497169494629,0.14793112874031067,15.238358497619629,1.3154475688934326,1.9616039991378784,0.12900784611701965,0.12900784611701965,0.32652774453163147,389.2384033203125,0.7577965259552002,0.8010156750679016,0.3506268858909607,0.30583301186561584,32.93319320678711,0.15121737122535706,18.51961326599121,1.5958951711654663,2.0634963512420654
2019,1,41.126623448510344,79.80421941644714,9615.223,1210.0,1.5411673784255981,233.01072692871094,25.534791946411133,22.41168975830078,1.4189872741699219,7.900000095367432,15.228682518005371,0.10616257786750793,0.10616257786750793,0.0,224.76052856445312,0.15344533324241638,0.15344533324241638,0.07970461994409561,0.04278064891695976,7.712851047515869,0.1703978180885315,10.702881813049316,0.7524529099464417,0.9860474467277527,0.052435409277677536,0.06921714544296265,1038.5775146484375,32.65071487426758,0.22760272026062012,0.2845858633518219,0.03140024095773697,0.058778706938028336,30.03517723083496,0.2360217422246933,-7.678831100463867,0.17350929975509644,0.4013269543647766,0.06248251721262932,0.08132043480873108,8.94773006439209,305.5385437011719,0.34569886326789856,0.5865874290466309,0.11322126537561417,0.09654748439788818,25.96202850341797,0.1442170888185501,8.015968322753906,0.7113091945648193,1.1937333345413208,0.10486473888158798,0.11698389798402786,3.546885563991964E-4,230.42201232910156,0.6826086640357971,0.7698744535446167,0.3203684687614441,0.24694699048995972,22.309751510620117,0.16779837012290955,10.97245979309082,0.9144895672798157,1.4547737836837769,0.13165625929832458,0.13165625929832458,0.0,318.2004089355469,0.731517493724823,0.7925153970718384,0.36477571725845337,0.26751962304115295,37.48945617675781,0.16470089554786682,15.152400016784668,1.005415916442871,1.4399913549423218
2019,1,37.03677609419927,81.21421392415304,9628.418,1370.0,1.4863650798797607,128.59852600097656,37.03700637817383,23.01750946044922,1.3899999856948853,7.7894134521484375,11.645874977111816,0.06452975422143936,0.06452975422143936,0.0,387.0452880859375,0.5630336999893188,0.5740473866462708,0.16518494486808777,0.2119886726140976,0.7670565247535706,0.01898827962577343,18.430727005004883,1.7460079193115234,2.2196264266967773,0.04604322835803032,0.05189308896660805,347.2546691894531,212.96493530273438,0.16777363419532776,0.3598794639110565,-0.0317094624042511,0.04788811504840851,11.625741004943848,0.04822945594787598,-1.0251123905181885,0.3674466907978058,1.0247361660003662,0.05812118947505951,0.06025390699505806,0.0,673.9588012695312,0.4428558945655823,0.6992604732513428,0.14273329079151154,0.2070411890745163,1.8702510595321655,0.01726456545293331,18.215103149414062,1.8528809547424316,3.0061373710632324,0.06788533180952072,0.06891683489084244,0.0,451.6217041015625,0.4822932183742523,0.702120304107666,0.04668652266263962,0.18332599103450775,1.3401010036468506,0.018078966066241264,21.505794525146484,2.2172176837921143,3.35693097114563,0.07246427237987518,0.07246427237987518,0.0,479.5546569824219,0.6189756393432617,0.6217254400253296,0.25928637385368347,0.2855108976364136,27.03679084777832,0.04142123833298683,22.835935592651367,1.9239482879638672,2.979234457015991
2019,1,39.124009951700415,75.79360136965369,9630.699,1370.0,0.9274099469184875,-0.0,30.782194137573242,23.71630859375,1.4003030061721802,7.84737491607666,12.556654930114746,0.09058006852865219,0.09058006852865219,7.571727275848389,221.33242797851562,0.1351723074913025,0.1351723074913025,0.08092722296714783,0.03718571737408638,13.964800834655762,0.22458016872406006,10.179080963134766,0.8257851004600525,1.0939255952835083,0.05201957747340202,0.06844428181648254,930.5557861328125,55.1631965637207,0.1832827478647232,0.2556785047054291,-0.019851507619023323,0.05389458313584328,33.32454299926758,0.22320958971977234,-6.68238639831543,0.21395355463027954,0.49691498279571533,0.06763411313295364,0.08626963943243027,41.198089599609375,354.593017578125,0.17923763394355774,0.31317493319511414,-0.013568512164056301,0.05786503106355667,17.241119384765625,0.1575104296207428,8.470133781433105,0.8920168280601501,1.505873441696167,0.09909509122371674,0.10662256926298141,8.08324146270752,255.40032958984375,0.5386247634887695,0.6129707098007202,0.24855098128318787,0.21627594530582428,35.70275115966797,0.17655284702777863,11.77700424194336,1.0501548051834106,1.5872255563735962,0.11526588350534439,0.11526588350534439,0.8784419298171997,314.17498779296875,0.6460322141647339,0.6980318427085876,0.2767274081707001,0.2245730310678482,48.082244873046875,0.18776261806488037,14.918882369995117,1.2622601985931396,1.6598315238952637
2019,1,43.56016001202422,82.29704418756764,9634.074,771.0,0.0,-0.0,22.5987548828125,19.067930221557617,1.395816683769226,8.075311660766602,27.050386428833008,0.18944494426250458,0.18944494426250458,0.0,190.80181884765625,0.5982587337493896,0.6005814075469971,0.064010851085186,0.16458144783973694,48.80503463745117,0.33574795722961426,9.085801124572754,0.4604881703853607,0.7236743569374084,0.008990039117634296,0.07153154164552689,1134.3388671875,3.0874645709991455,0.2877840995788574,0.3310631811618805,-0.11356060951948166,0.061356861144304276,93.43809509277344,0.33877336978912354,-8.635507583618164,0.12473642826080322,0.2927275002002716,0.180378258228302,0.2405233234167099,3.7309792041778564,188.5163116455078,0.21142669022083282,0.31728196144104004,-0.11823052167892456,0.05200083926320076,123.57505798339844,0.367433100938797,4.994198322296143,0.29263103008270264,0.5957223176956177,0.300287127494812,0.3184851408004761,0.0,176.9516143798828,0.38992881774902344,0.41091811656951904,-0.05916591361165047,0.10151410847902298,55.00775909423828,0.3597164750099182,8.426267623901367,0.4461754858493805,0.7484927177429199,0.3860348165035248,0.3860348165035248,0.0,258.8038024902344,0.7062059044837952,0.7567101716995239,0.1791776418685913,0.2203509360551834,107.37120819091797,0.36967992782592773,12.323990821838379,0.4550551474094391,0.6845842003822327
2019,1,39.14745590503944,76.2379953806401,9637.431,1263.0,2.2060012817382812,212.81082153320312,22.144407272338867,28.379535675048828,1.3775153160095215,7.150474548339844,13.879712104797363,0.10592982918024063,0.10592982918024063,2.634070873260498,298.8641357421875,0.15261219441890717,0.15261219441890717,0.08378017693758011,0.043527573347091675,8.70632266998291,0.1836744099855423,14.106192588806152,1.1360197067260742,1.457507610321045,0.05788855999708176,0.07324220985174179,609.8706665039062,110.9273452758789,0.20272107422351837,0.3056221604347229,0.004930152092128992,0.05261391028761864,23.616025924682617,0.1960994154214859,-3.808727502822876,0.26014479994773865,0.6513215899467468,0.0727195292711258,0.09074777364730835,14.332091331481934,485.3493957519531,0.24435833096504211,0.38971808552742004,0.05105900764465332,0.06399374455213547,10.433152198791504,0.1302960216999054,12.73019790649414,1.2095593214035034,1.9658516645431519,0.10572386533021927,0.11564319580793381,2.8120174407958984,338.86907958984375,0.652530312538147,0.7270662784576416,0.3050299286842346,0.24001623690128326,26.827598571777344,0.15447360277175903,16.002717971801758,1.4095250368118286,2.0825743675231934,0.1306392401456833,0.1306392401456833,0.3055945038795471,404.6545715332031,0.3743480145931244,0.42496493458747864,0.0934087485074997,0.12285544723272324,32.1668586730957,0.1614515483379364,19.25471305847168,1.687188744544983,2.1700522899627686
2019,1,41.260833472016955,80.50221142254513,9640.25,1169.0,1.233642339706421,270.0,24.631031036376953,22.368520736694336,1.399999976158142,7.900000095367432,14.746541023254395,0.12615461647510529,0.12615461647510529,0.0,195.65443420410156,0.17939454317092896,0.17939454317092896,0.05954287201166153,0.05049557238817215,7.103557586669922,0.20337894558906555,9.316878318786621,0.6737409234046936,0.8707870841026306,0.06016603112220764,0.08180861175060272,1101.84375,30.974674224853516,0.16206735372543335,0.20457516610622406,-0.05315367504954338,0.04083407297730446,33.71326446533203,0.2767631709575653,-8.174572944641113,0.1721508502960205,0.36170440912246704,0.072186678647995,0.09847532212734222,9.988423347473145,260.2010192871094,0.10289990156888962,0.10289990901947021,-0.0830254778265953,0.02426379732787609,36.13694763183594,0.20087407529354095,6.762502193450928,0.6529487371444702,1.064232349395752,0.12916041910648346,0.14304900169372559,0.0,203.30238342285156,0.552462637424469,0.5830593705177307,0.23849911987781525,0.22147834300994873,23.411794662475586,0.2197742909193039,9.681065559387207,0.8378341794013977,1.2631465196609497,0.16359196603298187,0.16359196603298187,0.0,291.5729064941406,0.8994414806365967,0.9198184609413147,0.5122298002243042,0.4506227970123291,44.15005111694336,0.21296557784080505,13.88442325592041,0.9192754626274109,1.3075764179229736
2019,1,36.83142111338493,81.4950258129938,9651.705,1444.0,0.9274099469184875,-0.0,34.362449645996094,20.693017959594727,1.3267276287078857,7.6390533447265625,15.059514999389648,0.06127288565039635,0.06127288565039635,0.0,388.432373046875,0.5948379635810852,0.5948379635810852,0.11685584485530853,0.15804845094680786,0.6165755987167358,0.02059752866625786,18.496780395507812,1.741532564163208,2.2330498695373535,0.04316486045718193,0.049026817083358765,324.1903381347656,215.091064453125,0.16496220231056213,0.24596144258975983,-0.08486562967300415,0.043220095336437225,12.679704666137695,0.04954265058040619,-0.8328189849853516,0.368623286485672,1.0137566328048706,0.05151587352156639,0.05321244150400162,0.0,673.3859252929688,0.4809648096561432,0.749954104423523,0.15462560951709747,0.2081044614315033,1.8990954160690308,0.020521733909845352,18.19961929321289,1.8410308361053467,3.0132229328155518,0.06110811606049538,0.061826594173908234,0.0,451.9505920410156,0.6996287107467651,0.7551462650299072,0.34379056096076965,0.3282645344734192,0.8986803293228149,0.02008325420320034,21.52145767211914,2.200695514678955,3.3249058723449707,0.06821735203266144,0.06821735203266144,0.0,478.7926940917969,0.4487300217151642,0.4487300217151642,0.1226535439491272,0.13820885121822357,28.039169311523438,0.042136263102293015,22.799652099609375,1.900336503982544,3.022678852081299
2019,1,41.74188129366271,82.1116303066643,9670.946,1214.0,0.9274099469184875,-0.0,24.764259338378906,23.23280906677246,1.3924351930618286,8.002256393432617,18.04551887512207,0.1126738041639328,0.1126738041639328,2.8332228660583496,260.1173095703125,0.17126049101352692,0.17126049101352692,0.08587973564863205,0.047616347670555115,9.53239631652832,0.16919612884521484,12.251623153686523,0.9721247553825378,1.2361514568328857,0.05196937918663025,0.07184668630361557,948.8742065429688,38.07183837890625,0.17217516899108887,0.21407467126846313,-0.028491748496890068,0.041401833295822144,29.924779891967773,0.23075096309185028,-6.9526896476745605,0.19588355720043182,0.47939813137054443,0.06257452815771103,0.08106540888547897,20.97210693359375,378.2177734375,0.17824137210845947,0.32937684655189514,-0.03751213848590851,0.039765652269124985,32.1247673034668,0.1710851490497589,9.655287742614746,0.8642176985740662,1.3790045976638794,0.11137250065803528,0.12511394917964935,5.471904754638672,269.332275390625,0.6286700963973999,0.6935619711875916,0.27741727232933044,0.1911909282207489,22.327749252319336,0.20471994578838348,12.564779281616211,1.0832905769348145,1.7510251998901367,0.14559702575206757,0.14559702575206757,0.07631677389144897,360.9082336425781,0.8236550688743591,0.8860312700271606,0.4795019030570984,0.3291061818599701,38.449913024902344,0.18664050102233887,17.182472229003906,1.276735544204712,1.7748267650604248
2019,1,41.2379270699054,79.670548944168,9681.975,1219.0,1.2332124710083008,270.0,25.502456665039062,24.99941635131836,1.4025903940200806,7.900000095367432,15.014089584350586,0.09763992577791214,0.09763992577791214,0.0,205.31655883789062,0.14408135414123535,0.14408135414123535,0.09137267619371414,0.03933361917734146,9.091948509216309,0.17289817333221436,9.776978492736816,0.683610737323761,0.8956009745597839,0.048684872686862946,0.06568051874637604,1144.716796875,20.78147315979004,0.11831997334957123,0.2619449198246002,-0.04454727843403816,0.03204026445746422,32.90528869628906,0.24534328281879425,-8.579659461975098,0.15922795236110687,0.3476269543170929,0.06000315397977829,0.077736996114254,10.701265335083008,263.4833679199219,0.1951577067375183,0.34508389234542847,-0.004506540019065142,0.04217485338449478,27.62555694580078,0.14377017319202423,6.831948280334473,0.6267291903495789,1.0771344900131226,0.10040954500436783,0.11182200908660889,4.981160163879395E-4,205.12200927734375,0.5433309078216553,0.5735235810279846,0.25667282938957214,0.185224249958992,23.899980545043945,0.1663963496685028,9.767690658569336,0.8113101720809937,1.3246862888336182,0.12367115914821625,0.12367115914821625,0.0,295.3223876953125,0.44050315022468567,0.5718708634376526,0.19291667640209198,0.1261160522699356,38.074424743652344,0.16234230995178223,14.062971115112305,0.9049909710884094,1.2871043682098389
2019,1,41.73083164125226,81.29128948586187,9684.175,1512.0,1.5503755807876587,53.266754150390625,30.234304428100586,20.475387573242188,1.3557928800582886,8.076521873474121,18.49660301208496,0.12071222811937332,0.12071222811937332,6.940629959106445,182.95298767089844,0.18513520061969757,0.18513520061969757,0.10112244635820389,0.05048859864473343,15.894500732421875,0.19991442561149597,8.38154125213623,0.6332969665527344,0.8037221431732178,0.05267162621021271,0.07368716597557068,1235.4503173828125,3.1322855949401855,0.19112159311771393,0.3415892720222473,-0.012912020087242126,0.05794806778430939,41.3886833190918,0.24216200411319733,-9.407008171081543,0.15731164813041687,0.3348986804485321,0.07104568928480148,0.09715619683265686,43.23445129394531,244.79542541503906,0.1627218872308731,0.22354014217853546,-0.009954463690519333,0.039547428488731384,52.099308013916016,0.19777601957321167,5.447593688964844,0.5678607225418091,0.9297056198120117,0.1330948770046234,0.14879097044467926,12.312273979187012,187.4887237548828,0.7293906211853027,0.7840046882629395,0.3371592164039612,0.23359698057174683,24.558029174804688,0.21154606342315674,8.34173583984375,0.7311553359031677,1.1704221963882446,0.173309788107872,0.173309788107872,0.2931104302406311,269.1651306152344,0.673828661441803,0.7829582095146179,0.34428274631500244,0.21784880757331848,55.09199142456055,0.2110048532485962,12.80342960357666,0.8457549214363098,1.2165790796279907
2019,1,37.71078259573076,76.88262978353256,9745.56,1793.0,4.3802809715271,327.7060852050781,32.72964859008789,26.241830825805664,1.2645643949508667,7.686357498168945,15.747393608093262,0.06861486285924911,0.06861486285924911,0.0,216.11553955078125,0.11165721714496613,0.11165721714496613,0.09259036183357239,0.031004395335912704,11.853918075561523,0.18455734848976135,10.291215896606445,0.7639757394790649,0.977039635181427,0.046121206134557724,0.06402020156383514,965.0091552734375,33.36953353881836,0.22189682722091675,0.34707018733024597,-0.04607808589935303,0.060178421437740326,29.996274948120117,0.19341260194778442,-7.111752986907959,0.19085051119327545,0.4285355806350708,0.05611923709511757,0.0670938715338707,8.82730484008789,350.6127014160156,0.2426687628030777,0.5740901231765747,-0.01880342699587345,0.07661052793264389,16.154050827026367,0.09953675419092178,9.237442970275879,0.8866962790489197,1.5123735666275024,0.07608459144830704,0.08277826011180878,0.0,245.62130737304688,0.660485029220581,0.8311164975166321,0.3379310369491577,0.272626668214798,38.477455139160156,0.15358392894268036,11.696252822875977,0.8798083066940308,1.39078688621521,0.0863499790430069,0.0863499790430069,0.0,295.1634216308594,0.7762826085090637,0.7762826085090637,0.37120598554611206,0.32790178060531616,56.103389739990234,0.18340229988098145,14.055400848388672,0.9191929697990417,1.3578917980194092
2019,1,39.32801828399662,75.83941417387679,9761.363,1320.0,2.2076728343963623,212.87811279296875,27.532316207885742,25.457460403442383,1.3999035358428955,7.885281085968018,11.42150592803955,0.10114375501871109,0.10114375501871109,3.235121488571167,276.22698974609375,0.14839547872543335,0.14839547872543335,0.07940386980772018,0.04109887778759003,10.734430313110352,0.19879421591758728,12.999611854553223,1.0123727321624756,1.317477822303772,0.05526690185070038,0.06754349172115326,667.6740112304688,79.38666534423828,0.14823105931282043,0.28310826420783997,-0.017619552090764046,0.03800644353032112,29.377391815185547,0.20221827924251556,-4.490743160247803,0.25007298588752747,0.5905903577804565,0.07466860860586166,0.09591203927993774,17.602434158325195,442.1957092285156,0.4343274235725403,0.5984919667243958,0.14014706015586853,0.13539017736911774,12.502950668334961,0.13709712028503418,11.475493431091309,1.082026720046997,1.7872272729873657,0.11069009453058243,0.11881601065397263,3.4536726474761963,317.059814453125,0.6846545934677124,0.7980236411094666,0.39745187759399414,0.28810396790504456,27.156326293945312,0.15050899982452393,14.933626174926758,1.2921570539474487,1.928634524345398,0.12776295840740204,0.12776295840740204,0.3753260374069214,382.617431640625,0.3034111559391022,0.49371153116226196,0.13361087441444397,0.08614324033260345,34.290584564208984,0.15453116595745087,18.20200538635254,1.5664019584655762,2.027758836746216
2019,1,37.95144027958524,77.26665648445743,9762.605,1325.0,2.7802884578704834,180.0,30.502365112304688,22.931644439697266,1.3700000047683716,7.699999809265137,11.08664321899414,0.08709995448589325,0.08709995448589325,0.0,303.8381652832031,0.1347799301147461,0.1347799301147461,0.0425259955227375,0.03682006523013115,6.4288859367370605,0.1388174444437027,14.468483924865723,1.1333433389663696,1.4101274013519287,0.053405407816171646,0.06571593135595322,561.0850830078125,99.2900390625,0.19311688840389252,0.3005008399486542,-0.06795334070920944,0.03673086315393448,20.656641006469727,0.17739194631576538,-3.525153160095215,0.2622939646244049,0.6601319909095764,0.07530209422111511,0.08972114324569702,2.319596529006958,505.4910583496094,0.1428571492433548,0.6286919713020325,-0.026149671524763107,0.03237907961010933,7.518257141113281,0.09207339584827423,13.599228858947754,1.2616302967071533,2.0346505641937256,0.09769877791404724,0.10502466559410095,0.0,345.1953125,0.6931240558624268,0.7180816531181335,0.35133227705955505,0.23121348023414612,17.87703514099121,0.1176084652543068,16.4378719329834,1.3649288415908813,1.9873632192611694,0.11098221689462662,0.11098221689462662,0.0,397.08746337890625,0.7783194184303284,0.7886255979537964,0.34949561953544617,0.29250892996788025,30.54669189453125,0.1328614205121994,18.90892791748047,1.4457379579544067,1.9950505495071411
2019,1,41.230921822150435,79.80879891322903,9767.808,1200.0,3.713125228881836,318.4443664550781,23.459375381469727,24.900527954101562,1.4051543474197388,7.695932388305664,14.861920356750488,0.1026272252202034,0.1026272252202034,0.0,205.82235717773438,0.15015600621700287,0.15015600621700287,0.08559217303991318,0.041294001042842865,8.664959907531738,0.17740601301193237,9.801064491271973,0.6891450881958008,0.9007991552352905,0.05068665370345116,0.0683494284749031,1128.2733154296875,23.58464241027832,0.0887567549943924,0.18319645524024963,-0.05323106795549393,0.024915805086493492,32.7224235534668,0.24936601519584656,-8.432738304138184,0.16253718733787537,0.3549070656299591,0.061995651572942734,0.08107556402683258,10.435712814331055,267.132568359375,0.20027397572994232,0.3983193337917328,-0.016944898292422295,0.045186106115579605,28.69839859008789,0.1526011824607849,6.937753200531006,0.6391538977622986,1.0872539281845093,0.10504563897848129,0.11691029369831085,4.1116285137832165E-4,207.37998962402344,0.6757766008377075,0.7113534212112427,0.32592976093292236,0.25634196400642395,23.63273048400879,0.1746814250946045,9.875218391418457,0.8260298371315002,1.3288054466247559,0.13031592965126038,0.13031592965126038,0.0,297.0769958496094,0.6254410743713379,0.7223570942878723,0.2676950693130493,0.21394282579421997,38.82576370239258,0.17026907205581665,14.146523475646973,0.9177196025848389,1.3058087825775146
2019,1,39.31696863158619,75.53677052627837,9771.238,1421.0,1.5153917074203491,307.7273254394531,33.12535858154297,22.717248916625977,1.399999976158142,7.900000095367432,10.179634094238281,0.08830973505973816,0.08830973505973816,5.0202789306640625,231.03457641601562,0.13386942446231842,0.13386942446231842,0.0768599733710289,0.03577589988708496,13.904043197631836,0.2177661657333374,10.762585639953613,0.8006778359413147,1.0729933977127075,0.05032381787896156,0.06334084272384644,820.017333984375,32.809993743896484,0.12620754539966583,0.12620754539966583,0.00584470946341753,0.022805703803896904,36.34672927856445,0.2109910249710083,-6.00921630859375,0.22297906875610352,0.4802010953426361,0.07057738304138184,0.09246613085269928,27.3155517578125,363.9975891113281,0.17270982265472412,0.2534039318561554,0.038949597626924515,0.05138552933931351,16.61719512939453,0.14110907912254333,9.099514961242676,0.8740951418876648,1.494386911392212,0.10546750575304031,0.11154595762491226,5.3594279289245605,268.73480224609375,0.371966689825058,0.407367467880249,0.21157844364643097,0.14090098440647125,32.460205078125,0.15365055203437805,12.5416841506958,1.0461581945419312,1.5880697965621948,0.11499638855457306,0.11499638855457306,0.5824329257011414,330.9601745605469,0.31796470284461975,0.38981130719184875,0.15182200074195862,0.1134759932756424,43.555789947509766,0.15854844450950623,15.73227310180664,1.277658462524414,1.6770832538604736
2019,1,41.87285400980451,84.10966430669232,9775.183,1066.0,3.045670747756958,335.8843078613281,35.713165283203125,20.708881378173828,1.4186893701553345,8.009126663208008,15.429280281066895,0.11757559329271317,0.11757559329271317,0.4382276237010956,283.9320068359375,0.16356348991394043,0.16614550352096558,-0.06940750032663345,0.04665825888514519,8.17583179473877,0.12040507048368454,13.499704360961914,1.1945785284042358,1.551801323890686,0.043732352554798126,0.058966781944036484,980.3602294921875,85.85238647460938,0.22274883091449738,0.3378616273403168,0.040582265704870224,0.054595738649368286,22.546785354614258,0.16800908744335175,-6.828304290771484,0.20769540965557098,0.6016522645950317,0.05793101340532303,0.07765427231788635,14.163023948669434,418.9318542480469,0.24648228287696838,0.2509293556213379,0.03509144484996796,0.0653848871588707,25.85015869140625,0.13542857766151428,10.939698219299316,1.0405038595199585,1.6164385080337524,0.10495193302631378,0.12272749096155167,3.154534339904785,286.1395263671875,0.5697067975997925,0.5705186724662781,0.3352701961994171,0.1966058909893036,28.533903121948242,0.18248437345027924,13.475476264953613,1.2180405855178833,2.096452474594116,0.14622442424297333,0.14622442424297333,0.0,397.3343505859375,0.2136276662349701,0.2136276662349701,0.13324815034866333,0.0624212808907032,38.41587829589844,0.1463450938463211,18.920682907104492,1.6123765707015991,2.244472026824951
2019,1,39.405093845705444,75.79683421791744,9800.834,1377.0,1.516587257385254,232.30763244628906,35.09720230102539,23.269901275634766,1.3958306312561035,7.900000095367432,13.138174057006836,0.10266800224781036,0.10266800224781036,1.8991153240203857,288.5572814941406,0.15061239898204803,0.15061239898204803,0.07830191403627396,0.04154933616518974,10.110794067382812,0.19251979887485504,13.650389671325684,1.0425399541854858,1.3554679155349731,0.05553516000509262,0.06635022163391113,595.6669921875,79.4432144165039,0.16486750543117523,0.1772727221250534,-0.032051265239715576,0.035581622272729874,29.238122940063477,0.19576507806777954,-3.9406397342681885,0.2587089538574219,0.6048855781555176,0.07657791674137115,0.0989631861448288,10.333168029785156,460.6528015136719,0.21168145537376404,0.3487318754196167,0.03805999457836151,0.0529194176197052,11.482070922851562,0.12988926470279694,12.17080020904541,1.1143252849578857,1.8381036520004272,0.1141425371170044,0.12208975106477737,2.027411699295044,331.3954162597656,0.4665137529373169,0.5062851905822754,0.22681358456611633,0.15495900809764862,24.893949508666992,0.1409592479467392,15.68419075012207,1.336976170539856,1.9931477308273315,0.13005122542381287,0.13005122542381287,0.22032786905765533,398.9287414550781,0.6495785117149353,0.7023977637290955,0.2873399555683136,0.2505173087120056,30.778217315673828,0.14235538244247437,18.986114501953125,1.6268153190612793,2.10054349899292
2019,1,39.39350464206753,75.88927138275537,9804.829,1321.0,2.208280563354492,147.09747314453125,27.265024185180664,25.291345596313477,1.4148401021957397,7.900000095367432,10.731060981750488,0.10628353804349899,0.10628353804349899,1.8558897972106934,297.892578125,0.15460744500160217,0.15460744500160217,0.07929601520299911,0.04308481141924858,9.395251274108887,0.18955357372760773,14.096985816955566,1.0961329936981201,1.4163029193878174,0.05699069797992706,0.06786858290433884,575.1618041992188,93.57504272460938,0.24032536149024963,0.43698570132255554,0.025264868512749672,0.0674164742231369,27.270112991333008,0.19578683376312256,-3.676234722137451,0.2641010880470276,0.6337584257125854,0.07744921743869781,0.09941192716360092,10.097975730895996,477.6446533203125,0.4659111499786377,0.6595158576965332,0.25058475136756897,0.18683037161827087,10.590902328491211,0.13201676309108734,12.636396408081055,1.1653214693069458,1.9077801704406738,0.115054190158844,0.123661570250988,1.9812660217285156,341.11395263671875,0.750041127204895,0.852611243724823,0.4501055181026459,0.3896442949771881,23.92947769165039,0.1434185802936554,16.1491756439209,1.397544264793396,2.0767364501953125,0.13349521160125732,0.13349521160125732,0.21531301736831665,409.02178955078125,0.47933444380760193,0.640889585018158,0.18920476734638214,0.15338599681854248,29.04873275756836,0.14532123506069183,19.46697425842285,1.6961805820465088,2.185420036315918
2019,1,39.301879033621326,76.44712276094566,9847.921,1236.0,1.5151848793029785,52.266624450683594,24.01917839050293,26.409772872924805,1.3924870491027832,6.5,11.609142303466797,0.12429524213075638,0.12429524213075638,0.2989829480648041,356.9120178222656,0.17430023849010468,0.17430023849010468,0.08484670519828796,0.05081160366535187,4.950957298278809,0.16435320675373077,16.9815731048584,1.3996891975402832,1.7636033296585083,0.06437768042087555,0.07615389674901962,405.878173828125,166.85670471191406,0.2353866696357727,0.3693888485431671,0.08062069118022919,0.06729958206415176,16.165752410888672,0.1872900277376175,-1.8245915174484253,0.2976202070713043,0.7923505902290344,0.08118324726819992,0.10052159428596497,1.6267789602279663,583.1049194335938,0.4517766535282135,0.7739759087562561,0.13447047770023346,0.12920813262462616,5.131353378295898,0.13071298599243164,15.715624809265137,1.4627131223678589,2.3219034671783447,0.11838890612125397,0.1304648369550705,0.31918099522590637,402.6994323730469,0.7230367660522461,0.7903153896331787,0.40143105387687683,0.29459071159362793,18.233089447021484,0.14784862101078033,19.160964965820312,1.7359285354614258,2.5411229133605957,0.1503233015537262,0.1503233015537262,0.034686822444200516,473.7309875488281,0.2037617564201355,0.4392770528793335,0.12096220999956131,0.08998119086027145,18.36444854736328,0.1513962745666504,22.55696678161621,2.08284592628479,2.65446138381958
2019,1,38.2516581762106,77.35424214734921,9869.705,1245.0,1.1809000968933105,90.0,32.599998474121094,24.441360473632812,1.3741635084152222,7.400000095367432,10.706867218017578,0.10010982304811478,0.10010982304811478,0.0,347.7359619140625,0.7177079916000366,0.7177079916000366,0.22682082653045654,0.19040793180465698,4.151968002319336,0.14019884169101715,16.558855056762695,1.341448426246643,1.6532502174377441,0.05807022750377655,0.07133873552083969,404.4261779785156,157.48182678222656,0.17892645299434662,0.2374100685119629,-0.02240053005516529,0.03470935299992561,15.789111137390137,0.18588308990001678,-1.8850712776184082,0.2972310185432434,0.7904338836669922,0.08654631674289703,0.10528234392404556,0.6559715270996094,580.2893676757812,0.3755519390106201,0.7637764811515808,0.11530598253011703,0.1062856987118721,4.725786209106445,0.11110597848892212,15.665767669677734,1.4594042301177979,2.291517734527588,0.11178836226463318,0.11931195855140686,0.0,394.1685791015625,0.7710525989532471,0.8259873986244202,0.42894428968429565,0.35284632444381714,11.725927352905273,0.12852822244167328,18.76993179321289,1.6419020891189575,2.336583375930786,0.12718002498149872,0.12718002498149872,0.0,449.3728332519531,0.6699889302253723,0.7138869762420654,0.22315211594104767,0.24132315814495087,19.079753875732422,0.13416893780231476,21.398706436157227,1.769702672958374,2.3884384632110596
2019,1,39.30753763285815,75.9817085475933,9881.5625,1297.0,1.5152639150619507,52.26893615722656,27.823257446289062,27.016521453857422,1.3884990215301514,7.638671875,10.815248489379883,0.10596241056919098,0.10596241056919098,2.8409297466278076,291.6909484863281,0.15368957817554474,0.15368957817554474,0.08081546425819397,0.04315652325749397,9.576394081115723,0.19238267838954926,13.754762649536133,1.0921217203140259,1.4087189435958862,0.05722647160291672,0.06967160850763321,623.5805053710938,98.68113708496094,0.11711204051971436,0.158620685338974,-0.05047834292054176,0.02647189237177372,26.487464904785156,0.20014819502830505,-4.006865501403809,0.2589242458343506,0.6324008107185364,0.0757419615983963,0.09634698182344437,15.457619667053223,469.78790283203125,0.18400418758392334,0.45717233419418335,0.005326241720467806,0.041676949709653854,11.070064544677734,0.13705427944660187,12.279196739196777,1.1599106788635254,1.895569086074829,0.11173024028539658,0.12076205015182495,3.032850980758667,333.23541259765625,0.6339895725250244,0.723366916179657,0.390684574842453,0.2558033764362335,25.61774444580078,0.1517370194196701,15.723931312561035,1.3815721273422241,2.0515365600585938,0.132305309176445,0.132305309176445,0.3295934796333313,399.6252746582031,0.5839956402778625,0.6000000238418579,0.26284584403038025,0.18507586419582367,31.444049835205078,0.15615442395210266,19.014080047607422,1.6688852310180664,2.152219772338867
2019,1,39.02564664156247,75.82998317514875,9889.983,1520.0,2.2048892974853516,327.23406982421875,32.46946334838867,22.7705135345459,1.3622453212738037,7.793678283691406,12.224908828735352,0.08737096190452576,0.08737096190452576,9.054902076721191,204.48080444335938,0.1309213787317276,0.1309213787317276,0.0820579007267952,0.0360833965241909,14.86414623260498,0.23186713457107544,9.305994987487793,0.7745558023452759,1.0314908027648926,0.05118473991751671,0.06952298432588577,1017.8036499023438,50.519775390625,0.18779903650283813,0.35569724440574646,-0.046479545533657074,0.038992393761873245,33.99213409423828,0.22994965314865112,-7.383846282958984,0.2022203654050827,0.47098612785339355,0.06482003629207611,0.08208370208740234,49.26810836791992,328.62725830078125,0.2457517832517624,0.6040681004524231,0.034246399998664856,0.06515280902385712,18.681062698364258,0.16392074525356293,7.550247669219971,0.8401163220405579,1.427713394165039,0.0942254513502121,0.10177182406187057,9.666613578796387,235.99082946777344,0.6825413107872009,0.7371399402618408,0.3478936553001404,0.23763668537139893,38.753944396972656,0.18645252287387848,10.77734375,0.9779890179634094,1.4838601350784302,0.11110220104455948,0.11110220104455948,1.0505141019821167,292.34466552734375,0.7048646211624146,0.7562515139579773,0.3469308614730835,0.27353617548942566,52.79191970825195,0.20064972341060638,13.871150016784668,1.1680253744125366,1.5453006029129028
2019,1,40.329461034983716,79.9952918965873,9919.025,1052.0,1.5294970273971558,127.3194580078125,20.389039993286133,29.809110641479492,1.4017304182052612,6.972944736480713,16.165077209472656,0.11299743503332138,0.11299743503332138,0.0,359.1766662597656,0.15438413619995117,0.15438413619995117,0.015425710938870907,0.04585209861397743,1.3618652820587158,0.11823485791683197,17.10365104675293,1.2991273403167725,1.6780215501785278,0.05695170909166336,0.06920123100280762,478.4091491699219,118.99039459228516,0.20524932444095612,0.23877067863941193,-0.00690411077812314,0.05958586186170578,10.498720169067383,0.1467238962650299,-2.743654489517212,0.2614206373691559,0.7648619413375854,0.059109773486852646,0.07286006957292557,0.0,581.1845703125,0.13130196928977966,0.1442551612854004,-0.074734166264534,0.040217794477939606,6.655044078826904,0.09585020691156387,15.707690238952637,1.323224425315857,2.1192376613616943,0.0920274555683136,0.1046040952205658,0.0,396.5240478515625,0.6380752921104431,0.6733887195587158,0.21950434148311615,0.2498064786195755,9.687535285949707,0.11939115077257156,18.882097244262695,1.6639437675476074,2.5124056339263916,0.1235690489411354,0.1235690489411354,0.0,469.5289611816406,0.7729079723358154,0.8065024614334106,0.31713539361953735,0.3375186026096344,22.575895309448242,0.12380050122737885,22.358522415161133,1.731152892112732,2.5211658477783203
2019,1,41.81114005122481,81.97957848806756,9919.367,1247.0,2.6540589332580566,110.4390869140625,29.545387268066406,19.78977394104004,1.3956031799316406,8.0,20.088790893554688,0.11281216144561768,0.11281216144561768,4.802681922912598,229.71417236328125,0.17578668892383575,0.17578668892383575,0.09800319373607635,0.04802023619413376,13.135458946228027,0.18903563916683197,10.710070610046387,0.8533475995063782,1.0908148288726807,0.04995598644018173,0.06912077218294144,1080.06103515625,27.899417877197266,0.12097668647766113,0.15331260859966278,-0.05837789550423622,0.030486026778817177,34.54410171508789,0.2402011603116989,-8.031768798828125,0.1797007918357849,0.4309067726135254,0.06233968958258629,0.08053973317146301,32.850372314453125,327.34808349609375,0.11431814730167389,0.15789473056793213,-0.03760262206196785,0.024784104898571968,40.76618194580078,0.18948732316493988,7.959397792816162,0.7543566226959229,1.2135761976242065,0.11404956132173538,0.12929798662662506,8.847835540771484,236.77297973632812,0.5681045055389404,0.6387276649475098,0.28342410922050476,0.1992180496454239,23.289201736450195,0.21743333339691162,10.853577613830566,0.9543619751930237,1.5478594303131104,0.15258565545082092,0.15258565545082092,0.13140784204006195,323.9813232421875,0.7094210982322693,0.7893030643463135,0.3902607858181,0.21367762982845306,45.24943923950195,0.2058011144399643,15.42142391204834,1.1170884370803833,1.5698810815811157
