Year,Zone,latitude,longitude,yield,Elevation,Slope,Aspect,Sand,Clay,BD,pH,SOC,P1_EVI,P1_EVI_max,P1_FDD,P1_GDD,P1_NDVI,P1_NDVI_max,P1_NDWI,P1_NIRv,P1_PPT,P1_SM,P1_Tmean,P1_VPD,P1_VPD_max,P2_EVI,P2_EVI_max,P2_FDD,P2_GDD,P2_NDVI,P2_NDVI_max,P2_NDWI,P2_NIRv,P2_PPT,P2_SM,P2_Tmean,P2_VPD,P2_VPD_max,P3_EVI,P3_EVI_max,P3_FDD,P3_GDD,P3_NDVI,P3_NDVI_max,P3_NDWI,P3_NIRv,P3_PPT,P3_SM,P3_Tmean,P3_VPD,P3_VPD_max,P4_EVI,P4_EVI_max,P4_FDD,P4_GDD,P4_NDVI,P4_NDVI_max,P4_NDWI,P4_NIRv,P4_PPT,P4_SM,P4_Tmean,P4_VPD,P4_VPD_max,P5_EVI,P5_EVI_max,P5_FDD,P5_GDD,P5_NDVI,P5_NDVI_max,P5_NDWI,P5_NIRv,P5_PPT,P5_SM,P5_Tmean,P5_VPD,P5_VPD_max
2017,2,30.503689172482012,103.43916283541377,2600.761,548.0,2.342939615249634,66.6937484741211,24.79334831237793,30.63214683532715,1.2117160558700562,6.717334270477295,37.19401550292969,0.21216243505477905,0.22940979897975922,0.2567734718322754,367.6793212890625,0.5250690579414368,0.5250690579414368,0.18971331417560577,0.12731510400772095,59.28955841064453,0.37490543723106384,11.481955528259277,0.2796969711780548,0.43248385190963745,0.21599745750427246,0.239615797996521,7.827272891998291,482.041015625,0.4647960066795349,0.5176811814308167,0.34885546565055847,0.08481552451848984,75.61902618408203,0.3493945598602295,6.6790666580200195,0.22353285551071167,0.4226287603378296,0.1991918385028839,0.2318211942911148,4.543534278869629,296.8367004394531,0.5729050040245056,0.5729050040245056,0.31244784593582153,0.1563679426908493,59.4415283203125,0.34102487564086914,7.494696617126465,0.27611106634140015,0.660122811794281,0.27095019817352295,0.27095019817352295,0.04077523946762085,217.66567993164062,0.4505426287651062,0.4505426287651062,0.3418220281600952,0.10350892692804337,33.845741271972656,0.34105294942855835,12.801465034484863,0.37850701808929443,0.5760775804519653,0.3309788107872009,0.3309788107872009,0.0036744307726621628,351.2769470214844,0.5503863096237183,0.5503863096237183,0.246748149394989,0.13917501270771027,114.35608673095703,0.3593634068965912,16.727298736572266,0.5569151639938354,0.7841219305992126
2017,2,28.316740897223696,102.25311775991507,2625.2097,1724.0,4.306978702545166,282.4120178222656,38.039329528808594,28.277421951293945,1.3072470426559448,6.217771053314209,40.03795623779297,0.27647343277931213,0.2852923572063446,1.0035080909729004,201.6012420654297,0.3907398581504822,0.39163151383399963,-0.049083828926086426,0.08068504184484482,87.99557495117188,0.4014575183391571,6.268679141998291,0.20673969388008118,0.5048697590827942,0.21124647557735443,0.22414734959602356,56.229888916015625,180.67454528808594,0.4833744168281555,0.5002980828285217,0.14611093699932098,0.11598870903253555,76.27039337158203,0.3795061707496643,1.7527416944503784,0.19537749886512756,0.6364537477493286,0.19496120512485504,0.196314737200737,41.400978088378906,102.12763977050781,0.5364495515823364,0.5794777870178223,0.12999555468559265,0.1430286169052124,90.80793762207031,0.3648735284805298,1.557093858718872,0.22627480328083038,0.6448503136634827,0.23368658125400543,0.23368658125400543,1.8836363554000854,104.00540161132812,0.5155508518218994,0.5155508518218994,0.25943270325660706,0.09721767157316208,69.70066833496094,0.4062257707118988,6.007163047790527,0.24239422380924225,0.5474869608879089,0.32112619280815125,0.32112619280815125,0.0,184.7542724609375,0.5617116689682007,0.5617116689682007,0.3414178490638733,0.14427953958511353,120.7182846069336,0.40836331248283386,8.797821998596191,0.2993049919605255,0.7097935080528259
2017,2,29.13923546383495,105.50753469545887,2644.6218,383.0,5.064533233642578,236.77200317382812,36.01797866821289,24.588289260864258,1.254768967628479,6.020547866821289,33.091827392578125,0.2482551485300064,0.2584048807621002,0.0,453.10089111328125,0.47895097732543945,0.47895097732543945,0.17611777782440186,0.10111746937036514,64.55569458007812,0.3819732367992401,14.159402847290039,0.35380735993385315,0.705306351184845,0.18954530358314514,0.2173290103673935,0.0,715.0993041992188,0.24032199382781982,0.24032199382781982,0.04771733656525612,0.05830483138561249,53.07440948486328,0.35469111800193787,10.071821212768555,0.2842021882534027,0.4678898751735687,0.09794267266988754,0.10067334771156311,0.0,413.7779846191406,0.3416556715965271,0.3416556715965271,0.07034390419721603,0.06470727175474167,60.571537017822266,0.34692394733428955,10.609691619873047,0.32273069024086,0.5934330821037292,0.2505103051662445,0.2505103051662445,0.0,263.0022888183594,0.47948482632637024,0.47948482632637024,0.3450770080089569,0.09430798888206482,34.17439270019531,0.36564263701438904,15.470722198486328,0.4612027108669281,0.8089365363121033,0.33691316843032837,0.33691316843032837,0.0,407.96044921875,0.5471723675727844,0.5471723675727844,0.4267871081829071,0.1377686858177185,75.1531982421875,0.33687564730644226,19.426687240600586,0.7059161067008972,1.376198410987854
2017,2,28.30919163914021,102.17954705163429,2729.503,1626.0,1.4033122062683105,311.3607482910156,29.874603271484375,28.46881675720215,1.2847965955734253,6.5,34.46697235107422,0.27428555488586426,0.283019483089447,0.8967964053153992,196.35580444335938,0.2973763048648834,0.29851508140563965,0.009253116324543953,0.059128738939762115,85.7857437133789,0.3966093957424164,6.108094215393066,0.2135942280292511,0.49793151021003723,0.21091687679290771,0.2236858308315277,62.12746047973633,173.97547912597656,0.6778550148010254,0.6978288292884827,0.3664003908634186,0.20985619723796844,72.50308990478516,0.37432920932769775,1.5753240585327148,0.2044202834367752,0.6300169229507446,0.19682206213474274,0.1983531266450882,42.14326858520508,100.82485961914062,0.6584458947181702,0.6609024405479431,0.37761572003364563,0.19863946735858917,86.86595916748047,0.3591407537460327,1.504656195640564,0.23701214790344238,0.6498122215270996,0.2337072491645813,0.2337072491645813,2.421297311782837,99.17386627197266,0.5148671865463257,0.5148671865463257,0.26371055841445923,0.09785372763872147,68.5174560546875,0.4018159806728363,5.6913275718688965,0.2454719841480255,0.5508570075035095,0.3187792897224426,0.3187792897224426,0.0,178.47621154785156,0.5607887506484985,0.5607887506484985,0.3404132127761841,0.14317858219146729,118.51214599609375,0.4042317569255829,8.49886703491211,0.2995099127292633,0.7061270475387573
2017,2,28.37845485580339,102.20595830717383,2764.5198,1766.0,23.90400505065918,170.44200134277344,37.617271423339844,27.933168411254883,1.2835638523101807,5.987468242645264,40.63115310668945,0.27249839901924133,0.2816050052642822,1.011722207069397,188.4525604248047,0.738335907459259,0.738335907459259,0.249813511967659,0.24877387285232544,85.5166244506836,0.3966483175754547,5.8575263023376465,0.2039225995540619,0.4961887001991272,0.2080695480108261,0.22134724259376526,64.95790100097656,154.1918487548828,0.41719168424606323,0.5372589826583862,0.008387227542698383,0.1000620648264885,75.62936401367188,0.3775479197502136,1.256816029548645,0.19026756286621094,0.6180134415626526,0.19287458062171936,0.1942327916622162,45.32124710083008,85.54791259765625,0.37941163778305054,0.38698410987854004,-0.011320791207253933,0.08391941338777542,91.35459899902344,0.3666032552719116,1.031453013420105,0.2127816528081894,0.6205077171325684,0.231784388422966,0.231784388422966,2.4127626419067383,94.96772003173828,0.5151695609092712,0.5151695609092712,0.26444458961486816,0.09674245864152908,68.6987075805664,0.4053175747394562,5.444409370422363,0.22784973680973053,0.5166359543800354,0.31986457109451294,0.31986457109451294,0.0,173.5039825439453,0.5605604648590088,0.5605604648590088,0.34368759393692017,0.1437072604894638,121.58296966552734,0.4069649875164032,8.262094497680664,0.27909421920776367,0.6608416438102722
2017,2,28.307305439394607,102.14909139143923,2875.9001,1635.0,2.300807476043701,293.759521484375,31.454673767089844,33.1225471496582,1.2828521728515625,6.400000095367432,36.29305648803711,0.2733388841152191,0.28204473853111267,0.8546030521392822,194.0106658935547,0.4153917133808136,0.41621682047843933,0.024259818717837334,0.07615799456834793,84.86727142333984,0.39456045627593994,6.036126613616943,0.21624666452407837,0.4949774742126465,0.21072348952293396,0.22344748675823212,64.64019012451172,170.78099060058594,0.3100433349609375,0.5740852952003479,0.0034819981083273888,0.05818965658545494,70.9932632446289,0.3721981942653656,1.494940996170044,0.20791000127792358,0.627056896686554,0.19751955568790436,0.19912117719650269,42.51511001586914,99.98749542236328,0.30374184250831604,0.3170416057109833,-0.008047866635024548,0.057903632521629333,85.30804443359375,0.35685139894485474,1.4736509323120117,0.24101942777633667,0.651268720626831,0.23367798328399658,0.23367798328399658,2.645123243331909,97.07328796386719,0.5145883560180664,0.5145883560180664,0.26550722122192383,0.0980968326330185,68.02288818359375,0.3999984860420227,5.554597854614258,0.24639497697353363,0.5515771508216858,0.3178229331970215,0.3178229331970215,0.0,175.75677490234375,0.5603997707366943,0.5603997707366943,0.34005916118621826,0.14273032546043396,117.64973449707031,0.40252238512039185,8.369370460510254,0.29917213320732117,0.7036172747612
2017,2,29.053808005853035,105.04912572986146,2912.998,434.0,14.567278861999512,200.87269592285156,32.61327362060547,30.54922866821289,1.251821756362915,5.919398784637451,40.356689453125,0.24775660037994385,0.2559669613838196,0.0,448.9371337890625,0.5836118459701538,0.5836118459701538,0.18593350052833557,0.1569184958934784,55.97224044799805,0.3798513412475586,14.029285430908203,0.35531845688819885,0.6857280731201172,0.18842744827270508,0.21896511316299438,0.0,696.2940063476562,0.4814482629299164,0.4814482629299164,0.12997308373451233,0.10393402725458145,59.26655578613281,0.3556162714958191,9.806957244873047,0.27261555194854736,0.4505927860736847,0.1055712029337883,0.10874659568071365,0.0,404.4586486816406,0.39602845907211304,0.39602845907211304,0.0837351605296135,0.07313291728496552,59.50562286376953,0.34832319617271423,10.370735168457031,0.31611132621765137,0.5927419662475586,0.24655866622924805,0.24655866622924805,0.0,259.840087890625,0.4813859462738037,0.4813859462738037,0.3329106569290161,0.09327893704175949,30.86005401611328,0.3645862936973572,15.284711837768555,0.4526353180408478,0.7864038944244385,0.3399811089038849,0.3399811089038849,0.0,404.20489501953125,0.6195560097694397,0.6995051503181458,0.22677543759346008,0.16189393401145935,75.6361312866211,0.34242430329322815,19.247852325439453,0.7004329562187195,1.343385100364685
2017,2,28.733109458089206,105.71639452970122,3000.9001,256.0,11.620027542114258,99.0584487915039,34.39883804321289,25.553966522216797,1.225660800933838,5.733409881591797,35.97491455078125,0.25931596755981445,0.2818422019481659,0.0,445.87939453125,0.5501161813735962,0.5501161813735962,0.17265863716602325,0.12508459389209747,85.47636413574219,0.395464152097702,13.933731079101562,0.3133651614189148,0.5753880143165588,0.18459755182266235,0.23530031740665436,0.0,691.6304931640625,0.4277568757534027,0.4277568757534027,0.11141698062419891,0.07197945564985275,66.4520263671875,0.374640554189682,9.7412748336792,0.25933772325515747,0.41439124941825867,0.08238068222999573,0.08727450668811798,0.0,401.2888488769531,0.3470527231693268,0.3470527231693268,0.09719962626695633,0.056585852056741714,72.5353012084961,0.3700885474681854,10.289458274841309,0.2943345606327057,0.5236219763755798,0.24554581940174103,0.24554581940174103,0.0,256.46759033203125,0.47970443964004517,0.47970443964004517,0.3384890556335449,0.09205793589353561,39.49431228637695,0.3845211863517761,15.086328506469727,0.42602115869522095,0.7545946836471558,0.35352542996406555,0.35352542996406555,0.0,400.3301696777344,0.5741993188858032,0.5741993188858032,0.44817912578582764,0.1482548713684082,83.35598754882812,0.35885894298553467,19.06334114074707,0.6418319940567017,1.2466541528701782
2017,2,28.097103415735166,102.2784499129997,3004.538,1874.0,23.116233825683594,226.95327758789062,32.60043716430664,28.263044357299805,1.303179383277893,6.300000190734863,37.79130554199219,0.28512170910835266,0.292817622423172,0.7583712339401245,234.53810119628906,0.5266817212104797,0.5281866788864136,0.11416920274496078,0.1412249654531479,91.19853210449219,0.4092814028263092,7.30561637878418,0.23083136975765228,0.5211525559425354,0.22105760872364044,0.23244531452655792,39.47523880004883,255.25001525878906,0.3539786636829376,0.5124234557151794,-0.021799547597765923,0.08975448459386826,70.8076400756836,0.37772858142852783,3.039081335067749,0.23064342141151428,0.6867649555206299,0.20564952492713928,0.20735037326812744,29.979875564575195,153.7926025390625,0.2935476005077362,0.29452913999557495,-0.06585890799760818,0.0704105868935585,81.20189666748047,0.35043275356292725,3.17468523979187,0.2920439541339874,0.7373997569084167,0.2400064617395401,0.2400064617395401,1.2359306812286377,124.26236724853516,0.5154123902320862,0.5154123902320862,0.2516327202320099,0.1000855416059494,70.91255950927734,0.40327221155166626,7.236849308013916,0.297435462474823,0.6567986607551575,0.32049471139907837,0.32049471139907837,0.0,209.42892456054688,0.5636252164840698,0.5636252164840698,0.3318745791912079,0.1439187228679657,113.59320831298828,0.40713977813720703,9.972805976867676,0.3677290081977844,0.869458019733429
2017,2,28.239393330350623,102.15664064952271,3036.6868,1696.0,9.992234230041504,123.45413970947266,26.789352416992188,31.209867477416992,1.2963026762008667,6.3655009269714355,38.400001525878906,0.2763438820838928,0.2847084701061249,0.7918004989624023,204.9134521484375,0.39379140734672546,0.39444178342819214,-0.032440055161714554,0.09616947174072266,86.4010009765625,0.3967156708240509,6.378801345825195,0.22249937057495117,0.5000900626182556,0.2138471156358719,0.22611360251903534,58.598472595214844,194.6412353515625,0.5848812460899353,0.63699871301651,0.17833662033081055,0.1793300360441208,69.71758270263672,0.3711395859718323,1.9160953760147095,0.2178190052509308,0.6423807144165039,0.20062808692455292,0.20231519639492035,38.83134841918945,116.57701110839844,0.538225531578064,0.5545709729194641,0.142795130610466,0.16374571621418,82.68718719482422,0.3515644371509552,1.993478536605835,0.26059699058532715,0.6786096692085266,0.2356591820716858,0.2356591820716858,2.370495319366455,103.91956329345703,0.5146355628967285,0.5146355628967285,0.2624913454055786,0.09891276806592941,68.39631652832031,0.3981022536754608,5.973474502563477,0.26288294792175293,0.5851350426673889,0.31793591380119324,0.31793591380119324,0.0,184.14556884765625,0.28290727734565735,0.2835938036441803,0.08502283692359924,0.06603570282459259,115.58567810058594,0.40136393904685974,8.768836975097656,0.3199616074562073,0.7513790130615234
2017,2,28.20004622265502,102.06581767926613,3167.02,1693.0,6.238376140594482,137.76852416992188,27.28915786743164,33.114967346191406,1.2840092182159424,6.295262813568115,42.29678726196289,0.2752971053123474,0.2834136486053467,0.6459530591964722,203.90505981445312,0.36053070425987244,0.3654676079750061,0.01427661906927824,0.08297937363386154,84.9714126586914,0.39112338423728943,6.351847171783447,0.23234780132770538,0.49356919527053833,0.21489867568016052,0.22681286931037903,62.352169036865234,197.49911499023438,0.3447153866291046,0.6613175868988037,0.003112972481176257,0.08314581960439682,64.91595458984375,0.3634123206138611,1.9034781455993652,0.2323039025068283,0.6405059695243835,0.2040829360485077,0.2060040831565857,37.98028564453125,122.91325378417969,0.3319797217845917,0.34030628204345703,-0.01965772919356823,0.08459428697824478,76.99588775634766,0.3408839702606201,2.1777684688568115,0.28173908591270447,0.6950693726539612,0.23657891154289246,0.23657891154289246,2.837743043899536,101.50237274169922,0.5139046907424927,0.5139046907424927,0.2658328413963318,0.09998203814029694,67.04923248291016,0.39036044478416443,5.803801536560059,0.2732342481613159,0.6036303639411926,0.31540483236312866,0.31540483236312866,0.0,180.78797912597656,0.5604346990585327,0.5604346990585327,0.33479511737823486,0.14156650006771088,112.06706237792969,0.39456507563591003,8.608951568603516,0.32873257994651794,0.7652475833892822
2017,2,28.18711037049897,102.12133348738153,3167.02,1620.0,19.42085838317871,38.689659118652344,22.361970901489258,34.963645935058594,1.3096734285354614,6.299868106842041,35.1912841796875,0.2774547338485718,0.28553491830825806,0.696235179901123,210.14646911621094,0.32626083493232727,0.33282241225242615,0.011596130207180977,0.053825363516807556,86.58295440673828,0.395419180393219,6.545319557189941,0.22999651730060577,0.499930739402771,0.21592476963996887,0.22780141234397888,57.07640838623047,208.2773895263672,0.24747346341609955,0.48847684264183044,0.04096553474664688,0.04055643081665039,66.98279571533203,0.367249995470047,2.129591226577759,0.22921934723854065,0.6495326161384583,0.20373456180095673,0.20556707680225372,36.548946380615234,127.93653869628906,0.2278871089220047,0.24080461263656616,-0.025029543787240982,0.042151033878326416,78.868896484375,0.34420084953308105,2.3432717323303223,0.2798975110054016,0.6999196410179138,0.2370859980583191,0.2370859980583191,2.42926025390625,106.43567657470703,0.5143448114395142,0.5143448114395142,0.2623647153377533,0.09979823231697083,68.00857543945312,0.3937690258026123,6.1180243492126465,0.2759186923503876,0.6105592250823975,0.31690287590026855,0.31690287590026855,0.0,187.057861328125,0.5612019896507263,0.5612019896507263,0.33467230200767517,0.14226391911506653,112.99413299560547,0.39782223105430603,8.907517433166504,0.3345507085323334,0.782179594039917
2017,2,26.930187883755753,102.7942608864581,3188.5037,1432.0,17.175729751586914,86.99788665771484,25.2247371673584,36.932106018066406,1.3612608909606934,6.793441295623779,34.27796936035156,0.30894187092781067,0.31722527742385864,0.0,347.5924377441406,0.5826668739318848,0.6059088110923767,0.15701080858707428,0.1358364373445511,93.75321960449219,0.4318741261959076,10.862263679504395,0.33179324865341187,0.6096904277801514,0.24743105471134186,0.2571125328540802,0.25854724645614624,521.8538208007812,0.433366596698761,0.49443185329437256,0.08876781165599823,0.0965852215886116,55.451133728027344,0.3761555254459381,7.346412181854248,0.3524548411369324,0.9090324640274048,0.2250138521194458,0.23186533153057098,0.2408151626586914,330.9305114746094,0.30008116364479065,0.3474545478820801,-0.013970043510198593,0.06723321229219437,55.783546447753906,0.31560173630714417,8.479223251342773,0.5127008557319641,1.0886605978012085,0.23387154936790466,0.23387154936790466,0.0,192.4442901611328,0.474165678024292,0.474165678024292,0.21190232038497925,0.09697650372982025,75.71395111083984,0.3962433338165283,11.320252418518066,0.5093029141426086,1.1381487846374512,0.30590003728866577,0.30590003728866577,0.0,286.1744384765625,0.4044747054576874,0.40455254912376404,0.07770142704248428,0.11145354062318802,93.310302734375,0.4133349359035492,13.627354621887207,0.5746170878410339,1.3002407550811768
2017,2,28.10410866349013,102.15178914757657,3204.6135,1573.0,4.858034133911133,40.37287902832031,26.95613670349121,32.68351364135742,1.326401710510254,6.3346266746521,34.59617233276367,0.2816932201385498,0.28936806321144104,0.64240562915802,224.966552734375,0.7006182074546814,0.7028235793113708,0.29323121905326843,0.22512201964855194,88.89617156982422,0.3996049463748932,7.010129928588867,0.23638463020324707,0.5082629323005676,0.21988724172115326,0.23122458159923553,48.21306228637695,239.68368530273438,0.6032972931861877,0.6671313643455505,0.22670520842075348,0.16241155564785004,66.2795639038086,0.367613822221756,2.6967692375183105,0.23947365581989288,0.6706290245056152,0.20717886090278625,0.20907728374004364,31.795324325561523,148.79542541503906,0.5492262840270996,0.5541198253631592,0.1539418250322342,0.15280641615390778,76.55999755859375,0.3395671844482422,3.00000262260437,0.3016638457775116,0.7332589030265808,0.23954686522483826,0.23954686522483826,1.9649159908294678,116.12205505371094,0.5145593881607056,0.5145593881607056,0.25763624906539917,0.10066865384578705,68.8122329711914,0.39307036995887756,6.715125560760498,0.29589760303497314,0.6516844034194946,0.3175784945487976,0.3175784945487976,0.0,199.00889587402344,0.33365634083747864,0.33523350954055786,0.02231876365840435,0.07830902934074402,110.97898864746094,0.39788055419921875,9.476613998413086,0.36065614223480225,0.8436558842658997
2017,2,31.01330199547614,103.71970717819133,3238.2651,661.0,1.424971580505371,49.401859283447266,24.975723266601562,24.3663330078125,1.2334575653076172,6.715142250061035,44.9718017578125,0.2174334079027176,0.23207876086235046,1.2262693643569946,305.09039306640625,0.5048102736473083,0.5078195333480835,0.13206221163272858,0.11374080181121826,64.51007843017578,0.3817088007926941,9.49575424194336,0.24903768301010132,0.437287837266922,0.19343598186969757,0.22194227576255798,21.72389793395996,343.6685485839844,-5.438377847895026E-4,-5.438377847895026E-4,0.2896353304386139,-4.793955304194242E-4,84.77841186523438,0.3590715825557709,4.534431457519531,0.20184679329395294,0.4148067831993103,0.17587746679782867,0.19844381511211395,16.085737228393555,209.81527709960938,0.3717470169067383,0.4171689450740814,0.33078834414482117,0.07547223567962646,73.94288635253906,0.3554711639881134,4.967423915863037,0.2293863445520401,0.5589562058448792,0.24168497323989868,0.24168497323989868,0.0,176.8191375732422,0.4503479599952698,0.4503479599952698,0.3459321856498718,0.09702956676483154,40.43590545654297,0.3611215353012085,10.40112590789795,0.32502350211143494,0.5110576152801514,0.3267826437950134,0.3267826437950134,0.0,301.2154235839844,0.5591250658035278,0.5751270055770874,0.29919925332069397,0.15008065104484558,119.35563659667969,0.37255340814590454,14.343591690063477,0.47894322872161865,0.840787947177887
2017,2,30.56971508178038,103.69168172807042,3339.362,515.0,0.9274099469184875,-0.0,18.96063995361328,31.47786521911621,1.2157374620437622,6.871312618255615,45.373191833496094,0.22088950872421265,0.2380209118127823,0.17281311750411987,381.1094665527344,0.46264684200286865,0.46264684200286865,0.1476840227842331,0.08364442735910416,52.662864685058594,0.36940449476242065,11.904271125793457,0.30892470479011536,0.5088962912559509,0.21631206572055817,0.24808771908283234,3.06145977973938,511.5516052246094,0.42551687359809875,0.42551687359809875,0.15132716298103333,0.08475437760353088,70.26004028320312,0.3431185781955719,7.1618332862854,0.23949824273586273,0.4385730028152466,0.19945357739925385,0.23008763790130615,2.266896963119507,311.54864501953125,0.4193418025970459,0.4193418025970459,0.13377323746681213,0.07260380685329437,56.189334869384766,0.3350616693496704,7.930301189422607,0.29101696610450745,0.6948022842407227,0.2749241590499878,0.2749241590499878,0.0,225.27203369140625,0.4663621485233307,0.4663621485233307,0.3429901897907257,0.10528884083032608,33.395904541015625,0.3363321125507355,13.251296043395996,0.4051389694213867,0.6141652464866638,0.338299036026001,0.338299036026001,0.0,361.2857971191406,0.48955652117729187,0.49351340532302856,0.13106752932071686,0.10195988416671753,108.22710418701172,0.3553949296474457,17.204084396362305,0.5989096760749817,0.91855388879776
2017,2,28.058563405330236,102.05773332905625,3341.11,2102.0,6.792246341705322,17.940279006958008,25.809289932250977,34.20581817626953,1.266218900680542,5.892171859741211,48.69056701660156,0.2813646197319031,0.2887682616710663,0.5082556009292603,225.87109375,0.5283668637275696,0.5283668637275696,0.02736809477210045,0.11916058510541916,88.4172592163086,0.3935267925262451,7.042588710784912,0.24505922198295593,0.5019932985305786,0.22134460508823395,0.23230178654193878,50.260284423828125,245.64132690429688,0.32938551902770996,0.4303651452064514,-0.08783742785453796,0.06902174651622772,61.894996643066406,0.35869401693344116,2.751845598220825,0.2535409927368164,0.6693803071975708,0.21065407991409302,0.21276496350765228,30.403724670410156,157.5390625,0.3130322992801666,0.3130322992801666,-0.10118163377046585,0.07426629215478897,71.05350494384766,0.32677483558654785,3.259880542755127,0.32369914650917053,0.7501360774040222,0.24068373441696167,0.24068373441696167,2.3073647022247314,115.05795288085938,0.5139536261558533,0.5139536261558533,0.25989219546318054,0.10171740502119064,67.44044494628906,0.38329610228538513,6.632387161254883,0.3069084584712982,0.672810435295105,0.31547117233276367,0.31547117233276367,0.0,197.36944580078125,0.5618664026260376,0.5618664026260376,0.3287944495677948,0.14155562222003937,107.41674041748047,0.38946929574012756,9.398544311523438,0.37060093879699707,0.8587373495101929
2017,2,30.5080011232007,103.6668846671122,3595.5776,496.0,0.9274099469184875,-0.0,20.698467254638672,27.949235916137695,1.202805757522583,6.7228779792785645,42.93019485473633,0.22058673202991486,0.2381611168384552,0.020741015672683716,390.79449462890625,0.2102067917585373,0.2102067917585373,-0.1304531693458557,0.043740201741456985,51.73876190185547,0.3683481514453888,12.211679458618164,0.31423115730285645,0.5093700885772705,0.21969179809093475,0.25107890367507935,0.36743617057800293,532.7941284179688,0.3179170787334442,0.3179170787334442,0.17054635286331177,0.10959704965353012,68.96577453613281,0.3416151702404022,7.498967170715332,0.24316544830799103,0.43999603390693665,0.20313987135887146,0.2351897656917572,0.27207279205322266,324.71856689453125,0.20080286264419556,0.20080286264419556,-0.047790322452783585,0.047201529145240784,54.05580139160156,0.33289358019828796,8.319141387939453,0.2982218265533447,0.7099630236625671,0.2795175015926361,0.2795175015926361,0.0,231.62222290039062,0.4671737253665924,0.4671737253665924,0.34178465604782104,0.10623791813850403,32.442630767822266,0.33333250880241394,13.624836921691895,0.4139200747013092,0.6248654723167419,0.3401397466659546,0.3401397466659546,0.0,369.1974182128906,0.3072345554828644,0.3430131673812866,0.03406299650669098,0.0707928016781807,107.08576965332031,0.3532469868659973,17.580829620361328,0.6122467517852783,0.9155501127243042
2017,2,29.715146201291695,105.27792666401483,3597.7856,400.0,7.925570964813232,249.5840301513672,21.445833206176758,31.846345901489258,1.2799999713897705,7.172239780426025,31.47869300842285,0.24642954766750336,0.2496049404144287,0.0,447.39410400390625,0.449790358543396,0.4534153938293457,0.39055564999580383,0.09880966693162918,50.44993209838867,0.3748938739299774,13.98106575012207,0.3827179968357086,0.8112944960594177,0.19893896579742432,0.22320856153964996,0.0,695.5477905273438,0.4397468864917755,0.4465460479259491,0.11203821748495102,0.08150489628314972,45.552894592285156,0.3433864712715149,9.79644775390625,0.30032551288604736,0.5064476132392883,0.12836655974388123,0.13589821755886078,0.0,404.6600341796875,0.4208575487136841,0.4212753474712372,0.07110030204057693,0.07108015567064285,53.51990509033203,0.3368678390979767,10.375898361206055,0.34139007329940796,0.7206613421440125,0.26534175872802734,0.26534175872802734,0.0,260.7982482910156,0.4940612018108368,0.4940612018108368,0.3557412028312683,0.10215961188077927,33.90703201293945,0.3544553220272064,15.341073036193848,0.48371291160583496,0.8596568703651428,0.32577645778656006,0.32577645778656006,0.0,403.6626892089844,0.6960895657539368,0.6960895657539368,0.27979397773742676,0.21416012942790985,82.8187026977539,0.3422626852989197,19.22203254699707,0.7229622006416321,1.432132601737976
2017,2,28.04886040143794,102.13588799321998,3651.9592,1600.0,6.544122219085693,106.39298248291016,24.659860610961914,32.561519622802734,1.3498295545578003,6.4612345695495605,36.564640045166016,0.28359150886535645,0.2909772992134094,0.5691491961479187,232.3732452392578,0.392000675201416,0.392000675201416,-0.02457442693412304,0.09057386219501495,89.75537872314453,0.39971762895584106,7.243878364562988,0.24262383580207825,0.510271430015564,0.22228887677192688,0.23323474824428558,44.72669982910156,256.8628234863281,0.42790818214416504,0.45129168033599854,0.07541976124048233,0.11183600127696991,64.40541076660156,0.36497262120246887,2.987833023071289,0.24933579564094543,0.6806108355522156,0.21005110442638397,0.21205635368824005,29.040929794311523,161.759521484375,0.4160328507423401,0.4160328507423401,0.0879531130194664,0.11238981038331985,73.54410552978516,0.33327192068099976,3.403040885925293,0.319735050201416,0.755420982837677,0.24112074077129364,0.24112074077129364,1.8658357858657837,120.39494323730469,0.5144461393356323,0.5144461393356323,0.25618982315063477,0.10145509243011475,68.75592803955078,0.38973015546798706,6.9723005294799805,0.3094225823879242,0.6788350939750671,0.31715095043182373,0.31715095043182373,0.0,204.16481018066406,0.31670987606048584,0.31670987606048584,0.02345661073923111,0.051778633147478104,108.79112243652344,0.3953152298927307,9.72213363647461,0.37679892778396606,0.879092812538147
2017,2,28.04724620685659,102.12214504377327,3651.9592,1929.0,28.289113998413086,48.569725036621094,25.242481231689453,33.118980407714844,1.28018319606781,6.258256435394287,46.23029708862305,0.2833346724510193,0.2907079756259918,0.5554776191711426,231.7178497314453,0.6711798906326294,0.6711798906326294,0.21707428991794586,0.1150374487042427,89.5941390991211,0.39869704842567444,7.2238240242004395,0.24333269894123077,0.5090171694755554,0.22226478159427643,0.23319168388843536,45.430259704589844,255.9580841064453,0.48149123787879944,0.5283269882202148,0.1915128082036972,0.07547067105770111,63.900596618652344,0.3637833297252655,2.9651806354522705,0.25053635239601135,0.6792920827865601,0.2103005200624466,0.21232841908931732,29.11349868774414,161.77708435058594,0.4671821892261505,0.46740102767944336,0.12690189480781555,0.08378569781780243,72.97950744628906,0.3318422734737396,3.401630401611328,0.3213437795639038,0.7557133436203003,0.2411341518163681,0.2411341518163681,1.9314872026443481,119.75949096679688,0.5143610239028931,0.5143610239028931,0.25670763850212097,0.1015390008687973,68.53605651855469,0.3884662389755249,6.931058883666992,0.3097241520881653,0.6792991161346436,0.3168584406375885,0.3168584406375885,0.0,203.34080505371094,0.5452907085418701,0.5452907085418701,0.1321886032819748,0.12059550732374191,108.45006561279297,0.3941948413848877,9.682894706726074,0.3766382932662964,0.8776086568832397
2017,2,27.798499713691164,102.619629111902,3667.7505,2595.0,24.705341339111328,83.94066619873047,26.012475967407227,25.93935203552246,1.1859031915664673,5.839075565338135,55.556766510009766,0.2975057065486908,0.3046018183231354,0.42859771847724915,286.95989990234375,0.6569553017616272,0.6569553017616272,0.158572718501091,0.1260393112897873,89.451904296875,0.43187496066093445,8.954103469848633,0.26413461565971375,0.5570387840270996,0.23252618312835693,0.24272295832633972,11.239313125610352,369.2956848144531,0.44046857953071594,0.5248956084251404,-0.05466729402542114,0.07492216676473618,67.37307739257812,0.39286524057388306,5.0430474281311035,0.2666407525539398,0.7666816115379333,0.21263480186462402,0.21509715914726257,12.23328685760498,222.8059844970703,0.4835827052593231,0.4835827052593231,-0.05013545602560043,0.0930979922413826,70.98875427246094,0.35420626401901245,5.3993000984191895,0.3609185516834259,0.8619121313095093,0.24427418410778046,0.24427418410778046,0.0,159.7974395751953,0.5093031525611877,0.5093031525611877,0.2332119196653366,0.10123683512210846,71.87696838378906,0.41765546798706055,9.399848937988281,0.37665441632270813,0.812107264995575,0.32321956753730774,0.32321956753730774,0.0,253.01541137695312,0.610081672668457,0.610081672668457,0.1870831996202469,0.16218028962612152,103.97787475585938,0.4212368130683899,12.04835319519043,0.4686852991580963,1.1267749071121216
2017,2,30.95320669057884,104.15817504387772,3682.9539,497.0,1.081384539604187,270.0,24.115251541137695,28.26730728149414,1.1757210493087769,6.699999809265137,38.7480354309082,0.24672509729862213,0.26294809579849243,0.4744136333465576,371.0822448730469,0.47114497423171997,0.4927384555339813,0.18194866180419922,0.07912270724773407,44.17741012573242,0.3665253221988678,11.581494331359863,0.3340859115123749,0.6230244636535645,0.2125447392463684,0.26852378249168396,8.404444694519043,491.1589050292969,0.43725600838661194,0.4397149085998535,0.14137117564678192,0.09961017966270447,64.9576416015625,0.3400411009788513,6.799358367919922,0.25119704008102417,0.44664013385772705,0.1953612118959427,0.22448907792568207,6.223178386688232,295.10858154296875,0.4531668424606323,0.4803870618343353,0.2251494973897934,0.12199533730745316,56.68954086303711,0.33594173192977905,7.407318115234375,0.2916973829269409,0.6957810521125793,0.26531997323036194,0.26531997323036194,0.0,217.29978942871094,0.48729029297828674,0.48729029297828674,0.17208708822727203,0.1430366486310959,33.99650573730469,0.33938068151474,12.782341003417969,0.41976046562194824,0.621311604976654,0.35663744807243347,0.35663744807243347,0.0,354.2408447265625,0.39560872316360474,0.43473437428474426,0.1479976326227188,0.06362871825695038,96.99026489257812,0.3505779802799225,16.86861228942871,0.6484124064445496,1.136534571647644
2017,2,30.58669087949085,103.80298089036441,3723.0735,502.0,2.15378475189209,90.0,21.220449447631836,28.35628890991211,1.2304627895355225,6.872620582580566,42.952430725097656,0.22585326433181763,0.2426370531320572,0.18466944992542267,385.83538818359375,0.5731572508811951,0.5731572508811951,0.2994604706764221,0.07618002593517303,49.02173614501953,0.3664374351501465,12.05158519744873,0.3236428499221802,0.5543199777603149,0.21599259972572327,0.2528146803379059,3.2715001106262207,522.6547241210938,0.6096075773239136,0.6096075773239136,0.2979160249233246,0.14538659155368805,66.78274536132812,0.33980700373649597,7.3152570724487305,0.24723146855831146,0.446733295917511,0.19837316870689392,0.2280707061290741,2.422423839569092,316.8808898925781,0.5660983920097351,0.5660983920097351,0.41483932733535767,0.16659212112426758,54.4771728515625,0.3320877254009247,8.063037872314453,0.29787924885749817,0.7124922871589661,0.27528440952301025,0.27528440952301025,0.0,227.51943969726562,0.6624196767807007,0.6624196767807007,0.40489956736564636,0.19658583402633667,33.13637161254883,0.33419981598854065,13.383496284484863,0.417251318693161,0.631012499332428,0.33922073245048523,0.33922073245048523,0.0,364.1540222167969,0.4494301676750183,0.47875896096229553,0.12036842107772827,0.09945043176412582,105.539306640625,0.353635311126709,17.340667724609375,0.6185310482978821,0.9879815578460693
2017,2,30.631696586423285,103.81645629374793,3723.0735,515.0,2.8416852951049805,130.710693359375,20.83283233642578,24.8001766204834,1.2400914430618286,6.900000095367432,44.251094818115234,0.2262232005596161,0.2427920550107956,0.27526405453681946,379.5448303222656,0.46851637959480286,0.46851637959480286,0.16101039946079254,0.09252890944480896,49.76585388183594,0.3673616945743561,11.852174758911133,0.31944540143013,0.5512300133705139,0.21410219371318817,0.2512631118297577,4.876422882080078,508.8015441894531,0.33909523487091064,0.42561110854148865,0.08074487000703812,0.058353278785943985,67.82093048095703,0.34101617336273193,7.097537040710449,0.24449999630451202,0.4449843466281891,0.19642916321754456,0.2254660725593567,3.610809564590454,308.39306640625,0.37561553716659546,0.37561553716659546,0.14056536555290222,0.06671538203954697,55.90398406982422,0.3337496817111969,7.814929485321045,0.29298004508018494,0.7016451954841614,0.27241379022598267,0.27241379022598267,0.0,223.47689819335938,0.43076637387275696,0.43076637387275696,0.1275211125612259,0.08728858083486557,33.70759963989258,0.33625292778015137,13.145699501037598,0.41121599078178406,0.6229092478752136,0.33880800008773804,0.33880800008773804,0.0,359.21875,0.5644649863243103,0.5714847445487976,0.1970825493335724,0.1440519541501999,106.1392593383789,0.3548707664012909,17.105653762817383,0.6102288365364075,0.9869307279586792
2017,2,31.814241267595026,105.22860900636371,3746.4663,544.0,8.855463027954102,78.00639343261719,25.21491813659668,20.895959854125977,1.2799999713897705,7.292651653289795,34.814693450927734,0.2549065947532654,0.27737849950790405,1.2884838581085205,342.1739196777344,0.5071559548377991,0.542353093624115,0.39693930745124817,0.10373473912477493,32.47920608520508,0.36632367968559265,10.652669906616211,0.3470439016819,0.7120146155357361,0.21859146654605865,0.2724628150463104,22.618179321289062,440.69091796875,0.4571320712566376,0.5657846331596375,0.36273449659347534,0.08192414045333862,46.36224365234375,0.33720090985298157,5.88834810256958,0.2656744122505188,0.5040168762207031,0.2035801112651825,0.2288101464509964,11.383365631103516,271.1598815917969,0.40757855772972107,0.43102431297302246,0.29477426409721375,0.08308396488428116,58.637603759765625,0.34482720494270325,6.66093635559082,0.2999008893966675,0.693696916103363,0.25872093439102173,0.25872093439102173,0.13042226433753967,205.40945434570312,0.6386346817016602,0.6386346817016602,0.2505354583263397,0.1392442286014557,26.745710372924805,0.34193286299705505,12.075237274169922,0.4454660713672638,0.7165991067886353,0.4070698618888855,0.4070698618888855,0.0,342.39678955078125,0.6676919460296631,0.6676919460296631,0.5356999039649963,0.18451210856437683,80.6705551147461,0.33588021993637085,16.304609298706055,0.7067076563835144,1.2503856420516968
2017,2,30.676974298519966,103.68494402637864,3759.222,547.0,1.4221018552780151,310.6973571777344,23.41434669494629,25.76806640625,1.2258919477462769,6.900000095367432,47.17423629760742,0.2192457914352417,0.2357577383518219,0.44183745980262756,361.2452392578125,0.47901755571365356,0.47901755571365356,0.09658955037593842,0.11881066113710403,56.07955551147461,0.3727948069572449,11.275106430053711,0.29216986894607544,0.4860548973083496,0.21041139960289001,0.24062511324882507,7.827343463897705,467.62127685546875,0.4357297122478485,0.4357297122478485,0.08383398503065109,0.100171759724617,74.3012924194336,0.34748128056526184,6.47597074508667,0.22910739481449127,0.43188515305519104,0.19340306520462036,0.22198866307735443,5.795856475830078,285.0657653808594,0.5431201457977295,0.5431201457977295,0.18194155395030975,0.1515868455171585,60.88991165161133,0.34049373865127563,7.1607666015625,0.27461427450180054,0.6585697531700134,0.2664121687412262,0.2664121687412262,0.0,212.67221069335938,0.46191179752349854,0.46191179752349854,0.34313738346099854,0.10306281596422195,35.236480712890625,0.34283512830734253,12.510129928588867,0.3834049701690674,0.5864055156707764,0.33484792709350586,0.33484792709350586,0.0,345.5999450683594,0.24445122480392456,0.27625009417533875,0.017937641590833664,0.051920730620622635,111.48255157470703,0.3600575923919678,16.45713996887207,0.5657088160514832,0.8909911513328552
2017,2,30.704460197413418,103.67146862299514,3759.222,558.0,1.4223324060440063,49.310638427734375,23.651809692382812,25.95366859436035,1.2197754383087158,6.95688009262085,46.94987869262695,0.218199223279953,0.23455795645713806,0.5181678533554077,355.1360778808594,0.6242400407791138,0.6242400407791138,0.22644704580307007,0.14918693900108337,57.406646728515625,0.37401872873306274,11.081809043884277,0.2860161364078522,0.475297212600708,0.208714559674263,0.23791584372520447,9.179570198059082,454.0522766113281,0.6955611705780029,0.6955611705780029,0.18624894320964813,0.1415799856185913,75.7737808227539,0.3490179479122162,6.265812397003174,0.22541679441928864,0.42930054664611816,0.19171355664730072,0.21976491808891296,6.7971296310424805,277.0116882324219,0.5181681513786316,0.5181681513786316,0.262504518032074,0.12038449943065643,62.39105224609375,0.342289537191391,6.9285783767700195,0.2692965567111969,0.646665632724762,0.2639504373073578,0.2639504373073578,0.0,208.86029052734375,0.4601960778236389,0.4601960778236389,0.3426956832408905,0.10232307016849518,35.794151306152344,0.3448748290538788,12.28589916229248,0.3760376572608948,0.5770143866539001,0.33359360694885254,0.33359360694885254,0.0,340.8231201171875,0.6600510478019714,0.6600510478019714,0.3524678349494934,0.19874778389930725,112.72614288330078,0.3615999221801758,16.229671478271484,0.554130494594574,0.8763266801834106
2017,2,30.569443076616132,103.68063207565997,3772.1836,514.0,0.9274099469184875,180.0,19.59299659729004,30.64796257019043,1.2096494436264038,6.800000190734863,43.034881591796875,0.22039300203323364,0.23755502700805664,0.1738232523202896,380.4684143066406,0.3108569383621216,0.3108569383621216,0.035857971757650375,0.05533352494239807,53.0545654296875,0.369732528924942,11.88420581817627,0.30731022357940674,0.5041584968566895,0.21629931032657623,0.24756860733032227,3.079355001449585,510.0683898925781,0.5353837013244629,0.5353837013244629,0.22855615615844727,0.12774397432804108,70.64279174804688,0.3434889614582062,7.140690803527832,0.2386370450258255,0.43768948316574097,0.19951824843883514,0.23023320734500885,2.2801475524902344,310.79083251953125,0.6375400424003601,0.6375400424003601,0.3094460368156433,0.16993790864944458,56.40043640136719,0.33540910482406616,7.910530090332031,0.290191113948822,0.6927151083946228,0.27481594681739807,0.27481594681739807,0.0,224.94131469726562,0.4657331705093384,0.4657331705093384,0.3425525426864624,0.10516447573900223,33.43644714355469,0.3366023302078247,13.231842041015625,0.40374740958213806,0.6122320890426636,0.33820009231567383,0.33820009231567383,0.0,360.87005615234375,0.5819905400276184,0.6349855065345764,0.2769800126552582,0.146176278591156,108.51575469970703,0.3556046187877655,17.184288024902344,0.5966989398002625,0.911413848400116
2017,2,30.846215019902466,104.04283147692821,3774.4658,523.0,5.102542877197266,24.98102378845215,25.793970108032227,29.949291229248047,1.2070491313934326,6.800000190734863,45.21894073486328,0.2385459542274475,0.25454238057136536,0.48470965027809143,369.91668701171875,0.5020067691802979,0.50545734167099,0.16474030911922455,0.0641874298453331,46.4558219909668,0.36681950092315674,11.54474925994873,0.3276006281375885,0.6010017395019531,0.21093861758708954,0.2596178650856018,8.586843490600586,488.3673400878906,0.4600514769554138,0.48697733879089355,0.13653603196144104,0.08634007722139359,66.234130859375,0.3406059443950653,6.757471561431885,0.24767471849918365,0.4471276104450226,0.1931103616952896,0.22099357843399048,6.3582377433776855,294.06903076171875,0.35719624161720276,0.40010032057762146,0.33133745193481445,0.07951018959283829,57.27553939819336,0.33553898334503174,7.377199649810791,0.28936243057250977,0.693256676197052,0.26571691036224365,0.26571691036224365,0.0,216.6018829345703,0.3977651298046112,0.3977651298046112,0.07392975687980652,0.06762547045946121,34.42560577392578,0.33931878209114075,12.741287231445312,0.4131373465061188,0.6195124983787537,0.3471928834915161,0.3471928834915161,0.0,352.0993347167969,0.46793612837791443,0.5082337856292725,0.13448144495487213,0.10137492418289185,101.3643569946289,0.35357195138931274,16.76663589477539,0.6267185807228088,1.086434245109558
2017,2,26.651801745888076,102.75923018858224,3813.9546,2010.0,13.68471622467041,184.2659149169922,22.6977596282959,38.05112075805664,1.2331541776657104,6.400000095367432,44.08308410644531,0.31015774607658386,0.3183349072933197,0.0,365.6548767089844,0.6521028876304626,0.6631995439529419,0.21337449550628662,0.23316742479801178,103.04889678955078,0.4341839551925659,11.426714897155762,0.34616807103157043,0.6212779879570007,0.2506757974624634,0.2624879777431488,0.08046355843544006,568.6671142578125,0.6633093953132629,0.7092199325561523,0.26613959670066833,0.2674306035041809,56.49283981323242,0.37266775965690613,8.008262634277344,0.376966267824173,0.944432258605957,0.2293427288532257,0.23805752396583557,0.07494509220123291,364.93377685546875,0.3802030086517334,0.4505711793899536,0.07591652125120163,0.09896858781576157,58.302249908447266,0.3069669306278229,9.355354309082031,0.5588548183441162,1.1467424631118774,0.23179955780506134,0.23179955780506134,0.0,200.67633056640625,0.4653656482696533,0.4653656482696533,0.2141083925962448,0.09609968215227127,81.55308532714844,0.3941531181335449,11.804490089416504,0.5400871634483337,1.234424114227295,0.3000451326370239,0.3000451326370239,0.0,294.57330322265625,0.28071045875549316,0.28071045875549316,0.019697770476341248,0.0793096199631691,96.77518463134766,0.41593119502067566,14.027299880981445,0.5945478677749634,1.2975749969482422
2017,2,28.139683371694517,103.18206444597524,3847.6487,2314.0,35.19670867919922,135.35409545898438,27.915203094482422,34.40470504760742,1.2222676277160645,5.836545944213867,49.34113311767578,0.2763652503490448,0.2859954535961151,0.33199864625930786,282.68170166015625,0.48662811517715454,0.48662811517715454,0.10211942344903946,0.10655899345874786,81.06194305419922,0.4225537180900574,8.8234281539917,0.20840269327163696,0.4589940905570984,0.20587001740932465,0.23228523135185242,9.075434684753418,333.2928161621094,0.4220964014530182,0.44856157898902893,0.08646103739738464,0.07258140295743942,94.29244232177734,0.4044252038002014,4.566442012786865,0.18183423578739166,0.5445963144302368,0.1636246144771576,0.1676023006439209,9.820055961608887,191.96495056152344,0.3769668638706207,0.39149579405784607,0.23061299324035645,0.07000726461410522,89.34273529052734,0.3881601393222809,4.670381546020508,0.2305939644575119,0.5946977138519287,0.2251138985157013,0.2251138985157013,0.0,163.7119903564453,0.4873019754886627,0.4873019754886627,0.2393101453781128,0.08929665386676788,55.66160583496094,0.4124923348426819,9.63011646270752,0.2944384217262268,0.6732500195503235,0.3423773944377899,0.3423773944377899,0.0,265.01556396484375,0.431241899728775,0.472689688205719,0.08231376856565475,0.08074586093425751,105.89944458007812,0.4151330888271332,12.619789123535156,0.3929711878299713,0.9268430471420288
2017,2,31.623436333518075,105.22052465615381,3903.1824,541.0,2.150122880935669,149.5789794921875,24.40389633178711,20.62023162841797,1.2967236042022705,7.10948371887207,31.149215698242188,0.2525208294391632,0.26865747570991516,0.5173456072807312,384.4563903808594,0.48437023162841797,0.513221025466919,0.39437955617904663,0.1025686115026474,31.77486228942871,0.3620993196964264,11.998095512390137,0.38413482904434204,0.7868510484695435,0.2211637943983078,0.2816470265388489,9.079784393310547,531.7216186523438,0.5615512132644653,0.5615512132644653,0.22617505490779877,0.13536930084228516,44.90911865234375,0.3288714289665222,7.361152648925781,0.2941872775554657,0.5309672355651855,0.21198096871376038,0.23887401819229126,4.590326309204102,321.7093505859375,0.41268107295036316,0.4328766167163849,0.3179420828819275,0.08668594807386398,53.709716796875,0.33442312479019165,8.131257057189941,0.33170291781425476,0.7587490081787109,0.2728468179702759,0.2728468179702759,0.05267679691314697,229.67312622070312,0.6455450057983398,0.6455450057983398,0.49505752325057983,0.22919853031635284,27.674055099487305,0.33065441250801086,13.507085800170898,0.4941146969795227,0.7529754638671875,0.40454283356666565,0.40454283356666565,0.0,372.1902160644531,0.7144501805305481,0.7710935473442078,0.46982434391975403,0.22901651263237,84.2906723022461,0.3310787081718445,17.723342895507812,0.7712666988372803,1.3777357339859009
2017,2,30.832472070455744,103.99378136534031,3916.9536,530.0,0.0,-0.0,24.51648712158203,31.38922882080078,1.199960708618164,6.900000095367432,46.983314514160156,0.23556408286094666,0.25151610374450684,0.5154004693031311,366.35858154296875,0.4998904764652252,0.5208178758621216,0.11106188595294952,0.10540547221899033,48.11471939086914,0.367912232875824,11.432600021362305,0.32112881541252136,0.5839400291442871,0.20998752117156982,0.255861759185791,9.130544662475586,480.3130798339844,0.5770207643508911,0.5892361998558044,0.23452313244342804,0.16213294863700867,67.7188491821289,0.3419422209262848,6.636373996734619,0.2440667301416397,0.4446999430656433,0.19217006862163544,0.21975624561309814,6.760828018188477,289.6423034667969,0.3570810556411743,0.4006952941417694,0.33152657747268677,0.07915567606687546,58.310760498046875,0.3367222547531128,7.253370761871338,0.2854976952075958,0.6847290992736816,0.26473966240882874,0.26473966240882874,0.0,214.51531982421875,0.632708728313446,0.632708728313446,0.3587196171283722,0.22152754664421082,34.784507751464844,0.34051623940467834,12.618548393249512,0.40662264823913574,0.6122978925704956,0.3446063995361328,0.3446063995361328,0.0,349.218505859375,0.6270394921302795,0.6730273365974426,0.3588427007198334,0.20662803947925568,103.24068450927734,0.3551201820373535,16.629453659057617,0.6140875220298767,1.0577425956726074
2017,2,31.657664393204325,105.33990816865773,3941.905,793.0,21.534881591796875,141.20697021484375,27.407533645629883,20.820850372314453,1.2713871002197266,6.9811224937438965,38.123443603515625,0.24865218997001648,0.265231728553772,0.435636967420578,382.6239929199219,0.48308318853378296,0.5120722055435181,0.3990125358104706,0.1018407940864563,30.688739776611328,0.36116987466812134,11.94338607788086,0.38819950819015503,0.8063492774963379,0.22006958723068237,0.27661216259002686,7.6781182289123535,527.7865600585938,0.5976343154907227,0.5976343154907227,0.16505499184131622,0.10861129313707352,42.129547119140625,0.3275538384914398,7.325470924377441,0.2976253926753998,0.5449761152267456,0.21049511432647705,0.23471850156784058,3.5010452270507812,320.2191162109375,0.41509586572647095,0.43159013986587524,0.316205233335495,0.08509950339794159,54.03533935546875,0.3340916633605957,8.120976448059082,0.33478111028671265,0.7656464576721191,0.2725081443786621,0.2725081443786621,0.03862897679209709,229.41275024414062,0.6160557866096497,0.6160557866096497,0.2154599279165268,0.1202874407172203,27.1428165435791,0.3300824761390686,13.492594718933105,0.49906694889068604,0.7778033018112183,0.40334245562553406,0.40334245562553406,0.0,371.04559326171875,0.6317782998085022,0.6322677731513977,0.19464218616485596,0.12944090366363525,84.777099609375,0.3307078778743744,17.66883659362793,0.7720837593078613,1.3925672769546509
2017,2,26.648568897624326,102.77485933777456,3959.8318,1969.0,11.220635414123535,245.92074584960938,22.879535675048828,38.858463287353516,1.187312364578247,5.798231601715088,53.84344482421875,0.31009095907211304,0.31834712624549866,0.0,364.9986877441406,0.573634922504425,0.5994600653648376,0.24192459881305695,0.14170768857002258,102.43914031982422,0.4341743588447571,11.406208992004395,0.34529367089271545,0.6200360655784607,0.2504257261753082,0.2622224688529968,0.08350161463022232,566.941162109375,0.4347653388977051,0.5538732409477234,0.06902328878641129,0.09031456708908081,56.568153381347656,0.3730390667915344,7.983910083770752,0.3751971125602722,0.9420138597488403,0.2286955565214157,0.23731070756912231,0.077774778008461,363.63177490234375,0.3272725045681,0.3524795472621918,0.060251377522945404,0.07180049270391464,58.424678802490234,0.30756160616874695,9.321897506713867,0.5560705661773682,1.1423808336257935,0.2309609353542328,0.2309609353542328,0.0,200.38739013671875,0.46433815360069275,0.46433815360069275,0.21287578344345093,0.09567660838365555,80.99482727050781,0.39377909898757935,11.787493705749512,0.5391271710395813,1.2321339845657349,0.2994491457939148,0.2994491457939148,0.0,294.14349365234375,0.2747194766998291,0.2747194766998291,0.13245533406734467,0.08556116372346878,96.53179168701172,0.41580358147621155,14.006834030151367,0.5928537249565125,1.295739769935608
2017,2,26.632128192040273,102.8179788449614,3959.8318,1947.0,12.775838851928711,253.40765380859375,20.49650764465332,39.10182571411133,1.2811667919158936,6.062880516052246,42.98954391479492,0.30992913246154785,0.3183991312980652,0.0,363.5989990234375,0.6188880205154419,0.7568469643592834,0.2444717139005661,0.17192979156970978,100.97020721435547,0.434260755777359,11.362468719482422,0.3431648910045624,0.6167315244674683,0.24980592727661133,0.2616180181503296,0.08592698723077774,563.2576293945312,0.6410256624221802,0.7100241184234619,0.27982568740844727,0.1733590066432953,56.81365966796875,0.37405094504356384,7.931995391845703,0.37081223726272583,0.9359720945358276,0.22699761390686035,0.23537252843379974,0.0800338163971901,360.8221435546875,0.5641587972640991,0.5797866582870483,0.18250995874404907,0.14471639692783356,58.85313034057617,0.3090723752975464,9.249796867370605,0.5493760704994202,1.13141930103302,0.22854425013065338,0.22854425013065338,0.0,199.7706298828125,0.4612142741680145,0.4612142741680145,0.20945683121681213,0.09446196258068085,79.57172393798828,0.39271780848503113,11.751213073730469,0.5371769070625305,1.2280511856079102,0.2975776493549347,0.2975776493549347,0.0,293.1337585449219,0.25981953740119934,0.25981953740119934,0.0273152906447649,0.054106809198856354,95.94390869140625,0.41556164622306824,13.958749771118164,0.58857262134552,1.2905280590057373
2017,2,30.865888573750265,104.14685784540407,3965.766,499.0,3.7295353412628174,60.2198371887207,27.627470016479492,32.42040252685547,1.2302452325820923,6.757867813110352,40.55967330932617,0.24499259889125824,0.2611405551433563,0.3957170844078064,379.1913757324219,0.20526354014873505,0.20526354014873505,0.026108233258128166,0.04735347628593445,42.65636444091797,0.36422109603881836,11.837364196777344,0.34272024035453796,0.6389362215995789,0.21348202228546143,0.26822400093078613,7.010301113128662,509.267822265625,0.24758155643939972,0.48547887802124023,0.22177022695541382,0.060647908598184586,62.74891662597656,0.3374069035053253,7.074049949645996,0.25619974732398987,0.4528140127658844,0.1956498920917511,0.22435206174850464,5.190866947174072,305.76763916015625,0.47851982712745667,0.5234296917915344,0.28552377223968506,0.12167003750801086,54.674495697021484,0.3325687050819397,7.707096576690674,0.29896843433380127,0.7144361734390259,0.26854008436203003,0.26854008436203003,0.0,222.12844848632812,0.4699973464012146,0.4699973464012146,0.1576438844203949,0.13250333070755005,33.50271987915039,0.33621764183044434,13.06637954711914,0.428805947303772,0.6371619701385498,0.3529890477657318,0.3529890477657318,0.0,359.58123779296875,0.49093642830848694,0.5012980699539185,0.2276035100221634,0.12431197613477707,97.1092758178711,0.34988364577293396,17.122915267944336,0.656342625617981,1.1493275165557861
2017,2,30.906582329964014,104.07220803466832,3965.766,515.0,2.9823803901672363,158.76895141601562,26.594087600708008,29.37273597717285,1.1656707525253296,6.754815578460693,37.86735534667969,0.24075712263584137,0.25676053762435913,0.5326289534568787,365.84710693359375,0.37374377250671387,0.4180164933204651,0.08676769584417343,0.0665203258395195,46.70353698730469,0.36774250864982605,11.41607666015625,0.32496771216392517,0.5993712544441223,0.21042577922344208,0.26098403334617615,9.435754776000977,479.3696594238281,0.4771610200405121,0.6505020260810852,0.18371395766735077,0.13789674639701843,66.970947265625,0.34165990352630615,6.6187872886657715,0.24602077901363373,0.4446130394935608,0.19290916621685028,0.22097992897033691,6.9868245124816895,288.5644226074219,0.5864031910896301,0.6368355751037598,0.38250911235809326,0.21841217577457428,58.19209671020508,0.3371356725692749,7.219938278198242,0.286166787147522,0.6848741769790649,0.26383253931999207,0.26383253931999207,0.0,214.0966796875,0.46843287348747253,0.46843287348747253,0.3603864312171936,0.10543736815452576,34.657291412353516,0.340893417596817,12.59392261505127,0.4098900556564331,0.6126341819763184,0.350028395652771,0.350028395652771,0.0,349.46142578125,0.5438163876533508,0.5693434476852417,0.2654880881309509,0.13332131505012512,100.65705108642578,0.35356059670448303,16.641019821166992,0.6260735392570496,1.0917226076126099
2017,2,30.84675457112993,103.93368606044304,3986.401,550.0,2.3499648571014404,246.76760864257812,19.246652603149414,26.19975471496582,1.1815897226333618,6.800000190734863,43.4286003112793,0.2320168912410736,0.24786308407783508,0.6013330817222595,357.8534240722656,0.6532769203186035,0.6627542972564697,0.3204009234905243,0.20023682713508606,50.929298400878906,0.37018847465515137,11.164127349853516,0.30915796756744385,0.556260347366333,0.2079327255487442,0.250378280878067,10.652878761291504,461.2290954589844,0.61538165807724,0.6241179704666138,0.2866706848144531,0.205051451921463,70.53881072998047,0.34470710158348083,6.346144199371338,0.23723608255386353,0.4394919276237488,0.19026166200637817,0.2173488289117813,7.888059616088867,278.7385559082031,0.670291543006897,0.6991386413574219,0.38151875138282776,0.2216607928276062,60.589622497558594,0.33957910537719727,6.944884300231934,0.2771718204021454,0.6657538414001465,0.26184526085853577,0.26184526085853577,0.0,209.4080352783203,0.4661189913749695,0.4661189913749695,0.3541771173477173,0.10388842225074768,35.550331115722656,0.3434585630893707,12.318120002746582,0.39396488666534424,0.596541702747345,0.34180331230163574,0.34180331230163574,0.0,342.65655517578125,0.2906627058982849,0.30905959010124207,0.16572746634483337,0.030418213456869125,105.93589782714844,0.3577398359775543,16.316978454589844,0.5927186012268066,1.0155752897262573
2017,2,30.8278881145728,103.91697780879578,3986.401,550.0,2.1455206871032715,30.210861206054688,19.936782836914062,26.22812271118164,1.1789000034332275,6.7894978523254395,49.880615234375,0.2310262769460678,0.24690131843090057,0.5849235653877258,358.790771484375,0.5232083797454834,0.5324501991271973,0.21933405101299286,0.10834919661283493,51.110591888427734,0.3701276481151581,11.19393253326416,0.3089083731174469,0.5534424781799316,0.20814475417137146,0.24968686699867249,10.362176895141602,463.25201416015625,0.48055657744407654,0.5307188034057617,0.188050776720047,0.10241102427244186,70.56468200683594,0.34462830424308777,6.378729820251465,0.2371930181980133,0.43963342905044556,0.1904442459344864,0.21756410598754883,7.6728057861328125,280.0840148925781,0.4668014347553253,0.5284318923950195,0.2629978656768799,0.06521164625883102,60.42599868774414,0.3393132984638214,6.984902858734131,0.27767473459243774,0.6670475006103516,0.2624129354953766,0.2624129354953766,0.0,210.03793334960938,0.6511601805686951,0.6511601805686951,0.3043559789657593,0.13013002276420593,35.491119384765625,0.34312745928764343,12.355172157287598,0.39412277936935425,0.5974121689796448,0.3409554660320282,0.3409554660320282,0.0,343.2992248535156,0.7157151103019714,0.7336424589157104,0.35303255915641785,0.2220223844051361,106.31648254394531,0.3578428030014038,16.34758186340332,0.591653048992157,1.009012222290039
2017,2,30.757282708492536,103.86954635089027,3986.401,545.0,2.1451241970062256,210.19265747070312,21.20254135131836,26.434606552124023,1.2108548879623413,6.727022171020508,55.47351837158203,0.2284410297870636,0.2445003092288971,0.49676093459129333,364.4332580566406,0.5557812452316284,0.5636442303657532,0.24380730092525482,0.15423262119293213,51.14445495605469,0.3694806396961212,11.373015403747559,0.3105769455432892,0.5483596920967102,0.20966897904872894,0.24885348975658417,8.800336837768555,475.5792236328125,0.586229681968689,0.687705934047699,0.29615041613578796,0.18951621651649475,70.06553649902344,0.34378471970558167,6.574350833892822,0.23856431245803833,0.44092583656311035,0.19192463159561157,0.2194756269454956,6.516321659088135,287.8908386230469,0.6412943601608276,0.6921420097351074,0.43702948093414307,0.19960525631904602,59.2635383605957,0.33777567744255066,7.214731216430664,0.2815254032611847,0.6760131120681763,0.2653232216835022,0.2653232216835022,0.0,213.7292022705078,0.6778932809829712,0.6778932809829712,0.3630855977535248,0.21650797128677368,35.04168701171875,0.34122392535209656,12.572306632995605,0.39775630831718445,0.6038841605186462,0.3391275703907013,0.3391275703907013,0.0,347.5003967285156,0.24437032639980316,0.34305623173713684,0.013095392845571041,0.07424737513065338,106.91109466552734,0.3574274778366089,16.547637939453125,0.5935541987419128,0.9938216209411621
2017,2,31.501627070041096,105.08577508141973,3989.7603,515.0,6.814942836761475,198.52598571777344,20.41283416748047,24.472347259521484,1.2895593643188477,7.224212646484375,36.18058395385742,0.2572917938232422,0.2709035575389862,0.010236495174467564,406.50714111328125,0.47650423645973206,0.5026132464408875,0.38875213265419006,0.10329090058803558,32.805519104003906,0.3619060516357422,12.703027725219727,0.3949344754219055,0.7936080098152161,0.2247050255537033,0.2936323583126068,0.17925013601779938,576.8489379882812,0.5551965236663818,0.5551965236663818,0.2030998021364212,0.1279434710741043,47.973114013671875,0.3274722695350647,8.122108459472656,0.3020254671573639,0.524014413356781,0.21856629848480225,0.24957230687141418,0.09541337937116623,346.5509338378906,0.4136642515659332,0.43604642152786255,0.33017897605895996,0.0906277447938919,51.18203353881836,0.33091747760772705,8.883474349975586,0.3424195647239685,0.7788848876953125,0.2800599932670593,0.2800599932670593,0.0011144123272970319,242.19967651367188,0.6676055788993835,0.6676055788993835,0.39109545946121216,0.2044554203748703,28.513980865478516,0.3266257643699646,14.246973991394043,0.5099664330482483,0.7436524629592896,0.4068816602230072,0.4068816602230072,0.0,388.69915771484375,0.6081073880195618,0.6636143326759338,0.32509779930114746,0.1794399619102478,84.14436340332031,0.3285186290740967,18.509483337402344,0.8029505610466003,1.4161624908447266
2017,2,30.35816195050175,103.6372405633089,4016.729,470.0,1.4194273948669434,229.20970153808594,26.146982192993164,30.190994262695312,1.194422721862793,6.599999904632568,36.591793060302734,0.22232957184314728,0.23909740149974823,0.0,393.1998596191406,0.4269682765007019,0.4616667926311493,0.3333858847618103,0.09349285066127777,53.752906799316406,0.3748686909675598,12.287495613098145,0.30851757526397705,0.4953373968601227,0.2169300764799118,0.2504681646823883,0.0,539.418212890625,0.45071402192115784,0.523626983165741,0.36247894167900085,0.08571409434080124,74.16214752197266,0.34979501366615295,7.597439289093018,0.23824699223041534,0.43169963359832764,0.19981758296489716,0.22816097736358643,0.0,327.388671875,0.3636224567890167,0.3636224567890167,0.23872816562652588,0.09493406862020493,57.93790054321289,0.3416863977909088,8.394580841064453,0.2925392985343933,0.6892436146736145,0.27668580412864685,0.27668580412864685,0.0,232.55955505371094,0.4689720869064331,0.4689720869064331,0.33954179286956787,0.10528039932250977,32.428131103515625,0.34212926030158997,13.679973602294922,0.40624311566352844,0.6272860765457153,0.3380870819091797,0.3380870819091797,0.0,369.9399108886719,0.49022114276885986,0.4965166747570038,0.1712585836648941,0.13532932102680206,108.10347747802734,0.3590660095214844,17.616186141967773,0.6023586988449097,0.8954409956932068
2017,2,30.350884697582533,103.72132583187371,4038.036,466.0,4.251154899597168,310.7923889160156,28.707012176513672,31.636934280395508,1.2030184268951416,6.941076278686523,44.876991271972656,0.2255392074584961,0.2418518364429474,0.0,397.9271545410156,0.43186214566230774,0.4641713798046112,0.3390655517578125,0.09442627429962158,50.84150314331055,0.3723965585231781,12.435223579406738,0.3205360770225525,0.5316158533096313,0.2165611833333969,0.2527955174446106,0.0,550.6063842773438,0.8160812258720398,0.8160812258720398,0.32821711897850037,0.15214622020721436,71.0700912475586,0.3469444513320923,7.755019187927246,0.24479205906391144,0.43883654475212097,0.19792117178440094,0.22534768283367157,0.0,333.04876708984375,0.6673539876937866,0.6673539876937866,0.4012741446495056,0.21930402517318726,56.32548522949219,0.33894625306129456,8.539711952209473,0.29874399304389954,0.7045278549194336,0.2771401107311249,0.2771401107311249,0.0,234.91966247558594,0.4736045300960541,0.4736045300960541,0.3425213694572449,0.10600075125694275,32.130123138427734,0.34028342366218567,13.818803787231445,0.4163936674594879,0.6423715949058533,0.33798229694366455,0.33798229694366455,0.0,372.8359069824219,0.5547908544540405,0.5862040519714355,0.329618901014328,0.15770015120506287,105.93640899658203,0.35753658413887024,17.754091262817383,0.6179556250572205,0.9500817060470581
2017,2,30.48778801812543,103.60759645950557,4064.75,496.0,2.1436188220977783,30.123371124267578,19.48793601989746,29.991783142089844,1.2006562948226929,6.699999809265137,42.14851379394531,0.2184670865535736,0.23621785640716553,0.0,389.18988037109375,0.29409852623939514,0.29409852623939514,0.07281193882226944,0.05678977072238922,53.72480392456055,0.37046098709106445,12.16218376159668,0.306369423866272,0.48430341482162476,0.21999524533748627,0.2492099106311798,0.0,528.9898071289062,0.6469137668609619,0.6469137668609619,0.32495367527008057,0.18216562271118164,71.17584991455078,0.3440144956111908,7.450560569763184,0.2389383167028427,0.43481695652008057,0.20390544831752777,0.23634392023086548,0.0,323.0559997558594,0.6132364869117737,0.6132364869117737,0.3817524313926697,0.18104039132595062,55.14550018310547,0.33516812324523926,8.283487319946289,0.29461079835891724,0.6996713280677795,0.27940720319747925,0.27940720319747925,0.0,230.98452758789062,0.4640592634677887,0.4640592634677887,0.3393683135509491,0.10568530857563019,32.48708724975586,0.33504828810691833,13.587325096130371,0.407610148191452,0.6166381239891052,0.3401797115802765,0.3401797115802765,0.0,368.4063720703125,0.5929325819015503,0.5929325819015503,0.3804422914981842,0.16153918206691742,108.31585693359375,0.3543837070465088,17.543161392211914,0.6028494834899902,0.8780553340911865
2017,2,30.879631523196988,104.0536091241744,4069.964,522.0,0.9274099469184875,-0.0,22.6844539642334,29.61092185974121,1.205072283744812,6.883341312408447,44.39396667480469,0.23940825462341309,0.2553926408290863,0.5185797810554504,366.9987487792969,0.3834703266620636,0.4068654775619507,0.07166124135255814,0.05612078681588173,46.819278717041016,0.367489755153656,11.452505111694336,0.32522082328796387,0.5979833602905273,0.21045809984207153,0.2598397433757782,9.186867713928223,481.89678955078125,0.41805386543273926,0.5594230890274048,0.14015036821365356,0.08956979215145111,66.8553466796875,0.3413892090320587,6.657886028289795,0.2462283819913864,0.4454036355018616,0.19279636442661285,0.22071336209774017,6.8025336265563965,290.16815185546875,0.3592470586299896,0.40191227197647095,0.3309671878814697,0.0797107070684433,57.960453033447266,0.33661919832229614,7.265785217285156,0.28694841265678406,0.6872110366821289,0.264445960521698,0.264445960521698,0.0,214.80931091308594,0.4693129062652588,0.4693129062652588,0.359411358833313,0.1054757833480835,34.62046813964844,0.3404081165790558,12.635841369628906,0.4103306829929352,0.6145657896995544,0.34839892387390137,0.34839892387390137,0.0,350.0986328125,0.4435054063796997,0.5273643732070923,0.16008171439170837,0.10044962912797928,101.2314682006836,0.3538072109222412,16.671363830566406,0.6244895458221436,1.0858898162841797
2017,2,26.92965279162934,102.70182818072124,4090.0059,1334.0,26.772722244262695,69.33354187011719,27.295907974243164,32.54381561279297,1.3397444486618042,6.607211589813232,33.887611389160156,0.30920544266700745,0.31681516766548157,0.0,351.6455078125,0.7560540437698364,0.7560540437698364,0.30318939685821533,0.2347617894411087,98.05097198486328,0.4339698851108551,10.988922119140625,0.33624038100242615,0.613667368888855,0.24906696379184723,0.2590809762477875,0.1771845817565918,533.0563354492188,0.6048439145088196,0.6645007729530334,0.188193216919899,0.16567055881023407,55.29774856567383,0.37584105134010315,7.505339622497559,0.36267194151878357,0.9196326732635498,0.22944940626621246,0.23669525980949402,0.16503265500068665,339.4178771972656,0.5013761520385742,0.5013761520385742,0.09925505518913269,0.1296233981847763,55.863590240478516,0.3138340711593628,8.698790550231934,0.529539167881012,1.110503911972046,0.23859278857707977,0.23859278857707977,0.0,193.9695281982422,0.47959887981414795,0.47959887981414795,0.21901096403598785,0.09937386959791183,79.1856689453125,0.39996424317359924,11.409972190856934,0.5149086117744446,1.1519346237182617,0.307573527097702,0.307573527097702,0.0,288.5042419433594,0.5453318357467651,0.5453318357467651,0.292499303817749,0.13653665781021118,95.18626403808594,0.4160154163837433,13.738297462463379,0.5845584869384766,1.3116869926452637
2017,2,26.87171123254086,102.70640767750311,4090.0059,1534.0,20.286636352539062,23.125757217407227,22.690916061401367,34.21645736694336,1.3065459728240967,6.318383693695068,37.654563903808594,0.3094496428966522,0.31714940071105957,0.0,355.005126953125,0.37616726756095886,0.37616726756095886,0.09738162159919739,0.06823810189962387,99.41767883300781,0.4339542090892792,11.093910217285156,0.33885467052459717,0.6160510182380676,0.24953609704971313,0.259939581155777,0.1567794382572174,541.6071166992188,0.36612817645072937,0.4143579602241516,0.08925993740558624,0.0596049427986145,55.5092658996582,0.37490516901016235,7.626060962677002,0.36666640639305115,0.9263430237770081,0.22973161935806274,0.23735223710536957,0.14602695405483246,345.5750732421875,0.31571605801582336,0.3317069709300995,0.06337723135948181,0.06797011941671371,56.30408477783203,0.3119899034500122,8.857154846191406,0.5372782945632935,1.1206777095794678,0.23755016922950745,0.23755016922950745,0.0,195.57395935058594,0.4770524203777313,0.4770524203777313,0.2185741513967514,0.09888051450252533,79.9736328125,0.3988436460494995,11.504350662231445,0.5208489894866943,1.1709511280059814,0.306302547454834,0.306302547454834,0.0,290.042236328125,0.348429799079895,0.34868454933166504,0.1014564037322998,0.09307223558425903,95.63855743408203,0.4159981906414032,13.811534881591797,0.5875769853591919,1.3095321655273438
2017,2,26.9347718396387,102.69697667877509,4090.0059,1404.0,14.509896278381348,79.18452453613281,25.406831741333008,34.39316940307617,1.320129632949829,6.699999809265137,35.39276123046875,0.3091960847377777,0.31676504015922546,0.0,351.5409851074219,0.6948723196983337,0.6948723196983337,0.2704271078109741,0.19534379243850708,98.13683319091797,0.43407556414604187,10.985655784606934,0.3362196683883667,0.6136400103569031,0.24910402297973633,0.25909972190856934,0.17498351633548737,532.8338623046875,0.6472829580307007,0.6862033009529114,0.2708602249622345,0.18355800211429596,55.27202606201172,0.37591269612312317,7.502237796783447,0.3628062903881073,0.9195371866226196,0.22963847219944,0.23686951398849487,0.1629825383424759,339.27801513671875,0.4543382525444031,0.4543382525444031,0.07741676270961761,0.11045368760824203,55.829559326171875,0.3139166533946991,8.695257186889648,0.529658854007721,1.1106394529342651,0.23891223967075348,0.23891223967075348,0.0,193.89942932128906,0.48008596897125244,0.48008596897125244,0.21939122676849365,0.09953289479017258,79.28253936767578,0.40024563670158386,11.405848503112793,0.5146480798721313,1.1509016752243042,0.30776405334472656,0.30776405334472656,0.0,288.47869873046875,0.5456026792526245,0.5456026792526245,0.29265809059143066,0.1366499364376068,95.23684692382812,0.4161491394042969,13.737080574035645,0.5847669839859009,1.3124302625656128
2017,2,30.9130480264915,103.88544750524684,4147.9634,579.0,5.640688896179199,214.9666748046875,23.405323028564453,23.151683807373047,1.1954879760742188,6.63511848449707,43.09047317504883,0.22898998856544495,0.24456241726875305,0.7767486572265625,342.6570129394531,0.6007500290870667,0.6143964529037476,0.23441997170448303,0.13394448161125183,54.66109085083008,0.37364813685417175,10.683758735656738,0.2920788526535034,0.5229088664054871,0.2041202038526535,0.24355337023735046,13.760441780090332,427.3620910644531,0.5186006426811218,0.5745061635971069,0.16966456174850464,0.12694501876831055,74.63142395019531,0.34895434975624084,5.825375080108643,0.22719961404800415,0.4317328929901123,0.18665923178195953,0.21275965869426727,10.189094543457031,258.8631286621094,0.5599035024642944,0.5924431085586548,0.27597326040267944,0.16005374491214752,64.42138671875,0.34441518783569336,6.376256942749023,0.2634470760822296,0.6343997120857239,0.25599417090415955,0.25599417090415955,0.0,200.06967163085938,0.460796058177948,0.460796058177948,0.35252848267555237,0.10197657346725464,36.884246826171875,0.3486718237400055,11.768804550170898,0.37459614872932434,0.5711969137191772,0.3391973376274109,0.3391973376274109,0.0,331.01300048828125,0.409091591835022,0.7455174922943115,0.220394566655159,0.1598980575799942,109.16026306152344,0.3615458011627197,15.762524604797363,0.5627754926681519,0.9696560502052307
2017,2,30.873705377896957,103.9326069579881,4147.9634,554.0,0.9274099469184875,180.0,23.449365615844727,27.692285537719727,1.1921366453170776,6.7649383544921875,43.84165573120117,0.23196090757846832,0.2477385401725769,0.6492834091186523,353.8937072753906,0.5788823962211609,0.5923084020614624,0.20755313336849213,0.10816331207752228,51.673675537109375,0.3710308074951172,11.038887977600098,0.3053891956806183,0.550123393535614,0.20699508488178253,0.24932345747947693,11.502340316772461,452.4365539550781,0.35917341709136963,0.4310721755027771,0.0850578024983406,0.08330163359642029,71.46475982666016,0.34573546051979065,6.210340976715088,0.23497159779071808,0.43755990266799927,0.18940868973731995,0.21629126369953156,8.517054557800293,273.49676513671875,0.40899503231048584,0.43945005536079407,0.1417372077703476,0.07626254111528397,61.54990768432617,0.3408545255661011,6.794351577758789,0.27377235889434814,0.657832145690918,0.26021161675453186,0.26021161675453186,0.0,206.9535675048828,0.46466776728630066,0.46466776728630066,0.35429203510284424,0.10344541817903519,35.87743377685547,0.34483712911605835,12.173739433288574,0.38949671387672424,0.590196430683136,0.34183910489082336,0.34183910489082336,0.0,339.696044921875,0.6231508255004883,0.6258358955383301,0.25889718532562256,0.16088365018367767,106.40773010253906,0.3585062623023987,16.176002502441406,0.5867195725440979,1.0088553428649902
2017,2,30.868853875950798,103.94284951310786,4147.9634,556.0,0.9274099469184875,180.0,23.24777603149414,28.64495849609375,1.1843745708465576,6.781218528747559,43.3208122253418,0.23258395493030548,0.24839086830615997,0.6292940974235535,355.74578857421875,0.5520464777946472,0.5542406439781189,0.25496429204940796,0.10991949588060379,51.12587356567383,0.3705708980560303,11.097391128540039,0.307771235704422,0.5553117394447327,0.20745860040187836,0.2503907382488251,11.14822006225586,456.5797424316406,0.3688240945339203,0.44258251786231995,0.12116263061761856,0.10370943695306778,70.90103149414062,0.3451730012893677,6.273683547973633,0.23634684085845947,0.43859609961509705,0.18984724581241608,0.21685098111629486,8.254841804504395,275.8916015625,0.4090433418750763,0.4196743965148926,0.11278466880321503,0.07368983328342438,61.0661506652832,0.3402528166770935,6.862481117248535,0.275524765253067,0.6618139743804932,0.26087716221809387,0.26087716221809387,0.0,208.07823181152344,0.5534698963165283,0.5534698963165283,0.15332046151161194,0.11267291009426117,35.710784912109375,0.3442017138004303,12.239895820617676,0.39209097623825073,0.5934604406356812,0.34236153960227966,0.34236153960227966,0.0,341.12750244140625,0.7080541849136353,0.7095063328742981,0.3533805310726166,0.2123250514268875,105.89080810546875,0.357971727848053,16.24416732788086,0.5909990072250366,1.0165691375732422
2017,2,30.874244929124423,103.92317595926006,4147.9634,558.0,2.8458025455474854,130.63929748535156,24.0089054107666,29.24500274658203,1.2165971994400024,6.699999809265137,44.469215393066406,0.23138317465782166,0.2471429407596588,0.6610264182090759,352.7399597167969,0.4873369038105011,0.4943382143974304,0.15058991312980652,0.10082516074180603,52.07686233520508,0.37133634090423584,11.002466201782227,0.30371546745300293,0.5461804866790771,0.20669622719287872,0.24847464263439178,11.710371971130371,449.8462829589844,0.3275352120399475,0.556570291519165,0.14171022176742554,0.10000896453857422,71.85569763183594,0.3461098372936249,6.170928478240967,0.2340177446603775,0.43687865138053894,0.18911968171596527,0.21591685712337494,8.671093940734863,272.0223693847656,0.5419654250144958,0.5911086797714233,0.28363746404647827,0.1474313884973526,61.861873626708984,0.34122908115386963,6.752596855163574,0.27263107895851135,0.6552717685699463,0.25982728600502014,0.25982728600502014,0.0,206.25973510742188,0.6042824387550354,0.6042824387550354,0.3452562391757965,0.20870137214660645,35.985904693603516,0.34522923827171326,12.132925033569336,0.3877239227294922,0.5880781412124634,0.34133780002593994,0.34133780002593994,0.0,338.7880554199219,0.6071741580963135,0.6441526412963867,0.3539879620075226,0.18129853904247284,106.82424926757812,0.3588959574699402,16.13276481628418,0.5835861563682556,1.0026298761367798
2017,2,26.500883470734195,102.64038176820473,4160.435,2106.0,22.958820343017578,313.45794677734375,19.896272659301758,42.97766876220703,1.2625946998596191,6.260875701904297,45.974605560302734,0.31151264905929565,0.31933045387268066,0.0,381.75634765625,0.5346612334251404,0.6101034879684448,0.12974955141544342,0.10241872072219849,112.42627716064453,0.4339066445827484,11.929885864257812,0.36192816495895386,0.6398483514785767,0.25425419211387634,0.2673826217651367,2.1478247072082013E-4,610.039306640625,0.5260055065155029,0.6005458235740662,0.14065031707286835,0.09586875140666962,56.46987533569336,0.36628252267837524,8.5920991897583,0.4046071469783783,0.9866481423377991,0.23565077781677246,0.24641963839530945,2.000519452849403E-4,395.2181396484375,0.44381144642829895,0.5226276516914368,0.09410184621810913,0.08384699374437332,58.51800537109375,0.29584991931915283,10.133793830871582,0.6067960858345032,1.2164188623428345,0.23571348190307617,0.23571348190307617,0.0,208.19796752929688,0.4662349820137024,0.4662349820137024,0.22327107191085815,0.09817419946193695,88.75592803955078,0.39359745383262634,12.246939659118652,0.5669080018997192,1.3135387897491455,0.30142006278038025,0.30142006278038025,0.0,303.0912780761719,0.5291669964790344,0.5291669964790344,0.2811342775821686,0.13330747187137604,100.2015380859375,0.41667237877845764,14.432917594909668,0.618463397026062,1.306368112564087
2017,2,30.87020052446894,104.16356609705133,4174.9976,491.0,1.0804466009140015,90.0,24.458141326904297,33.26074981689453,1.2225245237350464,6.900000095367432,36.95655059814453,0.24606184661388397,0.26224029064178467,0.3814419209957123,380.6174621582031,0.47648885846138,0.5029104351997375,0.35449671745300293,0.09913177043199539,42.066741943359375,0.3638392984867096,11.882375717163086,0.34503066539764404,0.6447181105613708,0.21390683948993683,0.2696453034877777,6.757410049438477,512.4788818359375,0.2722621560096741,0.2722621560096741,0.04528610035777092,0.062486134469509125,62.220069885253906,0.33693060278892517,7.122837543487549,0.25750666856765747,0.45361727476119995,0.1960904896259308,0.22494767606258392,5.003610610961914,307.56744384765625,0.35696911811828613,0.3982613980770111,0.33090293407440186,0.0805496871471405,54.2752685546875,0.33213746547698975,7.758047580718994,0.30043935775756836,0.7176182866096497,0.26897579431533813,0.26897579431533813,0.0,222.98426818847656,0.6091252565383911,0.6091252565383911,0.2366022914648056,0.2142975926399231,33.35452651977539,0.3357524871826172,13.116721153259277,0.4312320947647095,0.6397875547409058,0.35401490330696106,0.35401490330696106,0.0,360.7572326660156,0.3815741539001465,0.532645046710968,0.09733956307172775,0.10828158259391785,96.4106216430664,0.3492823839187622,17.17891502380371,0.6610833406448364,1.1591520309448242
2017,2,31.43290340460538,105.09709227989339,4195.154,467.0,11.883977890014648,180.0,22.227964401245117,27.455686569213867,1.2872332334518433,7.282857418060303,31.406978607177734,0.25667107105255127,0.2701936364173889,0.0,409.5800476074219,0.47574248909950256,0.5007520318031311,0.3889295160770416,0.1031620129942894,32.69829177856445,0.36102327704429626,12.799376487731934,0.398347944021225,0.8045884966850281,0.22416704893112183,0.29275473952293396,0.0,584.4550170898438,0.5999443531036377,0.5999443531036377,0.2409595400094986,0.16169136762619019,47.01942825317383,0.32648855447769165,8.231760025024414,0.3040691316127777,0.526146411895752,0.21696999669075012,0.2472795844078064,0.0,350.40673828125,0.4077373743057251,0.4305330812931061,0.33105039596557617,0.08945377916097641,50.72663497924805,0.329566091299057,8.984787940979004,0.3445742130279541,0.788392186164856,0.2808041572570801,0.2808041572570801,0.0,243.7166748046875,0.6578018069267273,0.6578018069267273,0.4403627812862396,0.2196384221315384,28.935083389282227,0.32605111598968506,14.336274147033691,0.5121553540229797,0.7547715902328491,0.402142196893692,0.402142196893692,0.0,389.8602600097656,0.633445143699646,0.6413155198097229,0.35758069157600403,0.20363731682300568,85.40336608886719,0.3298036754131317,18.564775466918945,0.8003870248794556,1.4256784915924072
2017,2,31.689194696753237,105.44905358514292,4196.546,564.0,9.195145606994629,-0.0,25.91104507446289,26.54380226135254,1.2785534858703613,7.110669136047363,33.236507415771484,0.24563737213611603,0.2628670036792755,0.27430081367492676,381.4609069824219,0.48213720321655273,0.5113150477409363,0.40344327688217163,0.10131989419460297,29.74427032470703,0.36053186655044556,11.912081718444824,0.3915935158729553,0.8226514458656311,0.21947428584098816,0.2728215456008911,4.888539791107178,524.511962890625,0.6440803408622742,0.6762692928314209,0.24369917809963226,0.13985347747802734,39.803794860839844,0.32661572098731995,7.318639278411865,0.3004812002182007,0.5566647052764893,0.20956283807754517,0.2314961850643158,1.5971496105194092,319.2183532714844,0.41777244210243225,0.4307296872138977,0.31468069553375244,0.08385683596134186,54.328575134277344,0.33401668071746826,8.144133567810059,0.33765631914138794,0.7717015743255615,0.27241870760917664,0.27241870760917664,0.014773737639188766,229.71646118164062,0.7663261294364929,0.7663261294364929,0.4247894287109375,0.2554718852043152,26.60700035095215,0.32965248823165894,13.511863708496094,0.5035961866378784,0.8011842966079712,0.40295472741127014,0.40295472741127014,0.0,370.7381286621094,0.719791054725647,0.719791054725647,0.36446037888526917,0.23177984356880188,84.82247161865234,0.33007949590682983,17.654197692871094,0.7742766737937927,1.4057921171188354
2017,2,30.7284457019799,103.86604149746225,4230.9077,542.0,1.4225372076034546,310.6822509765625,19.88606071472168,27.59774398803711,1.20299232006073,6.851183891296387,51.96424865722656,0.22833745181560516,0.2444947212934494,0.443564236164093,368.5050964355469,0.5490831732749939,0.5490831732749939,0.23531372845172882,0.13477730751037598,50.506263732910156,0.3687257766723633,11.501923561096191,0.31394699215888977,0.5527887344360352,0.21073457598686218,0.249864861369133,7.857934474945068,484.5889892578125,0.5417854189872742,0.5911673903465271,0.2381899207830429,0.12097153812646866,69.23421478271484,0.3428424298763275,6.714521884918213,0.24064719676971436,0.4425630569458008,0.1929505467414856,0.22079651057720184,5.818507671356201,293.3265075683594,0.48885977268218994,0.48885977268218994,0.22760435938835144,0.11261581629514694,58.30397033691406,0.3365582823753357,7.372000217437744,0.2848803400993347,0.6836917996406555,0.2670811116695404,0.2670811116695404,0.0,216.29176330566406,0.5520261526107788,0.5520261526107788,0.23735903203487396,0.14091740548610687,34.693023681640625,0.3398408889770508,12.723045349121094,0.4020409882068634,0.6098787188529968,0.3391728103160858,0.3391728103160858,0.0,350.60113525390625,0.47724613547325134,0.491310179233551,0.13437925279140472,0.11110160499811172,106.48577117919922,0.35664740204811096,16.695293426513672,0.599300742149353,0.9979243874549866
2017,2,30.66134069022659,103.90889345858587,4230.9077,514.0,2.3461437225341797,66.72749328613281,20.985347747802734,28.928882598876953,1.2404894828796387,6.869772911071777,45.738040924072266,0.2307015359401703,0.24703697860240936,0.2916845381259918,382.2784423828125,0.4499969482421875,0.4499969482421875,0.1493457853794098,0.07962815463542938,47.05412673950195,0.36538127064704895,11.93708610534668,0.32993996143341064,0.58491051197052,0.21388427913188934,0.2554669678211212,5.167319297790527,515.3281860351562,0.5204501152038574,0.5273868441581726,0.2251449078321457,0.11372167617082596,65.3784408569336,0.33879488706588745,7.185364723205566,0.24997295439243317,0.45035234093666077,0.19576290249824524,0.22424185276031494,3.826207399368286,311.2962646484375,0.4944919943809509,0.4944919943809509,0.29587167501449585,0.1363740712404251,54.80323791503906,0.33192962408065796,7.883847236633301,0.29747650027275085,0.7129865884780884,0.2723091244697571,0.2723091244697571,0.0,224.68399047851562,0.4744865596294403,0.4744865596294403,0.3520769774913788,0.10646937042474747,33.53554916381836,0.3350103795528412,13.216705322265625,0.4197414517402649,0.6338694095611572,0.3405817747116089,0.3405817747116089,0.0,360.93963623046875,0.5453750491142273,0.5607976317405701,0.28269991278648376,0.15239712595939636,103.80558013916016,0.35341551899909973,17.18760108947754,0.6255688071250916,1.0408563613891602
2017,2,30.725480399779357,103.94069130819798,4230.9077,525.0,0.9274099469184875,180.0,20.559459686279297,27.65078353881836,1.2507957220077515,6.743546009063721,51.47248077392578,0.23234711587429047,0.24849171936511993,0.38580700755119324,375.79486083984375,0.46772295236587524,0.4717167913913727,0.12514491379261017,0.09824766218662262,47.49856948852539,0.36632221937179565,11.731532096862793,0.3264627456665039,0.5849177837371826,0.2121366709470749,0.25519517064094543,6.834739685058594,501.0825500488281,0.43141958117485046,0.4490889310836792,0.0708489790558815,0.08145748823881149,66.28884887695312,0.3399960696697235,6.961236953735352,0.2476077526807785,0.4484013020992279,0.1940612643957138,0.22203834354877472,5.060870170593262,302.468505859375,0.28948819637298584,0.2928636968135834,0.021788235753774643,0.04256521165370941,56.2259521484375,0.3337585926055908,7.625837326049805,0.29263830184936523,0.701855480670929,0.26921194791793823,0.26921194791793823,0.0,220.51202392578125,0.36581167578697205,0.36581167578697205,0.03193498030304909,0.0647212341427803,34.07352828979492,0.3371971547603607,12.971295356750488,0.4143514335155487,0.6255286931991577,0.3416098356246948,0.3416098356246948,0.0,356.0462646484375,0.5451030135154724,0.5922069549560547,0.1521308422088623,0.1274448037147522,103.76893615722656,0.35426199436187744,16.9545841217041,0.620099663734436,1.0473029613494873
2017,2,31.523454369697713,105.34826452403189,4243.548,620.0,10.752551078796387,270.0,23.787199020385742,25.395023345947266,1.2990933656692505,7.08868408203125,28.778650283813477,0.24528299272060394,0.2567666172981262,0.06203799322247505,411.9206848144531,0.46588125824928284,0.49014222621917725,0.39726710319519043,0.10058218985795975,29.939064025878906,0.3575173020362854,12.870582580566406,0.41631507873535156,0.86639404296875,0.22089119255542755,0.2808414101600647,1.093930959701538,592.6206665039062,0.47830402851104736,0.47830402851104736,0.05845155939459801,0.07887190580368042,40.25840377807617,0.3207537531852722,8.3313627243042,0.31936585903167725,0.5687179565429688,0.21545040607452393,0.24022220075130463,0.4928497076034546,355.8929138183594,0.4180266559123993,0.43206825852394104,0.33266085386276245,0.08705468475818634,50.50960159301758,0.3259907364845276,9.112821578979492,0.3580783009529114,0.8142207264900208,0.28221750259399414,0.28221750259399414,0.005411029327660799,245.75950622558594,0.47846856713294983,0.47846856713294983,0.16846908628940582,0.09990449994802475,27.86609649658203,0.3216235935688019,14.456122398376465,0.5349411964416504,0.8056057691574097,0.3997650146484375,0.3997650146484375,0.0,390.85308837890625,0.6179834604263306,0.6297544836997986,0.21255479753017426,0.16288553178310394,88.36206817626953,0.32783371210098267,18.612051010131836,0.8157476782798767,1.487465262413025
2017,2,31.427516810532826,105.19465295184173,4327.2437,482.0,8.561549186706543,165.40284729003906,21.64183807373047,28.064672470092773,1.3074266910552979,7.262740135192871,28.206188201904297,0.25234416127204895,0.26485535502433777,0.0,413.2199401855469,0.4711465537548065,0.49518927931785583,0.39173582196235657,0.10215923935174942,31.810007095336914,0.35938146710395813,12.91312313079834,0.4072180390357971,0.8336232900619507,0.22285936772823334,0.28853827714920044,0.0,594.0604858398438,0.651604175567627,0.651604175567627,0.2529691159725189,0.17485766112804413,44.21390914916992,0.323831170797348,8.367049217224121,0.3113671541213989,0.5429455637931824,0.21603916585445404,0.24420124292373657,0.0,355.8516540527344,0.4089078903198242,0.42877551913261414,0.3328378200531006,0.08824727684259415,50.367679595947266,0.32747557759284973,9.124401092529297,0.3512688875198364,0.8038792014122009,0.28210514783859253,0.28210514783859253,0.0,245.91746520996094,0.613167941570282,0.613167941570282,0.3762257993221283,0.1691541224718094,28.849411010742188,0.32398244738578796,14.46573257446289,0.5227009057998657,0.7791513800621033,0.3991459012031555,0.3991459012031555,0.0,391.7099304199219,0.5873486995697021,0.6180108189582825,0.29534992575645447,0.17345185577869415,87.29004669189453,0.3296453654766083,18.652854919433594,0.8064764738082886,1.4559954404830933
2017,2,30.966677634861302,104.05145537836557,4331.355,534.0,2.8473808765411377,229.38800048828125,26.116365432739258,25.732139587402344,1.1547824144363403,6.7155985832214355,43.2522087097168,0.2398369312286377,0.2557445764541626,0.640606701374054,355.9503479003906,0.5902897715568542,0.6090016961097717,0.2162577360868454,0.15800967812538147,49.02213668823242,0.3701852560043335,11.103429794311523,0.31382980942726135,0.5776280760765076,0.20834028720855713,0.2578168511390686,11.348628044128418,457.29052734375,0.3852435052394867,0.5549489855766296,0.1550217866897583,0.1341860294342041,69.68597412109375,0.3445870280265808,6.280871868133545,0.23951676487922668,0.4387678802013397,0.19115407764911652,0.21892596781253815,8.403236389160156,275.6184997558594,0.45530879497528076,0.45530879497528076,0.31712961196899414,0.18616339564323425,60.68732452392578,0.34057942032814026,6.851673603057861,0.27719759941101074,0.6636583805084229,0.26001644134521484,0.26001644134521484,0.0,208.07933044433594,0.46408718824386597,0.46408718824386597,0.35992446541786194,0.10424267500638962,35.44973373413086,0.3444264233112335,12.239960670471191,0.39759600162506104,0.5951774716377258,0.3500248193740845,0.3500248193740845,0.0,342.1863708496094,0.5673351287841797,0.5946155786514282,0.2622665464878082,0.167585089802742,102.16949462890625,0.3556002676486969,16.294588088989258,0.6090878844261169,1.0647239685058594
2017,2,30.87020052446894,104.13122423711067,4336.5547,498.0,1.423743724822998,49.35947799682617,26.62297821044922,31.6212158203125,1.2269065380096436,6.800000190734863,41.78092575073242,0.24408723413944244,0.260210782289505,0.4180939793586731,376.9454345703125,0.4754664897918701,0.5025614500045776,0.3519791066646576,0.09850674867630005,43.39918899536133,0.3648315370082855,11.7664794921875,0.33954524993896484,0.6315762996673584,0.2129555642604828,0.2668173313140869,7.406717300415039,504.22674560546875,0.3080183267593384,0.3949267864227295,0.13755661249160767,0.06291110068559647,63.49845886230469,0.33814549446105957,6.99746561050415,0.25439056754112244,0.4514026641845703,0.19516989588737488,0.2237541824579239,5.484398365020752,302.8894348144531,0.5205839276313782,0.559502899646759,0.29587435722351074,0.14502587914466858,55.277000427246094,0.3333355486392975,7.625770568847656,0.2967650592327118,0.7093861103057861,0.2677776515483856,0.2677776515483856,0.0,220.78298950195312,0.4730648100376129,0.4730648100376129,0.3626037538051605,0.10694868117570877,33.70204162597656,0.33700019121170044,12.987234115600586,0.4254660904407501,0.632955014705658,0.35230839252471924,0.35230839252471924,0.0,357.8603515625,0.2883967459201813,0.5252277851104736,0.1506929099559784,0.09649353474378586,97.80268096923828,0.3505607545375824,17.040969848632812,0.6507737636566162,1.1382166147232056
2017,2,33.09218395670418,104.36433712198271,4342.728,1314.0,37.062129974365234,199.4256134033203,42.81858444213867,17.74359893798828,1.3038488626480103,6.957125663757324,60.994441986083984,0.20272110402584076,0.22931261360645294,24.042787551879883,87.16541290283203,0.47838258743286133,0.47838258743286133,0.006431116256862879,0.1280827671289444,35.42731475830078,0.37200549244880676,1.9725819826126099,0.19127489626407623,0.4277116060256958,0.15299174189567566,0.16118986904621124,285.04241943359375,6.393519401550293,0.2641882598400116,0.3484066426753998,-0.13112092018127441,0.06079569831490517,44.1566162109375,0.3590529263019562,-3.9246323108673096,0.14488093554973602,0.41384679079055786,0.13052856922149658,0.1486249417066574,169.19662475585938,7.15797758102417,0.2427673488855362,0.2427673488855362,-0.14139141142368317,0.04905906319618225,68.004638671875,0.37515029311180115,-4.154837131500244,0.12446279078722,0.38524237275123596,0.15370768308639526,0.15370768308639526,10.647618293762207,41.84996032714844,0.29488229751586914,0.29488229751586914,-0.08577271550893784,0.05935417860746384,25.356285095214844,0.389076292514801,1.8354318141937256,0.21530798077583313,0.40394145250320435,0.2819443345069885,0.2819443345069885,2.1060025691986084,123.63162231445312,0.48330458998680115,0.5084782242774963,0.052435971796512604,0.11845875531435013,87.86768341064453,0.3883397877216339,5.7869343757629395,0.27564483880996704,0.5651628375053406
2017,2,30.78288240764036,103.75932183195013,4372.5522,584.0,2.3486411571502686,113.24627685546875,18.80958366394043,25.03559684753418,1.2080731391906738,6.7181220054626465,59.690303802490234,0.22213459014892578,0.23805570602416992,0.641025185585022,349.5581970214844,0.5562773942947388,0.5582937002182007,0.20831626653671265,0.10298389941453934,56.22868728637695,0.3736353814601898,10.903661727905273,0.28894689679145813,0.49737074971199036,0.20625872910022736,0.23930630087852478,11.35604190826416,442.15631103515625,0.2955942451953888,0.39352768659591675,0.07321063429117203,0.07079749554395676,75.16853332519531,0.3487960994243622,6.0676093101501465,0.22628509998321533,0.43124985694885254,0.18885701894760132,0.21568970382213593,8.40872573852539,268.8828125,0.33102816343307495,0.3701675832271576,0.11443071812391281,0.05904025211930275,63.287322998046875,0.3429340720176697,6.6788225173950195,0.2667677104473114,0.6420972943305969,0.260367214679718,0.260367214679718,0.0,204.85690307617188,0.4613718092441559,0.4613718092441559,0.34660953283309937,0.10213164240121841,36.35567092895508,0.34643271565437317,12.050405502319336,0.3752300441265106,0.5754944086074829,0.3345277011394501,0.3345277011394501,0.0,336.1357116699219,0.646881103515625,0.6691489219665527,0.30198270082473755,0.1712653636932373,111.64086151123047,0.36197081208229065,16.00646209716797,0.555885374546051,0.9165559411048889
2017,2,30.796629816188144,103.82292199027543,4372.5522,573.0,1.0796184539794922,270.0,21.66498565673828,26.143310546875,1.2458444833755493,6.796340465545654,46.1146240234375,0.2256556898355484,0.24155110120773315,0.615033745765686,353.6785888671875,0.5450645089149475,0.5537277460098267,0.21866004168987274,0.1124299168586731,54.07427215576172,0.3720940053462982,11.033235549926758,0.297482967376709,0.5209978222846985,0.20705251395702362,0.24348698556423187,10.895591735839844,451.55450439453125,0.3416985273361206,0.4102417826652527,0.1171870306134224,0.08601805567741394,73.1886215209961,0.34697189927101135,6.20646333694458,0.23095974326133728,0.43497684597969055,0.1894926130771637,0.21640965342521667,8.067779541015625,273.9162902832031,0.40176311135292053,0.428701788187027,0.13361841440200806,0.06464921683073044,62.031246185302734,0.341296911239624,6.816628456115723,0.27153992652893066,0.6531311869621277,0.2613401412963867,0.2613401412963867,0.0,207.17791748046875,0.46368303894996643,0.46368303894996643,0.3493010401725769,0.1028936505317688,35.984378814697266,0.34494057297706604,12.186936378479004,0.3833307921886444,0.5851759314537048,0.33693087100982666,0.33693087100982666,0.0,339.2790222167969,0.601622462272644,0.6019406318664551,0.23970384895801544,0.13711202144622803,109.49201965332031,0.3602710962295532,16.156145095825195,0.5707507133483887,0.9548190832138062
2017,2,30.80309551271564,103.81025814328365,4372.5522,579.0,4.262507438659668,229.3396453857422,22.888450622558594,25.714162826538086,1.2066289186477661,6.699999809265137,53.05672073364258,0.2248932123184204,0.24075409770011902,0.6396235227584839,351.38385009765625,0.5216941237449646,0.5220016241073608,0.18250051140785217,0.16348311305046082,54.75473403930664,0.3726690411567688,10.960756301879883,0.2945188879966736,0.5145223736763,0.2064858376979828,0.24217918515205383,11.331210136413574,446.4199523925781,0.3224879205226898,0.46883705258369446,0.11424090713262558,0.08621257543563843,73.8907241821289,0.3476737439632416,6.128010272979736,0.22925010323524475,0.4336741268634796,0.1889605075120926,0.21573397517204285,8.390338897705078,270.9501647949219,0.439552366733551,0.4811956584453583,0.15049313008785248,0.07743906229734421,62.63131332397461,0.3420485258102417,6.732303142547607,0.26936477422714233,0.6481757760047913,0.2605173885822296,0.2605173885822296,0.0,205.78622436523438,0.4628259539604187,0.4628259539604187,0.3488079309463501,0.1025790348649025,36.189571380615234,0.3457304835319519,12.105072021484375,0.380112886428833,0.5811063647270203,0.3363073766231537,0.3363073766231537,0.0,337.51080322265625,0.7026682496070862,0.7036890387535095,0.38194599747657776,0.168213352560997,110.12643432617188,0.360927939414978,16.071943283081055,0.5654702186584473,0.9452290534973145
2017,2,30.84190306918378,103.78707973600783,4372.5522,598.0,3.2373170852661133,270.0,24.74514389038086,24.704063415527344,1.2270288467407227,6.702200412750244,41.19595718383789,0.22327755391597748,0.23894453048706055,0.7463841438293457,342.5417785644531,0.614085853099823,0.621206521987915,0.2559244930744171,0.13102854788303375,56.78426742553711,0.3745472729206085,10.681105613708496,0.28516173362731934,0.4972761571407318,0.20413631200790405,0.23824442923069,13.222521781921387,426.751708984375,0.38454413414001465,0.4663987159729004,0.11836379021406174,0.08177162706851959,76.13153076171875,0.3500068783760071,5.824354648590088,0.22369106113910675,0.4295900762081146,0.186671644449234,0.21276108920574188,9.79078483581543,259.3335266113281,0.44096118211746216,0.45905575156211853,0.12082823365926743,0.08427639305591583,64.82881927490234,0.34474343061447144,6.398532390594482,0.2615416347980499,0.6304981708526611,0.2570236623287201,0.2570236623287201,0.0,200.30601501464844,0.46006879210472107,0.46006879210472107,0.34803277254104614,0.10149046033620834,36.98267364501953,0.3487190008163452,11.782707214355469,0.3691868185997009,0.5670034289360046,0.33463361859321594,0.33463361859321594,0.0,330.6597595214844,0.708593487739563,0.7336969375610352,0.30774664878845215,0.19071881473064423,111.9558334350586,0.36314961314201355,15.745702743530273,0.5484382510185242,0.9216228127479553
2017,2,31.31432698939216,105.09682473383018,4383.0576,477.0,4.431637287139893,77.94380187988281,19.81218719482422,25.074790954589844,1.2932709455490112,7.38781213760376,35.07477569580078,0.2565520405769348,0.27023276686668396,0.0,413.4964294433594,0.4757862985134125,0.49916061758995056,0.3886394798755646,0.10316954553127289,32.74676513671875,0.3599076569080353,12.92176342010498,0.4017840623855591,0.8164514899253845,0.22343868017196655,0.2919462025165558,0.0,594.3341674804688,0.594792366027832,0.594792366027832,0.3080742657184601,0.17242169380187988,45.96834182739258,0.32547685503959656,8.370903968811035,0.3056189715862274,0.52579665184021,0.21417905390262604,0.2436998188495636,0.0,355.1944580078125,0.39682716131210327,0.4210829436779022,0.33181142807006836,0.08756820112466812,50.09981155395508,0.32782116532325745,9.107549667358398,0.34635719656944275,0.8007681965827942,0.2815869450569153,0.2815869450569153,0.0,245.4873046875,0.5794248580932617,0.5794248580932617,0.39895161986351013,0.18747758865356445,29.70432472229004,0.32570499181747437,14.4404296875,0.5128582119941711,0.7686010003089905,0.394393652677536,0.394393652677536,0.0,390.9694519042969,0.5082032084465027,0.5488104224205017,0.2880389094352722,0.1508920043706894,87.2135009765625,0.3322463631629944,18.617591857910156,0.793229341506958,1.4337303638458252
2017,2,30.85133406791181,103.8431350953507,4396.633,580.0,1.080230712890625,270.0,24.355289459228516,28.30197525024414,1.1933141946792603,6.794563293457031,40.34666061401367,0.2265789806842804,0.2422848641872406,0.7061312198638916,347.2269287109375,0.4250601530075073,0.43272438645362854,0.08179890364408493,0.09661699086427689,54.74729537963867,0.37309885025024414,10.828775405883789,0.2933192849159241,0.5183702111244202,0.20527169108390808,0.2425207793712616,12.50942325592041,437.344970703125,0.458003431558609,0.5966482758522034,0.1666565239429474,0.11794903874397278,74.24139404296875,0.34825435280799866,5.9835991859436035,0.22824570536613464,0.4329114854335785,0.18773435056209564,0.21411144733428955,9.262761116027832,265.1968078613281,0.6857087016105652,0.6949514150619507,0.3934820592403412,0.2654154896736145,63.48630142211914,0.3431127667427063,6.562411785125732,0.266541987657547,0.6417672634124756,0.2583704888820648,0.2583704888820648,0.0,203.0509033203125,0.46204864978790283,0.46204864978790283,0.3504185378551483,0.10227812826633453,36.53780746459961,0.34710121154785156,11.944170951843262,0.3773830533027649,0.5765717029571533,0.33728358149528503,0.33728358149528503,0.0,334.34625244140625,0.68611741065979,0.7155531644821167,0.4778235852718353,0.22914984822273254,109.81224822998047,0.3613284230232239,15.921249389648438,0.5635480284690857,0.9559385180473328
2017,2,30.505035821000153,103.65664657109349,4464.3394,499.0,3.2260775566101074,90.0,19.07982635498047,28.614633560180664,1.2025532722473145,6.699999809265137,41.9691162109375,0.22019410133361816,0.23782141506671906,0.013343671336770058,390.75732421875,0.21349750459194183,0.21349750459194183,-0.012784509919583797,0.031481195241212845,52.01876449584961,0.368580162525177,12.210749626159668,0.31313493847846985,0.5053614377975464,0.21987572312355042,0.2508498430252075,0.23638898134231567,532.6458740234375,0.40786173939704895,0.40786173939704895,0.223682701587677,0.11541431397199631,69.22576904296875,0.34185850620269775,7.498725414276123,0.2426263839006424,0.43928420543670654,0.20341423153877258,0.2356223165988922,0.1750372350215912,324.764892578125,0.5335862636566162,0.5335862636566162,0.3176339864730835,0.1384229063987732,54.12345504760742,0.33308830857276917,8.322816848754883,0.2978958189487457,0.7089477777481079,0.2796662747859955,0.2796662747859955,0.0,231.6769256591797,0.4666426181793213,0.4666426181793213,0.34137555956840515,0.10618409514427185,32.423763275146484,0.3334110677242279,13.62805461883545,0.4132106304168701,0.6237403154373169,0.34022608399391174,0.34022608399391174,0.0,369.2723693847656,0.6033065319061279,0.6632723808288574,0.3717750310897827,0.16700005531311035,107.24589538574219,0.3532935678958893,17.58439826965332,0.6111750602722168,0.9094420075416565
2017,2,31.534236476044946,105.4097064774473,4464.887,611.0,12.611316680908203,199.84974670410156,24.6490421295166,26.49677276611328,1.280290961265564,7.158268451690674,33.831504821777344,0.24275390803813934,0.25403285026550293,0.066048763692379,412.04071044921875,0.464209645986557,0.4882633090019226,0.39940574765205383,0.10004153102636337,29.31118392944336,0.35670652985572815,12.874208450317383,0.42000919580459595,0.8804320693016052,0.220072403550148,0.2778736650943756,1.1703782081604004,593.54736328125,0.40286320447921753,0.45302754640579224,0.012931776233017445,0.08403932303190231,38.58632278442383,0.3195498287677765,8.343337059020996,0.32240158319473267,0.5778710246086121,0.21461838483810425,0.23794077336788177,0.4603065550327301,356.61175537109375,0.4190579652786255,0.43120044469833374,0.33253249526023865,0.08618579059839249,50.506587982177734,0.3252556025981903,9.132087707519531,0.3607485294342041,0.8203129172325134,0.28235727548599243,0.28235727548599243,0.004748133942484856,246.0266876220703,0.48429644107818604,0.48429644107818604,0.19691623747348785,0.10686513036489487,27.66704559326172,0.32084789872169495,14.471879005432129,0.539229691028595,0.8191561698913574,0.39845097064971924,0.39845097064971924,0.0,390.6918640136719,0.4771079123020172,0.4913944900035858,0.09180343151092529,0.12208189070224762,89.08185577392578,0.3277173340320587,18.6043758392334,0.8172354698181152,1.4999459981918335
2017,2,30.45221330992103,103.55827880185447,4478.519,500.0,1.4202077388763428,130.7631378173828,20.668825149536133,28.504615783691406,1.2000000476837158,6.683955192565918,39.49576187133789,0.21725331246852875,0.2349633276462555,0.0,387.1086730957031,0.34121328592300415,0.34121328592300415,0.021035628393292427,0.04488945007324219,55.7841796875,0.37351736426353455,12.097146034240723,0.2984851002693176,0.46204307675361633,0.21927517652511597,0.24749550223350525,0.0,524.419189453125,0.459947407245636,0.5222527980804443,0.36159178614616394,0.08610717207193375,74.14202880859375,0.34770405292510986,7.386185646057129,0.2341766208410263,0.42894384264945984,0.20360150933265686,0.2354372888803482,0.0,320.48162841796875,0.722509503364563,0.722509503364563,0.38585805892944336,0.23627056181430817,57.06455612182617,0.3389793932437897,8.217477798461914,0.28969818353652954,0.6856908798217773,0.27820250391960144,0.27820250391960144,0.0,229.8190155029297,0.462036669254303,0.462036669254303,0.3372478485107422,0.10498534142971039,32.658226013183594,0.3384862244129181,13.518765449523926,0.40004763007164,0.6092801094055176,0.33957353234291077,0.33957353234291077,0.0,366.8655090332031,0.651792049407959,0.651792049407959,0.35961395502090454,0.1682049036026001,109.68479919433594,0.35675784945487976,17.469785690307617,0.5917832255363464,0.8451472520828247
2017,2,27.096467762038753,102.7985728371768,4489.61,2059.0,21.996152877807617,147.3043212890625,22.11832046508789,38.330299377441406,1.257362723350525,6.361825942993164,45.254940032958984,0.30831384658813477,0.31659406423568726,0.0,337.7509765625,0.6826836466789246,0.6864725947380066,0.20464888215065002,0.2826692759990692,88.92069244384766,0.43038132786750793,10.554718017578125,0.3243902325630188,0.6044926047325134,0.2457890659570694,0.2542286515235901,0.36393317580223083,496.330322265625,0.6916725039482117,0.7488256692886353,0.2696089744567871,0.3207060694694519,54.74522018432617,0.37765464186668396,6.985442161560059,0.34003984928131104,0.8912243247032166,0.22311413288116455,0.22899985313415527,0.33897337317466736,312.43585205078125,0.31832271814346313,0.3432052731513977,-0.04579168185591698,0.0903778225183487,54.13036346435547,0.3198744058609009,8.002484321594238,0.48869675397872925,1.0596802234649658,0.23595646023750305,0.23595646023750305,0.0,187.96913146972656,0.48038825392723083,0.48038825392723083,0.21190011501312256,0.09792914986610413,72.87908172607422,0.39772477746009827,11.057007789611816,0.4923958480358124,1.0845052003860474,0.3100614547729492,0.3100614547729492,0.0,281.7492370605469,0.3567919135093689,0.3567919135093689,-0.04918710142374039,0.11169466376304626,91.51158142089844,0.4118057191371918,13.416629791259766,0.5647752285003662,1.3036296367645264
2017,2,30.73221810147112,103.83801604734134,4497.557,546.0,2.843384027481079,49.31879806518555,22.250476837158203,24.29273223876953,1.2385272979736328,6.988648414611816,47.908226013183594,0.2268151342868805,0.24296671152114868,0.47026950120925903,365.3888854980469,0.5514068007469177,0.5514068007469177,0.17976823449134827,0.1311250627040863,51.69989013671875,0.3696964383125305,11.403706550598145,0.30892467498779297,0.5402777194976807,0.21010199189186096,0.2477394938468933,8.331029891967773,477.55712890625,0.3538106083869934,0.36119067668914795,0.08342209458351135,0.07260722666978836,70.41870880126953,0.3439974784851074,6.608818054199219,0.2378343939781189,0.44022953510284424,0.1924276500940323,0.2201908677816391,6.168817043304443,289.38873291015625,0.3649033308029175,0.3649033308029175,0.10812611132860184,0.06965497136116028,59.17408752441406,0.33771809935569763,7.262048721313477,0.2816530764102936,0.676165759563446,0.26611897349357605,0.26611897349357605,0.0,214.46788024902344,0.5165107250213623,0.5165107250213623,0.18123838305473328,0.11684370040893555,34.95956039428711,0.34095993638038635,12.615757942199707,0.3970068097114563,0.6034555435180664,0.33821743726730347,0.33821743726730347,0.0,348.26214599609375,0.584335207939148,0.5848544239997864,0.251465380191803,0.17627273499965668,107.55967712402344,0.3576256334781647,16.583911895751953,0.5908922553062439,0.9788842797279358
2017,2,31.566034325657064,105.46603384195443,4558.732,545.0,26.511516571044922,193.20994567871094,24.6097469329834,24.887348175048828,1.3069759607315063,7.091104030609131,31.116357803344727,0.2411925345659256,0.253213495016098,0.08202778548002243,407.8170166015625,0.4654734432697296,0.49011051654815674,0.40179166197776794,0.09981018304824829,28.866273880004883,0.35663482546806335,12.741718292236328,0.4188755452632904,0.8833293914794922,0.2193928211927414,0.27486085891723633,1.4674534797668457,584.3843994140625,0.5607566237449646,0.5718764662742615,0.18817836046218872,0.11705458909273148,37.42818069458008,0.31963416934013367,8.210097312927246,0.3216724991798401,0.5821182727813721,0.21328702569007874,0.23524443805217743,0.41495949029922485,351.8649597167969,0.41981619596481323,0.4304808974266052,0.3298557698726654,0.08517463505268097,51.056365966796875,0.3259637951850891,9.0115385055542,0.3596189022064209,0.8182466626167297,0.28107842803001404,0.28107842803001404,0.003432764206081629,243.99546813964844,0.618783175945282,0.618783175945282,0.26424407958984375,0.13842278718948364,27.339500427246094,0.32150179147720337,14.352472305297852,0.5376064777374268,0.8278580904006958,0.3981631398200989,0.3981631398200989,0.0,387.8200988769531,0.6344408392906189,0.6522122025489807,0.23205865919589996,0.1537688821554184,88.97797393798828,0.32790496945381165,18.46762466430664,0.8125354051589966,1.4965354204177856
2017,2,29.29797054313551,103.33810176913848,4561.689,752.0,9.527810096740723,264.46539306640625,27.041296005249023,26.15140151977539,1.2334001064300537,6.168024063110352,42.12982177734375,0.23984310030937195,0.2512694299221039,0.12290432304143906,357.8968811035156,0.5334057807922363,0.5618736147880554,0.37655240297317505,0.10392582416534424,75.03589630126953,0.42306190729141235,11.180437088012695,0.23404745757579803,0.4005299508571625,0.19385381042957306,0.24771343171596527,3.509813070297241,469.1726989746094,0.5616881847381592,0.6040789484977722,0.17904311418533325,0.14838042855262756,114.22509002685547,0.4119364619255066,6.5586323738098145,0.17782534658908844,0.3565227687358856,0.17680588364601135,0.18004749715328217,2.4155473709106445,274.966064453125,0.4284154772758484,0.4284154772758484,0.20899178087711334,0.09601489454507828,93.17227172851562,0.4107275605201721,6.988475322723389,0.21580295264720917,0.4812523126602173,0.24695025384426117,0.24695025384426117,0.0,208.60321044921875,0.4906737804412842,0.4906737804412842,0.31851115822792053,0.09676162898540497,39.496673583984375,0.411384642124176,12.270777702331543,0.304810106754303,0.57612544298172,0.32680973410606384,0.32680973410606384,0.0,335.431396484375,0.3165630102157593,0.3749631643295288,0.06934498995542526,0.06664986163377762,122.7282943725586,0.41197845339775085,15.97292423248291,0.4646865725517273,0.7714053988456726
2017,2,28.900463979726073,105.24639190136486,4574.5396,302.0,7.87094783782959,110.5659408569336,33.96389389038086,31.04140281677246,1.2607219219207764,6.165475368499756,42.623374938964844,0.2498568892478943,0.263378769159317,0.0,452.0060119628906,0.4457221031188965,0.4457221031188965,0.08250832557678223,0.09841491281986237,62.03030014038086,0.38075751066207886,14.125187873840332,0.34722575545310974,0.6531336307525635,0.18677935004234314,0.22403591871261597,0.0,706.68701171875,0.45393210649490356,0.45393210649490356,0.0202450230717659,0.08814270049333572,60.36669158935547,0.3573613166809082,9.953337669372559,0.270124226808548,0.43886199593544006,0.09785382449626923,0.10071112960577011,0.0,409.2705383300781,0.35102564096450806,0.35102564096450806,0.006055690813809633,0.06755906343460083,62.13332748413086,0.349953830242157,10.49411678314209,0.31126657128334045,0.5556700229644775,0.2431374341249466,0.2431374341249466,0.0,261.3874206542969,0.477197527885437,0.477197527885437,0.3331364393234253,0.09148025512695312,31.839393615722656,0.36613765358924866,15.375731468200684,0.4486466646194458,0.7698976397514343,0.34656015038490295,0.34656015038490295,0.0,406.5968017578125,0.5631553530693054,0.5631553530693054,0.43500736355781555,0.1435636579990387,74.30596923828125,0.33959928154945374,19.361751556396484,0.6963396072387695,1.3351613283157349
2017,2,28.52020967829243,105.29840731515331,4587.035,562.0,9.741242408752441,228.69590759277344,33.36806869506836,28.918603897094727,1.1908535957336426,5.72668981552124,33.2335090637207,0.253969669342041,0.27714234590530396,0.0,455.1704406738281,0.5907315611839294,0.5907315611839294,0.10046248137950897,0.15435805916786194,68.04025268554688,0.38109320402145386,14.224076271057129,0.33169877529144287,0.5702081322669983,0.1825084239244461,0.2357909232378006,0.0,713.4185791015625,0.47865980863571167,0.47865980863571167,0.021971356123685837,0.08528237044811249,67.30845642089844,0.36176422238349915,10.048149108886719,0.2561095356941223,0.4009377658367157,0.0874301940202713,0.09003391861915588,0.0,411.93609619140625,0.4501781463623047,0.4501781463623047,0.026837805286049843,0.07241692394018173,66.78585052490234,0.35457274317741394,10.562463760375977,0.29622411727905273,0.48085907101631165,0.23324857652187347,0.23324857652187347,0.0,262.0849914550781,0.47000566124916077,0.47000566124916077,0.3247261345386505,0.08703922480344772,31.38608741760254,0.36878225207328796,15.416765213012695,0.43366479873657227,0.7169228792190552,0.36250683665275574,0.36250683665275574,0.0,408.5574645996094,0.5873083472251892,0.5873083472251892,0.4542669355869293,0.1520901471376419,72.22889709472656,0.33864879608154297,19.45511817932129,0.6827709674835205,1.2913581132888794
2017,2,30.421490103662794,103.94123085942545,4611.1226,522.0,7.455118656158447,351.75201416015625,24.87192726135254,26.413740158081055,1.2086949348449707,7.096747875213623,43.1558723449707,0.23291327059268951,0.24883802235126495,0.0,408.8672790527344,0.4395791292190552,0.4662061929702759,0.3497317433357239,0.0963318943977356,42.397647857666016,0.36249810457229614,12.77710247039795,0.35425612330436707,0.6297231912612915,0.2177068293094635,0.2608455717563629,0.0,575.5642700195312,0.40342462062835693,0.45371299982070923,0.05162186548113823,0.048803605139255524,60.74153518676758,0.3352963626384735,8.106538772583008,0.2639077603816986,0.46103909611701965,0.19693554937839508,0.22438310086727142,0.0,346.17230224609375,0.306505411863327,0.306505411863327,-0.004283339716494083,0.05166097730398178,50.1528434753418,0.3272543251514435,8.876213073730469,0.317635715007782,0.755732536315918,0.2804882526397705,0.2804882526397705,0.0,240.64309692382812,0.38903313875198364,0.38903313875198364,0.032804589718580246,0.08153147995471954,31.403125762939453,0.3304159641265869,14.155476570129395,0.4466414749622345,0.6789727210998535,0.3392413258552551,0.3392413258552551,0.0,380.0684814453125,0.5167742371559143,0.5168983936309814,0.12149986624717712,0.1369178295135498,100.2359848022461,0.3506618142127991,18.098499298095703,0.6630870699882507,1.095549464225769
2017,2,30.996593743828868,103.76498043118696,4652.7314,653.0,4.319812297821045,270.0,25.104454040527344,21.12665367126465,1.2222261428833008,6.667472839355469,42.6878776550293,0.22067143023014069,0.2355642020702362,1.1175373792648315,314.0539855957031,0.6429282426834106,0.6495710015296936,0.24993851780891418,0.1717928946018219,62.077415466308594,0.3798319399356842,9.779264450073242,0.2594461143016815,0.4582470655441284,0.1961204707622528,0.2276477813720703,19.79766273498535,363.6378173828125,0.2542908489704132,0.5217726826667786,0.2564910650253296,0.05842678248882294,82.34320068359375,0.3566911518573761,4.8428192138671875,0.20797985792160034,0.41861823201179504,0.17865166068077087,0.20217910408973694,14.659432411193848,221.5045166015625,0.37030404806137085,0.41545963287353516,0.3307188153266907,0.07626388221979141,71.66291809082031,0.3529277443885803,5.303719997406006,0.23754097521305084,0.5767621994018555,0.2450745701789856,0.2450745701789856,0.0,182.38235473632812,0.4525543451309204,0.4525543451309204,0.3478105962276459,0.09823720157146454,39.560462951660156,0.35819801688194275,10.728373527526855,0.33707284927368164,0.5251661539077759,0.33042123913764954,0.33042123913764954,0.0,308.43634033203125,0.634303867816925,0.6478059887886047,0.2683057487010956,0.1904759556055069,116.66304779052734,0.3697431981563568,14.687444686889648,0.5001063942909241,0.8735420107841492
2017,2,31.680570795315877,105.6967209758534,4679.397,494.0,12.071014404296875,190.24755859375,23.811960220336914,29.105716705322266,1.288620948791504,7.197043418884277,30.087034225463867,0.24360781908035278,0.2602238953113556,0.2946707308292389,385.3013610839844,0.47873255610466003,0.5071789026260376,0.40512946248054504,0.10084507614374161,50.9235725402832,0.36683031916618347,12.031458854675293,0.372598260641098,0.7629261612892151,0.219279482960701,0.2716906666755676,2.241731882095337,532.4205322265625,0.4168283939361572,0.5784587264060974,0.12928561866283417,0.10268907994031906,42.93876647949219,0.33370575308799744,7.467306613922119,0.29229599237442017,0.5374423861503601,0.20991738140583038,0.23087885975837708,0.3061341941356659,325.4464416503906,0.4194158613681793,0.4303698241710663,0.3167875111103058,0.08359253406524658,60.54854965209961,0.34065866470336914,8.336931228637695,0.33261728286743164,0.7716208696365356,0.27400121092796326,0.27400121092796326,0.0,231.7141876220703,0.532132089138031,0.532132089138031,0.15198929607868195,0.1071227490901947,32.93501281738281,0.3387189507484436,13.63024616241455,0.49376413226127625,0.8027108311653137,0.40205466747283936,0.40205466747283936,0.0,372.9610290527344,0.5389742255210876,0.5389742255210876,0.106721431016922,0.11548838764429092,91.93222045898438,0.33924201130867004,17.760047912597656,0.7459186911582947,1.372456669807434
2017,2,30.945657432495356,103.70057317557098,4695.4614,665.0,0.9274099469184875,-0.0,26.4657039642334,24.336618423461914,1.2005683183670044,6.699999809265137,39.972145080566406,0.21691545844078064,0.23187829554080963,1.090158224105835,314.6197509765625,0.49153292179107666,0.5069370269775391,0.16015617549419403,0.10156796872615814,63.346961975097656,0.38027632236480713,9.797799110412598,0.25554022192955017,0.4425045847892761,0.19626949727535248,0.22430938482284546,19.31262969970703,364.66339111328125,0.4178142845630646,0.4356924593448639,0.15033908188343048,0.08662766218185425,83.17112731933594,0.3572065234184265,4.864095211029053,0.2060544639825821,0.41755834221839905,0.17877808213233948,0.20231997966766357,14.300283432006836,222.6602783203125,0.36816439032554626,0.41451752185821533,0.3312073349952698,0.0759926363825798,71.77350616455078,0.35292577743530273,5.342564105987549,0.23684817552566528,0.5755237340927124,0.2460114061832428,0.2460114061832428,0.0,182.93185424804688,0.45234376192092896,0.45234376192092896,0.3448360860347748,0.09798982739448547,39.57432556152344,0.35800105333328247,10.760697364807129,0.3342534601688385,0.5234870314598083,0.3273789584636688,0.3273789584636688,0.0,308.6746520996094,0.6298187375068665,0.6492615938186646,0.399359792470932,0.18550874292850494,118.4316635131836,0.3706809878349304,14.698792457580566,0.49163198471069336,0.8431696891784668
2017,2,28.869201222240374,105.31673422048297,4721.2427,326.0,7.0040059089660645,311.20941162109375,35.85757064819336,25.645076751708984,1.2573566436767578,6.099999904632568,41.48358917236328,0.2504609227180481,0.26562827825546265,0.0,453.3346252441406,0.5443220138549805,0.5443220138549805,0.17901629209518433,0.12808595597743988,63.634403228759766,0.38089364767074585,14.166707038879395,0.3459094166755676,0.6471890807151794,0.18646937608718872,0.2252074033021927,0.0,710.96826171875,0.42910459637641907,0.42910459637641907,0.08793903887271881,0.07914604991674423,59.956172943115234,0.35743391513824463,10.01363754272461,0.270595520734787,0.4369763135910034,0.09489750117063522,0.09760528802871704,0.0,411.33770751953125,0.423259437084198,0.423259437084198,0.07616720348596573,0.08002205938100815,62.68288803100586,0.34993958473205566,10.547120094299316,0.3109201490879059,0.5489124655723572,0.2426547408103943,0.2426547408103943,0.0,262.07733154296875,0.4758342504501343,0.4758342504501343,0.3345925807952881,0.09110736846923828,32.184539794921875,0.3664606511592865,15.416313171386719,0.4485490918159485,0.7651780247688293,0.34797078371047974,0.34797078371047974,0.0,407.5708312988281,0.5648167729377747,0.5648167729377747,0.4378047287464142,0.14410355687141418,73.89128112792969,0.3386184275150299,19.40813446044922,0.6961303353309631,1.336717128753662
2017,2,31.639877039102135,105.5741001559847,4766.306,460.0,5.652171611785889,191.07643127441406,25.917448043823242,27.22586441040039,1.2799999713897705,6.939949035644531,29.70341682434082,0.24223236739635468,0.2571108341217041,0.1588239222764969,393.8096008300781,0.4734444320201874,0.5004278421401978,0.4043442904949188,0.10036028921604156,37.26578140258789,0.3611340820789337,12.301587104797363,0.3966740667819977,0.8291001915931702,0.21919402480125427,0.27234581112861633,1.9752237796783447,552.1766357421875,0.5206854343414307,0.5371585488319397,0.1314227432012558,0.12172417342662811,39.365020751953125,0.3261226415634155,7.74931526184082,0.3069356381893158,0.5623622536659241,0.21105068922042847,0.23209966719150543,0.2640490233898163,335.147216796875,0.4198288917541504,0.43026402592658997,0.3216608464717865,0.08402607589960098,55.30641174316406,0.3331131339073181,8.586748123168945,0.3455771207809448,0.79228276014328,0.27670326828956604,0.27670326828956604,0.0,236.53717041015625,0.6511785984039307,0.6511785984039307,0.3494567573070526,0.19346587359905243,29.27389144897461,0.32961615920066833,13.91395092010498,0.5151429772377014,0.8187264800071716,0.4003984332084656,0.4003984332084656,0.0,378.6813049316406,0.6353526711463928,0.6353526711463928,0.26253828406333923,0.17248138785362244,89.31663513183594,0.33254846930503845,18.03244400024414,0.7800260186195374,1.4350935220718384
2017,2,30.600438288038628,103.55046645680885,4792.923,539.0,2.154093027114868,270.0,23.115131378173828,26.619911193847656,1.219900131225586,6.7166924476623535,39.25080871582031,0.21386048197746277,0.2311023324728012,0.29228782653808594,365.4626770019531,0.6367853283882141,0.6367853283882141,0.1511533260345459,0.15711437165737152,58.839576721191406,0.3747061491012573,11.411574363708496,0.28255146741867065,0.44180554151535034,0.2137349247932434,0.23844000697135925,5.178006172180176,476.1507263183594,0.46029892563819885,0.5179917216300964,0.3454545736312866,0.08368846774101257,76.52672576904297,0.3493283987045288,6.633418560028076,0.2248499095439911,0.42532917857170105,0.1977144479751587,0.2284441441297531,3.834120750427246,291.8775634765625,0.49035605788230896,0.49035605788230896,0.10158248990774155,0.10569434612989426,60.6211051940918,0.34137168526649475,7.38572883605957,0.2744659185409546,0.6552164554595947,0.270264208316803,0.270264208316803,0.0,216.2611541748047,0.45714280009269714,0.45714280009269714,0.3375067114830017,0.10287678241729736,34.63538360595703,0.342157244682312,12.721244812011719,0.3794596195220947,0.5798306465148926,0.33526426553726196,0.33526426553726196,0.0,349.9555358886719,0.7518108487129211,0.7518108487129211,0.29690492153167725,0.24616427719593048,113.20750427246094,0.3599161207675934,16.66455078125,0.5580778121948242,0.8193165063858032
2017,2,31.719378351784016,105.58272405742206,4796.294,612.0,13.863744735717773,141.9131317138672,24.97824478149414,26.59757423400879,1.2453516721725464,6.9850263595581055,31.070919036865234,0.24491949379444122,0.26319265365600586,0.256669282913208,377.8519287109375,0.4837755560874939,0.5136170387268066,0.4058782160282135,0.10130739212036133,38.38945007324219,0.3637426197528839,11.799851417541504,0.379500150680542,0.7911294102668762,0.21936097741127014,0.2710658609867096,3.0705156326293945,515.5237426757812,0.539932370185852,0.5562644004821777,0.17684777081012726,0.10514767467975616,41.011966705322266,0.33068475127220154,7.2176513671875,0.2939196228981018,0.5475589632987976,0.2088366001844406,0.22971464693546295,0.4110200107097626,315.4578857421875,0.41902196407318115,0.430470734834671,0.3121400773525238,0.08317908644676208,57.69374465942383,0.3383331000804901,8.078125,0.3324072062969208,0.7651290893554688,0.27142441272735596,0.27142441272735596,0.0,228.1195526123047,0.6463629007339478,0.6463629007339478,0.3172526955604553,0.16807253658771515,28.8518009185791,0.33478713035583496,13.418797492980957,0.4945885241031647,0.8035545349121094,0.40363413095474243,0.40363413095474243,0.0,368.57861328125,0.526982307434082,0.526982307434082,0.18397913873195648,0.12992064654827118,86.89505767822266,0.33399614691734314,17.551362991333008,0.7564106583595276,1.3780735731124878
2017,2,30.210208977548415,103.71350902772703,4805.2,480.0,5.627442359924316,214.7720947265625,25.068708419799805,27.772422790527344,1.214002013206482,6.845866680145264,41.905784606933594,0.22771261632442474,0.24301159381866455,0.0,399.9533386230469,0.442788302898407,0.47458839416503906,0.3467152714729309,0.09561587125062943,52.3404426574707,0.3783230781555176,12.498541831970215,0.3165806233882904,0.5250383615493774,0.21330128610134125,0.2516377866268158,0.0,556.617919921875,0.5747314691543579,0.5747314691543579,0.1509721279144287,0.1324293613433838,75.49900817871094,0.3543934226036072,7.839689254760742,0.24091759324073792,0.43217363953590393,0.193306565284729,0.21676935255527496,0.0,335.1452941894531,0.44281861186027527,0.44281861186027527,0.1303151547908783,0.1095874011516571,59.957427978515625,0.34706243872642517,8.593469619750977,0.293637752532959,0.6854451298713684,0.2738083600997925,0.2738083600997925,0.0,235.48065185546875,0.47582390904426575,0.47582390904426575,0.34098753333091736,0.10499729216098785,32.15575408935547,0.34880587458610535,13.851802825927734,0.40980878472328186,0.6463351249694824,0.3356502652168274,0.3356502652168274,0.0,373.125,0.5060828328132629,0.5126216411590576,0.1525898426771164,0.12873272597789764,106.5280532836914,0.3629857301712036,17.76785659790039,0.6097627878189087,0.9421330690383911
2017,2,31.648500940539495,105.64093316257376,4807.4136,577.0,10.720146179199219,115.31108093261719,21.62602424621582,26.929224014282227,1.2680094242095947,7.0068159103393555,29.728837966918945,0.24252384901046753,0.2577705681324005,0.20881450176239014,391.7929382324219,0.4745650887489319,0.5018585324287415,0.4045106768608093,0.10046302527189255,44.78307342529297,0.3638995885848999,12.237003326416016,0.38607099652290344,0.7982181310653687,0.2192121297121048,0.27220699191093445,1.9589885473251343,547.4158935546875,0.4301561117172241,0.44230085611343384,0.0771406888961792,0.09857884049415588,41.030006408691406,0.3296000361442566,7.682491302490234,0.30089500546455383,0.5505578517913818,0.21081052720546722,0.23184095323085785,0.26477405428886414,333.07159423828125,0.41974136233329773,0.4302864372730255,0.3206281065940857,0.08393420279026031,57.793025970458984,0.336468368768692,8.53350830078125,0.34048542380332947,0.7849985361099243,0.27613064646720886,0.27613064646720886,0.0,235.26907348632812,0.5540255308151245,0.5540255308151245,0.3020773231983185,0.14873374998569489,31.44917869567871,0.3338926434516907,13.839357376098633,0.5065690279006958,0.8126795887947083,0.40074944496154785,0.40074944496154785,0.0,377.2016296386719,0.5107579231262207,0.5107579231262207,0.24119140207767487,0.14895091950893402,91.19026184082031,0.3360738456249237,17.96198272705078,0.7649006247520447,1.410090684890747
2017,2,30.47377306351444,103.75096993567703,4834.087,478.0,1.4203888177871704,49.24317169189453,18.4876651763916,28.981510162353516,1.2123432159423828,6.900000095367432,43.9175910949707,0.22464685142040253,0.2417752891778946,0.0,397.451416015625,0.42415136098861694,0.4562976062297821,0.33412450551986694,0.09370757639408112,48.71113204956055,0.3665311932563782,12.420356750488281,0.32743698358535767,0.5476099848747253,0.2193569839000702,0.2548661530017853,0.0,548.35302734375,0.24982976913452148,0.24982976913452148,0.07226735353469849,0.07914228737354279,66.42679595947266,0.3396833837032318,7.7232818603515625,0.24997173249721527,0.44658806920051575,0.2017831802368164,0.2324294149875641,0.0,332.7150573730469,0.6319714188575745,0.6319714188575745,0.32262250781059265,0.1981198787689209,52.748050689697266,0.3311532437801361,8.53115463256836,0.3048822283744812,0.7255779504776001,0.28023797273635864,0.28023797273635864,0.0,235.07411193847656,0.47318193316459656,0.47318193316459656,0.3447669744491577,0.10714343935251236,32.04243850708008,0.33230990171432495,13.827889442443848,0.42500919103622437,0.6431022882461548,0.34003525972366333,0.34003525972366333,0.0,373.3659973144531,0.41282904148101807,0.4185860753059387,0.15473294258117676,0.08944927155971527,104.89192199707031,0.3524436056613922,17.779333114624023,0.6294496059417725,0.9721149802207947
2017,2,30.766985712384837,103.6264629160627,4847.8965,590.0,2.7802884578704834,180.0,26.010847091674805,23.504331588745117,1.2100162506103516,7.099999904632568,43.3608283996582,0.21486464142799377,0.23082736134529114,0.7141993641853333,339.2506103515625,0.524095356464386,0.524095356464386,0.17383931577205658,0.11987797915935516,61.06121063232422,0.37726733088493347,10.579262733459473,0.2693847119808197,0.4449656307697296,0.2042747586965561,0.23027993738651276,12.65235424041748,418.7382507324219,0.4516705572605133,0.5145679712295532,0.32271963357925415,0.08001188933849335,79.73531341552734,0.353095680475235,5.71951961517334,0.2154984027147293,0.42244938015937805,0.18727688491344452,0.2139112502336502,9.368597030639648,256.12689208984375,0.6143435835838318,0.6143435835838318,0.2686636447906494,0.17136366665363312,66.32962799072266,0.34696272015571594,6.327136039733887,0.2553040087223053,0.6154347062110901,0.25764963030815125,0.25764963030815125,0.0,198.97169494628906,0.45574116706848145,0.45574116706848145,0.34108126163482666,0.10035166144371033,37.2585563659668,0.35016828775405884,11.704217910766602,0.3563656806945801,0.5522987842559814,0.32977402210235596,0.32977402210235596,0.0,328.35284423828125,0.662077784538269,0.662077784538269,0.34662583470344543,0.1893276572227478,116.2645034790039,0.365791916847229,15.635848999023438,0.5225102305412292,0.8335275650024414
2017,2,30.61472078871282,103.85067989433313,4863.8975,506.0,1.4215739965438843,49.28434371948242,20.564559936523438,27.520740509033203,1.2501074075698853,6.900000095367432,45.358070373535156,0.22795668244361877,0.24453064799308777,0.22827480733394623,384.7560729980469,0.5072140693664551,0.5072140693664551,0.1799585223197937,0.09761938452720642,48.019012451171875,0.36579960584640503,12.01649284362793,0.32710492610931396,0.5693818926811218,0.21509301662445068,0.2540113031864166,4.043988227844238,520.5263671875,0.4689283072948456,0.6489114165306091,0.19317391514778137,0.11804042756557465,65.99171447753906,0.33916693925857544,7.274399280548096,0.24882274866104126,0.44880229234695435,0.19720090925693512,0.22631357610225677,2.994422435760498,315.0464172363281,0.6266941428184509,0.6266941428184509,0.42861732840538025,0.2153848558664322,54.49030685424805,0.3317887485027313,8.001333236694336,0.2981856167316437,0.7139745950698853,0.2741411626338959,0.2741411626338959,0.0,226.54888916015625,0.4735712707042694,0.4735712707042694,0.3494943082332611,0.10646181553602219,33.28534698486328,0.33435747027397156,13.326404571533203,0.41900137066841125,0.633385419845581,0.3396022617816925,0.3396022617816925,0.0,363.0455017089844,0.6121335625648499,0.6336687207221985,0.33873826265335083,0.19232389330863953,104.75269317626953,0.353486567735672,17.287879943847656,0.6222922801971436,1.01303231716156
2017,2,30.425534508318268,103.94824056628147,4908.118,487.0,0.0,-0.0,25.130599975585938,25.073467254638672,1.2233256101608276,7.136733055114746,41.898834228515625,0.23314900696277618,0.24908606708049774,0.0,409.18896484375,0.4398023784160614,0.4662662148475647,0.3500187397003174,0.09639241546392441,42.10700988769531,0.36211079359054565,12.787155151367188,0.35540568828582764,0.6329777836799622,0.21779347956180573,0.2612091302871704,0.0,576.2667236328125,0.4909970760345459,0.5470892190933228,0.1677430272102356,0.08733592927455902,60.37745666503906,0.33484378457069397,8.116433143615723,0.26456010341644287,0.4618169665336609,0.19703876972198486,0.2245367020368576,0.0,346.550537109375,0.4301739037036896,0.4301739037036896,0.1890403926372528,0.10597053170204163,49.92192459106445,0.3267969787120819,8.88591194152832,0.3182903826236725,0.7576271295547485,0.2806486189365387,0.2806486189365387,0.0,240.81704711914062,0.48829755187034607,0.48829755187034607,0.22766336798667908,0.14462824165821075,31.38347625732422,0.3299955725669861,14.165708541870117,0.4476969838142395,0.6800971031188965,0.3393193185329437,0.3393193185329437,0.0,380.2915344238281,0.5360087752342224,0.5512938499450684,0.26013779640197754,0.15976348519325256,100.063232421875,0.3503977954387665,18.109121322631836,0.6646291017532349,1.1002774238586426
2017,2,28.595394581154583,104.87880144692299,4925.247,345.0,3.298312187194824,106.31338500976562,28.11773681640625,30.178401947021484,1.2654430866241455,6.099999904632568,29.81146240234375,0.2507129907608032,0.2641223073005676,0.0,444.63555908203125,0.5471233129501343,0.5471233129501343,0.10993508249521255,0.13223914802074432,62.13609313964844,0.38186413049697876,13.894861221313477,0.32944318652153015,0.5756293535232544,0.1829390525817871,0.23164482414722443,0.0,681.9232177734375,0.4180328845977783,0.4180328845977783,0.0711233913898468,0.08997824043035507,74.97930145263672,0.3650602698326111,9.604552268981934,0.24498212337493896,0.4012334942817688,0.1089426577091217,0.112791508436203,0.0,396.23089599609375,0.35043805837631226,0.35043805837631226,0.0712563619017601,0.06498519331216812,65.8377914428711,0.35872045159339905,10.15976619720459,0.2898935079574585,0.4820495843887329,0.23205961287021637,0.23205961287021637,0.0,256.7085266113281,0.4785562753677368,0.4785562753677368,0.30635201930999756,0.08795736730098724,29.54148292541504,0.3682693839073181,15.10050106048584,0.426376610994339,0.7473288774490356,0.3585432767868042,0.3585432767868042,0.0,401.36932373046875,0.6206352710723877,0.6865225434303284,0.24791254103183746,0.1734738051891327,74.626220703125,0.34432452917099,19.112825393676758,0.6764253973960876,1.2540051937103271
2017,2,31.288994836307527,105.36955227246102,4932.1143,415.0,6.07561731338501,117.14576721191406,26.486412048339844,23.72962188720703,1.278943419456482,7.266684532165527,31.653648376464844,0.246247336268425,0.25754010677337646,0.0,422.69476318359375,0.46485987305641174,0.4857528507709503,0.39528200030326843,0.10078530013561249,31.422433853149414,0.3565693199634552,13.209211349487305,0.42228227853775024,0.8879831433296204,0.22024738788604736,0.28182750940322876,0.0,619.4998779296875,0.5934309959411621,0.6021373867988586,0.18047603964805603,0.15166741609573364,39.157798767089844,0.31946927309036255,8.725350379943848,0.32359498739242554,0.5665027499198914,0.21165476739406586,0.23598003387451172,0.0,369.15240478515625,0.5284280180931091,0.5284280180931091,0.1101672425866127,0.12693165242671967,49.71060562133789,0.3233933448791504,9.465446472167969,0.3622836470603943,0.8398416638374329,0.28476834297180176,0.28476834297180176,0.0,251.04104614257812,0.4869631230831146,0.4869631230831146,0.18570435047149658,0.11238082498311996,29.943134307861328,0.3214994966983795,14.767120361328125,0.5378703474998474,0.8340101838111877,0.3864055275917053,0.3864055275917053,0.0,395.47491455078125,0.5596840977668762,0.5983707904815674,0.1826411336660385,0.14221490919589996,92.77560424804688,0.3328320384025574,18.832138061523438,0.8049209117889404,1.5083318948745728
2017,2,31.637451288129057,105.7174691730551,4943.672,442.0,14.333295822143555,104.67958068847656,24.072057723999023,27.166784286499023,1.2931931018829346,7.166764259338379,34.693477630615234,0.24215039610862732,0.2569252848625183,0.23591329157352448,393.6082763671875,0.4731292426586151,0.5000254511833191,0.40429747104644775,0.1003313958644867,53.42002868652344,0.3665004074573517,12.292886734008789,0.37799882888793945,0.7714434862136841,0.21918892860412598,0.2723848819732666,1.6671853065490723,551.42724609375,0.5334804058074951,0.5689786076545715,0.15136712789535522,0.09155745804309845,42.52982711791992,0.3325229287147522,7.743099212646484,0.29712024331092834,0.5402234792709351,0.21111823618412018,0.232172429561615,0.22861959040164948,335.7765808105469,0.4198535084724426,0.4302577078342438,0.32195132970809937,0.08405191451311111,60.0797233581543,0.33908185362815857,8.60379409790039,0.337861031293869,0.7832668423652649,0.27686432003974915,0.27686432003974915,0.0,235.9736785888672,0.5315020680427551,0.5315020680427551,0.19455404579639435,0.09634292870759964,34.1684455871582,0.337636262178421,13.880805015563965,0.5017435550689697,0.8097317218780518,0.40029972791671753,0.40029972791671753,0.0,378.1000061035156,0.6015539765357971,0.6015539765357971,0.19131915271282196,0.11710666865110397,94.03801727294922,0.33987995982170105,18.004762649536133,0.753166139125824,1.3957027196884155
2017,2,31.65281289125818,105.45633083806214,4945.787,585.0,26.231266021728516,74.76248168945312,23.88728141784668,25.4847412109375,1.2803926467895508,6.942314624786377,34.16435623168945,0.24427546560764313,0.25997090339660645,0.20821361243724823,389.371826171875,0.4771351218223572,0.5049588680267334,0.40304842591285706,0.10086541622877121,29.464984893798828,0.3593631684780121,12.161362648010254,0.39982321858406067,0.8410819172859192,0.21946224570274353,0.27340593934059143,3.716284990310669,542.4197998046875,0.6203413605690002,0.6422694325447083,0.24271073937416077,0.10618628561496735,39.05778121948242,0.3245193362236023,7.58737325668335,0.3068757951259613,0.5644643902778625,0.21068653464317322,0.23259028792381287,1.1500258445739746,329.00982666015625,0.4184670150279999,0.4306568205356598,0.31920453906059265,0.08423959463834763,53.352935791015625,0.33161404728889465,8.406661033630371,0.3443034887313843,0.7857652902603149,0.27502694725990295,0.27502694725990295,0.010234338231384754,234.03692626953125,0.6422816514968872,0.6422816514968872,0.27181753516197205,0.1294921189546585,26.81291961669922,0.32720527052879333,13.766275405883789,0.5138856768608093,0.8096920847892761,0.4015527069568634,0.4015527069568634,0.0,375.89874267578125,0.6899106502532959,0.6899106502532959,0.2896973788738251,0.16036123037338257,86.0455322265625,0.3293974697589874,17.899940490722656,0.7858800888061523,1.4332480430603027
2017,2,31.35259499463283,105.49756414550336,4966.5776,412.0,13.151477813720703,194.08616638183594,25.39220428466797,25.197986602783203,1.270321011543274,7.0542192459106445,29.53096580505371,0.2402772307395935,0.25006332993507385,0.0,425.4131164550781,0.45841678977012634,0.4789378046989441,0.3993736505508423,0.09938070178031921,29.992431640625,0.35480237007141113,13.294159889221191,0.432813435792923,0.921190619468689,0.21885715425014496,0.27642396092414856,0.0,626.7525634765625,0.6488197445869446,0.650122344493866,0.23862895369529724,0.17794322967529297,35.8735466003418,0.3162766098976135,8.827500343322754,0.3327662944793701,0.5900052189826965,0.21202413737773895,0.233822762966156,0.0,373.79400634765625,0.40655696392059326,0.4190492630004883,0.3381878733634949,0.08393199741840363,49.474578857421875,0.32136639952659607,9.584461212158203,0.370604544878006,0.8538867831230164,0.28611668944358826,0.28611668944358826,0.0,253.02981567382812,0.617984414100647,0.617984414100647,0.3902187943458557,0.20024427771568298,29.290185928344727,0.3186635673046112,14.88410758972168,0.5522043108940125,0.8585709929466248,0.3868557810783386,0.3868557810783386,0.0,397.3976745605469,0.5714309215545654,0.640314519405365,0.28126606345176697,0.17574363946914673,94.14797973632812,0.3310084342956543,18.9237003326416,0.8181133270263672,1.5455173254013062
2017,2,29.148131370436573,104.94132696189442,4975.1494,330.0,6.550034046173096,170.71031188964844,28.824344635009766,26.891124725341797,1.2591131925582886,6.099999904632568,29.989883422851562,0.2466927468776703,0.2523688077926636,0.0,447.97265625,0.5008725523948669,0.5008725523948669,0.12315249443054199,0.11878948658704758,52.01690673828125,0.3789942264556885,13.9991455078125,0.36146292090415955,0.7070657014846802,0.1894795298576355,0.21601659059524536,0.0,692.17724609375,0.4228954315185547,0.42598941922187805,0.0969582200050354,0.08813746273517609,57.763362884521484,0.35398128628730774,9.748974800109863,0.275285929441452,0.4579325020313263,0.10850430279970169,0.11176393926143646,0.0,402.67449951171875,0.3852337598800659,0.3852337598800659,0.10754911601543427,0.07483507692813873,57.71287155151367,0.34668484330177307,10.324987411499023,0.32006776332855225,0.619056761264801,0.2489555925130844,0.2489555925130844,0.0,259.2997741699219,0.48329728841781616,0.48329728841781616,0.33463913202285767,0.09438131004571915,30.24247169494629,0.36351433396339417,15.252927780151367,0.4559943974018097,0.7926609516143799,0.3360108435153961,0.3360108435153961,0.0,403.2780456542969,0.5903052687644958,0.6528509259223938,0.21300595998764038,0.15119752287864685,76.30110931396484,0.3439991772174835,19.203716278076172,0.7038516998291016,1.352457046508789
2017,2,30.05120635218465,103.52890670321541,5001.282,486.0,1.8543341159820557,-0.0,15.486544609069824,33.31465148925781,1.1895796060562134,6.379820823669434,45.21379089355469,0.22582361102104187,0.24133723974227905,0.0,393.14996337890625,0.45430701971054077,0.49085143208503723,0.3481673002243042,0.09619620442390442,60.04861831665039,0.39145588874816895,12.28593635559082,0.28858551383018494,0.44605693221092224,0.21014072000980377,0.25065451860427856,0.0,541.3817138671875,0.5497692823410034,0.5497692823410034,0.12522700428962708,0.12549208104610443,88.8719253540039,0.3708958029747009,7.625094413757324,0.2222452163696289,0.408086359500885,0.1951965093612671,0.21511520445346832,0.0,325.881103515625,0.47389617562294006,0.47389617562294006,0.14473551511764526,0.10767518728971481,68.75936126708984,0.3645315170288086,8.355925559997559,0.2736355662345886,0.6302725672721863,0.26904961466789246,0.26904961466789246,0.0,231.43589782714844,0.47263282537460327,0.47263282537460327,0.33393189311027527,0.10301046818494797,33.00518798828125,0.3641238212585449,13.613876342773438,0.3810561001300812,0.6219427585601807,0.3331848382949829,0.3331848382949829,0.0,367.50189208984375,0.5603842735290527,0.5715305209159851,0.17696835100650787,0.155581995844841,112.5969009399414,0.37477201223373413,17.500089645385742,0.567467987537384,0.8215056657791138
2017,2,31.84145962042525,105.95381936529193,5029.09,554.0,9.089825630187988,107.67011260986328,27.60067367553711,26.370967864990234,1.2782541513442993,6.77145528793335,34.81627655029297,0.24904583394527435,0.2725318670272827,0.9124928116798401,355.1191101074219,0.49963998794555664,0.533870279788971,0.40823376178741455,0.10276174545288086,76.75003051757812,0.3794553875923157,11.068957328796387,0.3132323920726776,0.6119369864463806,0.2196173518896103,0.2691003680229187,3.0185301303863525,462.9406433105469,0.49809834361076355,0.5303910374641418,0.15594051778316498,0.12898866832256317,52.85850524902344,0.35192084312438965,6.477776050567627,0.25507253408432007,0.4877816140651703,0.20543663203716278,0.2260522097349167,0.4413241744041443,290.7473449707031,0.41778284311294556,0.4307881295681,0.2975200414657593,0.08187846094369888,73.92564392089844,0.3590047359466553,7.44374418258667,0.2990788519382477,0.7195314168930054,0.2633182406425476,0.2633182406425476,0.0,215.62692260742188,0.6570816040039062,0.6570816040039062,0.4142673909664154,0.22123265266418457,38.20464324951172,0.3588785231113434,12.683937072753906,0.4386427402496338,0.7495077848434448,0.40860283374786377,0.40860283374786377,0.0,353.667724609375,0.4637080430984497,0.4637080430984497,0.11514449119567871,0.12946107983589172,95.22344970703125,0.3527863919734955,16.841320037841797,0.6618819236755371,1.194180965423584
2017,2,28.763293113119982,105.01678386992083,5080.375,254.0,0.9274099469184875,-0.0,30.147809982299805,27.467334747314453,1.2708152532577515,6.099999904632568,35.00382614135742,0.2501123547554016,0.26316866278648376,0.0,448.17041015625,0.21339759230613708,0.21339759230613708,0.04278567433357239,0.034150753170251846,60.663875579833984,0.3809128403663635,14.005325317382812,0.3401249051094055,0.618209719657898,0.1850324124097824,0.22735761106014252,0.0,693.0355224609375,0.432033896446228,0.432033896446228,0.2051970511674881,0.10433855652809143,67.43657684326172,0.3607378304004669,9.761063575744629,0.2578229308128357,0.4206295907497406,0.10386267304420471,0.10722851753234863,0.0,402.1943054199219,0.4961928427219391,0.4961928427219391,0.2557353079319,0.1328650265932083,63.4836311340332,0.35387396812438965,10.312674522399902,0.3013654947280884,0.525795578956604,0.23799511790275574,0.23799511790275574,0.0,258.8749084472656,0.4781845211982727,0.4781845211982727,0.3200461268424988,0.08989987522363663,30.3646297454834,0.36689212918281555,15.227936744689941,0.43801599740982056,0.7572697997093201,0.351900190114975,0.351900190114975,0.0,403.733154296875,0.527008593082428,0.5342822670936584,0.19915030896663666,0.13657262921333313,74.61070251464844,0.3426191508769989,19.22538948059082,0.6870218515396118,1.2957987785339355
2017,2,31.71021489911919,105.89776400594907,5103.3896,484.0,13.388219833374023,298.4295654296875,25.875181198120117,26.52482032775879,1.2754954099655151,7.274940013885498,29.100000381469727,0.2446098029613495,0.26249170303344727,0.5141779780387878,379.231689453125,0.4825848639011383,0.5120968818664551,0.4057014286518097,0.1011982336640358,72.76042175292969,0.3748614192008972,11.834921836853027,0.34163764119148254,0.6738564968109131,0.21934174001216888,0.2712133824825287,2.0224533081054688,518.166259765625,0.4085019826889038,0.44642409682273865,0.10116089880466461,0.07325942814350128,48.291683197021484,0.3439236581325531,7.269631385803223,0.27494144439697266,0.5053801536560059,0.20909178256988525,0.22998952865600586,0.2902061343193054,319.43994140625,0.41911494731903076,0.43044689297676086,0.31323739886283875,0.08327670395374298,68.23030090332031,0.35042455792427063,8.183326721191406,0.31821778416633606,0.752838671207428,0.27203282713890076,0.27203282713890076,0.0,228.03427124023438,0.41514408588409424,0.41514408588409424,0.17087635397911072,0.07965841144323349,38.987552642822266,0.3509068191051483,13.41378116607666,0.4692913293838501,0.7823197841644287,0.4032612144947052,0.4032612144947052,0.0,368.638671875,0.42887234687805176,0.42887234687805176,0.06437687575817108,0.10427455604076385,97.54151153564453,0.34951052069664,17.554222106933594,0.7016096115112305,1.296005129814148
2017,2,31.622089684999946,105.7719103378166,5108.871,548.0,6.507157802581787,90.0,26.41211700439453,27.550052642822266,1.260427474975586,6.665910243988037,32.68730545043945,0.2416311800479889,0.2557501494884491,0.23650476336479187,396.28863525390625,0.4711330533027649,0.4974770247936249,0.4040010869503021,0.10014839470386505,59.66852569580078,0.36819520592689514,12.376629829406738,0.3735123872756958,0.7548196315765381,0.2191566675901413,0.2726321816444397,1.3886852264404297,557.458251953125,0.5511919260025024,0.5744509696960449,0.17253710329532623,0.1205332949757576,43.41709518432617,0.33427512645721436,7.831965923309326,0.2953927516937256,0.5335195064544678,0.21154604852199554,0.23263327777385712,0.19268694519996643,339.38226318359375,0.42000943422317505,0.43021777272224426,0.32379093766212463,0.08421557396650314,61.49242401123047,0.34056738018989563,8.697169303894043,0.3369607925415039,0.7838744521141052,0.277884304523468,0.277884304523468,0.0,237.18438720703125,0.616858959197998,0.616858959197998,0.3609470725059509,0.16940495371818542,36.239990234375,0.33999398350715637,13.952022552490234,0.4998296797275543,0.8092456459999084,0.39967453479766846,0.39967453479766846,0.0,379.59613037109375,0.6077964305877686,0.6077964305877686,0.2706177830696106,0.17829176783561707,96.30323028564453,0.3425508141517639,18.076005935668945,0.7465539574623108,1.3904181718826294
2017,2,31.606728081870813,105.76813347922435,5108.871,470.0,14.724296569824219,210.41653442382812,23.98828125,27.844968795776367,1.2667444944381714,6.939727783203125,31.700973510742188,0.24110285937786102,0.25455442070961,0.2046314924955368,399.3052978515625,0.46910184621810913,0.4948838949203491,0.40369948744773865,0.09996218979358673,59.352108001708984,0.3676733672618866,12.471896171569824,0.37686899304389954,0.7621739506721497,0.21912384033203125,0.2728838324546814,1.2166755199432373,564.3783569335938,0.6458394527435303,0.6670939922332764,0.25086382031440735,0.16423998773097992,42.99776077270508,0.3333609104156494,7.931854248046875,0.29785263538360596,0.5360353589057922,0.2119813710451126,0.23310218751430511,0.16867420077323914,343.0484924316406,0.42016807198524475,0.43017715215682983,0.3256628215312958,0.08438210189342499,60.93450164794922,0.3395503759384155,8.791790008544922,0.3394005298614502,0.7885820269584656,0.2789221704006195,0.2789221704006195,0.0,238.7583465576172,0.7257236838340759,0.7257236838340759,0.41466906666755676,0.23342938721179962,36.33341979980469,0.33901742100715637,14.044609069824219,0.5036776661872864,0.8126348853111267,0.3990383744239807,0.3990383744239807,0.0,381.48956298828125,0.6436769366264343,0.6436769366264343,0.28713250160217285,0.1740649938583374,96.69456481933594,0.34222733974456787,18.166170120239258,0.7512040138244629,1.4019935131072998
2017,2,31.590291835387813,105.789965237982,5108.871,519.0,13.124618530273438,282.0217590332031,25.21084976196289,28.90898895263672,1.2444723844528198,6.787887096405029,37.71023178100586,0.24055632948875427,0.2533174455165863,0.18157930672168732,402.2523193359375,0.4670006036758423,0.4922013282775879,0.40338751673698425,0.09976955503225327,61.97840881347656,0.36813604831695557,12.56471061706543,0.3767870366573334,0.7588742971420288,0.21908989548683167,0.2731441855430603,1.004712462425232,571.0816650390625,0.6278755068778992,0.628809928894043,0.24734662473201752,0.14587464928627014,43.121036529541016,0.3336165249347687,8.029253005981445,0.2984726130962372,0.5343127846717834,0.21243169903755188,0.23358727991580963,0.13999970257282257,346.7674560546875,0.4203321933746338,0.4301351010799408,0.32759925723075867,0.08455436676740646,61.21841049194336,0.33963388204574585,8.887883186340332,0.3403671383857727,0.7913901805877686,0.279995858669281,0.279995858669281,0.0,240.2038116455078,0.6660422086715698,0.6660422086715698,0.4137333333492279,0.2045290470123291,37.33586883544922,0.3395332992076874,14.12963581085205,0.5049927234649658,0.814550518989563,0.39838024973869324,0.39838024973869324,0.0,383.2481994628906,0.5788626670837402,0.5788626670837402,0.27039816975593567,0.15482540428638458,97.92522430419922,0.3432402014732361,18.249914169311523,0.7509223818778992,1.4065107107162476
2017,2,30.255754235708316,103.78061403948033,5123.225,496.0,8.762811660766602,238.3258819580078,30.665149688720703,26.500200271606445,1.2435158491134644,7.0,43.8187255859375,0.2291232943534851,0.24437962472438812,0.0,402.76727294921875,0.44157394766807556,0.47168418765068054,0.3478192985057831,0.09577059000730515,49.59531784057617,0.37420177459716797,12.586477279663086,0.3269737958908081,0.554597020149231,0.21419069170951843,0.2531993091106415,0.0,562.9130859375,0.45264551043510437,0.45264551043510437,0.11600275337696075,0.09364918619394302,71.35104370117188,0.34934574365615845,7.928353309631348,0.24735888838768005,0.44016849994659424,0.1930927336215973,0.21736040711402893,0.0,338.7198486328125,0.4599156677722931,0.4599156677722931,0.1954411119222641,0.11032198369503021,57.29090881347656,0.3418121039867401,8.685124397277832,0.30032825469970703,0.7040296792984009,0.27532851696014404,0.27532851696014404,0.0,237.0601043701172,0.4781123697757721,0.4781123697757721,0.3436964750289917,0.10582152009010315,31.894838333129883,0.3441871106624603,13.944711685180664,0.4198969304561615,0.6561737656593323,0.3363928496837616,0.3363928496837616,0.0,375.2281188964844,0.5029762983322144,0.5747383236885071,0.18153071403503418,0.138324573636055,104.55699157714844,0.3596130907535553,17.868005752563477,0.6246243715286255,0.986434817314148
2017,2,29.78144411575433,104.99711031607302,5143.5337,392.0,4.365523338317871,102.2423324584961,20.235645294189453,31.804994583129883,1.309999942779541,7.2202677726745605,36.585994720458984,0.24720852077007294,0.25136175751686096,0.0,446.64263916015625,0.45200464129447937,0.45634567737579346,0.39022964239120483,0.09918076545000076,42.272125244140625,0.3700777590274811,13.957582473754883,0.3933781385421753,0.8190860748291016,0.2005830854177475,0.22853873670101166,0.0,686.4501953125,0.4510118067264557,0.45635440945625305,0.09236770123243332,0.07817704230546951,45.13681411743164,0.33919280767440796,9.668313026428223,0.2997029721736908,0.5022043585777283,0.13399174809455872,0.1429189294576645,0.0,400.5679016113281,0.3967888355255127,0.39790835976600647,0.08113425970077515,0.08168090134859085,50.55935287475586,0.3325863182544708,10.270971298217773,0.3440634608268738,0.7517279982566833,0.2671715021133423,0.2671715021133423,0.0,259.71588134765625,0.6326740384101868,0.6326740384101868,0.16625544428825378,0.11139364540576935,31.838035583496094,0.3496837615966797,15.277403831481934,0.4864318370819092,0.8341533541679382,0.32706257700920105,0.32706257700920105,0.0,402.53045654296875,0.5184218287467957,0.5484066009521484,0.11428873986005783,0.1185062900185585,83.14104461669922,0.3446139097213745,19.16811752319336,0.728365421295166,1.4322563409805298
2017,2,30.41637105565344,103.95659246255458,5154.5083,501.0,2.341167449951172,66.675048828125,23.171245574951172,30.67218780517578,1.2168223857879639,6.9706010818481445,45.06157302856445,0.23355375230312347,0.24936717748641968,0.0,409.7904968261719,0.4407275915145874,0.46689850091934204,0.35095953941345215,0.096530482172966,41.89708709716797,0.362186074256897,12.805953025817871,0.3563742935657501,0.6362545490264893,0.21755698323249817,0.26122844219207764,0.0,577.7817993164062,0.5991465449333191,0.6598861217498779,0.2918218970298767,0.1504475623369217,60.27462387084961,0.3349497616291046,8.137771606445312,0.26502305269241333,0.46219703555107117,0.1964566856622696,0.22363780438899994,0.0,347.2720031738281,0.4922735095024109,0.4922735095024109,0.2782171368598938,0.1290936917066574,49.94162368774414,0.32694345712661743,8.904410362243652,0.3186591565608978,0.7580839395523071,0.28048819303512573,0.28048819303512573,0.0,241.09310913085938,0.6211040616035461,0.6211040616035461,0.4230937659740448,0.23238594830036163,31.347925186157227,0.3302834928035736,14.181947708129883,0.44835349917411804,0.6818549633026123,0.3391631245613098,0.3391631245613098,0.0,380.611328125,0.5661191940307617,0.6380178332328796,0.2918057143688202,0.17168329656124115,99.84684753417969,0.3505080044269562,18.12434959411621,0.6657674908638,1.1054500341415405
2017,2,31.43021010756911,105.56385760086492,5235.6475,654.0,15.517718315124512,73.05186462402344,24.126806259155273,27.28894805908203,1.2778284549713135,6.828293800354004,38.634307861328125,0.2386290729045868,0.24805442988872528,0.0,423.3432922363281,0.45627471804618835,0.4777195155620575,0.40059754252433777,0.09896806627511978,36.60765075683594,0.3570899963378906,13.229477882385254,0.4251452684402466,0.8941575884819031,0.21879369020462036,0.2750598192214966,0.0,620.8734741210938,0.538764238357544,0.5561195015907288,0.0633886381983757,0.11503424495458603,36.82863235473633,0.3188677728176117,8.744697570800781,0.32882243394851685,0.5838778018951416,0.2134290188550949,0.23493069410324097,0.0,371.5946044921875,0.4141789674758911,0.4245246946811676,0.3381817638874054,0.08471103012561798,51.46036148071289,0.32433682680130005,9.528066635131836,0.3676837980747223,0.843823254108429,0.28597286343574524,0.28597286343574524,0.0,251.9127197265625,0.6600168347358704,0.6600168347358704,0.3065977692604065,0.19204096496105194,30.842193603515625,0.32172274589538574,14.818395614624023,0.5484819412231445,0.8499473929405212,0.39096346497535706,0.39096346497535706,0.0,396.6584167480469,0.600287675857544,0.600287675857544,0.21640264987945557,0.176885724067688,95.06544494628906,0.33225223422050476,18.88849639892578,0.8137368559837341,1.5306119918823242
2017,2,31.307861292864658,105.5024156474495,5241.394,532.0,24.475370407104492,207.2480010986328,28.251115798950195,24.066251754760742,1.233979344367981,7.235429286956787,34.77370834350586,0.24097152054309845,0.25100642442703247,0.0,426.31689453125,0.4591924846172333,0.4792691171169281,0.39877262711524963,0.09955444931983948,30.818025588989258,0.3550938367843628,13.322402954101562,0.4317817986011505,0.9202486872673035,0.21879692375659943,0.27681130170822144,0.0,629.4171142578125,0.6157246232032776,0.6188956499099731,0.19295242428779602,0.13637766242027283,35.99152374267578,0.3166773021221161,8.865029335021973,0.3321250081062317,0.5869202613830566,0.21109721064567566,0.23296202719211578,0.0,374.9016418457031,0.5797455906867981,0.5797455906867981,0.13761378824710846,0.12049023807048798,49.63274383544922,0.32153773307800293,9.612862586975098,0.3698810636997223,0.8561379909515381,0.2861824333667755,0.2861824333667755,0.0,253.36651611328125,0.5273837447166443,0.5273837447166443,0.22837646305561066,0.11132814735174179,29.858739852905273,0.3194107711315155,14.903912544250488,0.5503187775611877,0.862368643283844,0.38438963890075684,0.38438963890075684,0.0,397.4722900390625,0.5529892444610596,0.555850625038147,0.15485401451587677,0.12250921130180359,95.02616119384766,0.33243948221206665,18.9272518157959,0.8128829598426819,1.5433954000473022
2017,2,28.19546672587313,103.08585488164609,5266.6514,2652.0,12.126643180847168,205.3031463623047,31.868330001831055,27.57300567626953,1.209928274154663,6.199999809265137,46.55316925048828,0.2756812572479248,0.2848881483078003,0.47012805938720703,274.5918273925781,0.6081472039222717,0.621765673160553,0.39260178804397583,0.11990895122289658,84.76642608642578,0.42408815026283264,8.566303253173828,0.2008943110704422,0.4586895704269409,0.205439031124115,0.23159493505954742,12.504817008972168,315.8961181640625,0.17318607866764069,0.2123972624540329,-0.0322495773434639,0.0290409903973341,95.90026092529297,0.40620654821395874,4.273116588592529,0.17591051757335663,0.5419461727142334,0.1658059060573578,0.16932986676692963,13.58300495147705,180.47007751464844,0.38445761799812317,0.39838042855262756,0.2326323539018631,0.07089274376630783,93.59493255615234,0.39165011048316956,4.279155731201172,0.2203235775232315,0.5811303853988647,0.22715157270431519,0.22715157270431519,0.0,158.06494140625,0.4926435351371765,0.4926435351371765,0.24390164017677307,0.09035087376832962,58.45780563354492,0.41675254702568054,9.297937393188477,0.27973800897598267,0.6435754299163818,0.34151458740234375,0.34151458740234375,0.0,258.2294616699219,0.18232017755508423,0.20976097881793976,0.032806042581796646,0.030709505081176758,110.3592300415039,0.41868898272514343,12.29664134979248,0.37738195061683655,0.8887579441070557
2017,2,31.725036951020844,105.66519067230449,5281.3813,604.0,10.236932754516602,237.4647979736328,24.730436325073242,26.863874435424805,1.2718099355697632,6.923745155334473,30.994123458862305,0.24511079490184784,0.2636255919933319,0.3384445309638977,376.6561279296875,0.48451101779937744,0.5145559310913086,0.405987411737442,0.10137481242418289,47.342185974121094,0.36685431003570557,11.759927749633789,0.36809343099594116,0.7573550343513489,0.21937285363674164,0.2709747552871704,2.8919179439544678,512.6466674804688,0.5386444926261902,0.6443219780921936,0.19704997539520264,0.15160126984119415,43.08598327636719,0.334539532661438,7.179644584655762,0.28780099749565125,0.5354655981063843,0.2086789757013321,0.22954486310482025,0.3925713002681732,314.5924377441406,0.4189645051956177,0.43048545718193054,0.3114623427391052,0.08311879634857178,60.6722412109375,0.3419478237628937,8.05640697479248,0.3275223970413208,0.7595524787902832,0.2710486352443695,0.2710486352443695,0.0,227.2890167236328,0.6587314009666443,0.6587314009666443,0.3632280230522156,0.20224760472774506,31.397592544555664,0.3394128382205963,13.369942665100098,0.486139178276062,0.7963998913764954,0.40386447310447693,0.40386447310447693,0.0,367.62127685546875,0.6285198926925659,0.6285198926925659,0.27466368675231934,0.17153000831604004,89.41572570800781,0.3381298780441284,17.505775451660156,0.7400087118148804,1.351161241531372
2017,2,31.713447747382936,105.49945034524896,5289.9956,601.0,4.7284770011901855,293.0422058105469,23.23372459411621,23.598892211914062,1.273378610610962,7.006312847137451,34.41118240356445,0.24473178386688232,0.2627429664134979,0.17983539402484894,379.1649475097656,0.4829997420310974,0.5126237869262695,0.40573373436927795,0.10123813897371292,29.379941940307617,0.36059507727622986,11.843284606933594,0.39107516407966614,0.8253397941589355,0.21934938430786133,0.2711805999279022,3.2585015296936035,518.6840209960938,0.5717891454696655,0.5759574174880981,0.18316949903964996,0.1365363597869873,38.95806884765625,0.3267839252948761,7.259514808654785,0.30016857385635376,0.5599087476730347,0.20900675654411316,0.22991086542606354,0.445101261138916,316.48101806640625,0.4190632700920105,0.4304583668708801,0.31286805868148804,0.08324936032295227,54.7060661315918,0.33465775847435,8.103485107421875,0.33742591738700867,0.771053671836853,0.27182215452194214,0.27182215452194214,2.1983399346936494E-4,229.01280212402344,0.6348676085472107,0.6348676085472107,0.34666839241981506,0.1813184767961502,26.28099250793457,0.33008241653442383,13.471328735351562,0.503241240978241,0.8105417490005493,0.40338751673698425,0.40338751673698425,0.0,369.6128234863281,0.5937290787696838,0.5937290787696838,0.27261778712272644,0.17887607216835022,84.38997650146484,0.3298341929912567,17.600610733032227,0.773041844367981,1.4052581787109375
2017,2,31.206800226589355,105.36685897542473,5293.7876,374.0,1.8543341159820557,180.0,29.355159759521484,22.6949462890625,1.3193984031677246,6.900144100189209,28.467926025390625,0.24731768667697906,0.2589919865131378,0.0,424.55078125,0.4661169946193695,0.4861129820346832,0.39432841539382935,0.10105815529823303,32.14601135253906,0.35661840438842773,13.2672119140625,0.4217759072780609,0.8892823457717896,0.22008182108402252,0.2823813855648041,0.0,624.6201171875,0.37202689051628113,0.3957812190055847,0.06584019958972931,0.06681849807500839,39.15189743041992,0.3197094798088074,8.797466278076172,0.32299986481666565,0.5622291564941406,0.20993183553218842,0.23427292704582214,0.0,371.3557434082031,0.34039777517318726,0.34039777517318726,-0.017983580008149147,0.06549479067325592,49.672271728515625,0.32314518094062805,9.521942138671875,0.36164426803588867,0.844948947429657,0.2849741280078888,0.2849741280078888,0.0,251.77516174316406,0.4784041941165924,0.4784041941165924,0.09708641469478607,0.10658333450555801,30.715576171875,0.32224205136299133,14.810303688049316,0.5354675054550171,0.8406729698181152,0.3817320764064789,0.3817320764064789,0.0,395.7548522949219,0.5703654289245605,0.6080079674720764,0.2078472375869751,0.1571788191795349,94.05530548095703,0.3349985182285309,18.845470428466797,0.7970874905586243,1.506853699684143
2017,2,31.87029662693789,107.14794879100053,5294.93,747.0,26.648454666137695,180.0,27.937055587768555,30.7015323638916,1.2440149784088135,6.335110664367676,39.166473388671875,0.24047724902629852,0.2753075957298279,1.6365935802459717,351.8169860839844,0.482526570558548,0.529306173324585,0.3980410397052765,0.10077590495347977,151.43870544433594,0.4069555103778839,10.943137168884277,0.23147791624069214,0.39142054319381714,0.2120857983827591,0.2535088360309601,0.5078427195549011,445.6522521972656,0.4212944805622101,0.43614718317985535,0.12892596423625946,0.043932512402534485,72.40088653564453,0.38622602820396423,6.269639492034912,0.2117348313331604,0.4180294871330261,0.191914364695549,0.21653079986572266,0.39236247539520264,286.791259765625,0.45189544558525085,0.4820486903190613,0.1277661919593811,0.10467052459716797,96.79224395751953,0.3918555974960327,7.34356164932251,0.26420095562934875,0.6653223633766174,0.25763243436813354,0.25763243436813354,0.0,209.2703857421875,0.46100950241088867,0.46100950241088867,0.11890323460102081,0.10249131917953491,55.220149993896484,0.39613717794418335,12.310023307800293,0.37478718161582947,0.6521236300468445,0.4076988101005554,0.4076988101005554,0.0,350.9068908691406,0.6935177445411682,0.6935177445411682,0.5556098222732544,0.18529680371284485,108.0036849975586,0.3851647675037384,16.70985221862793,0.5533478260040283,0.9811673760414124
2017,2,30.477277916942448,103.58199676035774,5307.9673,501.0,1.0760632753372192,270.0,19.864957809448242,29.265151977539062,1.1928437948226929,6.699999809265137,41.75714111328125,0.21763956546783447,0.2354157567024231,0.0,387.9543151855469,0.20790918171405792,0.20790918171405792,0.0029179202392697334,0.030036410316824913,54.72896194458008,0.3717039227485657,12.12357234954834,0.30238834023475647,0.47280770540237427,0.21980728209018707,0.24823300540447235,0.0,526.1972045898438,0.4596303701400757,0.5225733518600464,0.361812025308609,0.08639129996299744,72.43965148925781,0.34548237919807434,7.411228656768799,0.23666039109230042,0.4321381151676178,0.203924760222435,0.23629678785800934,0.0,321.57159423828125,0.7673450708389282,0.7673450708389282,0.43672072887420654,0.27087342739105225,55.916954040527344,0.3366505205631256,8.2454252243042,0.29234054684638977,0.6934188008308411,0.2789619565010071,0.2789619565010071,0.0,230.33023071289062,0.4627590477466583,0.4627590477466583,0.3383117914199829,0.10535551607608795,32.57078552246094,0.33632999658584595,13.548837661743164,0.4039936363697052,0.6124554872512817,0.33999374508857727,0.33999374508857727,0.0,367.57330322265625,0.625479519367218,0.625479519367218,0.3495577871799469,0.15067629516124725,108.98212432861328,0.35526272654533386,17.503490447998047,0.5974830985069275,0.8610593676567078
2017,2,29.984101340431344,103.6272700133534,5330.8564,535.0,6.287467956542969,137.27410888671875,21.866178512573242,34.233341217041016,1.2420281171798706,6.319484710693359,46.99647903442383,0.22970356047153473,0.24401982128620148,0.0,399.4814453125,0.4612484574317932,0.4945192337036133,0.3565799295902252,0.0973673164844513,57.24221420288086,0.39065444469451904,12.483795166015625,0.30064263939857483,0.48516520857810974,0.2082911729812622,0.25070470571517944,0.0,557.1488037109375,0.511365532875061,0.511365532875061,0.1478152573108673,0.10212230682373047,86.3510513305664,0.36997032165527344,7.847166061401367,0.2286539077758789,0.4143645763397217,0.18940703570842743,0.20680193603038788,0.0,333.6309509277344,0.5002895593643188,0.5002895593643188,0.14155621826648712,0.08793283253908157,67.9129867553711,0.3638576865196228,8.55463981628418,0.27934110164642334,0.6406916975975037,0.26807740330696106,0.26807740330696106,0.0,234.44821166992188,0.47756150364875793,0.47756150364875793,0.3364452123641968,0.1031382754445076,32.570491790771484,0.36504194140434265,13.791070938110352,0.3903592526912689,0.6409263014793396,0.3319994807243347,0.3319994807243347,0.0,371.10333251953125,0.6187627911567688,0.6897535920143127,0.2153526097536087,0.17295557260513306,109.86738586425781,0.3743915855884552,17.671586990356445,0.5827791094779968,0.8829879760742188
2017,2,28.953286490805194,105.1143400827681,5335.511,287.0,10.63690185546875,99.92640686035156,31.44691276550293,27.22211265563965,1.2870397567749023,6.235025405883789,29.85536003112793,0.2488591969013214,0.2596701681613922,0.0,449.83734130859375,0.5214148759841919,0.5214148759841919,0.12581868469715118,0.14348191022872925,58.919456481933594,0.3803751766681671,14.057416915893555,0.34991419315338135,0.6633377075195312,0.18730100989341736,0.22208407521247864,0.0,699.328369140625,0.41133251786231995,0.41133251786231995,0.05927032604813576,0.09358502924442291,61.01283264160156,0.3570985794067383,9.849695205688477,0.26930952072143555,0.4416951537132263,0.10269342362880707,0.1057942733168602,0.0,405.7342529296875,0.3726036548614502,0.3726036548614502,0.024068135768175125,0.08042658120393753,61.09196090698242,0.34983786940574646,10.4034423828125,0.3119748830795288,0.568584680557251,0.24396425485610962,0.24396425485610962,0.0,260.2102355957031,0.47943994402885437,0.47943994402885437,0.3308132588863373,0.09210467338562012,31.140640258789062,0.36551764607429504,15.30648422241211,0.4488365054130554,0.7763163447380066,0.34420180320739746,0.34420180320739746,0.0,404.9440612792969,0.5381079912185669,0.5920445919036865,0.16529665887355804,0.14636695384979248,75.01078033447266,0.3414457142353058,19.283050537109375,0.696783185005188,1.3326374292373657
2017,2,30.4446685109386,104.01238027583425,5390.0786,478.0,0.0,-0.0,21.617597579956055,29.273834228515625,1.2400000095367432,7.085174083709717,41.1493034362793,0.23554067313671112,0.25140824913978577,0.0,412.4580078125,0.4430088996887207,0.467849999666214,0.3536020517349243,0.0970691367983818,39.635108947753906,0.3593468964099884,12.889312744140625,0.365409791469574,0.6620400547981262,0.21810652315616608,0.2640945315361023,0.0,583.6768798828125,0.5533217787742615,0.5766112804412842,0.19916602969169617,0.13880401849746704,57.556007385253906,0.33165621757507324,8.22080135345459,0.27007681131362915,0.4681316614151001,0.1970822662115097,0.2244904637336731,0.0,350.39520263671875,0.4942311644554138,0.4942311644554138,0.3018929064273834,0.14276492595672607,48.253883361816406,0.32364147901535034,8.984492301940918,0.32367637753486633,0.7724148631095886,0.2816251218318939,0.2816251218318939,0.0,242.51165771484375,0.5999283194541931,0.5999283194541931,0.3811088800430298,0.2087731957435608,31.19183921813965,0.3272950351238251,14.265392303466797,0.4565174877643585,0.6910403966903687,0.3396846652030945,0.3396846652030945,0.0,382.4110412597656,0.551215410232544,0.6098496317863464,0.31303057074546814,0.16610689461231232,98.48995208740234,0.34863656759262085,18.210050582885742,0.6777570843696594,1.142975926399231
2017,2,29.331387046430045,103.34915142154891,5392.036,1016.0,22.59372901916504,134.44395446777344,30.90816879272461,24.2296142578125,1.2244106531143188,6.137619972229004,41.19316864013672,0.23935368657112122,0.2509586215019226,0.10900488495826721,362.603759765625,0.5313715934753418,0.5607780814170837,0.37719473242759705,0.10371189564466476,73.98564147949219,0.42228394746780396,11.327960968017578,0.23868601024150848,0.4035332500934601,0.19425353407859802,0.24879136681556702,3.141075372695923,479.0765075683594,0.47965678572654724,0.582260012626648,0.027920972555875778,0.11475462466478348,113.76396942138672,0.41091683506965637,6.703315734863281,0.18094296753406525,0.35838595032691956,0.178289994597435,0.18150421977043152,2.05454158782959,281.1054992675781,0.41330525279045105,0.4161877930164337,-0.023187309503555298,0.07480375468730927,92.12101745605469,0.40952980518341064,7.155152797698975,0.219783753156662,0.48871278762817383,0.24805894494056702,0.24805894494056702,0.0,211.32559204101562,0.4905644655227661,0.4905644655227661,0.3204249441623688,0.09722557663917542,38.73394775390625,0.409989595413208,12.430916786193848,0.3103195130825043,0.5812985301017761,0.32591015100479126,0.32591015100479126,0.0,339.05828857421875,0.5721378922462463,0.6527070999145508,0.1663910299539566,0.1529717892408371,122.45622253417969,0.4106641709804535,16.145631790161133,0.47227585315704346,0.7732475996017456
2017,2,30.424727411027597,103.59573970980446,5399.807,485.0,1.8543341159820557,180.0,21.600000381469727,28.100000381469727,1.1806082725524902,6.535976886749268,40.38443374633789,0.21935273706912994,0.23674313724040985,0.0,389.69537353515625,0.32306933403015137,0.32306933403015137,0.04165944829583168,0.04728974029421806,54.67110061645508,0.37346023321151733,12.177980422973633,0.3035852313041687,0.4782148003578186,0.21856485307216644,0.24900378286838531,0.0,530.671142578125,0.6638302206993103,0.6638302206993103,0.32538706064224243,0.1866905838251114,73.64082336425781,0.34781381487846375,7.474241733551025,0.23650754988193512,0.43098750710487366,0.20238007605075836,0.23305557668209076,0.0,323.4381408691406,0.7068565487861633,0.7068565487861633,0.4594126045703888,0.23773735761642456,57.05032730102539,0.33929744362831116,8.293285369873047,0.2916019856929779,0.6895337104797363,0.27788394689559937,0.27788394689559937,0.0,231.02322387695312,0.46499115228652954,0.46499115228652954,0.33848634362220764,0.10523733496665955,32.54868698120117,0.3391910791397095,13.589601516723633,0.40367448329925537,0.6171597838401794,0.33915385603904724,0.33915385603904724,0.0,368.2556457519531,0.6306470632553101,0.6306470632553101,0.3495176136493683,0.16471822559833527,108.88427734375,0.3571983873844147,17.53598403930664,0.5976232886314392,0.8693481087684631
2017,2,30.096479605180285,103.69841942976218,5411.753,447.0,6.290730953216553,317.2416687011719,23.834739685058594,27.023193359375,1.2133930921554565,6.8512163162231445,40.1131706237793,0.22929765284061432,0.24385306239128113,0.0,401.1521911621094,0.45175817608833313,0.4834185540676117,0.35262882709503174,0.0965619683265686,53.8508415222168,0.3834587633609772,12.536005973815918,0.31223979592323303,0.5162323713302612,0.21068783104419708,0.2508176863193512,0.0,560.4031372070312,0.5084095001220703,0.5084095001220703,0.21313047409057617,0.09401234984397888,79.53292846679688,0.3608584403991699,7.893001556396484,0.23706072568893433,0.42593032121658325,0.18999159336090088,0.21027854084968567,0.0,336.2629089355469,0.46997275948524475,0.46997275948524475,0.20879735052585602,0.08513782173395157,63.15290832519531,0.35408586263656616,8.622125625610352,0.2887759506702423,0.6683118343353271,0.27106502652168274,0.27106502652168274,0.0,235.70538330078125,0.47740957140922546,0.47740957140922546,0.33949947357177734,0.10415616631507874,32.221214294433594,0.35601314902305603,13.865021705627441,0.4034208357334137,0.6481484174728394,0.3337729275226593,0.3337729275226593,0.0,373.0636291503906,0.5310774445533752,0.5373814702033997,0.18516741693019867,0.12473442405462265,107.29251098632812,0.3677176237106323,17.764934539794922,0.6014834046363831,0.9301843643188477
2017,2,30.124509514402256,103.7221329291644,5411.753,436.0,2.3353185653686523,246.6130828857422,28.709192276000977,27.03040885925293,1.2189127206802368,6.70790958404541,34.944393157958984,0.22945153713226318,0.2440503090620041,0.0,401.9010925292969,0.449834942817688,0.4809359312057495,0.35207536816596985,0.09644077718257904,52.787445068359375,0.3814696669578552,12.559409141540527,0.3160386383533478,0.5266652703285217,0.21127977967262268,0.25111955404281616,0.0,561.9817504882812,0.5616353154182434,0.5616353154182434,0.2552129626274109,0.1525311917066574,77.61827087402344,0.3583698570728302,7.915236473083496,0.23963533341884613,0.42933571338653564,0.19010065495967865,0.2110556662082672,0.0,337.3050842285156,0.6187716722488403,0.6187716722488403,0.3289356231689453,0.1863865852355957,61.85041046142578,0.3514440059661865,8.648847579956055,0.2915797829627991,0.6763888597488403,0.27186673879623413,0.27186673879623413,0.0,236.18551635742188,0.4777580499649048,0.4777580499649048,0.3405001163482666,0.10448109358549118,32.11680603027344,0.35360193252563477,13.893265724182129,0.40744075179100037,0.6510317921638489,0.33422476053237915,0.33422476053237915,0.0,373.7559509277344,0.5136767029762268,0.5574284195899963,0.25240132212638855,0.14342588186264038,106.51040649414062,0.3659512400627136,17.797903060913086,0.6072992086410522,0.9459080696105957
2017,2,30.01428499546212,104.70390212630369,5422.4976,400.0,5.623843193054199,214.71890258789062,21.97303581237793,29.29109764099121,1.2813529968261719,7.501519203186035,45.76297378540039,0.24994443356990814,0.25753211975097656,0.0,444.1808776855469,0.45978161692619324,0.46663734316825867,0.3890845775604248,0.10048412531614304,31.89632797241211,0.3598935902118683,13.88065242767334,0.41211795806884766,0.8412517309188843,0.20635761320590973,0.24725933372974396,0.0,670.1011352539062,0.41403958201408386,0.41403958201408386,0.30259984731674194,0.10798244178295135,43.23080062866211,0.32955679297447205,9.438044548034668,0.30221256613731384,0.5024757385253906,0.1537485122680664,0.16757704317569733,0.0,393.0556640625,0.25469136238098145,0.27821001410484314,0.3173201084136963,0.061957452446222305,45.56953048706055,0.32286733388900757,10.078350067138672,0.350338339805603,0.8044558167457581,0.27359798550605774,0.27359798550605774,0.0,258.0729675292969,0.7183657884597778,0.7183657884597778,0.49690136313438416,0.21817374229431152,30.125574111938477,0.3370630145072937,15.18076229095459,0.4970141649246216,0.8056734204292297,0.3315797448158264,0.3315797448158264,0.0,400.82843017578125,0.5275366902351379,0.5622875690460205,0.3136925995349884,0.13701127469539642,84.76822662353516,0.3449654281139374,19.087068557739258,0.7427839636802673,1.4421156644821167
2017,2,29.730775350484027,105.01247191920213,5434.649,357.0,1.4142965078353882,130.969970703125,29.995182037353516,26.665130615234375,1.2939265966415405,6.888870716094971,31.833654403686523,0.24661004543304443,0.25001201033592224,0.0,447.1042785644531,0.45030343532562256,0.45409438014030457,0.390480101108551,0.09889565408229828,43.450260162353516,0.371631920337677,13.97200870513916,0.3905153274536133,0.8136150240898132,0.19931991398334503,0.22444359958171844,0.0,688.7224731445312,0.40908148884773254,0.4103972315788269,0.2339758425951004,0.0638488233089447,45.58145523071289,0.34085673093795776,9.700316429138184,0.2987087070941925,0.5011468529701233,0.12966996431350708,0.13752496242523193,0.0,401.67962646484375,0.346693217754364,0.3502896726131439,0.1769365668296814,0.05119096860289574,51.1236686706543,0.33404964208602905,10.299477577209473,0.3429180979728699,0.7413356304168701,0.2657657265663147,0.2657657265663147,0.0,259.9263610839844,0.1919213980436325,0.1919213980436325,0.2106286734342575,0.015263321809470654,31.800926208496094,0.35180795192718506,15.289787292480469,0.4841857850551605,0.8345295190811157,0.3260744512081146,0.3260744512081146,0.0,402.8448486328125,0.3382788896560669,0.3702879846096039,0.2784973680973053,0.05936267226934433,82.17860412597656,0.3443114161491394,19.183088302612305,0.7267023921012878,1.4287291765213013
2017,2,29.42543840584932,103.4008948301731,5450.1504,779.0,20.993820190429688,14.014078140258789,30.71221351623535,22.50651741027832,1.1813619136810303,5.926239967346191,44.39668655395508,0.23845946788787842,0.25060775876045227,0.06146729737520218,379.298583984375,0.5244401693344116,0.5567542314529419,0.38037025928497314,0.10323917865753174,70.32361602783203,0.4196073114871979,11.85115909576416,0.2550778090953827,0.41472500562667847,0.19566327333450317,0.2526366412639618,1.8258721828460693,515.0258178710938,0.47336912155151367,0.5653436183929443,0.1327720284461975,0.05637264996767044,112.03199005126953,0.40746307373046875,7.228168487548828,0.19185620546340942,0.3662339746952057,0.18233922123908997,0.1854928582906723,0.9883385896682739,303.1131286621094,0.3553740680217743,0.357353538274765,0.10874560475349426,0.03364598751068115,88.79305267333984,0.4054388105869293,7.74678897857666,0.2336018979549408,0.5161678194999695,0.25183290243148804,0.25183290243148804,0.0,220.9269561767578,0.4901880621910095,0.4901880621910095,0.3258502781391144,0.09879132360219955,36.2996940612793,0.40533584356307983,12.995702743530273,0.32980793714523315,0.6034398078918457,0.32406553626060486,0.32406553626060486,0.0,351.7286071777344,0.5650426745414734,0.6462886929512024,0.1673274040222168,0.11500979959964752,120.74372863769531,0.40615299344062805,16.748981475830078,0.49918949604034424,0.7817891836166382
2017,2,30.29321068455726,103.79435698892706,5452.059,475.0,4.249716758728027,49.19081115722656,27.587888717651367,28.814029693603516,1.2491071224212646,7.117908954620361,40.14959716796875,0.2290371060371399,0.24452075362205505,0.0,402.8855895996094,0.43951863050460815,0.469448447227478,0.34663647413253784,0.09560677409172058,48.780033111572266,0.3722696900367737,12.590174674987793,0.3297637701034546,0.5615306496620178,0.21502789855003357,0.2539873719215393,0.0,562.844482421875,0.628449559211731,0.628449559211731,0.25856390595436096,0.1602872610092163,69.76300048828125,0.34696799516677856,7.927387237548828,0.24930809438228607,0.44293561577796936,0.19418860971927643,0.2193901091814041,0.0,338.9305419921875,0.6051152944564819,0.6051152944564819,0.3628957271575928,0.16800329089164734,56.109230041503906,0.3392791152000427,8.690526962280273,0.30255013704299927,0.7113307118415833,0.27630484104156494,0.27630484104156494,0.0,237.23892211914062,0.47825634479522705,0.47825634479522705,0.34455472230911255,0.1062152087688446,31.852367401123047,0.34164464473724365,13.955230712890625,0.4231027364730835,0.6572427153587341,0.33701738715171814,0.33701738715171814,0.0,375.5511779785156,0.6309095025062561,0.6495146751403809,0.3847246468067169,0.19444793462753296,104.12059783935547,0.3579755425453186,17.883390426635742,0.6290132403373718,0.9962286949157715
2017,2,31.18928041855037,105.49459884330282,5460.0415,427.0,15.005362510681152,25.060014724731445,30.46898078918457,24.519994735717773,1.309977412223816,7.282240390777588,25.104259490966797,0.24332381784915924,0.25408515334129333,0.0,428.4307861328125,0.46189364790916443,0.480819433927536,0.39687812328338623,0.10013644397258759,32.06523132324219,0.3556295335292816,13.38846206665039,0.4294000267982483,0.9183827638626099,0.21879826486110687,0.27841290831565857,0.0,635.6888427734375,0.550204336643219,0.56186842918396,0.17009037733078003,0.09877472370862961,36.43524169921875,0.3175501227378845,8.953363418579102,0.3303011953830719,0.5783817172050476,0.20876701176166534,0.23104523122310638,0.0,377.3376770019531,0.5930095911026001,0.5930095911026001,0.21371440589427948,0.14618241786956787,49.77155303955078,0.3217184841632843,9.675325393676758,0.3678183853626251,0.8613694310188293,0.2862575352191925,0.2862575352191925,0.0,254.1097869873047,0.5745071768760681,0.5745071768760681,0.24023015797138214,0.14818094670772552,31.055137634277344,0.32100391387939453,14.94763469696045,0.5451084971427917,0.870124876499176,0.3781191110610962,0.3781191110610962,0.0,397.5630187988281,0.6428572535514832,0.6434381008148193,0.25889211893081665,0.19189386069774628,96.80654907226562,0.33576759696006775,18.93157196044922,0.8000348210334778,1.5371270179748535
2017,2,29.649927389284002,105.35176491835882,5470.159,370.0,6.947525978088379,113.48653411865234,25.047182083129883,33.83710861206055,1.2568740844726562,6.794522762298584,30.022960662841797,0.24566006660461426,0.24786952137947083,0.0,447.9587707519531,0.44760310649871826,0.4505208730697632,0.39087769389152527,0.09844309091567993,53.52913284301758,0.3772847056388855,13.998711585998535,0.37752485275268555,0.8031982183456421,0.19731487333774567,0.21794340014457703,0.0,699.5503540039062,0.4200114607810974,0.4320773482322693,0.0854729637503624,0.0754668191075325,46.087486267089844,0.3458665609359741,9.852822303771973,0.2993374168872833,0.5063185691833496,0.12280997633934021,0.12896312773227692,0.0,406.59246826171875,0.37163615226745605,0.3721824586391449,0.046785321086645126,0.06427739560604095,54.57021713256836,0.33897289633750916,10.425448417663574,0.33967968821525574,0.7010221481323242,0.2635343074798584,0.2635343074798584,0.0,261.2393798828125,0.49191322922706604,0.49191322922706604,0.3542081415653229,0.10103768110275269,34.27901077270508,0.35728007555007935,15.367022514343262,0.48099979758262634,0.8638767600059509,0.3245059847831726,0.3245059847831726,0.0,404.3122863769531,0.6468398571014404,0.6468398571014404,0.24358290433883667,0.16977019608020782,81.24031066894531,0.34073734283447266,19.252965927124023,0.7212453484535217,1.4278634786605835
2017,2,31.119754114925037,105.37925527635333,5475.9478,421.0,24.018768310546875,257.410888671875,29.416166305541992,23.972497940063477,1.2904503345489502,7.400237560272217,32.27067565917969,0.24797673523426056,0.25994330644607544,0.0,426.9090576171875,0.46694356203079224,0.485891193151474,0.39362800121307373,0.101236991584301,32.901817321777344,0.3565724194049835,13.34090805053711,0.42208775877952576,0.8939180970191956,0.21976639330387115,0.28250887989997864,0.0,631.186279296875,0.52304607629776,0.5853409767150879,0.24765349924564362,0.11707606911659241,38.840309143066406,0.31972435116767883,8.889947891235352,0.3232131600379944,0.5596372485160828,0.20801830291748047,0.23214411735534668,0.0,374.31707763671875,0.6258885264396667,0.6258885264396667,0.2862982451915741,0.1484908163547516,49.65479278564453,0.3227434754371643,9.59787368774414,0.36167195439338684,0.8520951867103577,0.2853311598300934,0.2853311598300934,0.0,252.79945373535156,0.6054517030715942,0.6054517030715942,0.3737597167491913,0.1536349058151245,31.560340881347656,0.32288694381713867,14.870555877685547,0.5340607762336731,0.8509957790374756,0.3764907121658325,0.3764907121658325,0.0,396.2472229003906,0.6204942464828491,0.6257368326187134,0.3591423034667969,0.1730581820011139,95.70641326904297,0.3373408317565918,18.868915557861328,0.7892718315124512,1.5087565183639526
2017,2,29.590639181677385,105.12862704254336,5484.4717,361.0,6.633230686187744,106.1646957397461,26.323030471801758,30.98590850830078,1.2789586782455444,7.087697505950928,31.979806900024414,0.24496342241764069,0.24629837274551392,0.0,448.3729553222656,0.44562286138534546,0.44790029525756836,0.3911692798137665,0.09811121970415115,48.71074676513672,0.37656232714653015,14.0116548538208,0.38061997294425964,0.7976956367492676,0.19584451615810394,0.21317657828330994,0.0,696.5726318359375,0.5011098384857178,0.5115143656730652,0.1132141724228859,0.1252230703830719,46.756263732910156,0.345950722694397,9.810881614685059,0.29643747210502625,0.49987703561782837,0.11777932196855545,0.12268444150686264,0.0,405.4543762207031,0.5092632174491882,0.5105471611022949,0.1226932480931282,0.12525574862957,53.20650863647461,0.3385516107082367,10.396265983581543,0.33943724632263184,0.7058379650115967,0.2618979215621948,0.2618979215621948,0.0,260.73663330078125,0.48996853828430176,0.48996853828430176,0.35282015800476074,0.10002193599939346,32.28440475463867,0.3579842746257782,15.337449073791504,0.47816112637519836,0.8415864109992981,0.3233557939529419,0.3233557939529419,0.0,403.98468017578125,0.4540623724460602,0.5086557269096375,0.1240634024143219,0.11268379539251328,79.40264129638672,0.34238889813423157,19.23736572265625,0.7220109105110168,1.419805645942688
2017,2,29.57932198320374,105.1105676832769,5484.4717,323.0,10.181841850280762,291.132568359375,27.410261154174805,29.18576431274414,1.2799999713897705,6.900000095367432,29.6368465423584,0.24483360350131989,0.2460055649280548,0.0,448.4631042480469,0.44525381922721863,0.4474119246006012,0.39122360944747925,0.09804937243461609,48.41411590576172,0.3766777515411377,14.014472007751465,0.38057050108909607,0.7966001033782959,0.19557049870491028,0.21228821575641632,0.0,696.569580078125,0.5286624431610107,0.5571234822273254,0.07784920185804367,0.10180716961622238,46.866188049316406,0.3461485207080841,9.810839653015137,0.29606881737709045,0.4991842210292816,0.11684178560972214,0.12151432037353516,0.0,405.4804382324219,0.49821314215660095,0.49821314215660095,0.1854366660118103,0.1024845540523529,53.151763916015625,0.33868473768234253,10.396934509277344,0.3392854630947113,0.7051257491111755,0.26159295439720154,0.26159295439720154,0.0,260.71588134765625,0.4896061420440674,0.4896061420440674,0.35256147384643555,0.09983263909816742,32.10348892211914,0.35829320549964905,15.33622932434082,0.4776519238948822,0.8396738171577454,0.3231414258480072,0.3231414258480072,0.0,403.9898376464844,0.4834587275981903,0.49880295991897583,0.18422771990299225,0.10274596512317657,79.13856506347656,0.3425125181674957,19.237611770629883,0.7218727469444275,1.4187002182006836
2017,2,30.149302116259403,103.7062317748078,5502.4585,449.0,1.4177005290985107,229.14942932128906,24.22229766845703,29.502498626708984,1.2037408351898193,6.909980773925781,39.693199157714844,0.22856633365154266,0.2434588074684143,0.0,400.63140869140625,0.44753536581993103,0.47923457622528076,0.34988415241241455,0.09611847251653671,53.12172317504883,0.381034255027771,12.519731521606445,0.3143552839756012,0.5206259489059448,0.2119019776582718,0.2511664032936096,0.0,558.7352905273438,0.4848661422729492,0.4848661422729492,0.13309995830059052,0.10617317259311676,77.60803985595703,0.35780325531959534,7.869511127471924,0.23892249166965485,0.4289180338382721,0.19148167967796326,0.21324677765369415,0.0,335.79498291015625,0.4414076507091522,0.4414076507091522,0.1609659343957901,0.10058626532554626,61.637969970703125,0.35076743364334106,8.610128402709961,0.29110851883888245,0.6764401197433472,0.27234524488449097,0.27234524488449097,0.0,235.62063598632812,0.4766744077205658,0.4766744077205658,0.34021005034446716,0.10454718768596649,32.18586730957031,0.3526255488395691,13.860036849975586,0.4064881503582001,0.6474206447601318,0.33464524149894714,0.33464524149894714,0.0,373.1185607910156,0.46227118372917175,0.5016364455223083,0.12298652529716492,0.12307897210121155,106.90734100341797,0.3654775321483612,17.76755142211914,0.6054853796958923,0.9362315535545349
2017,2,29.50332552394986,105.11784493619612,5509.234,308.0,7.028376579284668,228.966064453125,27.890378952026367,27.140771865844727,1.2904393672943115,7.099999904632568,30.12312126159668,0.24394063651561737,0.24399162828922272,0.0,449.1158752441406,0.44271549582481384,0.4440528452396393,0.39159733057022095,0.09762396663427353,49.8571662902832,0.37874531745910645,14.034871101379395,0.37668153643608093,0.7880628108978271,0.19368575513362885,0.20617800951004028,0.0,699.50537109375,0.41308847069740295,0.41689014434814453,0.056763939559459686,0.09124906361103058,47.53786849975586,0.34847375750541687,9.852188110351562,0.2944221794605255,0.4972985088825226,0.11039340496063232,0.11346618831157684,0.0,406.9601745605469,0.3775310516357422,0.3775310516357422,0.019374128431081772,0.07829640060663223,53.79878234863281,0.34060466289520264,10.434876441955566,0.33765077590942383,0.689486563205719,0.25949543714523315,0.25949543714523315,0.0,260.9827575683594,0.48711341619491577,0.48711341619491577,0.3507823646068573,0.09853064268827438,31.912412643432617,0.36119750142097473,15.351927757263184,0.4743477702140808,0.8380832076072693,0.3216670751571655,0.3216670751571655,0.0,404.4584045410156,0.6331256031990051,0.657843828201294,0.2217971533536911,0.17492695152759552,77.40705108642578,0.3418506383895874,19.259923934936523,0.720076322555542,1.4128727912902832
2017,2,30.518239219219407,105.2725356108412,5524.9473,354.0,9.72668743133545,160.7997283935547,15.700080871582031,31.265464782714844,1.2792173624038696,7.134631633758545,33.84836196899414,0.2555181384086609,0.27020859718322754,0.0,440.4916076660156,0.4758336544036865,0.48815277218818665,0.3868388831615448,0.10316623002290726,36.337764739990234,0.35523444414138794,13.765362739562988,0.42123204469680786,0.9027220606803894,0.21846714615821838,0.28627854585647583,0.0,666.4920654296875,0.48540619015693665,0.48540619015693665,0.09109902381896973,0.12332066893577576,38.65658187866211,0.3203261196613312,9.387211799621582,0.3183251917362213,0.5276832580566406,0.19534897804260254,0.2194463014602661,0.0,389.7132873535156,0.44425472617149353,0.44425472617149353,0.041558314114809036,0.09568369388580322,48.12282943725586,0.3190910220146179,9.992648124694824,0.35789066553115845,0.8885253667831421,0.28692421317100525,0.28692421317100525,0.0,258.03778076171875,0.6110246777534485,0.6110246777534485,0.14544108510017395,0.1438664048910141,36.3863639831543,0.3264511227607727,15.178693771362305,0.5175279378890991,0.8878656029701233,0.3420933783054352,0.3420933783054352,0.0,398.4595031738281,0.7197508215904236,0.7197508215904236,0.25798988342285156,0.22436481714248657,103.19027709960938,0.35159605741500854,18.974262237548828,0.7369486093521118,1.4963037967681885
2017,2,29.45535451481689,105.20031155107854,5526.516,367.0,3.5000054836273193,217.4389190673828,27.62771987915039,28.67526626586914,1.2700473070144653,6.683352947235107,31.172718048095703,0.24432893097400665,0.2452898919582367,0.0,449.3056640625,0.4471343159675598,0.4486662447452545,0.3914269208908081,0.09811854362487793,52.830665588378906,0.379660427570343,14.040802001953125,0.37226003408432007,0.7767993807792664,0.1930912286043167,0.20723673701286316,0.0,701.62744140625,0.42046257853507996,0.427026629447937,0.04770993813872337,0.0762137696146965,48.519500732421875,0.3497820198535919,9.882076263427734,0.2929489314556122,0.494497686624527,0.10929746180772781,0.11229342222213745,0.0,407.8387451171875,0.3867630958557129,0.3867630958557129,0.022041110321879387,0.07053446024656296,54.99007034301758,0.3419055640697479,10.457404136657715,0.3352372646331787,0.6719757318496704,0.2581751048564911,0.2581751048564911,0.0,261.229248046875,0.4863112270832062,0.4863112270832062,0.3492870032787323,0.0979524701833725,32.48274612426758,0.36204206943511963,15.366426467895508,0.4723929166793823,0.8392490148544312,0.323449045419693,0.323449045419693,0.0,404.87237548828125,0.5535215139389038,0.5735174417495728,0.14564508199691772,0.12953150272369385,77.01654052734375,0.3406241834163666,19.27963638305664,0.7180064916610718,1.4074342250823975
2017,2,31.31459899455642,105.56978820526601,5529.3135,475.0,18.911331176757812,84.57744598388672,26.91257667541504,23.3582820892334,1.2559034824371338,7.0874223709106445,30.171125411987305,0.24046963453292847,0.2507961094379425,0.0,425.49212646484375,0.4578714370727539,0.47852247953414917,0.3988616168498993,0.09941621869802475,38.799644470214844,0.3580639958381653,13.296628952026367,0.42195963859558105,0.8903793096542358,0.2185995727777481,0.27573513984680176,0.0,627.2158813476562,0.5928749442100525,0.6461882591247559,0.21710549294948578,0.13031309843063354,37.289066314697266,0.3202246129512787,8.834026336669922,0.3268289566040039,0.5754378437995911,0.21087291836738586,0.2326173037290573,0.0,374.16510009765625,0.4024078845977783,0.4155465066432953,0.33773502707481384,0.08336125314235687,51.954933166503906,0.3251492381095886,9.593976974487305,0.3655369281768799,0.848735511302948,0.2859039008617401,0.2859039008617401,0.0,252.67311096191406,0.6696023941040039,0.6696023941040039,0.3059377670288086,0.16615544259548187,32.277469635009766,0.323920339345932,14.863123893737793,0.5432773232460022,0.8580403923988342,0.3847626745700836,0.3847626745700836,0.0,396.7931823730469,0.6833411455154419,0.6925997734069824,0.2858789265155792,0.1955878734588623,97.45985412597656,0.3360072374343872,18.894912719726562,0.8004705905914307,1.5226144790649414
2017,2,28.923102835774433,105.20192574565989,5538.7964,316.0,2.7802884578704834,-0.0,30.814775466918945,28.60452651977539,1.2867729663848877,6.0,27.35344886779785,0.24946393072605133,0.261935293674469,0.0,451.2170715332031,0.39798399806022644,0.39798399806022644,0.1491023749113083,0.09083408117294312,60.936004638671875,0.38063886761665344,14.100533485412598,0.34828048944473267,0.657591700553894,0.18700873851776123,0.22322532534599304,0.0,704.0982666015625,0.448559433221817,0.448559433221817,0.18479430675506592,0.10386528819799423,60.51153564453125,0.3572344183921814,9.916876792907715,0.2700119912624359,0.4403180181980133,0.09965252131223679,0.10259728133678436,0.0,408.0314636230469,0.44437703490257263,0.44437703490257263,0.1740671545267105,0.10406392812728882,61.733612060546875,0.34987467527389526,10.462345123291016,0.3116734027862549,0.5608181953430176,0.24353618919849396,0.24353618919849396,0.0,260.97686767578125,0.4780575931072235,0.4780575931072235,0.3324243128299713,0.09174725413322449,31.617589950561523,0.365901917219162,15.351580619812012,0.44888556003570557,0.7728893756866455,0.34556105732917786,0.34556105732917786,0.0,406.0078125,0.5619096755981445,0.5619096755981445,0.43318477272987366,0.1431501805782318,74.5716323852539,0.34022316336631775,19.33370590209961,0.6966419219970703,1.3348008394241333
2017,2,28.86354262300355,105.2431590531011,5538.7964,305.0,5.055141448974609,123.2981185913086,34.9615478515625,25.950401306152344,1.276206135749817,6.111179351806641,42.00503921508789,0.25021299719810486,0.2645305395126343,0.0,452.12860107421875,0.5849324464797974,0.5849324464797974,0.16165226697921753,0.14259040355682373,62.51272201538086,0.380800724029541,14.129018783569336,0.3456233739852905,0.6448240280151367,0.1863538920879364,0.22515109181404114,0.0,706.7633666992188,0.43057653307914734,0.43057653307914734,0.05798708274960518,0.08054838329553604,61.216434478759766,0.35786619782447815,9.954414367675781,0.2684878408908844,0.43500426411628723,0.09720125794410706,0.10005629807710648,0.0,409.2391662597656,0.41680508852005005,0.41680508852005005,0.07459000498056412,0.07790300995111465,62.5833740234375,0.35049691796302795,10.493311882019043,0.30962279438972473,0.5481528043746948,0.24211113154888153,0.24211113154888153,0.0,261.35498046875,0.4766286611557007,0.4766286611557007,0.33193618059158325,0.09104672074317932,31.75381088256836,0.3663935959339142,15.373823165893555,0.446987122297287,0.7650432586669922,0.3481042981147766,0.3481042981147766,0.0,406.6581115722656,0.5655774474143982,0.5655774474143982,0.43668046593666077,0.1444268822669983,74.14109802246094,0.3396183252334595,19.36467170715332,0.6948440074920654,1.3300034999847412
2017,2,29.46020601676304,105.068527278545,5540.3804,316.0,6.272547245025635,222.57693481445312,29.990224838256836,28.204248428344727,1.2800639867782593,6.9333953857421875,31.716073989868164,0.2442479431629181,0.2449941784143448,0.0,449.1461181640625,0.4467206597328186,0.4482231140136719,0.3913362920284271,0.09804610162973404,49.26528549194336,0.37852799892425537,14.035816192626953,0.3758409023284912,0.7791189551353455,0.1931409239768982,0.20706544816493988,0.0,698.4371948242188,0.5071240663528442,0.517045795917511,0.12747028470039368,0.11537311226129532,48.61895751953125,0.3488840162754059,9.837143898010254,0.2921609580516815,0.492100328207016,0.10965722799301147,0.11267036199569702,0.0,406.39892578125,0.5086148381233215,0.5086148381233215,0.1672516018152237,0.11442477256059647,54.00981521606445,0.3410646617412567,10.420485496520996,0.33588507771492004,0.6843124628067017,0.2582646906375885,0.2582646906375885,0.0,260.764404296875,0.48648613691329956,0.48648613691329956,0.3491608202457428,0.0980096235871315,31.462697982788086,0.36140814423561096,15.339083671569824,0.4722132086753845,0.8297132849693298,0.32323604822158813,0.32323604822158813,0.0,404.307861328125,0.5219727754592896,0.5471157431602478,0.17743778228759766,0.12273816019296646,77.23103332519531,0.34249061346054077,19.25275421142578,0.7183833718299866,1.4060544967651367
2017,2,28.909627432390916,105.3264327652742,5544.579,302.0,3.1753244400024414,90.0,33.14772415161133,25.795167922973633,1.2592626810073853,6.027323246002197,43.213470458984375,0.2500752806663513,0.264384925365448,0.0,453.21685791015625,0.41093412041664124,0.41093412041664124,0.07383878529071808,0.08938185125589371,63.263545989990234,0.3808944821357727,14.163026809692383,0.34752166271209717,0.6562389731407166,0.18693557381629944,0.22399017214775085,0.0,711.0537719726562,0.44935673475265503,0.44935673475265503,0.10932785272598267,0.09751550853252411,59.007991790771484,0.35691338777542114,10.014841079711914,0.2724438011646271,0.44133082032203674,0.09557968378067017,0.09828799217939377,0.0,411.4503173828125,0.4066270589828491,0.4066270589828491,0.1260455697774887,0.09321142733097076,62.23051834106445,0.34937360882759094,10.550007820129395,0.31270942091941833,0.5566582083702087,0.2437828779220581,0.2437828779220581,0.0,262.1385803222656,0.4764450490474701,0.4764450490474701,0.3359386622905731,0.09158166497945786,32.32497024536133,0.36620667576789856,15.419916152954102,0.4503926634788513,0.7709110379219055,0.3462825417518616,0.3462825417518616,0.0,407.5348815917969,0.5621613264083862,0.5621613264083862,0.4359922707080841,0.14315646886825562,74.06126403808594,0.33851075172424316,19.406423568725586,0.6977682113647461,1.3424971103668213
2017,2,28.901543082181014,105.32319991701047,5544.579,314.0,8.464038848876953,263.7548828125,33.09608459472656,26.164796829223633,1.254223108291626,6.067887783050537,41.915687561035156,0.2501471936702728,0.2646121084690094,0.0,453.2211608886719,0.47781381011009216,0.47781381011009216,0.1668703407049179,0.09698057919740677,63.314048767089844,0.38089126348495483,14.163161277770996,0.347205251455307,0.6544256806373596,0.1868421584367752,0.22422848641872406,0.0,710.9674072265625,0.36478015780448914,0.36478015780448914,0.05216214433312416,0.06373196095228195,59.214107513427734,0.35702115297317505,10.013625144958496,0.2720465660095215,0.44044041633605957,0.09548160433769226,0.09819211065769196,0.0,411.3936767578125,0.3152775466442108,0.3152775466442108,0.02091493271291256,0.05128297954797745,62.31655502319336,0.3494923412799835,10.548556327819824,0.31233838200569153,0.5551406145095825,0.24355269968509674,0.24355269968509674,0.0,262.11468505859375,0.4763374328613281,0.4763374328613281,0.33563268184661865,0.09148751944303513,32.28923034667969,0.36625468730926514,15.418511390686035,0.4500056505203247,0.7697676420211792,0.34661635756492615,0.34661635756492615,0.0,407.52703857421875,0.5626950263977051,0.5626950263977051,0.4363308548927307,0.1433476209640503,74.03199768066406,0.33855006098747253,19.406049728393555,0.6974266767501831,1.341254472732544
2017,2,30.229882531396225,105.05613097761643,5547.6685,438.0,8.509663581848145,210.05780029296875,17.76905632019043,33.103939056396484,1.2274205684661865,7.014440059661865,37.85014724731445,0.2524776756763458,0.2632454037666321,0.0,442.77423095703125,0.46698251366615295,0.47616666555404663,0.38802433013916016,0.10169094800949097,36.58863830566406,0.358735054731369,13.836694717407227,0.4135218560695648,0.8680405020713806,0.21170437335968018,0.264593243598938,0.0,671.2857666015625,0.38711944222450256,0.38711944222450256,0.14924797415733337,0.08908215165138245,41.105621337890625,0.32616472244262695,9.454729080200195,0.31003379821777344,0.5156100988388062,0.17204180359840393,0.1904086172580719,0.0,392.81329345703125,0.28446510434150696,0.3127484619617462,0.32609525322914124,0.06755556166172028,47.439697265625,0.3218482434749603,10.072135925292969,0.3532564043998718,0.8338377475738525,0.27954843640327454,0.27954843640327454,0.0,258.460693359375,0.4661330282688141,0.4661330282688141,0.13867901265621185,0.11542161554098129,33.768798828125,0.3329257071018219,15.203570365905762,0.5061745643615723,0.8514940738677979,0.33576229214668274,0.33576229214668274,0.0,400.1679992675781,0.5517102479934692,0.5517102479934692,0.25088024139404297,0.160786971449852,93.0512466430664,0.34683680534362793,19.055620193481445,0.7390724420547485,1.4675583839416504
2017,2,31.239949183820677,104.02261837185296,5550.9697,705.0,19.718765258789062,161.52203369140625,30.524288177490234,25.883607864379883,1.2238346338272095,6.563604831695557,46.94536209106445,0.2392900288105011,0.25477170944213867,1.0815085172653198,317.0805969238281,0.6746842861175537,0.6746842861175537,0.2201535701751709,0.210801362991333,57.00535202026367,0.3793164789676666,9.874971389770508,0.27371591329574585,0.5058073997497559,0.2001342624425888,0.24821864068508148,19.159395217895508,370.7625427246094,0.2732931077480316,0.5480371117591858,0.18672770261764526,0.07272229343652725,79.56458282470703,0.35554125905036926,4.952157020568848,0.2158089578151703,0.4169078767299652,0.18425287306308746,0.21086053550243378,14.186819076538086,224.44064331054688,0.43330708146095276,0.43330708146095276,0.08495691418647766,0.09015132486820221,70.2850112915039,0.3539554476737976,5.3911237716674805,0.2429337054491043,0.5822747349739075,0.24445399641990662,0.24445399641990662,0.0,184.2830810546875,0.44736722111701965,0.44736722111701965,0.36052215099334717,0.09980390965938568,38.51312255859375,0.35830140113830566,10.840181350708008,0.35213303565979004,0.5287348031997681,0.3524795174598694,0.3524795174598694,0.0,313.7618713378906,0.6507744789123535,0.6524950265884399,0.19226005673408508,0.21819119155406952,106.61407470703125,0.3627588450908661,14.941041946411133,0.5499807596206665,0.9842605590820312
2017,2,30.12208376342917,103.90997256104082,5562.8257,434.0,2.9792537689208984,21.075448989868164,36.48328399658203,26.44841194152832,1.24826180934906,7.347445964813232,41.07388687133789,0.23473669588565826,0.2480127215385437,0.0,411.81060791015625,0.45325151085853577,0.4787701666355133,0.36098816990852356,0.0975789949297905,46.32332992553711,0.3748778700828552,12.869081497192383,0.34167319536209106,0.6043927073478699,0.21069392561912537,0.2522662878036499,0.0,585.8170776367188,0.4849146604537964,0.4849146604537964,0.1710319072008133,0.09296564757823944,69.16390228271484,0.3502407670021057,8.250945091247559,0.2547796666622162,0.4466428756713867,0.1834687441587448,0.20319846272468567,0.0,349.7586975097656,0.49130186438560486,0.49130186438560486,0.21074658632278442,0.110190249979496,57.16242980957031,0.34320515394210815,8.968171119689941,0.3064892590045929,0.7120675444602966,0.2729601562023163,0.2729601562023163,0.0,241.2477264404297,0.48495030403137207,0.48495030403137207,0.3464633524417877,0.10559143126010895,31.296415328979492,0.3479345142841339,14.19104290008545,0.4302643835544586,0.6825737357139587,0.33406051993370056,0.33406051993370056,0.0,380.1364440917969,0.4200643301010132,0.42698079347610474,0.15798674523830414,0.0894516184926033,100.98255920410156,0.360559344291687,18.101736068725586,0.6425705552101135,1.0659916400909424
2017,2,30.121544212201705,103.85687804479743,5562.8257,419.0,2.833211898803711,49.141448974609375,29.488908767700195,30.980764389038086,1.226701021194458,6.889678955078125,47.525604248046875,0.23326119780540466,0.24690116941928864,0.0,409.0303649902344,0.45237234234809875,0.4794618487358093,0.3585342764854431,0.0972667932510376,48.16128921508789,0.3767893612384796,12.782198905944824,0.3344004452228546,0.582389235496521,0.21083080768585205,0.2519261837005615,0.0,579.1405029296875,0.41864535212516785,0.41864535212516785,0.16481037437915802,0.10057274997234344,71.587158203125,0.3525986075401306,8.15690803527832,0.2504713535308838,0.44170066714286804,0.18529626727104187,0.2053380310535431,0.0,346.26165771484375,0.37018856406211853,0.37018856406211853,0.1421731859445572,0.09245233982801437,58.516197204589844,0.34559932351112366,8.878503799438477,0.3022371530532837,0.7018299102783203,0.27262216806411743,0.27262216806411743,0.0,239.82345581054688,0.41691792011260986,0.41691792011260986,0.17404316365718842,0.0903952345252037,31.52798080444336,0.34960731863975525,14.107261657714844,0.42376387119293213,0.6737021207809448,0.3340863585472107,0.3340863585472107,0.0,378.33782958984375,0.29085052013397217,0.2991531491279602,0.04266838729381561,0.055144116282463074,102.54710388183594,0.36212652921676636,18.01608657836914,0.632542610168457,1.0320221185684204
2017,2,28.93469203941233,105.43126623104072,5564.704,326.0,8.019610404968262,156.80548095703125,33.061405181884766,25.12543487548828,1.2599999904632568,6.099999904632568,33.92147445678711,0.25020113587379456,0.26515036821365356,0.0,454.6177062988281,0.5312784910202026,0.5312784910202026,0.1748436838388443,0.1351657658815384,64.7703628540039,0.38111335039138794,14.206803321838379,0.34826669096946716,0.6630160808563232,0.1872837394475937,0.22351235151290894,0.0,716.4168090820312,0.4151463508605957,0.4151463508605957,0.1043781042098999,0.08676312118768692,57.05650329589844,0.35624244809150696,10.090377807617188,0.2758876085281372,0.44592124223709106,0.0931093692779541,0.09564046561717987,0.0,414.1446533203125,0.3774515390396118,0.3774515390396118,0.07302075624465942,0.07330244779586792,62.23379898071289,0.3485269844532013,10.619093894958496,0.31502214074134827,0.5599659085273743,0.24494370818138123,0.24494370818138123,0.0,263.07342529296875,0.4757615625858307,0.4757615625858307,0.3397432267665863,0.09186737984418869,33.00088119506836,0.3662298321723938,15.474907875061035,0.45312491059303284,0.7746211886405945,0.3453648090362549,0.3453648090362549,0.0,408.6617126464844,0.5600542426109314,0.5600542426109314,0.43653449416160583,0.14234225451946259,73.82099914550781,0.33708998560905457,19.460081100463867,0.7000235915184021,1.3533097505569458
2017,2,28.99316869062722,105.44447408836102,5567.416,324.0,0.9274099469184875,180.0,35.34773254394531,27.897607803344727,1.2684301137924194,6.1313090324401855,30.1260929107666,0.2495959997177124,0.26314643025398254,0.0,454.23284912109375,0.4985690414905548,0.4985690414905548,0.19020070135593414,0.10353637486696243,64.36157989501953,0.3812073767185211,14.19477653503418,0.3502311706542969,0.6756319403648376,0.18794165551662445,0.22173114120960236,0.0,716.0598754882812,0.500886082649231,0.500886082649231,0.17147432267665863,0.09579221159219742,55.8923225402832,0.35564714670181274,10.08535099029541,0.2782806158065796,0.45217660069465637,0.09451054781675339,0.09706851094961166,0.0,414.0544128417969,0.43299227952957153,0.43299227952957153,0.13619884848594666,0.07677474617958069,61.64630126953125,0.347883015871048,10.616780281066895,0.31734150648117065,0.5699939727783203,0.24648888409137726,0.24648888409137726,0.0,263.0723876953125,0.47679123282432556,0.47679123282432556,0.34123092889785767,0.09254679083824158,33.225196838378906,0.3659060299396515,15.474845886230469,0.455554723739624,0.7839426398277283,0.3429318368434906,0.3429318368434906,0.0,408.49176025390625,0.5563251376152039,0.5563251376152039,0.43369778990745544,0.14102144539356232,74.09681701660156,0.33693864941596985,19.451988220214844,0.7021491527557373,1.3606644868850708
2017,2,30.968028742480495,105.3099965187912,5571.383,381.0,20.702796936035156,272.4549255371094,31.71992301940918,22.6363525390625,1.2993252277374268,7.377885341644287,34.765865325927734,0.25140315294265747,0.26441580057144165,0.0,429.0884704589844,0.47080743312835693,0.48840001225471497,0.39092159271240234,0.10207737237215042,33.929927825927734,0.35666295886039734,13.409014701843262,0.41898542642593384,0.885848879814148,0.21988913416862488,0.2849348187446594,0.0,636.6116333007812,0.4011002480983734,0.4426083564758301,0.18274317681789398,0.07083874940872192,39.771968841552734,0.3207155466079712,8.966361045837402,0.3193424940109253,0.545494019985199,0.2051098644733429,0.22997424006462097,0.0,376.2582092285156,0.526940643787384,0.526940643787384,0.12841364741325378,0.08859645575284958,49.281673431396484,0.3223899304866791,9.647645950317383,0.3584213852882385,0.8558365702629089,0.28528568148612976,0.28528568148612976,0.0,253.34681701660156,0.6117702722549438,0.6141605973243713,0.2111748605966568,0.12055040150880814,32.749610900878906,0.32436367869377136,14.902753829956055,0.5262107849121094,0.8507548570632935,0.3687571585178375,0.3687571585178375,0.0,396.172607421875,0.600034236907959,0.6103958487510681,0.24465607106685638,0.15765872597694397,96.78523254394531,0.3408937454223633,18.8653621673584,0.7742100954055786,1.494730830192566
2017,2,30.25952663519954,105.00358047170155,5580.523,446.0,3.704791784286499,180.0,13.621819496154785,28.341066360473633,1.2359853982925415,7.381363868713379,35.06144714355469,0.2528260052204132,0.26403099298477173,0.0,442.4117736816406,0.46797263622283936,0.47747695446014404,0.38787853717803955,0.10185688734054565,35.00472640991211,0.35715046525001526,13.82536792755127,0.41626259684562683,0.8702837228775024,0.21243956685066223,0.26697662472724915,0.0,668.7172241210938,0.5120389461517334,0.5120389461517334,0.17752934992313385,0.10491806268692017,40.870201110839844,0.3247660994529724,9.41855239868164,0.31016966700553894,0.5153602957725525,0.17455711960792542,0.19354796409606934,0.0,391.6720275878906,0.2885589897632599,0.31749749183654785,0.32730183005332947,0.06832530349493027,46.58285903930664,0.3202918469905853,10.042872428894043,0.3541293442249298,0.8398070931434631,0.28036659955978394,0.28036659955978394,0.0,258.20623779296875,0.6745234727859497,0.6745234727859497,0.32420963048934937,0.18029941618442535,33.414207458496094,0.3309858441352844,15.188602447509766,0.5075984597206116,0.845436692237854,0.3363373875617981,0.3363373875617981,0.0,399.9729919433594,0.6049789190292358,0.6049789190292358,0.23401455581188202,0.16333256661891937,92.8466796875,0.346506804227829,19.04633331298828,0.7418288588523865,1.4681106805801392
2017,2,31.16826021618443,104.09888683627108,5583.0767,566.0,1.8543341159820557,180.0,28.899999618530273,26.200000762939453,1.2200000286102295,6.699999809265137,36.29999923706055,0.24476180970668793,0.26077768206596375,0.8204141855239868,338.51788330078125,0.38498416543006897,0.38498416543006897,0.034563422203063965,0.08798413723707199,51.76038360595703,0.3748403489589691,10.553045272827148,0.29711341857910156,0.5503104329109192,0.20618385076522827,0.2594708800315857,14.533995628356934,418.46453857421875,0.5076969861984253,0.674396812915802,0.21560965478420258,0.15701824426651,74.01969146728516,0.3499208092689514,5.689162254333496,0.22968240082263947,0.426318496465683,0.1903304010629654,0.21890652179718018,10.761882781982422,252.53665161132812,0.3783435821533203,0.4199115037918091,0.32756078243255615,0.08176027238368988,64.91661834716797,0.347655713558197,6.199352741241455,0.26206523180007935,0.6248074173927307,0.2528047263622284,0.2528047263622284,0.0,197.5948028564453,0.7501567006111145,0.7622076869010925,0.471405565738678,0.3066660165786743,36.51211929321289,0.35117921233177185,11.623223304748535,0.3794732689857483,0.562497615814209,0.35854870080947876,0.35854870080947876,0.0,330.6776123046875,0.5720934867858887,0.6656209826469421,0.2846769690513611,0.1787158101797104,101.35352325439453,0.35680875182151794,15.746553421020508,0.5950471758842468,1.0492050647735596
2017,2,29.896515677539558,105.00169427195597,5583.462,390.0,9.432380676269531,12.990830421447754,17.29536247253418,32.626224517822266,1.2896676063537598,7.027496814727783,33.207855224609375,0.24855747818946838,0.25440409779548645,0.0,445.6283874511719,0.4558391273021698,0.4614200294017792,0.38966503739356995,0.09982339292764664,40.60420608520508,0.3670057952404022,13.925887107849121,0.39879295229911804,0.8313721418380737,0.20343025028705597,0.23776903748512268,0.0,682.2630615234375,0.34249815344810486,0.4107035994529724,0.11913862824440002,0.04769076034426689,44.11035919189453,0.3357519507408142,9.609338760375977,0.3022386133670807,0.5054288506507874,0.1437329202890396,0.1550767421722412,0.0,398.4623718261719,0.33484113216400146,0.3395315408706665,0.053509071469306946,0.05471710115671158,49.63022994995117,0.32966142892837524,10.216983795166016,0.34646689891815186,0.7726738452911377,0.27034011483192444,0.27034011483192444,0.0,259.36273193359375,0.3704071342945099,0.3704071342945099,0.014663291163742542,0.044316623359918594,32.24110412597656,0.34521687030792236,15.256631851196289,0.4915171265602112,0.8371525406837463,0.3292897939682007,0.3292897939682007,0.0,401.9247741699219,0.3876267075538635,0.39005547761917114,0.046261321753263474,0.07109003514051437,85.48223114013672,0.3450453579425812,19.13927459716797,0.7315614223480225,1.4409178495407104
2017,2,29.932897483034626,105.01624431869334,5583.462,399.0,7.676243305206299,163.90821838378906,16.472251892089844,35.89577102661133,1.2799999713897705,7.208413124084473,36.519107818603516,0.24898496270179749,0.2553682029247284,0.0,445.3224182128906,0.4570542871952057,0.46302810311317444,0.3894861340522766,0.10002704709768295,40.3848762512207,0.3661971092224121,13.916325569152832,0.40017038583755493,0.8353533148765564,0.20433251559734344,0.24069412052631378,0.0,681.2698364257812,0.4750301241874695,0.48285946249961853,0.19768495857715607,0.10476788878440857,43.77734375,0.3347738981246948,9.59535026550293,0.30315250158309937,0.5067244172096252,0.14681991934776306,0.15892957150936127,0.0,397.9339599609375,0.4374987483024597,0.4374987483024597,0.19212652742862701,0.10192099213600159,49.465599060058594,0.32888931035995483,10.203434944152832,0.3471681773662567,0.7787775993347168,0.27134424448013306,0.27134424448013306,0.0,259.29107666015625,0.6774967908859253,0.6774967908859253,0.4549901485443115,0.18394114077091217,32.47773742675781,0.3439444899559021,15.252415657043457,0.49312156438827515,0.8395501971244812,0.32999560236930847,0.32999560236930847,0.0,401.756591796875,0.4725155830383301,0.5032541155815125,0.23843000829219818,0.11678988486528397,86.341064453125,0.3451797664165497,19.131267547607422,0.7322679162025452,1.4439737796783447
2017,2,30.041235802229146,103.58765535959456,5585.128,454.0,4.748711109161377,13.009156227111816,16.748104095458984,31.107460021972656,1.2172681093215942,6.4586334228515625,44.21492385864258,0.22752977907657623,0.24253399670124054,0.0,396.38311767578125,0.4556967616081238,0.4904267489910126,0.3512924611568451,0.09658138453960419,58.11741638183594,0.38973185420036316,12.386972427368164,0.2963201701641083,0.46992018818855286,0.20973725616931915,0.25067955255508423,0.0,549.2654418945312,0.5599227547645569,0.5599227547645569,0.21972477436065674,0.13604481518268585,86.4225845336914,0.36875197291374207,7.736132621765137,0.2267823964357376,0.41315948963165283,0.1926218420267105,0.21192146837711334,0.0,329.95147705078125,0.5272697806358337,0.5272697806358337,0.3057185709476471,0.15290617942810059,67.4710922241211,0.36237847805023193,8.460293769836426,0.27804332971572876,0.6402678489685059,0.2691612243652344,0.2691612243652344,0.0,233.06126403808594,0.4748647212982178,0.4748647212982178,0.33566147089004517,0.1032579094171524,32.73828887939453,0.3628477454185486,13.70948600769043,0.3878003656864166,0.6320504546165466,0.33297038078308105,0.33297038078308105,0.0,369.5316162109375,0.3673020303249359,0.43832534551620483,0.14055843651294708,0.07314900308847427,110.85079193115234,0.3733358383178711,17.596744537353516,0.5780450701713562,0.8587284088134766
2017,2,30.004853996734077,104.19455684937277,5591.501,392.0,2.9787988662719727,21.052692413330078,27.087818145751953,30.537145614624023,1.2926537990570068,7.559380531311035,35.915802001953125,0.2426343560218811,0.25253626704216003,0.0,428.28216552734375,0.45940640568733215,0.47547680139541626,0.3772673010826111,0.09928049147129059,37.720645904541016,0.3688148558139801,13.383817672729492,0.37632831931114197,0.714949369430542,0.20705276727676392,0.24796241521835327,0.0,626.99609375,0.5520005822181702,0.5520005822181702,0.20008601248264313,0.1333416849374771,58.22636032104492,0.3423466682434082,8.830930709838867,0.27535974979400635,0.46903476119041443,0.16592013835906982,0.1810850203037262,0.0,370.8173828125,0.28985655307769775,0.3180947005748749,0.32062458992004395,0.06688934564590454,51.906917572021484,0.33531907200813293,9.508137702941895,0.32621097564697266,0.7516869306564331,0.27166393399238586,0.27166393399238586,0.0,249.37347412109375,0.6389734745025635,0.6389734745025635,0.3185778856277466,0.1833920180797577,29.854360580444336,0.3451298773288727,14.669028282165527,0.4597959816455841,0.732589066028595,0.33172738552093506,0.33172738552093506,0.0,390.2077941894531,0.5652681589126587,0.6042661666870117,0.23187892138957977,0.1591777354478836,92.0941162109375,0.35479700565338135,18.581323623657227,0.6902968287467957,1.2427349090576172
2017,2,30.044740655657154,104.1967105951816,5591.501,396.0,2.333735227584839,246.59625244140625,27.479917526245117,29.827089309692383,1.2744327783584595,7.596685409545898,35.396820068359375,0.24270422756671906,0.25306519865989685,0.0,427.8761291503906,0.458987295627594,0.4753361940383911,0.3763408660888672,0.09928694367408752,37.23073959350586,0.36735084652900696,13.371129035949707,0.37806612253189087,0.7183092832565308,0.20801237225532532,0.2500249445438385,0.0,625.4803466796875,0.5887272953987122,0.5887272953987122,0.19904479384422302,0.12696298956871033,57.451171875,0.34068021178245544,8.809581756591797,0.27636831998825073,0.47059333324432373,0.16842928528785706,0.18453970551490784,0.0,370.1915283203125,0.2928498387336731,0.32206112146377563,0.321816623210907,0.06767688691616058,51.19057846069336,0.33358490467071533,9.492090225219727,0.32740065455436707,0.7571670413017273,0.27270999550819397,0.27270999550819397,0.0,249.2688446044922,0.540812075138092,0.540812075138092,0.4432354271411896,0.1438109427690506,29.91216278076172,0.34301960468292236,14.662873268127441,0.461824893951416,0.7321390509605408,0.33245527744293213,0.33245527744293213,0.0,390.13824462890625,0.4199581444263458,0.4823051393032074,0.23562248051166534,0.10725629329681396,92.19954681396484,0.3538631796836853,18.578012466430664,0.6927052736282349,1.2458972930908203
2017,2,30.68613775118481,103.63185396923632,5598.6724,554.0,1.4221794605255127,310.6946716308594,24.121835708618164,25.435354232788086,1.2300000190734863,6.927414417266846,42.8577766418457,0.21639417111873627,0.23289747536182404,0.4949607253074646,355.0762023925781,0.4204990565776825,0.4204990565776825,0.10387928783893585,0.08356893062591553,58.39754104614258,0.37471020221710205,11.080663681030273,0.282353013753891,0.4617587924003601,0.20917946100234985,0.2365836799144745,8.76844596862793,453.7059631347656,0.45317283272743225,0.5174851417541504,0.33488911390304565,0.08210565149784088,76.62146759033203,0.34975752234458923,6.266725540161133,0.22360466420650482,0.4272620975971222,0.19239868223667145,0.22083888947963715,6.492707252502441,277.25860595703125,0.6292670369148254,0.6292670369148254,0.34433144330978394,0.19967280328273773,62.605384826660156,0.34279999136924744,6.942715644836426,0.2682573199272156,0.6436965465545654,0.2644871473312378,0.2644871473312378,0.0,209.0592498779297,0.4588039219379425,0.4588039219379425,0.3410276770591736,0.10212475061416626,35.7584114074707,0.3450576066970825,12.297602653503418,0.3735541105270386,0.5737136602401733,0.3331316113471985,0.3331316113471985,0.0,340.99090576171875,0.624779224395752,0.624779224395752,0.3762551546096802,0.1601283848285675,113.52555847167969,0.3619413673877716,16.237661361694336,0.5494599938392639,0.854341447353363
2017,2,29.288535085306428,105.01867006966641,5602.3994,296.0,7.340338706970215,300.1756896972656,30.975982666015625,29.82278060913086,1.279005765914917,6.311411380767822,29.43828010559082,0.24568726122379303,0.24944640696048737,0.0,448.8739318847656,0.4647468626499176,0.4671185612678528,0.38990670442581177,0.09992686659097672,51.089134216308594,0.37879621982574463,14.027310371398926,0.3679899573326111,0.7397809624671936,0.19113919138908386,0.2120661735534668,0.0,696.231201171875,0.42575812339782715,0.4376446604728699,0.14513973891735077,0.09062845259904861,53.312705993652344,0.3515687882900238,9.806073188781738,0.2834184169769287,0.4736521244049072,0.10828737914562225,0.11139120161533356,0.0,404.9664611816406,0.40668126940727234,0.40668126940727234,0.15660251677036285,0.08729878813028336,56.08595275878906,0.3440018892288208,10.383755683898926,0.3275001347064972,0.648435652256012,0.2532542943954468,0.2532542943954468,0.0,260.170166015625,0.48445990681648254,0.48445990681648254,0.34191635251045227,0.09600897878408432,30.901308059692383,0.3625909090042114,15.30412769317627,0.46367353200912476,0.8089397549629211,0.3303053379058838,0.3303053379058838,0.0,404.0146484375,0.44618430733680725,0.46810978651046753,0.13143743574619293,0.0935651957988739,76.63741302490234,0.3430469334125519,19.238792419433594,0.7107059955596924,1.3783140182495117
2017,2,28.92444948429257,105.068527278545,5607.365,308.0,6.3321709632873535,90.0,31.566892623901367,27.919538497924805,1.259353756904602,6.122778415679932,32.68758010864258,0.24894815683364868,0.2597745656967163,0.0,449.17376708984375,0.5962681770324707,0.5962681770324707,0.17191947996616364,0.14492514729499817,58.60658645629883,0.3803647458553314,14.036680221557617,0.34859201312065125,0.656191349029541,0.18693970143795013,0.22280871868133545,0.0,696.8182983398438,0.5673241019248962,0.5673241019248962,0.1033039465546608,0.11892810463905334,62.371028900146484,0.3577241003513336,9.814342498779297,0.26690179109573364,0.4378895163536072,0.10367614775896072,0.10686667263507843,0.0,404.4319763183594,0.3829858601093292,0.3829858601093292,0.13169288635253906,0.06964442878961563,61.35116195678711,0.3505661189556122,10.370050430297852,0.3100428581237793,0.5628146529197693,0.24292847514152527,0.24292847514152527,0.0,259.7467956542969,0.47954460978507996,0.47954460978507996,0.32835015654563904,0.09177182614803314,30.831127166748047,0.36565977334976196,15.279223442077637,0.4467424750328064,0.7730891108512878,0.3453361988067627,0.3453361988067627,0.0,404.42755126953125,0.4905867278575897,0.5394570827484131,0.126149982213974,0.11169426143169403,75.0506820678711,0.3420502543449402,19.258455276489258,0.6949628591537476,1.3249871730804443
2017,2,28.826621266281023,105.7029191263177,5610.243,323.0,3.3050174713134766,286.279296875,33.376731872558594,27.70645523071289,1.238543152809143,5.990201950073242,38.052207946777344,0.2574838399887085,0.2776007354259491,0.0,446.8896789550781,0.3525010049343109,0.3525010049343109,0.044434212148189545,0.061518412083387375,83.65475463867188,0.3937467932701111,13.965302467346191,0.31917476654052734,0.5965881943702698,0.18546274304389954,0.23128733038902283,0.0,694.7654418945312,0.3663271963596344,0.3663271963596344,0.051198650151491165,0.053611546754837036,63.940086364746094,0.37169453501701355,9.785429000854492,0.2639714181423187,0.4243835508823395,0.08596879243850708,0.09090015292167664,0.0,403.0768737792969,0.4150777757167816,0.4150777757167816,0.09159494936466217,0.06702303886413574,70.89193725585938,0.3670419454574585,10.335305213928223,0.2993045747280121,0.5406275391578674,0.24723570048809052,0.24723570048809052,0.0,257.4198303222656,0.4800470173358917,0.4800470173358917,0.3402552008628845,0.09279483556747437,39.24012756347656,0.38208821415901184,15.142342567443848,0.43190476298332214,0.7660471200942993,0.35023385286331177,0.35023385286331177,0.0,401.3343200683594,0.5692094564437866,0.5692094564437866,0.444296270608902,0.14617273211479187,83.36324310302734,0.35655805468559265,19.11115837097168,0.6497024893760681,1.2606589794158936
2017,2,29.922659387015905,103.53968435046161,5616.121,515.0,2.140536308288574,29.980728149414062,22.318771362304688,32.83000946044922,1.2339452505111694,6.078044891357422,45.553001403808594,0.22917236387729645,0.2438500076532364,0.0,396.1580505371094,0.46795928478240967,0.5036730170249939,0.35755619406700134,0.09782128036022186,60.71558380126953,0.3965018689632416,12.379939079284668,0.2882046401500702,0.4493735730648041,0.20715546607971191,0.25188297033309937,0.0,549.3837280273438,0.45820584893226624,0.45820584893226624,0.16715431213378906,0.09438155591487885,92.704833984375,0.3774706721305847,7.737798690795898,0.22004830837249756,0.4032513499259949,0.19185811281204224,0.20782047510147095,0.0,328.9463195800781,0.4335567355155945,0.4335567355155945,0.06958504021167755,0.07960763573646545,72.01637268066406,0.37185680866241455,8.434520721435547,0.2700817883014679,0.6163696646690369,0.26624250411987305,0.26624250411987305,0.0,232.50048828125,0.47686344385147095,0.47686344385147095,0.33352962136268616,0.10251094400882721,33.0316162109375,0.3717386722564697,13.676499366760254,0.377437949180603,0.6294227242469788,0.3311255872249603,0.3311255872249603,0.0,368.3919677734375,0.5683262348175049,0.590798556804657,0.16045863926410675,0.15270252525806427,112.94986724853516,0.3799925446510315,17.5424747467041,0.5634791851043701,0.8268918395042419
2017,2,29.900288077030773,103.53564440490717,5616.121,482.0,4.370458126068115,102.22824096679688,21.283517837524414,32.56614303588867,1.2352560758590698,6.099755764007568,41.9596061706543,0.2296345829963684,0.24421581625938416,0.0,396.3852844238281,0.47041088342666626,0.5061618685722351,0.3590015172958374,0.09809132665395737,61.03440856933594,0.3976139426231384,12.387040138244629,0.2873601019382477,0.44758230447769165,0.20664845407009125,0.2521591782569885,0.0,550.0537719726562,0.5885022878646851,0.5885022878646851,0.22796599566936493,0.1479022353887558,93.67607116699219,0.3789141774177551,7.747236251831055,0.21917594969272614,0.40183115005493164,0.19154416024684906,0.20683640241622925,0.0,329.0921325683594,0.593989908695221,0.593989908695221,0.24176430702209473,0.15621116757392883,72.7574691772461,0.373443067073822,8.438260078430176,0.268967866897583,0.6127878427505493,0.265717476606369,0.265717476606369,0.0,232.53140258789062,0.47745001316070557,0.47745001316070557,0.3332885205745697,0.10240112245082855,33.065826416015625,0.3732803761959076,13.67831802368164,0.3760853111743927,0.6297833919525146,0.3307705819606781,0.3307705819606781,0.0,368.3480529785156,0.5470401644706726,0.5836138129234314,0.1893419325351715,0.15375667810440063,113.20219421386719,0.3811192214488983,17.540382385253906,0.5616629123687744,0.8240936994552612
2017,2,29.67094759164994,105.0782302824373,5617.143,376.0,7.6747212409973145,196.0518798828125,20.672067642211914,31.362995147705078,1.2799999713897705,6.938069820404053,31.84630584716797,0.24590706825256348,0.24842657148838043,0.0,447.66363525390625,0.4483051896095276,0.451449990272522,0.39077433943748474,0.09856075793504715,46.08189392089844,0.37393608689308167,13.98948860168457,0.3858713209629059,0.8069062232971191,0.19783619046211243,0.21963344514369965,0.0,692.4814453125,0.5310500860214233,0.5626555681228638,0.1438494473695755,0.14266881346702576,46.073394775390625,0.34316834807395935,9.753259658813477,0.2978728711605072,0.5009439587593079,0.1245935708284378,0.13118921220302582,0.0,403.4615173339844,0.49185118079185486,0.49418649077415466,0.15482212603092194,0.1229197159409523,52.17002868652344,0.3361566662788391,10.34516716003418,0.34135767817497253,0.725462794303894,0.26411446928977966,0.26411446928977966,0.0,260.322021484375,0.49260270595550537,0.49260270595550537,0.3547002375125885,0.101397804915905,32.14130783081055,0.3546142876148224,15.31305980682373,0.48160791397094727,0.8392959237098694,0.32491379976272583,0.32491379976272583,0.0,403.3629455566406,0.49778780341148376,0.5167386531829834,0.21043060719966888,0.1217198520898819,81.12584686279297,0.3434714674949646,19.207759857177734,0.724345862865448,1.4252887964248657
2017,2,29.704096548881264,105.12027068716918,5617.143,353.0,14.863338470458984,100.543701171875,24.337202072143555,32.4166259765625,1.2849260568618774,6.905113220214844,32.17189407348633,0.24629655480384827,0.24930499494075775,0.0,447.3995056152344,0.4494123160839081,0.45291510224342346,0.39061132073402405,0.09874630719423294,46.621543884277344,0.3735012710094452,13.981234550476074,0.38635867834091187,0.8104284405708313,0.19865825772285461,0.2222985327243805,0.0,692.2476196289062,0.5468249320983887,0.5764520168304443,0.19721418619155884,0.1451275497674942,45.75191879272461,0.3424983322620392,9.74996566772461,0.29891344904899597,0.5027467012405396,0.12740616500377655,0.13469956815242767,0.0,403.27044677734375,0.5849688649177551,0.5856368541717529,0.2617063820362091,0.1649337112903595,52.261077880859375,0.3357064127922058,10.3402681350708,0.3418663740158081,0.728999674320221,0.26502934098243713,0.26502934098243713,0.0,260.34600830078125,0.49368995428085327,0.49368995428085327,0.3554762303829193,0.10196569561958313,32.58990478515625,0.35366562008857727,15.314471244812012,0.483096718788147,0.8441920280456543,0.3255568742752075,0.3255568742752075,0.0,403.292724609375,0.5422511100769043,0.5789093375205994,0.24885068833827972,0.14889563620090485,81.99305725097656,0.34335336089134216,19.20441436767578,0.7246688604354858,1.4285439252853394
2017,2,31.8444249226258,105.54256985243579,5617.415,769.0,10.388139724731445,249.31605529785156,21.812381744384766,25.328685760498047,1.267063021659851,6.708166122436523,36.04926681518555,0.24914604425430298,0.2727586328983307,0.34688159823417664,352.6254577636719,0.50002521276474,0.5343620777130127,0.40829095244407654,0.10279706120491028,34.50990676879883,0.36601385474205017,11.008705139160156,0.35879310965538025,0.7505754828453064,0.21962356567382812,0.2690526247024536,5.011699676513672,457.65081787109375,0.551006555557251,0.5975621342658997,0.11485495418310165,0.12151043862104416,42.25586700439453,0.3356419503688812,6.375198841094971,0.27654072642326355,0.5306034088134766,0.20535407960414886,0.2259632796049118,0.666800320148468,283.87713623046875,0.417752742767334,0.4307958483695984,0.29716503620147705,0.08184687793254852,59.58203125,0.34453946352005005,7.261803150177002,0.31394368410110474,0.7238277792930603,0.2631213963031769,0.2631213963031769,0.0,214.91336059570312,0.6889352202415466,0.6889352202415466,0.3285939395427704,0.20399773120880127,26.60040283203125,0.34032753109931946,12.641963005065918,0.4663403332233429,0.7840200066566467,0.40872347354888916,0.40872347354888916,0.0,352.7102355957031,0.6708817481994629,0.6708817481994629,0.31181690096855164,0.19499823451042175,81.29643249511719,0.3337140679359436,16.795724868774414,0.7284297347068787,1.3030937910079956
2017,2,30.01267080088077,103.49387154623851,5619.7163,488.0,2.333097219467163,113.41053009033203,19.03199005126953,36.957420349121094,1.2200000286102295,6.292346000671387,46.67338943481445,0.22594502568244934,0.24141228199005127,0.014080076478421688,391.1525573730469,0.4590231776237488,0.49621355533599854,0.3492518663406372,0.09651336818933487,61.525089263916016,0.39428555965423584,12.223077774047852,0.2832394540309906,0.4336223602294922,0.2090895175933838,0.2508174777030945,0.4462031424045563,537.0288696289062,0.4121467173099518,0.4121467173099518,0.13943204283714294,0.0870591476559639,91.66534423828125,0.3745403587818146,7.557502269744873,0.21833829581737518,0.4032019376754761,0.19527927041053772,0.21410997211933136,0.2501949965953827,323.0655517578125,0.4916628897190094,0.4916628897190094,0.16338542103767395,0.10870809853076935,70.78529357910156,0.36849871277809143,8.27731704711914,0.26907074451446533,0.6182067394256592,0.2675516605377197,0.2675516605377197,0.0016884197248145938,230.11436462402344,0.47261735796928406,0.47261735796928406,0.33318525552749634,0.10263535380363464,33.2631721496582,0.36775127053260803,13.536039352416992,0.37475499510765076,0.6169004440307617,0.33202388882637024,0.33202388882637024,0.0,365.6544494628906,0.5200985074043274,0.5200985074043274,0.15091519057750702,0.1310417205095291,114.01111602783203,0.37768152356147766,17.41211700439453,0.5581837296485901,0.8011462688446045
2017,2,29.296619435516323,105.40270122969234,5630.6426,329.0,5.613798141479492,109.23081970214844,35.8599853515625,24.50310516357422,1.2699999809265137,6.408862590789795,27.75200653076172,0.24613089859485626,0.25139158964157104,0.0,450.96685791015625,0.45411843061447144,0.45411843061447144,0.13700413703918457,0.11941433697938919,60.037574768066406,0.38127559423446655,14.092714309692383,0.3613964319229126,0.7406571507453918,0.19131918251514435,0.21221353113651276,0.0,709.0921630859375,0.35004734992980957,0.3537502586841583,0.10747575014829636,0.06940262019634247,51.009117126464844,0.35265907645225525,9.987213134765625,0.2886187732219696,0.4825761020183563,0.10428474098443985,0.10713449865579605,0.0,411.0867614746094,0.3602018654346466,0.3602018654346466,0.1355910301208496,0.07297974824905396,58.15239334106445,0.34477758407592773,10.54068660736084,0.32851460576057434,0.6259070634841919,0.2541455924510956,0.2541455924510956,0.0,262.2185974121094,0.483064204454422,0.483064204454422,0.34644368290901184,0.0960940271615982,33.683353424072266,0.36394044756889343,15.4246244430542,0.46680474281311035,0.83022141456604,0.3301446735858917,0.3301446735858917,0.0,406.5287780761719,0.5372881293296814,0.5372881293296814,0.41749292612075806,0.13433349132537842,75.86349487304688,0.33767756819725037,19.35851287841797,0.7122280597686768,1.3925164937973022
2017,2,29.322491139828415,105.39461687948246,5630.6426,357.0,7.672732353210449,164.0004425048828,38.40695571899414,24.51706886291504,1.2668051719665527,6.328729629516602,31.648178100585938,0.24583788216114044,0.2503995895385742,0.0,450.69805908203125,0.4601643681526184,0.46241751313209534,0.39159971475601196,0.09976419806480408,59.53965759277344,0.38123619556427,14.084314346313477,0.36248794198036194,0.7462660074234009,0.1916075497865677,0.21140389144420624,0.0,708.4205932617188,0.3395565152168274,0.34838494658470154,0.00900028645992279,0.08186610043048859,50.587074279785156,0.3523654639720917,9.977754592895508,0.2894825339317322,0.48506587743759155,0.10509882122278214,0.10797227919101715,0.0,410.80084228515625,0.34423163533210754,0.34423163533210754,0.014382721856236458,0.08119245618581772,57.81863784790039,0.34447503089904785,10.533354759216309,0.32949838042259216,0.6311376094818115,0.25480151176452637,0.25480151176452637,0.0,262.1355895996094,0.4835919737815857,0.4835919737815857,0.34690791368484497,0.09639641642570496,33.68519592285156,0.3637494444847107,15.419740676879883,0.4677642285823822,0.8337398767471313,0.3290552794933319,0.3290552794933319,0.0,406.3501892089844,0.5356619954109192,0.5356619954109192,0.4161223769187927,0.13376176357269287,76.01858520507812,0.3378049433231354,19.35000991821289,0.7131083607673645,1.3952229022979736
2017,2,29.251885733748157,105.40378033214728,5630.6426,316.0,11.114853858947754,34.51612091064453,39.07350158691406,25.443130493164062,1.2733824253082275,6.275581359863281,28.68778419494629,0.2466200888156891,0.2530358135700226,0.0,451.3701477050781,0.4525530934333801,0.4525530934333801,0.16821226477622986,0.09270423650741577,60.5827751159668,0.38125455379486084,14.105317115783691,0.3597727119922638,0.7310670018196106,0.19082114100456238,0.21359431743621826,0.0,709.8419799804688,0.39912310242652893,0.40967270731925964,0.1777460277080536,0.07513123750686646,51.794578552246094,0.35311490297317505,9.997774124145508,0.2869860827922821,0.4780241549015045,0.103000208735466,0.10581628233194351,0.0,411.3875732421875,0.4257200360298157,0.4257200360298157,0.17987287044525146,0.08836095780134201,58.65004348754883,0.3452581763267517,10.548398971557617,0.3268153965473175,0.6177875995635986,0.25299978256225586,0.25299978256225586,0.0,262.2978820800781,0.48219913244247437,0.48219913244247437,0.345527708530426,0.09557455778121948,33.5861701965332,0.3642193377017975,15.429287910461426,0.4650745987892151,0.8234315514564514,0.33201220631599426,0.33201220631599426,0.0,406.7577209472656,0.5401018857955933,0.5401018857955933,0.41978275775909424,0.1353253275156021,75.62223052978516,0.33763837814331055,19.369415283203125,0.7106873989105225,1.3874783515930176
2017,2,29.500627767812524,105.03645742376861,5635.304,321.0,20.76641273498535,118.0076675415039,33.575103759765625,25.23540496826172,1.2577553987503052,6.8690972328186035,36.54426193237305,0.24390579760074615,0.24391306936740875,0.0,449.1387939453125,0.4426164925098419,0.4439218044281006,0.39161190390586853,0.09760737419128418,47.694419860839844,0.37808990478515625,14.035587310791016,0.3787563145160675,0.788625180721283,0.1936122328042984,0.20593968033790588,0.0,697.8400268554688,0.534388542175293,0.5618718266487122,0.2001023292541504,0.15447531640529633,47.617496490478516,0.34798872470855713,9.82873249053955,0.29383739829063416,0.4954168200492859,0.11014186590909958,0.11315225809812546,0.0,406.2234191894531,0.48402613401412964,0.48402613401412964,0.19614411890506744,0.13304615020751953,53.22862243652344,0.34013524651527405,10.415985107421875,0.33795174956321716,0.6963291168212891,0.25941362977027893,0.25941362977027893,0.0,260.7379455566406,0.4870161712169647,0.4870161712169647,0.35071295499801636,0.09847985208034515,31.25638198852539,0.3609219193458557,15.337525367736816,0.4740566909313202,0.8312661647796631,0.32160958647727966,0.32160958647727966,0.0,404.179443359375,0.5105246901512146,0.5402309894561768,0.13963894546031952,0.13959598541259766,77.44462585449219,0.34298014640808105,19.246639251708984,0.7202088236808777,1.4117372035980225
2017,2,29.178854576694818,105.21108919832473,5645.0986,333.0,2.1366307735443115,150.2014923095703,30.45973014831543,26.546756744384766,1.2799999713897705,6.300000190734863,29.861591339111328,0.2470160275697708,0.25401920080184937,0.0,450.3777770996094,0.4521772563457489,0.4521772563457489,0.19944186508655548,0.09521491080522537,57.26042938232422,0.3802222013473511,14.074305534362793,0.35966309905052185,0.7148853540420532,0.18993468582630157,0.2155572921037674,0.0,703.296875,0.4090792238712311,0.428129643201828,0.1577615886926651,0.08002322912216187,54.67289733886719,0.35366737842559814,9.905590057373047,0.2811865508556366,0.46655672788619995,0.10413192212581635,0.10709176957607269,0.0,408.124755859375,0.39664947986602783,0.39664947986602783,0.16020332276821136,0.07582453638315201,58.54220199584961,0.34604960680007935,10.464737892150879,0.3230402171611786,0.6137281060218811,0.2505952715873718,0.2505952715873718,0.0,261.1607666015625,0.48196667432785034,0.48196667432785034,0.34068652987480164,0.09472855180501938,32.101741790771484,0.3640788793563843,15.362397193908691,0.46027588844299316,0.8051685094833374,0.33494263887405396,0.33494263887405396,0.0,405.540771484375,0.5131992697715759,0.5433735251426697,0.19472280144691467,0.1282375305891037,75.72187042236328,0.3402774930000305,19.311464309692383,0.7069632411003113,1.3701421022415161
2017,2,29.228167775244877,105.2474710038198,5645.0986,319.0,2.317882776260376,66.42635345458984,31.90216064453125,28.99310302734375,1.2799999713897705,6.199999809265137,27.165611267089844,0.24660472571849823,0.2527461647987366,0.0,450.4532165527344,0.5304697751998901,0.5304697751998901,0.2124784141778946,0.12475301325321198,57.344200134277344,0.38034653663635254,14.07666301727295,0.36129382252693176,0.7258591055870056,0.19050559401512146,0.2141302227973938,0.0,704.4028930664062,0.4301447570323944,0.4493381679058075,0.21354345977306366,0.07016560435295105,53.32194900512695,0.35305967926979065,9.921167373657227,0.28381842374801636,0.4723105728626251,0.1045282855629921,0.10746259987354279,0.0,408.7457275390625,0.3574400246143341,0.3574400246143341,0.163043811917305,0.062439657747745514,58.11224365234375,0.3453614413738251,10.480659484863281,0.3253300189971924,0.6219239234924316,0.2520236670970917,0.2520236670970917,0.0,261.39837646484375,0.48254674673080444,0.48254674673080444,0.34274739027023315,0.09529928117990494,32.43822479248047,0.3638473153114319,15.376376152038574,0.4627533555030823,0.8129417300224304,0.3329257667064667,0.3329257667064667,0.0,405.7035827636719,0.5410972237586975,0.5410972237586975,0.28663620352745056,0.11634717881679535,75.86272430419922,0.3398047089576721,19.3192195892334,0.7090963125228882,1.3782896995544434
2017,2,30.46622826453201,103.62834911580832,5653.7324,491.0,2.8389134407043457,229.24107360839844,21.19097328186035,29.425792694091797,1.1984411478042603,6.603323936462402,35.31239700317383,0.21977318823337555,0.2373059093952179,0.0,390.7432861328125,0.19451017677783966,0.19451017677783966,0.09975219517946243,0.0263261329382658,53.16162872314453,0.37069982290267944,12.21072769165039,0.30909156799316406,0.49318066239356995,0.21945221722126007,0.25007736682891846,0.0,532.7849731445312,0.6464870572090149,0.6464870572090149,0.29675260186195374,0.17352022230625153,71.10879516601562,0.34442389011383057,7.504013538360596,0.24007610976696014,0.43565988540649414,0.2030610591173172,0.23466339707374573,0.0,324.8128356933594,0.7124279141426086,0.7124279141426086,0.3938077688217163,0.19691109657287598,55.310791015625,0.3357292115688324,8.328534126281738,0.2954467535018921,0.7009937763214111,0.27908432483673096,0.27908432483673096,0.0,231.6898193359375,0.4658699631690979,0.4658699631690979,0.3400115668773651,0.10579266399145126,32.42911911010742,0.3358348608016968,13.628812789916992,0.4093679189682007,0.6212787628173828,0.3398427367210388,0.3398427367210388,0.0,369.20269775390625,0.5967544913291931,0.6982019543647766,0.33169782161712646,0.15587376058101654,107.90204620361328,0.35489746928215027,17.581079483032227,0.6057795882225037,0.8913710117340088
2017,2,29.821058769513144,105.04481377914277,5654.582,414.0,4.367161273956299,257.7623596191406,17.130512237548828,31.043760299682617,1.3099159002304077,7.096599578857422,39.1730842590332,0.24767400324344635,0.2524115741252899,0.0,446.3316345214844,0.45332780480384827,0.4580966830253601,0.3900347948074341,0.099402517080307,42.833168029785156,0.369549959897995,13.947863578796387,0.39403578639030457,0.8233966827392578,0.20156556367874146,0.2317238301038742,0.0,686.1305541992188,0.4161740839481354,0.44899141788482666,0.17635630071163177,0.0678875744342804,44.75454330444336,0.33838045597076416,9.663810729980469,0.3009388744831085,0.5042973756790161,0.13735313713550568,0.14711423218250275,0.0,400.31842041015625,0.4395899772644043,0.445598840713501,0.14305849373340607,0.07891913503408432,50.660484313964844,0.33205264806747437,10.264575004577637,0.34468215703964233,0.7563965320587158,0.26826488971710205,0.26826488971710205,0.0,259.73638916015625,0.48638176918029785,0.48638176918029785,0.34035852551460266,0.06779289990663528,32.35550308227539,0.34856346249580383,15.278610229492188,0.48819562792778015,0.839909553527832,0.32783111929893494,0.32783111929893494,0.0,402.4296875,0.41976824402809143,0.4257543385028839,0.17126646637916565,0.08579407632350922,84.22309875488281,0.3445667028427124,19.163318634033203,0.7286710739135742,1.4361708164215088
2017,2,30.957786187360725,105.3423339196308,5658.3564,358.0,10.127474784851074,25.00661849975586,30.98794174194336,24.765857696533203,1.297675609588623,7.326408386230469,31.092885971069336,0.25078892707824707,0.26367297768592834,0.0,429.9609375,0.47016870975494385,0.487494558095932,0.3912903964519501,0.10193785279989243,34.16984176635742,0.3566614091396332,13.436279296875,0.42005032300949097,0.8913921117782593,0.21964775025844574,0.2842805087566376,0.0,639.310791015625,0.4550422430038452,0.4642563760280609,0.05429042875766754,0.06640934199094772,39.285728454589844,0.32045844197273254,9.004377365112305,0.3206919729709625,0.5481760501861572,0.20475508272647858,0.22925585508346558,0.0,377.6230163574219,0.44259700179100037,0.44259700179100037,0.05749579891562462,0.07636096328496933,49.426761627197266,0.3222969174385071,9.682641983032227,0.35941082239151,0.8593935966491699,0.2855305075645447,0.2855305075645447,0.0,253.85317993164062,0.46031132340431213,0.4610687494277954,0.10311664640903473,0.08329813182353973,32.96379089355469,0.3243931531906128,14.932539939880371,0.5276727676391602,0.8579816222190857,0.36771461367607117,0.36771461367607117,0.0,396.5124206542969,0.6110676527023315,0.6151400804519653,0.2389054298400879,0.15611958503723145,97.59632110595703,0.3413859009742737,18.88154411315918,0.7735666036605835,1.5003507137298584
2017,2,29.299045186489398,105.06394778176312,5658.7505,329.0,3.4980218410491943,217.3963623046875,29.48079490661621,31.37077522277832,1.2740939855575562,6.294020652770996,30.518190383911133,0.24565812945365906,0.24942219257354736,0.0,449.1298828125,0.4635066092014313,0.46583235263824463,0.3901849687099457,0.09984014183282852,51.97118377685547,0.3790513277053833,14.035308837890625,0.36771488189697266,0.7420922517776489,0.19127143919467926,0.21180450916290283,0.0,697.7971801757812,0.5355640649795532,0.5461744070053101,0.11026426404714584,0.11349917948246002,52.78719711303711,0.3515326976776123,9.828129768371582,0.28449317812919617,0.47566941380500793,0.10790307819843292,0.11097261309623718,0.0,405.7341003417969,0.4123394191265106,0.4123394191265106,0.11854800581932068,0.07951922714710236,56.19572067260742,0.3439162075519562,10.403438568115234,0.3280916213989258,0.6479970216751099,0.25363603234291077,0.25363603234291077,0.0,260.4337158203125,0.48441219329833984,0.48441219329833984,0.3428409993648529,0.09613023698329926,31.239269256591797,0.36267223954200745,15.31963062286377,0.4645062983036041,0.8124060034751892,0.32989296317100525,0.32989296317100525,0.0,404.3141174316406,0.4028370976448059,0.44635504484176636,0.05519808828830719,0.083048015832901,76.58363342285156,0.34242209792137146,19.253053665161133,0.7113130688667297,1.3814752101898193
2017,2,28.91905843111895,105.068527278545,5660.8916,315.0,5.283076763153076,90.0,30.61252784729004,28.001073837280273,1.270001769065857,6.1043477058410645,31.239154815673828,0.24899780750274658,0.25993070006370544,0.0,449.174072265625,0.4185636639595032,0.4185636639595032,0.12745551764965057,0.08188828825950623,58.70526123046875,0.3803841471672058,14.036689758300781,0.3483041822910309,0.6548928022384644,0.18687419593334198,0.2229750156402588,0.0,696.8012084960938,0.40697845816612244,0.40697845816612244,0.15198925137519836,0.08290710300207138,62.51629638671875,0.35781747102737427,9.814101219177246,0.2666349709033966,0.4373168647289276,0.10361296683549881,0.10680536925792694,0.0,404.41119384765625,0.3346306085586548,0.3346306085586548,0.12764255702495575,0.06833536922931671,61.4287109375,0.35066646337509155,10.369518280029297,0.309769868850708,0.5615311861038208,0.24276646971702576,0.24276646971702576,0.0,259.7360534667969,0.4794712960720062,0.4794712960720062,0.3281303346157074,0.09170594066381454,30.8244571685791,0.3657046854496002,15.27859115600586,0.4464734196662903,0.7724909782409668,0.3455696702003479,0.3455696702003479,0.0,404.4288330078125,0.40989208221435547,0.4144856929779053,0.17217876017093658,0.08661641925573349,75.02764892578125,0.3420456051826477,19.258516311645508,0.6947154402732849,1.324130892753601
2017,2,28.91905843111895,105.06259667414393,5660.8916,314.0,1.4079190492630005,311.1958312988281,31.67886734008789,26.879793167114258,1.2564761638641357,6.022063255310059,29.41720199584961,0.2489752322435379,0.2598356008529663,0.0,449.08258056640625,0.5637921690940857,0.5637921690940857,0.24282996356487274,0.11968401074409485,58.603214263916016,0.38037246465682983,14.033830642700195,0.3483138382434845,0.6548157930374146,0.18687039613723755,0.22295813262462616,0.0,696.4760131835938,0.5589908361434937,0.5589908361434937,0.1942073106765747,0.10027483105659485,62.601078033447266,0.35784071683883667,9.809521675109863,0.26649314165115356,0.4372030198574066,0.1037924587726593,0.10699588060379028,0.0,404.250244140625,0.4092558026313782,0.4092558026313782,0.1550513207912445,0.07519087195396423,61.41273880004883,0.3506987988948822,10.36539077758789,0.30969375371932983,0.5616028904914856,0.2427375316619873,0.2427375316619873,0.0,259.6809997558594,0.47953709959983826,0.47953709959983826,0.3279455602169037,0.09170633554458618,30.789522171020508,0.365694522857666,15.275352478027344,0.44637468457221985,0.7724971771240234,0.34556207060813904,0.34556207060813904,0.0,404.3582458496094,0.422101229429245,0.4229653477668762,0.10629913210868835,0.08348111063241959,75.04879760742188,0.342126727104187,19.25515365600586,0.6946374773979187,1.3236827850341797
2017,2,30.217486230467642,103.95659246255458,5664.184,476.0,2.1421308517456055,149.9453582763672,28.927568435668945,26.43050765991211,1.2498646974563599,7.036498069763184,39.81251907348633,0.23523278534412384,0.2491125613451004,0.0,412.8109436035156,0.4497324228286743,0.4745282828807831,0.3592089116573334,0.0974264144897461,43.80058288574219,0.36964139342308044,12.900341987609863,0.350747287273407,0.627769410610199,0.21282997727394104,0.2553670108318329,0.0,587.1902465820312,0.5984992384910583,0.5984992384910583,0.23466023802757263,0.14859460294246674,64.85221099853516,0.34389960765838623,8.270284652709961,0.260650098323822,0.4546055197715759,0.18658068776130676,0.20853205025196075,0.0,351.0340270996094,0.6482575535774231,0.6482575535774231,0.31586453318595886,0.1943364143371582,54.02527618408203,0.3365289568901062,9.000872611999512,0.31294840574264526,0.7330206632614136,0.27559348940849304,0.27559348940849304,0.0,242.04452514648438,0.6264072060585022,0.6264072060585022,0.36696571111679077,0.20342373847961426,31.175518035888672,0.3412378132343292,14.237913131713867,0.43997323513031006,0.6876164078712463,0.3356938660144806,0.3356938660144806,0.0,381.35906982421875,0.6043987274169922,0.6157906651496887,0.2886525094509125,0.17096717655658722,99.6860580444336,0.3563813269138336,18.159955978393555,0.6560264229774475,1.0989348888397217
2017,2,29.390675254036655,105.3223928197198,5673.2075,394.0,6.550436019897461,170.68862915039062,27.430124282836914,25.041210174560547,1.2572262287139893,6.411016941070557,33.978187561035156,0.24503949284553528,0.24767741560935974,0.0,449.89178466796875,0.4535176753997803,0.45539724826812744,0.3914377987384796,0.0989072397351265,56.90135955810547,0.3807169497013092,14.059118270874023,0.36660605669021606,0.7615191340446472,0.19236662983894348,0.20924441516399384,0.0,705.3351440429688,0.26970145106315613,0.2748274803161621,0.055432043969631195,0.05305558070540428,49.58664321899414,0.3512970805168152,9.934297561645508,0.2913373112678528,0.49054571986198425,0.10743682086467743,0.1103842705488205,0.0,409.4439392089844,0.26737087965011597,0.26737087965011597,0.03893055394291878,0.04935208708047867,56.5931282043457,0.34340977668762207,10.498562812805176,0.332223117351532,0.6491379141807556,0.2565072178840637,0.2565072178840637,0.0,261.7196350097656,0.4850558340549469,0.4850558340549469,0.3479467034339905,0.09719689190387726,33.298866271972656,0.36302104592323303,15.395272254943848,0.47011247277259827,0.8393561840057373,0.32616516947746277,0.32616516947746277,0.0,405.64227294921875,0.5313894152641296,0.5313894152641296,0.4123905301094055,0.13226374983787537,76.50897979736328,0.3388594090938568,19.316299438476562,0.7154669165611267,1.4014272689819336
2017,2,29.424898854621855,105.32346746307367,5673.2075,394.0,1.4118601083755493,228.94407653808594,27.188308715820312,27.48030662536621,1.2581472396850586,6.511829853057861,28.89170265197754,0.24468566477298737,0.24650494754314423,0.0,449.6637268066406,0.4501212239265442,0.45182064175605774,0.39149442315101624,0.09850239753723145,56.48503494262695,0.38071367144584656,14.05199146270752,0.36792701482772827,0.7689459323883057,0.19275027513504028,0.20820476114749908,0.0,704.9754028320312,0.37725821137428284,0.38636741042137146,0.18141809105873108,0.06568991392850876,48.91485595703125,0.35090553760528564,9.929230690002441,0.29268720746040344,0.4940486252307892,0.10826079547405243,0.11122432351112366,0.0,409.32305908203125,0.31926268339157104,0.31926268339157104,0.19547468423843384,0.05635315552353859,56.203155517578125,0.3429926633834839,10.495463371276855,0.3336018919944763,0.6555753946304321,0.2574074864387512,0.2574074864387512,0.0,261.69696044921875,0.4856588840484619,0.4856588840484619,0.3488077223300934,0.09759322553873062,33.37755584716797,0.36280137300491333,15.393939018249512,0.47151345014572144,0.8442643880844116,0.32474565505981445,0.32474565505981445,0.0,405.5171813964844,0.5193467140197754,0.5267559289932251,0.2533782124519348,0.12576167285442352,76.67900848388672,0.33886489272117615,19.31034278869629,0.7167195677757263,1.4056298732757568
2017,2,30.62361223621339,103.64478982139238,5677.1353,534.0,0.9274099469184875,-0.0,23.7359561920166,24.641281127929688,1.2423827648162842,6.929790019989014,44.20790100097656,0.21796993911266327,0.23486784100532532,0.3239246904850006,367.8816223144531,0.33975040912628174,0.33975040912628174,0.04764328896999359,0.06655370444059372,56.015960693359375,0.3724595308303833,11.486177444458008,0.2937188744544983,0.47859710454940796,0.2129954844713211,0.24188365042209625,5.738467693328857,482.0540771484375,0.4804370701313019,0.6797508597373962,0.15333877503871918,0.09901963919401169,73.89588165283203,0.34686654806137085,6.708670616149902,0.23059037327766418,0.43171530961990356,0.19631952047348022,0.2260943055152893,4.249121189117432,294.2789306640625,0.6581220030784607,0.6581220030784607,0.36189669370651245,0.20196953415870667,59.543636322021484,0.3392857313156128,7.436661243438721,0.2789801061153412,0.6673271059989929,0.26988470554351807,0.26988470554351807,0.0,217.15867614746094,0.4616948366165161,0.4616948366165161,0.3413308262825012,0.10360106825828552,34.56147384643555,0.34087035059928894,12.774039268493652,0.3880161643028259,0.5919041633605957,0.3358027935028076,0.3358027935028076,0.0,351.13714599609375,0.6811766028404236,0.6811766028404236,0.36596328020095825,0.1933767944574356,111.17251586914062,0.35878676176071167,16.72081756591797,0.5721392035484314,0.8761991858482361
2017,2,29.21388527457069,105.11272588818676,5693.909,319.0,11.423643112182617,15.983471870422363,30.07443618774414,26.53278923034668,1.2860476970672607,6.299155235290527,29.509309768676758,0.2464941442012787,0.2521461844444275,0.0,449.4954528808594,0.291608989238739,0.291608989238739,0.16311562061309814,0.0799219086766243,54.54889678955078,0.37961819767951965,14.046732902526855,0.36265239119529724,0.7225764989852905,0.19030065834522247,0.21437346935272217,0.0,699.3748168945312,0.5223573446273804,0.5223573446273804,0.2173452526330948,0.1258489042520523,54.62249755859375,0.3530254662036896,9.850349426269531,0.2811988294124603,0.4680638313293457,0.10624522715806961,0.10929952561855316,0.0,406.3028259277344,0.5217272639274597,0.5217272639274597,0.21235980093479156,0.1189180389046669,57.610801696777344,0.34546834230422974,10.418021202087402,0.3241702914237976,0.6260802745819092,0.2513122856616974,0.2513122856616974,0.0,260.56829833984375,0.48304957151412964,0.48304957151412964,0.34026098251342773,0.09513714909553528,31.47836685180664,0.36350882053375244,15.327547073364258,0.4608972370624542,0.8054821491241455,0.3334357440471649,0.3334357440471649,0.0,404.7038269042969,0.4194622337818146,0.45941537618637085,0.1460338532924652,0.08891534805297852,76.12059020996094,0.34167224168777466,19.2716121673584,0.7078351378440857,1.3706367015838623
2017,2,29.157022817937147,105.14964724490929,5693.909,301.0,9.206501007080078,53.18400955200195,32.183937072753906,26.85530662536621,1.2819628715515137,6.151599884033203,30.658952713012695,0.2470899373292923,0.2541258931159973,0.0,449.9012451171875,0.5085750818252563,0.5085750818252563,0.18496860563755035,0.12070061266422272,56.27906799316406,0.3799611032009125,14.05941390991211,0.3594360947608948,0.7098110318183899,0.18966227769851685,0.21611076593399048,0.0,700.8707275390625,0.4595170319080353,0.5000272393226624,0.13873633742332458,0.10988173633813858,55.69503402709961,0.3539333641529083,9.871418952941895,0.2792236804962158,0.46307820081710815,0.10482362657785416,0.1078481525182724,0.0,406.90869140625,0.42880821228027344,0.42880821228027344,0.10513070225715637,0.08728300034999847,58.5355110168457,0.3464019000530243,10.433555603027344,0.32172703742980957,0.6119412779808044,0.2498195916414261,0.2498195916414261,0.0,260.7369079589844,0.4820267856121063,0.4820267856121063,0.3388757109642029,0.09447646886110306,31.651386260986328,0.3640540838241577,15.337465286254883,0.4586627185344696,0.8003687262535095,0.3358035981655121,0.3358035981655121,0.0,405.0665283203125,0.5905835032463074,0.639306366443634,0.19293774664402008,0.1646057516336441,75.78308868408203,0.34111523628234863,19.288881301879883,0.7056775689125061,1.36416494846344
2017,2,29.19690947686022,105.08577508141973,5693.909,325.0,13.648222923278809,-0.0,27.303983688354492,27.9405517578125,1.2999999523162842,6.5,27.441808700561523,0.24659208953380585,0.2524021863937378,0.0,449.2987060546875,0.47399577498435974,0.47684645652770996,0.38960137963294983,0.10099343210458755,54.23517990112305,0.3795227110385895,14.040584564208984,0.3622097373008728,0.7187324166297913,0.1900990903377533,0.21482805907726288,0.0,698.314697265625,0.43502771854400635,0.46246492862701416,0.1463918536901474,0.08935073018074036,55.243404388427734,0.3532513976097107,9.835417747497559,0.28001508116722107,0.4658139944076538,0.10644559562206268,0.10952918976545334,0.0,405.7567138671875,0.449791818857193,0.449791818857193,0.08520606905221939,0.07792558521032333,57.702083587646484,0.34574005007743835,10.40401840209961,0.3232635259628296,0.6237398386001587,0.2507716119289398,0.2507716119289398,0.0,260.3736267089844,0.48297491669654846,0.48297491669654846,0.33921369910240173,0.09494346380233765,31.270851135253906,0.3635522127151489,15.316094398498535,0.4598618447780609,0.8025583624839783,0.3341086506843567,0.3341086506843567,0.0,404.5038146972656,0.4045354723930359,0.4259587824344635,-0.005508497357368469,0.0897338017821312,76.11665344238281,0.34203416109085083,19.262086868286133,0.7069714069366455,1.3669853210449219
2017,2,29.968472191239005,105.01894207483068,5696.5044,412.0,10.429450988769531,225.28628540039062,17.824607849121094,34.41962814331055,1.2899999618530273,7.305307388305664,37.334495544433594,0.2494061142206192,0.25631803274154663,0.0,445.00933837890625,0.458251416683197,0.46461236476898193,0.3893098533153534,0.10022767633199692,39.88752746582031,0.36526042222976685,13.90654182434082,0.40183085203170776,0.8392295241355896,0.20522141456604004,0.24357588589191437,0.0,680.00146484375,0.5090415477752686,0.5584768652915955,0.1270691603422165,0.07981714606285095,43.45624923706055,0.33371323347091675,9.577486038208008,0.3039585053920746,0.5077552795410156,0.1498611867427826,0.1627253293991089,0.0,397.2915954589844,0.4950098693370819,0.4950098693370819,0.08693228662014008,0.07578322291374207,49.19279479980469,0.32800042629241943,10.18696403503418,0.347912460565567,0.7853569388389587,0.2723335027694702,0.2723335027694702,0.0,259.1846008300781,0.607382595539093,0.607382595539093,0.18004757165908813,0.0852627381682396,32.61476516723633,0.3425748944282532,15.246152877807617,0.4947039484977722,0.8406765460968018,0.3306909501552582,0.3306909501552582,0.0,401.5664978027344,0.49657443165779114,0.5330671668052673,0.1656246930360794,0.09512662142515182,87.10179138183594,0.3453395366668701,19.12221336364746,0.7331982851028442,1.4467308521270752
2017,2,28.947088340340915,105.40296877575554,5702.309,289.0,5.963963985443115,297.7012634277344,33.604007720947266,28.047889709472656,1.247539758682251,6.099999904632568,30.63458251953125,0.24996046721935272,0.26425251364707947,0.0,454.08245849609375,0.43874430656433105,0.43874430656433105,0.13494476675987244,0.08903861790895462,64.13055419921875,0.3810599446296692,14.19007682800293,0.3487803339958191,0.66534024477005,0.1874050796031952,0.22304938733577728,0.0,714.69189453125,0.39008578658103943,0.39008578658103943,0.11643105000257492,0.06653556227684021,57.229732513427734,0.356218546628952,10.066082954406738,0.27568352222442627,0.4466508626937866,0.09429699182510376,0.09688842296600342,0.0,413.3111267089844,0.38542187213897705,0.38542187213897705,0.10524070262908936,0.0695546418428421,62.01688766479492,0.34853842854499817,10.597721099853516,0.31514671444892883,0.5626152157783508,0.24512940645217896,0.24512940645217896,0.0,262.7950439453125,0.47630685567855835,0.47630685567855835,0.33914467692375183,0.09201403707265854,32.861793518066406,0.36610230803489685,15.458531379699707,0.4531497657299042,0.7764936089515686,0.3448091149330139,0.3448091149330139,0.0,408.2695007324219,0.5594051480293274,0.5594051480293274,0.4354201555252075,0.1421319991350174,73.98677062988281,0.33748430013656616,19.44140625,0.70009446144104,1.3526370525360107
2017,2,29.750181358268623,105.10733483501313,5705.435,390.0,12.138076782226562,107.52130889892578,21.476774215698242,31.066314697265625,1.2879754304885864,6.927661418914795,29.95470428466797,0.2468412071466446,0.2505333423614502,0.0,446.9939880371094,0.45096051692962646,0.45496392250061035,0.39038336277008057,0.09900577366352081,45.53248596191406,0.37214159965515137,13.968562126159668,0.3889535665512085,0.815619945526123,0.199807807803154,0.2260253131389618,0.0,690.2491455078125,0.36801841855049133,0.38039466738700867,-0.009935224428772926,0.07718328386545181,45.34740447998047,0.34101080894470215,9.721818923950195,0.2998509705066681,0.5037164092063904,0.13133922219276428,0.13960835337638855,0.0,402.2798767089844,0.3197688162326813,0.32204291224479675,-0.014086405746638775,0.0645609125494957,51.788352966308594,0.3344470262527466,10.314868927001953,0.3429022431373596,0.7390026450157166,0.2663086950778961,0.2663086950778961,0.0,260.1570129394531,0.49521031975746155,0.49521031975746155,0.3565613925457001,0.10275982320308685,32.63667678833008,0.35181573033332825,15.303353309631348,0.48511072993278503,0.8442882299423218,0.32645609974861145,0.32645609974861145,0.0,402.98724365234375,0.5103601217269897,0.5237759947776794,0.07961232215166092,0.12621882557868958,82.99715423583984,0.3437911570072174,19.189868927001953,0.725914478302002,1.431925892829895
2017,2,29.87280217813733,103.55019445164459,5721.2646,473.0,5.332592487335205,270.0,22.216861724853516,29.59925651550293,1.2226336002349854,6.099999904632568,37.641510009765625,0.2305615097284317,0.24484947323799133,0.0,397.63568115234375,0.47302645444869995,0.5082137584686279,0.36133694648742676,0.09844598919153214,60.764137268066406,0.39820659160614014,12.426115036010742,0.2888440191745758,0.45309019088745117,0.20597539842128754,0.25218093395233154,0.0,553.2616577148438,0.6182888746261597,0.6523592472076416,0.17654350399971008,0.10801148414611816,93.84416198730469,0.37968704104423523,7.792417526245117,0.21971914172172546,0.40200355648994446,0.19019223749637604,0.2046036273241043,0.0,330.55670166015625,0.5084989666938782,0.5084989666938782,0.22111357748508453,0.10714485496282578,73.08045196533203,0.3743448555469513,8.475812911987305,0.26924028992652893,0.6121798157691956,0.26517975330352783,0.26517975330352783,0.0,233.07647705078125,0.4785929322242737,0.4785929322242737,0.3335323929786682,0.10232415050268173,33.0060920715332,0.37445804476737976,13.710380554199219,0.3767857849597931,0.6332976818084717,0.33031439781188965,0.33031439781188965,0.0,368.9500732421875,0.5498168468475342,0.5562666058540344,0.16709734499454498,0.13792084157466888,112.86621856689453,0.3817560374736786,17.569049835205078,0.5631123781204224,0.8329100012779236
2017,2,29.95472924179229,103.66715667227646,5721.939,457.0,1.8543341159820557,180.0,24.996177673339844,32.146358489990234,1.2129812240600586,6.285918712615967,43.26259994506836,0.23117078840732574,0.24495400488376617,0.0,402.045654296875,0.46367213129997253,0.4955798387527466,0.35984596610069275,0.09778963774442673,56.13317108154297,0.39035874605178833,12.563926696777344,0.3053710460662842,0.5006789565086365,0.20749254524707794,0.2503669559955597,0.0,563.5919799804688,0.6160126328468323,0.6160126328468323,0.2522459030151367,0.15309607982635498,85.285888671875,0.36959749460220337,7.937915325164795,0.23122820258140564,0.41689929366111755,0.18675974011421204,0.20311574637889862,0.0,336.81201171875,0.587989330291748,0.587989330291748,0.2686430513858795,0.16033874452114105,67.55157470703125,0.3635712265968323,8.636204719543457,0.28164786100387573,0.6446769833564758,0.2676212787628174,0.2676212787628174,0.0,235.66831970214844,0.4793514907360077,0.4793514907360077,0.3373802602291107,0.10312893241643906,32.38127136230469,0.36545905470848083,13.862842559814453,0.39402642846107483,0.6485550999641418,0.3314759433269501,0.3314759433269501,0.0,372.56781005859375,0.45883679389953613,0.490782231092453,0.1390952169895172,0.10495908558368683,108.71138763427734,0.374182790517807,17.74132537841797,0.5888828635215759,0.9076924920082092
2017,2,29.2111919775344,105.33532867187584,5727.9004,317.0,5.623747825622559,228.88473510742188,32.968238830566406,24.627601623535156,1.280639886856079,6.293509006500244,27.51924705505371,0.24693702161312103,0.25398963689804077,0.0,451.2080993652344,0.3827265799045563,0.3827265799045563,0.1573764532804489,0.07303602248430252,59.53693771362305,0.3808516561985016,14.100253105163574,0.3592993915081024,0.7222298979759216,0.19034337997436523,0.21476013958454132,0.0,707.8795776367188,0.3743366003036499,0.3822087049484253,0.17283083498477936,0.05204140767455101,53.02757263183594,0.3534194529056549,9.970134735107422,0.284446656703949,0.4724218249320984,0.10286464542150497,0.10571376979351044,0.0,410.3889465332031,0.3446063995361328,0.3446063995361328,0.11028289049863815,0.061407726258039474,58.75727844238281,0.3456517457962036,10.522793769836426,0.3249760568141937,0.6139770150184631,0.2517835199832916,0.2517835199832916,0.0,261.9418029785156,0.4817887544631958,0.4817887544631958,0.3436189293861389,0.09510146826505661,33.016212463378906,0.364249050617218,15.408341407775879,0.46284934878349304,0.8143535852432251,0.33367738127708435,0.33367738127708435,0.0,406.43048095703125,0.5428465008735657,0.5428465008735657,0.4212815761566162,0.13631607592105865,75.56973266601562,0.3385697603225708,19.353832244873047,0.7089117169380188,1.3798822164535522
2017,2,29.226281575499268,105.34799251886761,5727.9004,310.0,6.464860916137695,180.0,31.569334030151367,24.315980911254883,1.2891554832458496,6.462050914764404,29.81193733215332,0.24680380523204803,0.25356730818748474,0.0,451.19482421875,0.4069429934024811,0.4069429934024811,0.0830090194940567,0.09029128402471542,59.63105773925781,0.38092079758644104,14.099838256835938,0.3596864938735962,0.7254714965820312,0.19051441550254822,0.21432219445705414,0.0,708.1726684570312,0.3447898030281067,0.35414108633995056,0.044833775609731674,0.0725163146853447,52.650230407714844,0.35327330231666565,9.974263191223145,0.2852115035057068,0.47420454025268555,0.1030554324388504,0.10590119659900665,0.0,410.552001953125,0.36809054017066956,0.36809054017066956,0.07379928976297379,0.08029704540967941,58.650291442871094,0.34548330307006836,10.52697467803955,0.32561996579170227,0.6161152124404907,0.25220373272895813,0.25220373272895813,0.0,262.00439453125,0.4819900691509247,0.4819900691509247,0.34416863322257996,0.09527409821748734,33.1359748840332,0.3641941547393799,15.412023544311523,0.46356695890426636,0.8170371651649475,0.3330649137496948,0.3330649137496948,0.0,406.4664001464844,0.5418698787689209,0.5418698787689209,0.4206545054912567,0.13596650958061218,75.61542510986328,0.33840206265449524,19.35554313659668,0.7095156311988831,1.3822118043899536
2017,2,29.217390127998694,105.3458387730588,5727.9004,330.0,4.746767520904541,12.906754493713379,32.75639343261719,24.254375457763672,1.2791181802749634,6.300000190734863,28.530860900878906,0.24689126014709473,0.2538549304008484,0.0,451.2429504394531,0.37547674775123596,0.37547674775123596,0.11009255051612854,0.07371821999549866,59.69194412231445,0.38090914487838745,14.10134220123291,0.3593861162662506,0.7235908508300781,0.19041657447814941,0.21458443999290466,0.0,708.2021484375,0.3684326410293579,0.393069863319397,0.12271619588136673,0.0640391930937767,52.83070755004883,0.3533664047718048,9.974678039550781,0.28484559059143066,0.4732750952243805,0.1028653159737587,0.10570818185806274,0.0,410.5533752441406,0.34887900948524475,0.34887900948524475,0.11373762786388397,0.07068564742803574,58.738525390625,0.34558436274528503,10.527009963989258,0.3252672553062439,0.6146020889282227,0.2519720196723938,0.2519720196723938,0.0,262.0003662109375,0.4818439185619354,0.4818439185619354,0.3439302444458008,0.09517348557710648,33.10234069824219,0.36424294114112854,15.411787033081055,0.46319812536239624,0.8156880140304565,0.3334245979785919,0.3334245979785919,0.0,406.486083984375,0.5424252152442932,0.5424252152442932,0.42106473445892334,0.13616357743740082,75.57613372802734,0.33842703700065613,19.35647964477539,0.7091922760009766,1.3810827732086182
2017,2,30.189995872473148,103.61029421564292,5729.517,522.0,15.809435844421387,46.6821403503418,20.099878311157227,32.699459075927734,1.2018074989318848,6.942708492279053,46.131683349609375,0.22492404282093048,0.2407238930463791,0.0,394.8187561035156,0.4416281580924988,0.47633400559425354,0.3425913453102112,0.09505431354045868,56.1051139831543,0.38273221254348755,12.338086128234863,0.30182474851608276,0.48126164078712463,0.21310776472091675,0.25020554661750793,0.0,544.520751953125,0.4942658841609955,0.4942658841609955,0.132219597697258,0.1122761219739914,80.5945053100586,0.3597871661186218,7.66930627822876,0.23213030397891998,0.4218723475933075,0.1957654356956482,0.21935220062732697,0.0,328.7122497558594,0.4740768373012543,0.4740768373012543,0.18541380763053894,0.08765063434839249,62.94578170776367,0.3525736629962921,8.428519248962402,0.2848508059978485,0.6631169319152832,0.2726674973964691,0.2726674973964691,0.0,232.796630859375,0.471815288066864,0.471815288066864,0.3373895287513733,0.10415057837963104,32.581634521484375,0.3530774712562561,13.693920135498047,0.3963431417942047,0.6295611262321472,0.33535826206207275,0.33535826206207275,0.0,369.69854736328125,0.6692338585853577,0.6869044899940491,0.2692921757698059,0.21252119541168213,109.52201843261719,0.3665260970592499,17.604692459106445,0.589316725730896,0.8753503561019897
2017,2,30.988509393618966,105.35015072377749,5738.0576,389.0,26.05521011352539,173.3465576171875,31.364450454711914,24.293134689331055,1.1959885358810425,7.31443977355957,58.82054138183594,0.2502804398536682,0.2629963159561157,0.0,429.3656005859375,0.4695834815502167,0.4872221350669861,0.3917175233364105,0.10181070119142532,33.960899353027344,0.3566770553588867,13.417675018310547,0.42035332322120667,0.8917456269264221,0.2196776270866394,0.28396859765052795,0.0,637.7579956054688,0.4173695743083954,0.4570297300815582,0.0611112117767334,0.07719000428915024,39.21646499633789,0.3203486502170563,8.98250675201416,0.3211435079574585,0.5502796173095703,0.20537874102592468,0.22982057929039001,0.0,376.98175048828125,0.46482405066490173,0.46482405066490173,0.08143098652362823,0.0925450250506401,49.48997116088867,0.322418212890625,9.66619873046875,0.359794944524765,0.8579519987106323,0.2854853868484497,0.2854853868484497,0.0,253.64517211914062,0.5943925380706787,0.6009161472320557,0.1741681545972824,0.12872448563575745,32.710323333740234,0.32414472103118896,14.920304298400879,0.5288187861442566,0.8567180037498474,0.3693946599960327,0.3693946599960327,0.0,396.4511413574219,0.6270310878753662,0.627606987953186,0.20800329744815826,0.15241050720214844,97.25689697265625,0.3406434655189514,18.878625869750977,0.7764412760734558,1.5018261671066284
2017,2,29.746676504840615,105.24397060949283,5747.2085,367.0,9.806112289428711,229.03457641601562,21.333942413330078,32.28495407104492,1.2702172994613647,7.1971755027771,31.856534957885742,0.2467968612909317,0.2504333555698395,0.0,447.11669921875,0.4508345127105713,0.4547971487045288,0.3904019296169281,0.09898465126752853,49.039737701416016,0.373739629983902,13.972396850585938,0.3851519823074341,0.8150235414505005,0.19971424341201782,0.22572197020053864,0.0,693.6399536132812,0.43278422951698303,0.44833093881607056,0.21183986961841583,0.07765112817287445,45.29641342163086,0.3422011733055115,9.769577026367188,0.30079129338264465,0.5065464377403259,0.13101908564567566,0.13920879364013672,0.0,403.7441101074219,0.41772979497909546,0.42253410816192627,0.16641058027744293,0.07726956903934479,53.009910583496094,0.3358360826969147,10.352413177490234,0.34220176935195923,0.7295704483985901,0.2662045657634735,0.2662045657634735,0.0,260.5920715332031,0.49508658051490784,0.49508658051490784,0.35647305846214294,0.10269518941640854,33.73717498779297,0.35307052731513977,15.32894515991211,0.48502805829048157,0.8575581312179565,0.32638290524482727,0.32638290524482727,0.0,403.369873046875,0.4514741599559784,0.4713788628578186,0.17249348759651184,0.09184680879116058,83.50013732910156,0.34287628531455994,19.20808982849121,0.723922610282898,1.4340977668762207
2017,2,29.27991118386907,103.48794094183741,5750.168,532.0,13.656183242797852,66.43696594238281,25.90074348449707,27.011886596679688,1.243628740310669,6.0,43.43391799926758,0.24118639528751373,0.25259214639663696,0.009485109709203243,378.3626403808594,0.47094714641571045,0.47094714641571045,0.0825098529458046,0.08700689673423767,71.64842987060547,0.4223935902118683,11.823535919189453,0.249080628156662,0.4035245478153229,0.1940043419599533,0.2520035207271576,0.2696214020252228,515.9959716796875,0.38482406735420227,0.43827858567237854,0.056845251470804214,0.06273500621318817,113.69161987304688,0.4114238917827606,7.263751029968262,0.18699631094932556,0.3519837558269501,0.172998309135437,0.17656448483467102,0.19030562043190002,302.8254089355469,0.43340998888015747,0.43340998888015747,0.09553508460521698,0.0657535269856453,91.81890106201172,0.41001808643341064,7.75987434387207,0.22809746861457825,0.5000085234642029,0.24967919290065765,0.24967919290065765,0.0,220.58433532714844,0.48879507184028625,0.48879507184028625,0.3193870484828949,0.09763452410697937,37.26614761352539,0.40938475728034973,12.97554874420166,0.3243247866630554,0.6175703406333923,0.33228132128715515,0.33228132128715515,0.0,351.31292724609375,0.47927430272102356,0.5368623733520508,0.10752777010202408,0.11042098701000214,117.01541900634766,0.4093020558357239,16.72918701171875,0.4954551160335541,0.7976855039596558
2017,2,31.051030449489332,105.45821703780774,5754.5913,362.0,1.0824906826019287,270.0,30.382125854492188,24.44655990600586,1.2846254110336304,7.3203206062316895,27.31229019165039,0.24675361812114716,0.2585406005382538,0.0,430.2568359375,0.46574169397354126,0.4834965765476227,0.39421138167381287,0.10097360610961914,33.71295166015625,0.3563966751098633,13.445526123046875,0.42514094710350037,0.9099540114402771,0.21900096535682678,0.2809211015701294,0.0,640.988525390625,0.35434144735336304,0.35434144735336304,0.13928773999214172,0.06130082532763481,37.46344757080078,0.31899121403694153,9.028007507324219,0.32662785053253174,0.5649495124816895,0.20617453753948212,0.22927619516849518,0.0,379.1263427734375,0.49815434217453003,0.49815434217453003,0.09835229814052582,0.08662105351686478,49.89698791503906,0.32215040922164917,9.72118854522705,0.36422425508499146,0.864426851272583,0.28612589836120605,0.28612589836120605,0.0,254.55848693847656,0.474117636680603,0.474117636680603,0.1722271740436554,0.09063354879617691,32.44252014160156,0.32311853766441345,14.974028587341309,0.5370843410491943,0.8730785846710205,0.3712618350982666,0.3712618350982666,0.0,397.3525085449219,0.6225046515464783,0.6436382532119751,0.21005932986736298,0.15297134220600128,98.38307189941406,0.33959487080574036,18.921546936035156,0.784204363822937,1.523535132408142
2017,2,29.2014889736421,105.58918975394955,5761.531,385.0,5.9355597496032715,20.900075912475586,30.716978073120117,27.859073638916016,1.2799999713897705,6.038054466247559,31.175893783569336,0.2492912858724594,0.2586699426174164,0.0,450.5395202636719,0.4235621690750122,0.4235621690750122,0.11990907043218613,0.08503249287605286,70.94624328613281,0.38558435440063477,14.079360008239746,0.3472975790500641,0.6983423233032227,0.18964068591594696,0.21581736207008362,0.0,707.694091796875,0.44037696719169617,0.44037696719169617,0.162342831492424,0.08732462674379349,53.579586029052734,0.3583047091960907,9.967521667480469,0.28359755873680115,0.4689776301383972,0.09999033808708191,0.1040259301662445,0.0,410.2633361816406,0.4978639781475067,0.4978639781475067,0.216153085231781,0.11693356186151505,62.58892059326172,0.3519919812679291,10.519572257995605,0.3210756480693817,0.6058802604675293,0.25343888998031616,0.25343888998031616,0.0,261.3686218261719,0.48198628425598145,0.48198628425598145,0.34658360481262207,0.09560181945562363,36.654842376708984,0.369992196559906,15.374625205993652,0.45800724625587463,0.817726194858551,0.3353842496871948,0.3353842496871948,0.0,405.57073974609375,0.5459438562393188,0.5459438562393188,0.4255850315093994,0.13716235756874084,79.951904296875,0.3436265289783478,19.312891006469727,0.6913285255432129,1.345656156539917
2017,2,29.191518423686603,105.46953423628139,5762.452,412.0,19.014209747314453,48.879268646240234,38.72507858276367,24.350610733032227,1.2569787502288818,6.1236958503723145,34.06935501098633,0.24741505086421967,0.2558194100856781,0.0,452.4490051269531,0.5552104711532593,0.5552104711532593,0.21502500772476196,0.10759362578392029,62.727596282958984,0.3815630078315735,14.139031410217285,0.3566967844963074,0.7181654572486877,0.19016696512699127,0.2155667245388031,0.0,713.3973388671875,0.39151284098625183,0.39151284098625183,0.15718449652194977,0.06004664674401283,52.34968948364258,0.35380980372428894,10.047849655151367,0.2857825756072998,0.4731670916080475,0.10021550953388214,0.10292192548513412,0.0,413.020263671875,0.3807552754878998,0.3807552754878998,0.08710530400276184,0.05714412406086922,59.636207580566406,0.34592223167419434,10.590263366699219,0.3248164653778076,0.6036171913146973,0.2516120970249176,0.2516120970249176,0.0,262.8182678222656,0.4806431829929352,0.4806431829929352,0.34535571932792664,0.0948670282959938,33.89433670043945,0.36479896306991577,15.459897994995117,0.46335795521736145,0.8166502714157104,0.33459150791168213,0.33459150791168213,0.0,407.5868225097656,0.5437518954277039,0.5437518954277039,0.423488587141037,0.1365886628627777,75.13304901123047,0.33669084310531616,19.408897399902344,0.7089745998382568,1.3835691213607788
2017,2,28.847913473811218,105.53879745294456,5773.59,283.0,6.394052028656006,98.30558013916016,29.914796829223633,28.014738082885742,1.2282310724258423,5.976403713226318,35.38672637939453,0.2525480091571808,0.2710019052028656,0.0,454.7987976074219,0.47594648599624634,0.47594648599624634,0.11827052384614944,0.09137788414955139,70.01828002929688,0.38348081707954407,14.212462425231934,0.340532511472702,0.6369822025299072,0.18622837960720062,0.2271990180015564,0.0,716.8544921875,0.37651124596595764,0.41532760858535767,0.09481118619441986,0.06901250779628754,58.59308624267578,0.35949093103408813,10.096541404724121,0.272699236869812,0.43603697419166565,0.08789652585983276,0.09071988612413406,0.0,414.20477294921875,0.29951217770576477,0.29951217770576477,0.05184172838926315,0.049621134996414185,64.71446228027344,0.3523072898387909,10.620635032653809,0.3104086220264435,0.5444368720054626,0.24397870898246765,0.24397870898246765,0.0,262.71197509765625,0.47452810406684875,0.47452810406684875,0.34050506353378296,0.09125892072916031,34.33950424194336,0.369692325592041,15.453645706176758,0.44761231541633606,0.7618086338043213,0.3491799533367157,0.3491799533367157,0.0,408.3775939941406,0.5657069087028503,0.5657069087028503,0.4425921142101288,0.14439411461353302,75.07188415527344,0.3399679362773895,19.446552276611328,0.6890819668769836,1.332858920097351
2017,2,28.837670918691455,105.50295073957591,5773.59,403.0,21.47625732421875,80.52715301513672,30.034557342529297,27.923494338989258,1.2070705890655518,5.798886775970459,41.8442268371582,0.25166451930999756,0.27016615867614746,0.0,456.63177490234375,0.5733137130737305,0.5733137130737305,0.15999574959278107,0.1316588819026947,67.18233489990234,0.38126233220100403,14.269742965698242,0.34465646743774414,0.6426554322242737,0.18623709678649902,0.226824551820755,0.0,721.8450317382812,0.4845092296600342,0.5573316812515259,0.12860065698623657,0.08987616747617722,57.693687438964844,0.35701075196266174,10.166831016540527,0.2740471363067627,0.4370294511318207,0.0877881869673729,0.09012958407402039,0.0,416.6916809082031,0.39662283658981323,0.39662283658981323,0.06475798785686493,0.07467908412218094,63.53153610229492,0.3492732346057892,10.684401512145996,0.3122549057006836,0.5426480770111084,0.24290309846401215,0.24290309846401215,0.0,263.8711242675781,0.47305619716644287,0.47305619716644287,0.3403055965900421,0.09075566381216049,33.233001708984375,0.36711546778678894,15.521830558776855,0.4504241347312927,0.7585023641586304,0.3495599329471588,0.3495599329471588,0.0,409.96319580078125,0.565843403339386,0.565843403339386,0.44298556447029114,0.14433594048023224,73.16568756103516,0.3363858461380005,19.522056579589844,0.6971098184585571,1.3471205234527588
2017,2,29.169419118865722,105.36092837102366,5778.144,305.0,8.400132179260254,228.873046875,37.602603912353516,28.587587356567383,1.2834099531173706,6.394993782043457,28.422334671020508,0.24743478000164032,0.255692720413208,0.0,451.7327575683594,0.4403087794780731,0.4403087794780731,0.13078825175762177,0.0996055006980896,60.6281852722168,0.3809879720211029,14.11664867401123,0.35733142495155334,0.7131147384643555,0.1898784190416336,0.21609197556972504,0.0,709.4302978515625,0.42978113889694214,0.42978113889694214,0.1562122404575348,0.0912831500172615,53.62772750854492,0.3539220988750458,9.991975784301758,0.28322216868400574,0.4686352610588074,0.10136979073286057,0.10416984558105469,0.0,411.07379150390625,0.3840588629245758,0.3840588629245758,0.13427771627902985,0.07544563710689545,59.36436080932617,0.34615758061408997,10.540353775024414,0.3234200179576874,0.6047890782356262,0.2507454454898834,0.2507454454898834,0.0,262.1506652832031,0.48086807131767273,0.48086807131767273,0.3430415689945221,0.09460970759391785,33.10055923461914,0.36460140347480774,15.420626640319824,0.46139830350875854,0.8091908693313599,0.33545491099357605,0.33545491099357605,0.0,406.8130187988281,0.5454609990119934,0.5454609990119934,0.42360737919807434,0.13723140954971313,75.28861236572266,0.33818888664245605,19.37204933166504,0.7075393199920654,1.3759889602661133
2017,2,29.200681876351435,105.3916515772819,5778.144,299.0,2.975761890411377,339.10003662109375,36.025753021240234,25.68899154663086,1.2899845838546753,6.299927234649658,27.478599548339844,0.2471579760313034,0.2548220753669739,0.0,451.73126220703125,0.37419548630714417,0.37419548630714417,0.2362118512392044,0.06383555382490158,60.91382598876953,0.38115689158439636,14.116601943969727,0.35809624195098877,0.72001051902771,0.19024334847927094,0.21516528725624084,0.0,710.1932983398438,0.3273029029369354,0.3273029029369354,0.20826050639152527,0.05338380113244057,52.79893112182617,0.353618860244751,10.00272274017334,0.2849036157131195,0.4725061058998108,0.10172325372695923,0.10451295971870422,0.0,411.487548828125,0.30378836393356323,0.30378836393356323,0.18111269176006317,0.04820477217435837,59.15635681152344,0.34580346941947937,10.550962448120117,0.3248029053211212,0.6091297268867493,0.2516477704048157,0.2516477704048157,0.0,262.3062744140625,0.48127713799476624,0.48127713799476624,0.34426483511924744,0.09497682750225067,33.38178634643555,0.36449727416038513,15.429780006408691,0.46295779943466187,0.8150669932365417,0.3341541886329651,0.3341541886329651,0.0,406.91748046875,0.5433748960494995,0.5433748960494995,0.4223034977912903,0.1364835947751999,75.37696075439453,0.3377794325351715,19.377023696899414,0.708841860294342,1.3810979127883911
2017,2,30.10052400983576,103.71242992527209,5778.394,447.0,1.071937084197998,90.0,25.81692886352539,27.41307258605957,1.243634819984436,7.012252330780029,40.54063034057617,0.22959987819194794,0.24408678710460663,0.0,401.80975341796875,0.4515986442565918,0.482863187789917,0.35300934314727783,0.09659955650568008,53.33085632324219,0.3827817142009735,12.556554794311523,0.31423020362854004,0.5221032500267029,0.21074813604354858,0.2508990466594696,0.0,561.953369140625,0.5598620176315308,0.5598620176315308,0.24761417508125305,0.1404876708984375,78.76115417480469,0.3600149154663086,7.914836406707764,0.23829606175422668,0.42741861939430237,0.18962553143501282,0.20995327830314636,0.0,337.10919189453125,0.564501941204071,0.564501941204071,0.30902835726737976,0.16223640739917755,62.68635177612305,0.3532102406024933,8.64382553100586,0.29003721475601196,0.671533465385437,0.2712491452693939,0.2712491452693939,0.0,236.05714416503906,0.47783806920051575,0.47783806920051575,0.33997759222984314,0.10426390916109085,32.1588020324707,0.35531893372535706,13.885714530944824,0.405299574136734,0.6503176093101501,0.333833783864975,0.333833783864975,0.0,373.5216064453125,0.4642280340194702,0.4666934609413147,0.1861652284860611,0.13001695275306702,106.86236572265625,0.367134690284729,17.7867431640625,0.6043272614479065,0.9392158389091492
2017,2,28.961638387078306,105.33667532039397,5779.139,244.0,7.3788604736328125,180.0,36.025299072265625,27.22730255126953,1.2603564262390137,6.233499050140381,32.33848571777344,0.24957004189491272,0.2627413272857666,0.0,453.0069580078125,0.48278146982192993,0.48278146982192993,0.14571170508861542,0.11991773545742035,62.77395248413086,0.3809041678905487,14.15646743774414,0.3495287299156189,0.6676754355430603,0.1875258833169937,0.22243133187294006,0.0,710.9876708984375,0.43470361828804016,0.43470361828804016,0.09841626137495041,0.09588589519262314,57.85700225830078,0.35627955198287964,10.013911247253418,0.27471205592155457,0.4468328058719635,0.09656529128551483,0.09928151965141296,0.0,411.5050964355469,0.433907151222229,0.433907151222229,0.12899154424667358,0.09702973812818527,61.65797424316406,0.3486872911453247,10.551412582397461,0.3149263560771942,0.5663891434669495,0.24519826471805573,0.24519826471805573,0.0,262.18585205078125,0.47726500034332275,0.47726500034332275,0.33752861618995667,0.09218501299619675,32.49488830566406,0.3658856749534607,15.422696113586426,0.45267540216445923,0.7783544063568115,0.34413087368011475,0.34413087368011475,0.0,407.44927978515625,0.5588041543960571,0.5588041543960571,0.4336198568344116,0.14196166396141052,74.28897094726562,0.3384016454219818,19.402347564697266,0.6997950077056885,1.3495714664459229
2017,2,28.965410786569517,105.26876321134999,5779.139,268.0,9.454105377197266,90.0,34.034156799316406,28.079877853393555,1.2492070198059082,6.011942386627197,31.514808654785156,0.24929244816303253,0.26160702109336853,0.0,452.01544189453125,0.3306889533996582,0.3306889533996582,-0.010422797873616219,0.07195524126291275,61.50263214111328,0.3807317018508911,14.125482559204102,0.3499256372451782,0.6677469611167908,0.18752849102020264,0.22213757038116455,0.0,707.395751953125,0.3177318871021271,0.32865673303604126,0.12622584402561188,0.07671982049942017,58.681129455566406,0.3564431071281433,9.963319778442383,0.27332988381385803,0.44589951634407043,0.09855210036039352,0.10138652473688126,0.0,409.7392578125,0.40946057438850403,0.40946057438850403,0.11141414195299149,0.09944164007902145,61.40640640258789,0.34894612431526184,10.506134986877441,0.3143000602722168,0.568356990814209,0.24499273300170898,0.24499273300170898,0.0,261.58502197265625,0.4780268371105194,0.4780268371105194,0.3356732726097107,0.09223325550556183,32.09164810180664,0.3657282590866089,15.387354850769043,0.4517776370048523,0.7785167694091797,0.3438931405544281,0.3438931405544281,0.0,406.6703186035156,0.5588717460632324,0.5588717460632324,0.4323481023311615,0.14202751219272614,74.5382308959961,0.3393358588218689,19.365253448486328,0.6991246342658997,1.3452470302581787
2017,2,29.27425258463224,105.30002150973463,5781.944,319.0,4.268312931060791,29.82150650024414,33.72596740722656,24.920080184936523,1.2666401863098145,6.226529121398926,30.802703857421875,0.24622417986392975,0.251574844121933,0.0,450.5484313964844,0.4567813575267792,0.4567813575267792,0.16504879295825958,0.09687893837690353,57.906715393066406,0.3806179463863373,14.079638481140137,0.3623647689819336,0.7360047698020935,0.19104298949241638,0.21279381215572357,0.0,705.8932495117188,0.40807634592056274,0.43048790097236633,0.14709174633026123,0.08269307762384415,52.01956558227539,0.35260120034217834,9.942158699035645,0.2864353656768799,0.47811880707740784,0.10485394299030304,0.10776140540838242,0.0,409.5346984863281,0.3998827338218689,0.3998827338218689,0.1725807636976242,0.08520926535129547,57.83501434326172,0.3448184132575989,10.500889778137207,0.32742610573768616,0.6280690431594849,0.25337326526641846,0.25337326526641846,0.0,261.6885681152344,0.4830746054649353,0.4830746054649353,0.34473180770874023,0.09583541750907898,32.89706802368164,0.363712340593338,15.39344596862793,0.46514031291007996,0.8216342329978943,0.33103278279304504,0.33103278279304504,0.0,405.9362487792969,0.5389018058776855,0.5389018058776855,0.4179474115371704,0.13492950797080994,75.96760559082031,0.3391009569168091,19.330297470092773,0.7110795974731445,1.386248230934143
2017,2,30.454099509666644,103.74989083322211,5783.6655,473.0,1.0758025646209717,270.0,14.852328300476074,35.17698287963867,1.2117764949798584,6.828653335571289,43.139198303222656,0.22491984069347382,0.24189859628677368,0.0,397.72772216796875,0.42555737495422363,0.4576259255409241,0.335138201713562,0.09385832399129868,48.92329406738281,0.36734968423843384,12.428991317749023,0.32685738801956177,0.5466270446777344,0.2188994437456131,0.25462520122528076,0.0,549.1866455078125,0.2554682195186615,0.2554682195186615,0.05312776565551758,0.06104721128940582,67.02368927001953,0.3407042324542999,7.735023498535156,0.24943499267101288,0.44567251205444336,0.20108263194561005,0.23118261992931366,0.0,333.0104675292969,0.7158822417259216,0.7158822417259216,0.40920233726501465,0.2625233829021454,53.24135971069336,0.332261860370636,8.53873062133789,0.30418089032173157,0.7229084372520447,0.2797674834728241,0.2797674834728241,0.0,235.15040588378906,0.6934923529624939,0.6934923529624939,0.43686068058013916,0.2801567316055298,32.04300308227539,0.3334873914718628,13.832377433776855,0.4240824282169342,0.6436278820037842,0.33970609307289124,0.33970609307289124,0.0,373.4062805175781,0.5701051354408264,0.6743255257606506,0.3187933564186096,0.15176118910312653,104.96184539794922,0.35317742824554443,17.78125,0.628302276134491,0.9709697365760803
2017,2,30.60986928676666,105.21971309976209,5783.7314,358.0,18.06831169128418,101.44795989990234,31.50200653076172,25.20496368408203,1.277132272720337,7.504557132720947,34.8966178894043,0.25512632727622986,0.26957982778549194,0.0,437.6726379394531,0.4752844274044037,0.48877331614494324,0.38738003373146057,0.10304798185825348,34.970375061035156,0.3548375070095062,13.67726993560791,0.42108139395713806,0.894890308380127,0.21888992190361023,0.2864380478858948,0.0,657.928955078125,0.45848122239112854,0.45848122239112854,0.05918404832482338,0.09417209774255753,39.19646072387695,0.320150762796402,9.26660442352295,0.31723183393478394,0.5286005139350891,0.19742612540721893,0.2218993604183197,0.0,385.8350830078125,0.43981561064720154,0.43981561064720154,0.05650565028190613,0.09760928153991699,47.733360290527344,0.3190607726573944,9.893206596374512,0.35755330324172974,0.8792335391044617,0.28645816445350647,0.28645816445350647,0.0,256.7082824707031,0.6250828504562378,0.6250828504562378,0.148034006357193,0.1528618335723877,35.214664459228516,0.3253067433834076,15.100486755371094,0.5183932781219482,0.8705445528030396,0.34781402349472046,0.34781402349472046,0.0,397.8269348144531,0.7066628932952881,0.7066628932952881,0.24872244894504547,0.23638282716274261,100.61492156982422,0.3485843241214752,18.94413948059082,0.7463611364364624,1.4908969402313232
2017,2,29.736705954885107,105.33344247213023,5785.857,380.0,8.677297592163086,77.75237274169922,22.318496704101562,30.475635528564453,1.282349944114685,7.024962425231934,33.04465866088867,0.24668286740779877,0.25017625093460083,0.0,447.2535400390625,0.4505104720592499,0.45436832308769226,0.3904496133327484,0.09893035143613815,51.47216033935547,0.3749592900276184,13.976673126220703,0.38230451941490173,0.8137428760528564,0.19947363436222076,0.22494195401668549,0.0,696.1068115234375,0.6297956705093384,0.6422951221466064,0.2964378595352173,0.1739337146282196,45.32707214355469,0.34318962693214417,9.8043212890625,0.30123603343963623,0.5082108974456787,0.13019588589668274,0.13818137347698212,0.0,404.8327941894531,0.6327190399169922,0.6460651755332947,0.27427569031715393,0.16655942797660828,53.853668212890625,0.3368988335132599,10.380328178405762,0.34159132838249207,0.7217247486114502,0.26593679189682007,0.26593679189682007,0.0,260.90045166015625,0.494768351316452,0.494768351316452,0.3562459349632263,0.10252897441387177,34.43233871459961,0.3541353940963745,15.347085952758789,0.4846704304218292,0.865904688835144,0.326194703578949,0.326194703578949,0.0,403.67132568359375,0.538882851600647,0.538882851600647,0.24951058626174927,0.14571137726306915,83.61622619628906,0.34215638041496277,19.222444534301758,0.7225502729415894,1.4348968267440796
2017,2,30.38807360036827,105.1976137949412,5787.5063,370.0,12.844178199768066,124.609375,18.157630920410156,29.795467376708984,1.261034369468689,7.0,33.38782501220703,0.2543332874774933,0.2674303948879242,0.0,441.7223205566406,0.47225716710090637,0.48314690589904785,0.3872477114200592,0.10257494449615479,36.91544723510742,0.3567805588245392,13.80382251739502,0.41770464181900024,0.8886651992797852,0.21562089025974274,0.27729031443595886,0.0,669.556640625,0.5322695970535278,0.5322695970535278,0.16470471024513245,0.1422162503004074,39.624149322509766,0.3228347599506378,9.430375099182129,0.3149881064891815,0.5226707458496094,0.18544162809848785,0.2071327567100525,0.0,391.4886779785156,0.5041520595550537,0.5041520595550537,0.1750108152627945,0.13192997872829437,47.919246673583984,0.32024478912353516,10.03817081451416,0.35591650009155273,0.8652048110961914,0.28390711545944214,0.28390711545944214,0.0,258.3813781738281,0.6181761622428894,0.6181761622428894,0.2543560564517975,0.17084334790706635,35.50631332397461,0.3292440176010132,15.198904991149902,0.5126926302909851,0.8749867677688599,0.3388260304927826,0.3388260304927826,0.0,399.28863525390625,0.5807191133499146,0.5807191133499146,0.22727374732494354,0.17144057154655457,99.10913848876953,0.349637895822525,19.013744354248047,0.7369690537452698,1.4847019910812378
2017,2,28.96460368927885,105.22752990390877,5797.498,253.0,1.0599679946899414,90.0,34.8051872253418,28.154296875,1.2507963180541992,6.105967998504639,28.996259689331055,0.24915333092212677,0.26101574301719666,0.0,451.43212890625,0.3951112627983093,0.3951112627983093,0.13223859667778015,0.0828271433711052,60.76809310913086,0.38062822818756104,14.107254028320312,0.3500535786151886,0.6671699285507202,0.1874980926513672,0.22204579412937164,0.0,705.2461547851562,0.3345724046230316,0.3345724046230316,0.09518763422966003,0.06503065675497055,59.23768615722656,0.3565759062767029,9.93304443359375,0.27237847447395325,0.44504302740097046,0.09969032555818558,0.10259521007537842,0.0,408.677734375,0.3452579379081726,0.3452579379081726,0.1236901581287384,0.06819572299718857,61.28691482543945,0.34913888573646545,10.47891616821289,0.31380414962768555,0.5690054893493652,0.24479281902313232,0.24479281902313232,0.0,261.2222900390625,0.4784393310546875,0.4784393310546875,0.33447444438934326,0.09222951531410217,31.841020584106445,0.3656514883041382,15.36601734161377,0.4511157274246216,0.7782154083251953,0.3438670337200165,0.3438670337200165,0.0,406.20794677734375,0.5590940713882446,0.5590940713882446,0.4317138195037842,0.1421317160129547,74.67533111572266,0.339901328086853,19.34323501586914,0.6986126899719238,1.342271089553833
2017,2,28.79212566053156,105.1275479400884,5815.077,308.0,3.1717379093170166,90.0,28.550981521606445,26.774560928344727,1.2571805715560913,6.286778450012207,28.582069396972656,0.2503850758075714,0.2645857632160187,0.0,450.2898864746094,0.4215928316116333,0.4215928316116333,0.09282852709293365,0.09384478628635406,61.805782318115234,0.38084471225738525,14.071558952331543,0.34208250045776367,0.6268447041511536,0.185450941324234,0.22690968215465546,0.0,700.0809936523438,0.4900839924812317,0.4900839924812317,0.1716989427804947,0.11811409145593643,64.75457000732422,0.3595392107963562,9.860296249389648,0.2622886300086975,0.42556875944137573,0.10001885890960693,0.10311957448720932,0.0,405.7721252441406,0.44515302777290344,0.44515302777290344,0.1261947751045227,0.0956556499004364,63.26786804199219,0.3524397015571594,10.404413223266602,0.3046281337738037,0.5330541133880615,0.2394839972257614,0.2394839972257614,0.0,260.1224365234375,0.47702857851982117,0.47702857851982117,0.325440913438797,0.09022324532270432,30.996170043945312,0.3667738735675812,15.301319122314453,0.44161084294319153,0.7579342126846313,0.3508976101875305,0.3508976101875305,0.0,405.266357421875,0.4237799048423767,0.4237799048423767,0.0691896304488182,0.09658103436231613,74.27140045166016,0.34113988280296326,19.298397064208984,0.690143346786499,1.310215711593628
2017,2,28.784041310321665,105.13886513856207,5815.077,300.0,2.7802884578704834,180.0,29.6026668548584,25.391590118408203,1.2305638790130615,6.194308757781982,40.84888458251953,0.2505122125148773,0.265045702457428,0.0,450.51812744140625,0.4659062922000885,0.4659062922000885,0.06789391487836838,0.10570523142814636,62.107173919677734,0.38087040185928345,14.078691482543945,0.34174129366874695,0.6252195239067078,0.18536680936813354,0.2271893173456192,0.0,700.79150390625,0.365153044462204,0.365153044462204,0.024035729467868805,0.07343777269124985,64.7531509399414,0.35959041118621826,9.8703031539917,0.2622387707233429,0.42495793104171753,0.09948145598173141,0.10255738347768784,0.0,406.10986328125,0.3421172499656677,0.3421172499656677,0.022704357281327248,0.06386779993772507,63.393306732177734,0.35247957706451416,10.413073539733887,0.3044431805610657,0.5313573479652405,0.2393246442079544,0.2393246442079544,0.0,260.2334289550781,0.4767599105834961,0.4767599105834961,0.3255871832370758,0.09012811630964279,31.046262741088867,0.3668469190597534,15.307848930358887,0.4414655864238739,0.75677889585495,0.3512499928474426,0.3512499928474426,0.0,405.4314270019531,0.6091201901435852,0.6091201901435852,0.19383887946605682,0.16776803135871887,74.19032287597656,0.34098002314567566,19.306257247924805,0.6899924874305725,1.310070276260376
2017,2,30.108880365209917,103.94877565840788,5818.258,491.0,9.07714557647705,144.15257263183594,36.22795486450195,25.808847427368164,1.2481333017349243,7.179865837097168,41.0720100402832,0.23593533039093018,0.2488144189119339,0.0,414.05072021484375,0.4545304775238037,0.4788079261779785,0.3633555471897125,0.09787110984325409,45.1094856262207,0.37399205565452576,12.939085006713867,0.3466093838214874,0.6199080348014832,0.21027091145515442,0.252127468585968,0.0,591.34228515625,0.3514232337474823,0.3514232337474823,0.01098709274083376,0.0718909204006195,67.70925903320312,0.34913262724876404,8.328764915466309,0.2576292157173157,0.4497338533401489,0.18146681785583496,0.2006094753742218,0.0,352.5719299316406,0.32285547256469727,0.35795560479164124,0.3259042799472809,0.07275155931711197,56.45450210571289,0.3421148657798767,9.040306091308594,0.30920496582984924,0.7178376913070679,0.2728733420372009,0.2728733420372009,0.0,242.35430908203125,0.4348568022251129,0.4348568022251129,0.07972367852926254,0.09791532903909683,31.115859985351562,0.34746310114860535,14.256135940551758,0.4344443082809448,0.6894577741622925,0.3338049352169037,0.3338049352169037,0.0,381.5024108886719,0.4485388994216919,0.48575258255004883,0.05869721993803978,0.12049989402294159,99.83003234863281,0.35982006788253784,18.166780471801758,0.6492353677749634,1.0903840065002441
2017,2,29.123873860705828,105.15773159511919,5819.162,390.0,8.866463661193848,71.86175537109375,34.60237503051758,29.40357780456543,1.2502440214157104,6.160876274108887,40.979408264160156,0.2474207878112793,0.2552065849304199,0.0,450.0556945800781,0.47321203351020813,0.47321203351020813,0.08855650573968887,0.10854016989469528,56.982791900634766,0.38007882237434387,14.064240455627441,0.35776981711387634,0.7022921442985535,0.18928180634975433,0.2171209305524826,0.0,701.273193359375,0.43395891785621643,0.4492740333080292,0.07465425133705139,0.08270937949419022,56.41242599487305,0.35443317890167236,9.877087593078613,0.2778733968734741,0.45984676480293274,0.10415084660053253,0.10716802626848221,0.0,407.037109375,0.4234277904033661,0.4234277904033661,0.0699133649468422,0.0889972597360611,59.006874084472656,0.3469284772872925,10.436848640441895,0.32025036215782166,0.6044090986251831,0.24891133606433868,0.24891133606433868,0.0,260.75970458984375,0.48148393630981445,0.48148393630981445,0.33788618445396423,0.09408672899007797,31.655912399291992,0.364327609539032,15.33880615234375,0.45723527669906616,0.7966763973236084,0.3371947407722473,0.3371947407722473,0.0,405.18524169921875,0.38391900062561035,0.38652554154396057,0.07367284595966339,0.08302737772464752,75.61414337158203,0.3409779965877533,19.29453468322754,0.7043513059616089,1.359836459159851
2017,2,29.932897483034626,105.08927993484775,5820.2544,397.0,3.702918291091919,59.98321533203125,14.82198715209961,37.416282653808594,1.3019310235977173,7.343450546264648,32.4065055847168,0.24898496270179749,0.2553682029247284,0.0,445.405517578125,0.4570542871952057,0.46302810311317444,0.3894861340522766,0.10002704709768295,42.11848068237305,0.3671063184738159,13.918922424316406,0.3982793986797333,0.835793673992157,0.20433251559734344,0.24069412052631378,0.0,683.1200561523438,0.3920496106147766,0.3985966742038727,0.055115729570388794,0.06807538866996765,43.73408508300781,0.33539605140686035,9.621408462524414,0.30376216769218445,0.5082536339759827,0.14681991934776306,0.15892957150936127,0.0,398.7055969238281,0.37644636631011963,0.37644636631011963,0.1273960918188095,0.07224344462156296,50.18208694458008,0.32973816990852356,10.223220825195312,0.34683191776275635,0.7756627202033997,0.27134424448013306,0.27134424448013306,0.0,259.5155029296875,0.43058881163597107,0.43058881163597107,0.2540512979030609,0.04631491377949715,33.08382797241211,0.34472590684890747,15.265617370605469,0.49308884143829346,0.8475421667098999,0.32999560236930847,0.32999560236930847,0.0,401.89410400390625,0.47722238302230835,0.5234922170639038,0.1059684008359909,0.1125490814447403,86.96493530273438,0.34512874484062195,19.137815475463867,0.7306172847747803,1.445674180984497
2017,2,29.90271382800385,105.05936382588017,5820.2544,411.0,13.17778205871582,33.93721008300781,16.273075103759766,32.48762893676758,1.298614740371704,7.176260471343994,31.460315704345703,0.24863030016422272,0.25456833839416504,0.0,445.63458251953125,0.4560461640357971,0.46169400215148926,0.3896345794200897,0.09985809028148651,41.89079284667969,0.36754125356674194,13.926080703735352,0.39759305119514465,0.8323147892951965,0.2035839706659317,0.23826737701892853,0.0,683.477783203125,0.33546748757362366,0.3871786296367645,0.020618433132767677,0.056616682559251785,44.02067947387695,0.3360495865345001,9.626447677612305,0.30284708738327026,0.5068100690841675,0.14425885677337646,0.1557331532239914,0.0,398.9521179199219,0.2881576418876648,0.3154134452342987,0.015973888337612152,0.050222642719745636,50.13349151611328,0.33015140891075134,10.229541778564453,0.346332848072052,0.7711639404296875,0.2705111801624298,0.2705111801624298,0.0,259.5203552246094,0.41616198420524597,0.41616198420524597,0.003268610220402479,0.06772734224796295,32.73801040649414,0.34556668996810913,15.265902519226074,0.4917755424976349,0.8434931039810181,0.32941004633903503,0.32941004633903503,0.0,402.0071105957031,0.42827367782592773,0.4321720600128174,0.04035419225692749,0.08145968616008759,86.06041717529297,0.3449755311012268,19.14319610595703,0.7305154204368591,1.4426745176315308
2017,2,29.944219140609317,105.09951803086646,5820.2544,425.0,7.375801086425781,120.01387786865234,13.271930694580078,40.15201950073242,1.3070274591445923,7.3719305992126465,35.085391998291016,0.24912112951278687,0.2556753158569336,0.0,445.3173522949219,0.4574413299560547,0.46354031562805176,0.38942915201187134,0.10009191185235977,42.17266845703125,0.36692753434181213,13.916167259216309,0.39857661724090576,0.8371401429176331,0.204619899392128,0.2416258156299591,0.0,682.9549560546875,0.4431379437446594,0.4645579159259796,0.14373499155044556,0.09304428845643997,43.624855041503906,0.33513614535331726,9.619084358215332,0.3041052222251892,0.5087805390357971,0.1478031873703003,0.16015677154064178,0.0,398.5987243652344,0.4306255280971527,0.4306255280971527,0.13700829446315765,0.09421253949403763,50.19125747680664,0.3295704126358032,10.220479965209961,0.3470291197299957,0.7774953246116638,0.2716640830039978,0.2716640830039978,0.0,259.509765625,0.566952109336853,0.566952109336853,0.37860503792762756,0.09974375367164612,33.20665740966797,0.3443962037563324,15.265279769897461,0.49359098076820374,0.8489894270896912,0.33022040128707886,0.33022040128707886,0.0,401.84649658203125,0.403323769569397,0.42455577850341797,0.1164623498916626,0.08640614151954651,87.31216430664062,0.3452029526233673,19.135547637939453,0.7306628227233887,1.446810007095337
2017,2,29.93774898498077,105.12458263788788,5820.2544,405.0,0.0,-0.0,13.800960540771484,36.007572174072266,1.3009659051895142,7.238575458526611,36.200584411621094,0.24904513359069824,0.25550389289855957,0.0,445.40191650390625,0.4572252929210663,0.4632544219493866,0.389460951089859,0.10005570948123932,42.872005462646484,0.3674115240573883,13.91880989074707,0.3976142108440399,0.8365792632102966,0.20445950329303741,0.2411058098077774,0.0,683.827880859375,0.3992616832256317,0.43262583017349243,0.1264336258172989,0.06915686279535294,43.667606353759766,0.3355438709259033,9.631378173828125,0.30417126417160034,0.5091305375099182,0.14725439250469208,0.15947182476520538,0.0,398.98382568359375,0.4067850112915039,0.4067850112915039,0.1288638561964035,0.08210297673940659,50.48884201049805,0.33002325892448425,10.230354309082031,0.3467773199081421,0.7751742005348206,0.2714855670928955,0.2714855670928955,0.0,259.6075134277344,0.5037573575973511,0.5037573575973511,0.29544854164123535,0.06301461160182953,33.39363479614258,0.3449113070964813,15.27103042602539,0.49329620599746704,0.851557731628418,0.33009493350982666,0.33009493350982666,0.0,401.9305114746094,0.42701196670532227,0.42701196670532227,0.17285607755184174,0.09102553874254227,87.38420104980469,0.34514403343200684,19.13954734802246,0.7299357652664185,1.4468963146209717
2017,2,29.767429161143347,105.2267228066181,5820.314,376.0,10.610934257507324,127.21817016601562,19.031246185302734,33.64929962158203,1.2799999713897705,7.300000190734863,31.689218521118164,0.24704386293888092,0.2509904205799103,0.0,446.93109130859375,0.4515365958213806,0.4557262659072876,0.3902985453605652,0.09910231828689575,48.24089813232422,0.37301620841026306,13.966596603393555,0.38663730025291443,0.8174814581871033,0.2002355456352234,0.22741203010082245,0.0,692.4812622070312,0.49483948945999146,0.5292825698852539,0.1145981177687645,0.11130974441766739,45.120338439941406,0.3414445221424103,9.753256797790527,0.3011414408683777,0.5067356824874878,0.13280268013477325,0.14143487811088562,0.0,403.18316650390625,0.478169709444046,0.4802267849445343,0.13870759308338165,0.11011826246976852,52.70942306518555,0.33518293499946594,10.338029861450195,0.3427225351333618,0.7350848317146301,0.2667847275733948,0.2667847275733948,0.0,260.4708557128906,0.49577605724334717,0.49577605724334717,0.35696515440940857,0.10305531322956085,33.66755676269531,0.35217005014419556,15.321815490722656,0.48592182993888855,0.8566271662712097,0.3267907202243805,0.3267907202243805,0.0,403.1921081542969,0.6032917499542236,0.6032917499542236,0.22255879640579224,0.16509531438350677,83.95790100097656,0.3432191014289856,19.199623107910156,0.7245407700538635,1.4354897737503052
2017,2,29.100699912531073,105.01813051843897,5832.3022,309.0,6.464860916137695,-0.0,29.67245101928711,29.699007034301758,1.2699999809265137,6.0,28.7794246673584,0.2472701519727707,0.2543569803237915,0.0,448.6300354003906,0.44204476475715637,0.44204476475715637,0.11370778828859329,0.10854044556617737,54.508934020996094,0.3795502781867981,14.019688606262207,0.35804280638694763,0.6963549256324768,0.18895761668682098,0.2175310254096985,0.0,695.1083984375,0.4261470139026642,0.4261470139026642,0.13879114389419556,0.08418480306863785,58.35232162475586,0.3548404276371002,9.790258407592773,0.2742827832698822,0.4547092914581299,0.10669182240962982,0.10988835990428925,0.0,403.9857482910156,0.41483965516090393,0.41483965516090393,0.1452491730451584,0.08115971833467484,58.72782897949219,0.34752410650253296,10.35860824584961,0.3181702792644501,0.604643702507019,0.2478047013282776,0.2478047013282776,0.0,259.7107849121094,0.4822123944759369,0.4822123944759369,0.33411744236946106,0.09382622689008713,30.709638595581055,0.36412686109542847,15.277105331420898,0.4545137286186218,0.7904492616653442,0.33802157640457153,0.33802157640457153,0.0,403.9185791015625,0.5217444896697998,0.543332040309906,0.18045923113822937,0.11745958030223846,75.91201782226562,0.3428924083709717,19.23421859741211,0.702251136302948,1.3488649129867554
2017,2,29.125492514388235,105.04022982325985,5832.3022,311.0,2.8173279762268066,48.860992431640625,28.238134384155273,29.474441528320312,1.2799999713897705,6.297199726104736,31.1496524810791,0.24711500108242035,0.2539358139038086,0.0,448.88177490234375,0.48165926337242126,0.4848618805408478,0.3887645900249481,0.10173866897821426,54.5139045715332,0.37954896688461304,14.027555465698242,0.3591213822364807,0.7021939158439636,0.18925505876541138,0.21684911847114563,0.0,696.20654296875,0.22880133986473083,0.22880133986473083,0.32560670375823975,0.030126024037599564,57.47782897949219,0.35440734028816223,9.805726051330566,0.2758800983428955,0.45765921473503113,0.10647248476743698,0.10963033884763718,0.0,404.57720947265625,0.20467612147331238,0.20467612147331238,0.33926883339881897,0.026977775618433952,58.47385025024414,0.3470330834388733,10.373774528503418,0.3195510804653168,0.6095466613769531,0.24859441816806793,0.24859441816806793,0.0,259.92791748046875,0.48235175013542175,0.48235175013542175,0.33559122681617737,0.0941137969493866,30.880773544311523,0.3639853000640869,15.289876937866211,0.4559767544269562,0.7935245037078857,0.33701977133750916,0.33701977133750916,0.0,404.1289367675781,0.2396598607301712,0.248342826962471,0.34412091970443726,0.027353765442967415,75.94701385498047,0.34260761737823486,19.244234085083008,0.7035363912582397,1.3539183139801025
2017,2,29.712992455482887,105.3622750195418,5839.7505,378.0,10.550531387329102,64.2422103881836,21.599023818969727,32.52149200439453,1.2716968059539795,7.079232692718506,30.740327835083008,0.24640421569347382,0.2495478093624115,0.0,447.460205078125,0.4497183561325073,0.45332011580467224,0.39056625962257385,0.09879759699106216,52.63764953613281,0.37585049867630005,13.983131408691406,0.3803693652153015,0.8108202219009399,0.1988854855298996,0.22303523123264313,0.0,697.6087036132812,0.4703444838523865,0.4886825382709503,0.12205152958631516,0.09243541955947876,45.51941680908203,0.3441053330898285,9.825474739074707,0.3008953332901001,0.5082082748413086,0.12818363308906555,0.13566990196704865,0.0,405.5545959472656,0.49798136949539185,0.5003430247306824,0.140550434589386,0.0900375097990036,54.254093170166016,0.3376845419406891,10.398835182189941,0.340962290763855,0.714513897895813,0.2652822434902191,0.2652822434902191,0.0,261.066650390625,0.4939904808998108,0.4939904808998108,0.35569074749946594,0.10212267935276031,34.5843620300293,0.35517963767051697,15.35686206817627,0.4836874306201935,0.8676570057868958,0.32573461532592773,0.32573461532592773,0.0,403.9108581542969,0.5434011816978455,0.5434011816978455,0.21460887789726257,0.12620174884796143,83.06063079833984,0.3415999412536621,19.233850479125977,0.7218850255012512,1.4333971738815308
2017,2,29.71379955277356,105.3539231232687,5839.7505,380.0,5.0922040939331055,204.72882080078125,23.198102951049805,32.19773864746094,1.2711081504821777,7.033893585205078,32.4105339050293,0.2464137077331543,0.24956922233104706,0.0,447.448974609375,0.4497453570365906,0.4533558487892151,0.3905622661113739,0.0988021269440651,52.409942626953125,0.3757413625717163,13.982780456542969,0.38063138723373413,0.8109397888183594,0.19890554249286652,0.2231002300977707,0.0,697.3841552734375,0.41936999559402466,0.4497656226158142,0.08069649338722229,0.08140019327402115,45.517459869384766,0.3440168797969818,9.822312355041504,0.30085289478302,0.5080494284629822,0.12825222313404083,0.1357555240392685,0.0,405.45526123046875,0.3973292410373688,0.3985777199268341,0.0636313334107399,0.07906432449817657,54.177669525146484,0.3375908434391022,10.396288871765137,0.3410171568393707,0.7152581214904785,0.2653045654296875,0.2653045654296875,0.0,261.03814697265625,0.49401700496673584,0.49401700496673584,0.35570967197418213,0.10213652998209,34.51935958862305,0.35508763790130615,15.355185508728027,0.4837150275707245,0.8668918013572693,0.32575029134750366,0.32575029134750366,0.0,403.8821716308594,0.4727652370929718,0.4727652370929718,0.11734712868928909,0.11175744980573654,83.05381774902344,0.3416749835014343,19.23248291015625,0.7219981551170349,1.433322787284851
2017,2,32.844788571157956,106.00502322268865,5843.8003,1118.0,27.578248977661133,242.29656982421875,28.35870361328125,23.2198543548584,1.2345489263534546,6.334430694580078,36.72137451171875,0.2531542181968689,0.30473846197128296,6.540436267852783,213.70167541503906,0.5690694451332092,0.6314655542373657,0.3823769986629486,0.10245988517999649,60.37697219848633,0.38482287526130676,6.473788738250732,0.20301255583763123,0.4011639952659607,0.2040639966726303,0.23467248678207397,27.580934524536133,150.8063507080078,0.4954683184623718,0.4954683184623718,0.05337057262659073,0.12175404280424118,62.30779266357422,0.3722308278083801,1.7355691194534302,0.17219972610473633,0.4021913409233093,0.18546675145626068,0.2016964554786682,9.837484359741211,122.82548522949219,0.4015778601169586,0.42371663451194763,0.1986890286207199,0.07326614111661911,88.7831802368164,0.3848585784435272,2.897128105163574,0.21026648581027985,0.5223074555397034,0.218019038438797,0.218019038438797,0.0,144.1158447265625,0.4386115074157715,0.4386115074157715,0.12157153338193893,0.08127544075250626,23.117319107055664,0.3790441155433655,8.477402687072754,0.31304246187210083,0.5742979049682617,0.40857943892478943,0.40857943892478943,0.0,266.1661682128906,0.5220029950141907,0.5220029950141907,0.16398052871227264,0.13784240186214447,73.4805908203125,0.356143593788147,12.674579620361328,0.505279004573822,0.746904194355011
2017,2,28.773803214302955,105.23615380534615,5844.4976,324.0,4.324773788452148,102.35994720458984,33.79753112792969,26.526851654052734,1.2391445636749268,6.199999809265137,31.997051239013672,0.25106698274612427,0.2672897279262543,0.0,452.4123229980469,0.4143768548965454,0.4143768548965454,0.08391106128692627,0.09276551008224487,63.70161437988281,0.3809167146682739,14.137885093688965,0.3417286276817322,0.6248068809509277,0.185329869389534,0.2278318852186203,0.0,706.93994140625,0.3864894509315491,0.3864894509315491,0.03970981761813164,0.07734418660402298,63.27019500732422,0.3590942621231079,9.956900596618652,0.2645431160926819,0.4257425367832184,0.09565341472625732,0.09850435703992844,0.0,409.1584777832031,0.3852989077568054,0.3852989077568054,0.0657670795917511,0.08263425529003143,63.675086975097656,0.3518174886703491,10.491243362426758,0.3056522011756897,0.529939591884613,0.23963846266269684,0.23963846266269684,0.0,261.2748718261719,0.47526815533638,0.47526815533638,0.32902589440345764,0.09000378102064133,31.555551528930664,0.3670152425765991,15.369110107421875,0.4429854154586792,0.75348961353302,0.3518182337284088,0.3518182337284088,0.0,406.8023986816406,0.5714080929756165,0.5714080929756165,0.4406929910182953,0.14650540053844452,73.7450942993164,0.3396528959274292,19.371543884277344,0.6912325620651245,1.3175565004348755
2017,2,28.769758809647477,105.21944555369888,5844.4976,348.0,6.957163333892822,142.74526977539062,34.31494140625,27.371301651000977,1.2349920272827148,6.0338134765625,35.3213996887207,0.2510296106338501,0.2670918107032776,0.0,452.1077575683594,0.3706645667552948,0.3706645667552948,0.11227819323539734,0.07947517186403275,63.51959228515625,0.38092008233070374,14.12836742401123,0.34145841002464294,0.6235272884368896,0.18526732921600342,0.2279023379087448,0.0,705.90966796875,0.34743595123291016,0.34743595123291016,0.05606062710285187,0.06560991704463959,63.66141128540039,0.3592643439769745,9.942389488220215,0.26388663053512573,0.4249943196773529,0.09620342403650284,0.09909253567457199,0.0,408.6358947753906,0.3602815568447113,0.3602815568447113,0.09862618148326874,0.07199986279010773,63.70315170288086,0.3520219624042511,10.477843284606934,0.3051769435405731,0.5289220213890076,0.23941859602928162,0.23941859602928162,0.0,261.0927429199219,0.47543156147003174,0.47543156147003174,0.3282426595687866,0.0899549052119255,31.458263397216797,0.3670301139354706,15.358396530151367,0.4424574375152588,0.7533066868782043,0.3519708514213562,0.3519708514213562,0.0,406.5792541503906,0.5717909932136536,0.5717909932136536,0.4405279755592346,0.14665547013282776,73.79403686523438,0.3398765027523041,19.360916137695312,0.6907768845558167,1.3154447078704834
2017,2,29.945833335190667,104.30612801683105,5848.261,386.0,4.655850887298584,113.42461395263672,24.9865665435791,30.89097023010254,1.2851961851119995,7.009541034698486,36.93128967285156,0.2449948638677597,0.2532363831996918,0.0,434.7270812988281,0.4591144621372223,0.47122758626937866,0.3826594054698944,0.09958313405513763,34.555397033691406,0.36666399240493774,13.585221290588379,0.3887769877910614,0.7558659315109253,0.2052716165781021,0.2437564730644226,0.0,643.5165405273438,0.48792213201522827,0.48792213201522827,0.12825509905815125,0.10061044991016388,53.651214599609375,0.33929476141929626,9.063612937927246,0.28324559330940247,0.4777146875858307,0.1569172888994217,0.1701689064502716,0.0,379.3542175292969,0.2705265283584595,0.295541375875473,0.31725916266441345,0.06366685777902603,49.73102569580078,0.3321627080440521,9.727030754089355,0.3338793218135834,0.7654739618301392,0.2707090973854065,0.2707090973854065,0.0,252.5526885986328,0.4484965205192566,0.4484965205192566,0.24755455553531647,0.10430948436260223,29.19797134399414,0.34437549114227295,14.856040000915527,0.4706152379512787,0.7517346143722534,0.3305028975009918,0.3305028975009918,0.0,394.1875915527344,0.5266315340995789,0.5888428688049316,0.35608112812042236,0.11233098059892654,88.2650375366211,0.3521740138530731,18.770837783813477,0.7082489132881165,1.3104333877563477
2017,2,29.10959136003164,105.28385280931485,5849.1924,327.0,1.4093908071517944,131.14344787597656,34.155303955078125,26.46295928955078,1.2799758911132812,6.208715915679932,27.88085174560547,0.2478770762681961,0.256995290517807,0.0,451.3994445800781,0.3777320086956024,0.3777320086956024,0.08209015429019928,0.08181548863649368,59.79289245605469,0.3806516230106354,14.106232643127441,0.3558337688446045,0.6997142434120178,0.18917205929756165,0.21778824925422668,0.0,706.8529663085938,0.40900692343711853,0.40900692343711853,0.07543621212244034,0.09030824154615402,55.50991439819336,0.354604035615921,9.95567512512207,0.2795296907424927,0.4609386920928955,0.10135873407125473,0.10421894490718842,0.0,409.7264709472656,0.3713541626930237,0.3713541626930237,0.06246979162096977,0.0825386717915535,59.72223663330078,0.34696832299232483,10.505806922912598,0.32050296664237976,0.5965418219566345,0.24892693758010864,0.24892693758010864,0.0,261.6624755859375,0.48033371567726135,0.48033371567726135,0.34004148840904236,0.09391459077596664,32.46244812011719,0.3647759258747101,15.3919095993042,0.4580824375152588,0.7983127236366272,0.33789509534835815,0.33789509534835815,0.0,406.3663635253906,0.5495268702507019,0.5495268702507019,0.42570292949676514,0.13870306313037872,75.19476318359375,0.339221328496933,19.350778579711914,0.7047741413116455,1.3646817207336426
2017,2,29.06970916020962,105.29436291049782,5849.1924,332.0,6.464860916137695,180.0,37.14147186279297,26.065343856811523,1.2754319906234741,6.121060848236084,30.98862075805664,0.24831010401248932,0.25844842195510864,0.0,451.7477111816406,0.3083076775074005,0.3083076775074005,0.07763008773326874,0.05425753816962242,60.545440673828125,0.3807240128517151,14.11711597442627,0.354108065366745,0.691047728061676,0.18872787058353424,0.21901631355285645,0.0,707.704833984375,0.412399023771286,0.412399023771286,0.18557493388652802,0.08340708911418915,56.21342849731445,0.35508549213409424,9.967673301696777,0.27812308073043823,0.4570969045162201,0.10023649781942368,0.10306806117296219,0.0,410.0745849609375,0.46304553747177124,0.46304553747177124,0.20491871237754822,0.10500497370958328,60.23853302001953,0.34746891260147095,10.51473331451416,0.3189338445663452,0.5883778929710388,0.2479025423526764,0.2479025423526764,0.0,261.7584228515625,0.4795711636543274,0.4795711636543274,0.3392026424407959,0.0934518352150917,32.45319366455078,0.36507198214530945,15.397555351257324,0.4565493166446686,0.7931142449378967,0.3395579755306244,0.3395579755306244,0.0,406.5990905761719,0.552037239074707,0.552037239074707,0.4277302324771881,0.13958846032619476,74.9690170288086,0.3390507400035858,19.361860275268555,0.7033668160438538,1.3602521419525146
2017,2,29.08479875817448,105.0666410787994,5858.725,274.0,5.086752414703369,24.59444808959961,33.16066360473633,27.479202270507812,1.2631397247314453,6.096749782562256,35.16752243041992,0.24753627181053162,0.2553292512893677,0.0,449.1446838378906,0.37733083963394165,0.37733083963394165,0.13353709876537323,0.054585590958595276,55.77293395996094,0.3798075020313263,14.035771369934082,0.35676437616348267,0.6929714679718018,0.1887948364019394,0.21809299290180206,0.0,697.2171630859375,0.4214426875114441,0.4214426875114441,0.27197834849357605,0.06376317888498306,58.274715423583984,0.3550797700881958,9.819960594177246,0.27442610263824463,0.45407676696777344,0.10550705343484879,0.10864698886871338,0.0,404.9788513183594,0.4928407669067383,0.4928407669067383,0.24232131242752075,0.07767201215028763,59.14636993408203,0.34772613644599915,10.384073257446289,0.31776243448257446,0.5992439389228821,0.24751195311546326,0.24751195311546326,0.0,260.03717041015625,0.4816371202468872,0.4816371202468872,0.33453670144081116,0.09363886713981628,31.0079345703125,0.36438241600990295,15.296303749084473,0.454342246055603,0.7899933457374573,0.3387199938297272,0.3387199938297272,0.0,404.37371826171875,0.4137589931488037,0.4295826852321625,0.22559644281864166,0.07946953177452087,75.7087631225586,0.3422081470489502,19.255891799926758,0.7019560933113098,1.3491425514221191
2017,2,29.11390331075032,105.05505187516148,5858.725,300.0,4.623900413513184,66.40298461914062,28.165237426757812,27.786596298217773,1.261128306388855,6.0,28.51610565185547,0.24725434184074402,0.2544116973876953,0.0,449.0256652832031,0.4113314747810364,0.4113314747810364,0.09760367125272751,0.11188164353370667,55.03104782104492,0.3796578347682953,14.032052040100098,0.3583519160747528,0.699532687664032,0.1891237497329712,0.21722397208213806,0.0,696.80029296875,0.4668564200401306,0.4668564200401306,0.14920996129512787,0.11491668969392776,57.64594650268555,0.3546057641506195,9.814088821411133,0.27557826042175293,0.45676031708717346,0.10605932772159576,0.10920386761426926,0.0,404.8394470214844,0.37791237235069275,0.37791237235069275,0.10739986598491669,0.08549034595489502,58.701744079589844,0.3472297191619873,10.380498886108398,0.3190734088420868,0.6062387228012085,0.24830025434494019,0.24830025434494019,0.0,260.00885009765625,0.4820951819419861,0.4820951819419861,0.3354196548461914,0.09397511184215546,30.965496063232422,0.3641216456890106,15.294638633728027,0.4555785059928894,0.7927200794219971,0.3375207781791687,0.3375207781791687,0.0,404.26220703125,0.5039202570915222,0.5134860277175903,0.16799861192703247,0.13071221113204956,75.85844421386719,0.34239235520362854,19.250581741333008,0.7031263709068298,1.3528865575790405
2017,2,29.016614643966243,105.05639852367962,5860.1406,297.0,5.367830276489258,279.92047119140625,33.53739929199219,27.278398513793945,1.2899999618530273,6.0,29.588809967041016,0.248103529214859,0.2570774555206299,0.0,449.01324462890625,0.46305051445961,0.46305051445961,0.14434204995632172,0.09628836065530777,56.7752571105957,0.38001149892807007,14.03166389465332,0.35333797335624695,0.6771683096885681,0.18799693882465363,0.22007955610752106,0.0,696.4981689453125,0.3498757481575012,0.3498757481575012,0.07929385453462601,0.058390624821186066,60.157779693603516,0.35623297095298767,9.809833526611328,0.2709801197052002,0.44694939255714417,0.1050075814127922,0.10818643867969513,0.0,404.4755859375,0.32395613193511963,0.32395613193511963,0.0570828914642334,0.05530979484319687,60.04988098144531,0.34897780418395996,10.371169090270996,0.31435510516166687,0.5839629769325256,0.2455098181962967,0.2455098181962967,0.0,259.8212890625,0.4808472692966461,0.4808472692966461,0.33160528540611267,0.0928424745798111,30.863832473754883,0.3649035394191742,15.283604621887207,0.4509393572807312,0.7826440930366516,0.34153249859809875,0.34153249859809875,0.0,404.27947998046875,0.46413084864616394,0.517895519733429,0.14062929153442383,0.09965263307094574,75.46332550048828,0.3422927260398865,19.25140380859375,0.6988524794578552,1.3381074666976929
2017,2,29.005029899429392,105.05343768058015,5860.1406,306.0,2.1357433795928955,150.24313354492188,31.934358596801758,29.022602081298828,1.2899999618530273,6.113920211791992,28.72662925720215,0.24819231033325195,0.25734543800354004,0.0,448.9712219238281,0.4284376800060272,0.4284376800060272,0.11399327218532562,0.0995376780629158,56.9195556640625,0.38004302978515625,14.030350685119629,0.3527723550796509,0.6745375990867615,0.18786415457725525,0.22040429711341858,0.0,696.30810546875,0.38720881938934326,0.38720881938934326,0.08021322637796402,0.08202692866325378,60.48793029785156,0.3564291000366211,9.807156562805176,0.27037912607192993,0.4457465410232544,0.10496479272842407,0.10815253853797913,0.0,404.35711669921875,0.3268614411354065,0.3268614411354065,0.026679273694753647,0.06585422158241272,60.19606018066406,0.34919223189353943,10.368130683898926,0.31377458572387695,0.5814481377601624,0.24517233669757843,0.24517233669757843,0.0,259.77349853515625,0.4807312786579132,0.4807312786579132,0.3310796022415161,0.09271087497472763,30.832605361938477,0.36498767137527466,15.280795097351074,0.45035484433174133,0.7814338803291321,0.34199586510658264,0.34199586510658264,0.0,404.2483825683594,0.45798251032829285,0.5181282162666321,0.10044123977422714,0.10771428793668747,75.42737579345703,0.3423241078853607,19.249923706054688,0.6983218789100647,1.336183786392212
2017,2,30.218293327758317,105.31592266409125,5860.848,303.0,1.8543341159820557,180.0,28.136686325073242,27.021202087402344,1.2842053174972534,7.257042407989502,31.225168228149414,0.25234150886535645,0.26293832063674927,0.0,443.361083984375,0.46659547090530396,0.4756544828414917,0.38808131217956543,0.10162608325481415,42.350528717041016,0.3628699779510498,13.855033874511719,0.4064697027206421,0.8712614178657532,0.21141698956489563,0.26366153359413147,0.0,678.9039916992188,0.4303700625896454,0.4303700625896454,0.12388347089290619,0.08378168195486069,41.06558609008789,0.3289792835712433,9.562027931213379,0.31228628754615784,0.5205298066139221,0.1710585355758667,0.18918141722679138,0.0,395.9181213378906,0.3953910768032074,0.3953910768032074,0.14792394638061523,0.076021209359169,50.515594482421875,0.32601213455200195,10.15174674987793,0.3517920672893524,0.8288941383361816,0.2792285978794098,0.2792285978794098,0.0,259.28717041015625,0.510564386844635,0.510564386844635,0.3675200939178467,0.11077957600355148,35.948768615722656,0.3371717035770416,15.252187728881836,0.5051305294036865,0.8842180371284485,0.33553749322891235,0.33553749322891235,0.0,400.42022705078125,0.6942326426506042,0.6942326426506042,0.35203438997268677,0.20533603429794312,96.71076965332031,0.34889987111091614,19.067630767822266,0.7294436097145081,1.4748129844665527
2017,2,29.642922141529038,103.50438164742148,5892.416,429.0,1.8543341159820557,180.0,23.2249755859375,33.11977005004883,1.2083470821380615,6.051855564117432,38.156646728515625,0.23550944030284882,0.24894781410694122,0.0,399.789306640625,0.499348521232605,0.5351298451423645,0.37649232149124146,0.10135357081890106,64.12853240966797,0.40978991985321045,12.493415832519531,0.2799678444862366,0.4337827265262604,0.20086011290550232,0.25593262910842896,0.0,559.5751342773438,0.4433206617832184,0.45623499155044556,0.2027159184217453,0.0995025709271431,104.19198608398438,0.39480412006378174,7.8813395500183105,0.21042707562446594,0.38695740699768066,0.18784493207931519,0.19538024067878723,0.0,331.7071533203125,0.5244036316871643,0.5244036316871643,0.2686990797519684,0.14079593122005463,80.90208435058594,0.390982985496521,8.505311012268066,0.2574058473110199,0.5749406814575195,0.2598763704299927,0.2598763704299927,0.0,233.29393005371094,0.4850504696369171,0.4850504696369171,0.33112460374832153,0.10131950676441193,33.4107780456543,0.39043229818344116,13.723172187805176,0.3625640571117401,0.636547327041626,0.32675012946128845,0.32675012946128845,0.0,368.35040283203125,0.5164085030555725,0.5859567523002625,0.16929399967193604,0.126663938164711,115.72161865234375,0.3936794698238373,17.540494918823242,0.5438260436058044,0.8019814491271973
2017,2,30.566210228352386,105.33721487162144,5899.8823,381.0,16.37257194519043,172.6470184326172,23.28557777404785,27.067424774169922,1.293365716934204,7.4650068283081055,35.57499694824219,0.25496193766593933,0.26944541931152344,0.0,439.51226806640625,0.47517240047454834,0.48803290724754333,0.3873516023159027,0.10302279889583588,37.1724967956543,0.3563299775123596,13.734758377075195,0.4198245704174042,0.9033190608024597,0.2185855656862259,0.2860231101512909,0.0,665.2747192382812,0.4524190425872803,0.4524190425872803,0.05558168515563011,0.07325268536806107,38.67292022705078,0.320904940366745,9.37006664276123,0.3192620575428009,0.5311645865440369,0.19637362658977509,0.22049686312675476,0.0,389.0879821777344,0.41590616106987,0.41590616106987,0.07824645191431046,0.07648169994354248,48.9999885559082,0.3204438388347626,9.976614952087402,0.3578459918498993,0.886648952960968,0.2867823541164398,0.2867823541164398,0.0,257.7660217285156,0.5545035004615784,0.5545035004615784,0.13229811191558838,0.10291904956102371,36.50251007080078,0.32724666595458984,15.162707328796387,0.5185271501541138,0.8929126262664795,0.34488046169281006,0.34488046169281006,0.0,398.2377624511719,0.6187718510627747,0.6187718510627747,0.19946928322315216,0.1478116810321808,103.79733276367188,0.3514266014099121,18.963703155517578,0.7382665872573853,1.4992127418518066
2017,2,30.612295037739745,103.6372405633089,5902.6826,533.0,1.0775600671768188,90.0,24.964378356933594,26.16558265686035,1.2200000286102295,6.900000095367432,45.60506820678711,0.2177741378545761,0.23475971817970276,0.29689252376556396,369.4463195800781,0.45283111929893494,0.45283111929893494,0.08542075008153915,0.0935373604297638,55.958126068115234,0.372359037399292,11.535919189453125,0.2942286431789398,0.47737863659858704,0.21359775960445404,0.2422727644443512,5.259581089019775,485.46484375,0.49527236819267273,0.6497035622596741,0.17194467782974243,0.10781549662351608,73.76830291748047,0.34669747948646545,6.763454437255859,0.2310125082731247,0.43173158168792725,0.19699734449386597,0.2270473688840866,3.894523859024048,296.43798828125,0.6745186448097229,0.6745186448097229,0.39282330870628357,0.20754224061965942,59.218177795410156,0.3389902412891388,7.501114368438721,0.2800482511520386,0.6694818139076233,0.270680695772171,0.270680695772171,0.0,218.20896911621094,0.4616716206073761,0.4616716206073761,0.34099093079566956,0.1037372350692749,34.4015998840332,0.34040483832359314,12.835822105407715,0.38921040296554565,0.5933001041412354,0.336098849773407,0.336098849773407,0.0,352.44366455078125,0.7118247151374817,0.7118247151374817,0.4327283799648285,0.20217575132846832,111.0494155883789,0.35846033692359924,16.783031463623047,0.5739171504974365,0.8736812472343445
2017,2,31.24102382717457,105.54957510019074,5907.7524,434.0,14.655463218688965,60.31700897216797,29.877296447753906,23.2432804107666,1.2799630165100098,7.135863780975342,29.51940155029297,0.24181269109249115,0.25256869196891785,0.0,427.1086120605469,0.45941248536109924,0.4793323874473572,0.3977580666542053,0.09975004196166992,37.32433319091797,0.357597291469574,13.34714412689209,0.42347002029418945,0.8985732197761536,0.21856415271759033,0.2766065299510956,0.0,631.9102783203125,0.6488476395606995,0.6796731352806091,0.32691454887390137,0.15386606752872467,37.11591339111328,0.31978583335876465,8.900144577026367,0.3274586796760559,0.5742173194885254,0.2093987613916397,0.23134329915046692,0.0,376.0097351074219,0.7188985347747803,0.7188985347747803,0.3639487624168396,0.20806041359901428,51.428749084472656,0.3243401050567627,9.641275405883789,0.36573299765586853,0.8543899655342102,0.2859797775745392,0.2859797775745392,0.0,253.38577270507812,0.6848458051681519,0.6848458051681519,0.43728968501091003,0.21473360061645508,32.31196975708008,0.3236621022224426,14.905045509338379,0.5425159931182861,0.8645960092544556,0.38079729676246643,0.38079729676246643,0.0,397.1104431152344,0.6298747658729553,0.6298747658729553,0.316495418548584,0.17125548422336578,98.04641723632812,0.33705759048461914,18.91002082824707,0.7965927720069885,1.5251131057739258
2017,2,31.265816429031716,105.60131850881494,5909.755,502.0,15.494070053100586,253.02386474609375,26.294666290283203,25.26213264465332,1.2751171588897705,7.343199729919434,31.0136661529541,0.24103084206581116,0.2519311308860779,0.0,426.1110534667969,0.4578654170036316,0.47847363352775574,0.39811840653419495,0.09954394400119781,43.20687484741211,0.35980361700057983,13.315970420837402,0.41632309556007385,0.8759868741035461,0.21840108931064606,0.27544456720352173,0.0,629.1318969726562,0.6989054083824158,0.7508425116539001,0.3219320476055145,0.2105051726102829,38.04799270629883,0.3223910331726074,8.86101245880127,0.323691725730896,0.5668609738349915,0.20958076417446136,0.2313689887523651,0.0,375.0134582519531,0.7231090664863586,0.7231090664863586,0.3928486108779907,0.23536713421344757,53.18833923339844,0.3271189332008362,9.615730285644531,0.3627414405345917,0.8477792143821716,0.2857173979282379,0.2857173979282379,0.0,252.72312927246094,0.632208526134491,0.632208526134491,0.47984346747398376,0.21457098424434662,33.950138092041016,0.32687315344810486,14.866065979003906,0.537995457649231,0.8597850203514099,0.38213852047920227,0.38213852047920227,0.0,396.57501220703125,0.6761040091514587,0.6761040091514587,0.41209837794303894,0.20623566210269928,99.6345443725586,0.33923372626304626,18.884523391723633,0.7893347144126892,1.5099772214889526
2017,2,29.016079551839823,105.26579790914944,5914.651,308.0,7.708803653717041,146.83750915527344,34.047489166259766,28.647350311279297,1.2713593244552612,6.334776401519775,32.47281265258789,0.24876940250396729,0.25988078117370605,0.0,451.7043762207031,0.41282179951667786,0.41282179951667786,0.07825728505849838,0.09076252579689026,60.73347854614258,0.38067129254341125,14.115761756896973,0.35208389163017273,0.678986132144928,0.1881052553653717,0.22058384120464325,0.0,706.8231811523438,0.47549599409103394,0.47549599409103394,0.12788522243499756,0.11503206193447113,57.648834228515625,0.3558013141155243,9.955255508422852,0.275361031293869,0.45104652643203735,0.09972680360078812,0.10258159041404724,0.0,409.5486145019531,0.47838884592056274,0.47838884592056274,0.15239454805850983,0.1150706335902214,60.778778076171875,0.34826546907424927,10.501246452331543,0.3164236843585968,0.5785920023918152,0.24635303020477295,0.24635303020477295,0.0,261.5491943359375,0.4789089560508728,0.4789089560508728,0.3370278477668762,0.09282762557268143,32.16916275024414,0.36537081003189087,15.385246276855469,0.45389968156814575,0.7853308916091919,0.34176647663116455,0.34176647663116455,0.0,406.48272705078125,0.5556003451347351,0.5556003451347351,0.42989543080329895,0.14086772501468658,74.794677734375,0.3394100069999695,19.356319427490234,0.7010464072227478,1.3516305685043335
2017,2,31.296539635289957,104.07813417996836,5916.4497,630.0,1.085300326347351,90.0,27.46158790588379,26.872875213623047,1.2524778842926025,6.781841278076172,38.727577209472656,0.24417972564697266,0.26001474261283875,1.0285091400146484,319.8169250488281,0.3063370883464813,0.3063370883464813,-2.0579680858645588E-4,0.05066715180873871,55.7698860168457,0.3793477416038513,9.962138175964355,0.27719736099243164,0.5134570598602295,0.20231378078460693,0.25461524724960327,18.220489501953125,376.7981262207031,0.343331515789032,0.3483874797821045,0.08428429067134857,0.09022145718336105,78.91454315185547,0.3553133010864258,5.050389289855957,0.2179717868566513,0.41546550393104553,0.1871236264705658,0.21520324051380157,13.491593360900879,227.96986389160156,0.3871600925922394,0.4285515546798706,0.32625362277030945,0.08195068687200546,69.56841278076172,0.3541722595691681,5.499443054199219,0.24541161954402924,0.5851728320121765,0.2454134225845337,0.2454134225845337,0.0,186.18572998046875,0.44506335258483887,0.44506335258483887,0.36342737078666687,0.10037007182836533,37.979766845703125,0.35788100957870483,10.952101707458496,0.35718387365341187,0.5299922227859497,0.3596338629722595,0.3596338629722595,0.0,317.035400390625,0.7036082744598389,0.7266128659248352,0.3765884339809418,0.23327969014644623,103.63319396972656,0.36031362414360046,15.096923828125,0.5658015608787537,1.0067214965820312
2017,2,29.04787740145195,105.16904879359284,5929.3037,275.0,2.1359610557556152,29.767101287841797,32.91020202636719,26.9685115814209,1.2587131261825562,6.384425640106201,28.320232391357422,0.2481629103422165,0.2576234042644501,0.0,450.37457275390625,0.4520103633403778,0.4520103633403778,0.19396068155765533,0.0954296886920929,58.40719985961914,0.38029658794403076,14.07420539855957,0.354133278131485,0.6852821707725525,0.18841832876205444,0.21940436959266663,0.0,701.9664306640625,0.33417314291000366,0.33417314291000366,0.21740750968456268,0.06195979565382004,58.0700798034668,0.3555384576320648,9.88685131072998,0.2747337222099304,0.45237481594085693,0.10268694162368774,0.10569120943546295,0.0,407.2251281738281,0.3168308734893799,0.3168308734893799,0.1710718870162964,0.05949760228395462,60.033226013183594,0.3480994701385498,10.441669464111328,0.3169005811214447,0.587820827960968,0.24684330821037292,0.24684330821037292,0.0,260.777099609375,0.4802760183811188,0.4802760183811188,0.33558133244514465,0.09320365637540817,31.61467170715332,0.3649202585220337,15.339829444885254,0.45395714044570923,0.7878981232643127,0.3403446674346924,0.3403446674346924,0.0,405.4122009277344,0.3899531662464142,0.40219324827194214,0.204832524061203,0.07860871404409409,75.24497985839844,0.3407652974128723,19.305341720581055,0.7013316750526428,1.349820613861084
2017,2,30.409365807898478,105.42291433476763,5929.35,322.0,19.368757247924805,106.03871154785156,16.969419479370117,34.81573486328125,1.306148648262024,7.346856594085693,27.609603881835938,0.2545866072177887,0.2680017054080963,0.0,442.0735778808594,0.47297725081443787,0.4840998351573944,0.3871416747570038,0.10269562155008316,41.04156494140625,0.35988691449165344,13.814799308776855,0.41326454281806946,0.8967220187187195,0.21615557372570038,0.2790237069129944,0.0,675.3720092773438,0.39972445368766785,0.5354904532432556,0.3712216317653656,0.08940673619508743,39.31443405151367,0.3244808316230774,9.51228141784668,0.31784847378730774,0.5276651978492737,0.18727096915245056,0.20941591262817383,0.0,393.6813049316406,0.4296114444732666,0.4296114444732666,0.05417526885867119,0.08646070212125778,50.59862518310547,0.3235868811607361,10.094392776489258,0.355298787355423,0.8721396923065186,0.28450217843055725,0.28450217843055725,0.0,258.9912414550781,0.5766087770462036,0.5766087770462036,0.13740813732147217,0.1300882250070572,37.53706741333008,0.33234280347824097,15.23477840423584,0.5129173994064331,0.9070229530334473,0.3392442762851715,0.3392442762851715,0.0,399.14300537109375,0.63611900806427,0.63611900806427,0.20353572070598602,0.16936568915843964,104.00894927978516,0.3530411720275879,19.006811141967773,0.7272910475730896,1.4947001934051514
2017,2,29.82563826629503,105.31969506358244,5932.5977,371.0,9.432048797607422,12.981925010681152,26.29297637939453,29.34418296813965,1.2713772058486938,7.281463146209717,34.34486389160156,0.24772466719150543,0.25252586603164673,0.0,446.5310974121094,0.453471839427948,0.4582872688770294,0.39001360535621643,0.09942664951086044,49.52406692504883,0.37262165546417236,13.954096794128418,0.38703346252441406,0.8243632316589355,0.2016724944114685,0.23207052052021027,0.0,692.6928100585938,0.47853031754493713,0.5011113882064819,0.14552761614322662,0.07235497981309891,44.549076080322266,0.34049192070961,9.756237030029297,0.303193598985672,0.5102519392967224,0.13771900534629822,0.14757086336612701,0.0,403.0850524902344,0.5043382048606873,0.51707923412323,0.13905084133148193,0.08175613731145859,53.149879455566406,0.33479973673820496,10.335514068603516,0.343517005443573,0.7421735525131226,0.2683839201927185,0.2683839201927185,0.0,260.5708312988281,0.4976765215396881,0.4976765215396881,0.35832157731056213,0.10404796898365021,34.6262092590332,0.35093262791633606,15.327695846557617,0.4884285032749176,0.8682733774185181,0.3279147744178772,0.3279147744178772,0.0,403.0432434082031,0.4812889099121094,0.4812889099121094,0.13689452409744263,0.10049338638782501,85.9916763305664,0.34347984194755554,19.192535400390625,0.7239455580711365,1.4420682191848755
2017,2,29.822405418031284,105.34961117255001,5932.5977,423.0,4.268355369567871,90.0,23.42104721069336,30.92167091369629,1.288088083267212,7.077615261077881,35.12062072753906,0.2476898431777954,0.25244730710983276,0.0,446.5805358886719,0.4533728063106537,0.4581562578678131,0.390028178691864,0.0994100570678711,50.3138542175293,0.37304097414016724,13.955641746520996,0.386102557182312,0.8240596055984497,0.20159897208213806,0.23183217644691467,0.0,693.52685546875,0.46787166595458984,0.47382253408432007,0.0566975437104702,0.08995512127876282,44.55718231201172,0.34082213044166565,9.767983436584473,0.30335938930511475,0.5108093619346619,0.13746747374534607,0.14725692570209503,0.0,403.4484558105469,0.388614684343338,0.39447280764579773,0.009773588739335537,0.07531164586544037,53.44366455078125,0.33517545461654663,10.344832420349121,0.34331804513931274,0.7398728132247925,0.2683020830154419,0.2683020830154419,0.0,260.6727600097656,0.49757930636405945,0.49757930636405945,0.3582521975040436,0.10399718582630157,34.86151123046875,0.3513107895851135,15.333691596984863,0.4883077144622803,0.8712189793586731,0.32785725593566895,0.32785725593566895,0.0,403.1327209472656,0.5072629451751709,0.5072629451751709,0.11168354004621506,0.12113245576620102,86.09088897705078,0.3433151841163635,19.196796417236328,0.7233825922012329,1.442423939704895
2017,2,29.771741111862035,105.25663445648463,5932.5977,431.0,6.476700782775879,124.77638244628906,19.8510684967041,32.0261344909668,1.2785651683807373,7.297791004180908,34.134971618652344,0.24709452688694,0.2511046826839447,0.0,446.91705322265625,0.45168060064315796,0.4559168517589569,0.39027732610702515,0.09912645816802979,48.914573669433594,0.37324070930480957,13.966157913208008,0.3860584795475006,0.8179721236228943,0.20034249126911163,0.22775870561599731,0.0,693.046142578125,0.4169175922870636,0.46044477820396423,0.0690918043255806,0.08740442246198654,45.063621520996094,0.3415556848049164,9.761213302612305,0.30146753787994385,0.5074901580810547,0.1331685483455658,0.1418915092945099,0.0,403.4109191894531,0.40504390001296997,0.4070728123188019,0.07326140999794006,0.07846609503030777,52.94404602050781,0.33537498116493225,10.34386920928955,0.3426770865917206,0.7341736555099487,0.26690372824668884,0.26690372824668884,0.0,260.5494689941406,0.4959174692630768,0.4959174692630768,0.3570660948753357,0.10312918573617935,33.92635726928711,0.3522680401802063,15.326438903808594,0.4861209988594055,0.8597583770751953,0.32687437534332275,0.32687437534332275,0.0,403.2408752441406,0.536246120929718,0.536246120929718,0.18656039237976074,0.1323675811290741,84.21305847167969,0.34309571981430054,19.201946258544922,0.7241663932800293,1.436400055885315
2017,2,28.837942923855717,105.28573900906046,5938.986,311.0,5.646423816680908,169.22756958007812,35.337379455566406,24.820159912109375,1.2405610084533691,6.065314292907715,32.0615119934082,0.2506488263607025,0.26612940430641174,0.0,452.9954833984375,0.47068801522254944,0.47068801522254944,0.17375241219997406,0.1017412468791008,63.552398681640625,0.3808760941028595,14.156108856201172,0.3446124792098999,0.6398895382881165,0.18609654903411865,0.22605527937412262,0.0,709.4699096679688,0.4482490122318268,0.4482490122318268,0.1326451152563095,0.0807439461350441,61.07307052612305,0.35796886682510376,9.992533683776855,0.2685496509075165,0.43321895599365234,0.09521953761577606,0.0979786142706871,0.0,410.53802490234375,0.38202035427093506,0.38202035427093506,0.11281309276819229,0.06758895516395569,62.98307800292969,0.35055011510849,10.526616096496582,0.309181809425354,0.5429661870002747,0.24165987968444824,0.24165987968444824,0.0,261.7856750488281,0.47567760944366455,0.47567760944366455,0.33270105719566345,0.09074800461530685,31.94710922241211,0.36662641167640686,15.39915657043457,0.4466904103755951,0.7611877918243408,0.34922102093696594,0.34922102093696594,0.0,407.28253173828125,0.5669764876365662,0.5669764876365662,0.43870219588279724,0.14489208161830902,73.85549926757812,0.3390214145183563,19.394407272338867,0.6945073008537292,1.330260992050171
2017,2,28.848181019874428,105.29786776392584,5938.986,325.0,2.3107361793518066,113.65106964111328,39.95210647583008,25.80097007751465,1.2540682554244995,6.077911853790283,30.955453872680664,0.2505989670753479,0.2660127580165863,0.0,453.1474609375,0.36872124671936035,0.36872124671936035,0.07106861472129822,0.071759894490242,63.609676361083984,0.38088157773017883,14.160858154296875,0.34504222869873047,0.6422810554504395,0.1862182766199112,0.22579039633274078,0.0,710.0908203125,0.46822768449783325,0.46822768449783325,0.145806685090065,0.09723547846078873,60.674381256103516,0.35778146982192993,10.001279830932617,0.2692703902721405,0.4344674050807953,0.09503177553415298,0.09776918590068817,0.0,410.8647155761719,0.460420161485672,0.460420161485672,0.17079704999923706,0.10120199620723724,62.88943862915039,0.35033437609672546,10.534992218017578,0.3097795844078064,0.5449026823043823,0.24199353158473969,0.24199353158473969,0.0,261.90338134765625,0.4756971597671509,0.4756971597671509,0.3333962559700012,0.09086344391107559,32.03492736816406,0.36657488346099854,15.40608024597168,0.4473334848880768,0.7624171376228333,0.34882232546806335,0.34882232546806335,0.0,407.4061279296875,0.5662679076194763,0.5662679076194763,0.4384617209434509,0.14463165402412415,73.85791015625,0.3388625681400299,19.400291442871094,0.6950675249099731,1.3325413465499878
2017,2,31.078248802319568,105.63527456333694,5941.0737,403.0,7.440032482147217,119.72535705566406,23.700366973876953,27.69141387939453,1.2791908979415894,7.110820770263672,29.245622634887695,0.2434210181236267,0.2563028633594513,0.0,429.4090270996094,0.4586016535758972,0.478719562292099,0.39528369903564453,0.10010171681642532,49.70160675048828,0.36273613572120667,13.419032096862793,0.40758466720581055,0.8599677681922913,0.21777106821537018,0.27497461438179016,0.0,638.8545532226562,0.44752824306488037,0.4578871428966522,0.1055789589881897,0.07769426703453064,39.23625946044922,0.3262280225753784,8.99795150756836,0.3187594711780548,0.5500717759132385,0.20487017929553986,0.22689171135425568,0.0,379.0561218261719,0.5464257597923279,0.5464257597923279,0.16484995186328888,0.11903378367424011,54.981666564941406,0.33026692271232605,9.719388008117676,0.35792410373687744,0.8532707691192627,0.28517889976501465,0.28517889976501465,0.0,253.773193359375,0.6024596095085144,0.6024596095085144,0.2878269851207733,0.14563053846359253,37.10234451293945,0.33240553736686707,14.927834510803223,0.5275691151618958,0.8712022304534912,0.37209609150886536,0.37209609150886536,0.0,396.6626281738281,0.5265272855758667,0.5265272855758667,0.1966041475534439,0.12065258622169495,104.95002746582031,0.34678566455841064,18.888696670532227,0.7643465399742126,1.4881027936935425
2017,2,29.77713216503565,104.3748472231657,5942.3926,488.0,11.92922592163086,185.06459045410156,32.95368576049805,24.46812629699707,1.2927366495132446,7.2244648933410645,36.3238410949707,0.2452661544084549,0.25062549114227295,0.0,440.1330261230469,0.45596539974212646,0.46428340673446655,0.3873059153556824,0.09921504557132721,34.09650802612305,0.36958420276641846,13.754157066345215,0.39061158895492554,0.7703390717506409,0.2009112685918808,0.23146429657936096,0.0,659.2968139648438,0.5473824739456177,0.5473824739456177,0.2777031362056732,0.13325515389442444,52.28154754638672,0.34188970923423767,9.285870552062988,0.28547734022140503,0.47909605503082275,0.14079128205776215,0.14998166263103485,0.0,387.20782470703125,0.24221307039260864,0.2622128129005432,0.3101351261138916,0.05842068791389465,50.06528091430664,0.3347102105617523,9.92840576171875,0.3356493413448334,0.7570160031318665,0.26652321219444275,0.26652321219444275,0.0,254.95663452148438,0.6203351616859436,0.6203351616859436,0.4460003972053528,0.1753501296043396,28.46221160888672,0.3501831889152527,14.997448921203613,0.47113651037216187,0.7650744915008545,0.3272171914577484,0.3272171914577484,0.0,397.0882263183594,0.5911381840705872,0.5911381840705872,0.3797804117202759,0.1664106398820877,84.89191436767578,0.35242897272109985,18.908964157104492,0.7125002145767212,1.3446285724639893
2017,2,29.98679909656868,103.87170009669909,5948.7803,406.0,1.4163707494735718,310.8971252441406,28.980674743652344,30.98065948486328,1.2307883501052856,6.882377624511719,39.80078125,0.23523718118667603,0.24756988883018494,0.0,411.9613037109375,0.46038222312927246,0.4861823618412018,0.36558449268341064,0.09817437082529068,48.89780807495117,0.3814447820186615,12.873790740966797,0.33300042152404785,0.5837168097496033,0.2076081782579422,0.24911801517009735,0.0,587.5072021484375,0.4256553053855896,0.5110102891921997,0.3649020791053772,0.08253553509712219,74.31082916259766,0.35828447341918945,8.274749755859375,0.24865557253360748,0.43773049116134644,0.178828626871109,0.19512566924095154,0.0,349.7726135253906,0.44225364923477173,0.44225364923477173,0.22218963503837585,0.11655114591121674,61.10086441040039,0.35178127884864807,8.968528747558594,0.29939430952072144,0.687738835811615,0.2694595754146576,0.2694595754146576,0.0,240.9010467529297,0.4846251904964447,0.4846251904964447,0.343645304441452,0.10417918860912323,31.38646125793457,0.3567582964897156,14.170650482177734,0.4199993312358856,0.6805094480514526,0.3317672908306122,0.3317672908306122,0.0,379.3560791015625,0.46311721205711365,0.5000694394111633,0.14114730060100555,0.11033456027507782,102.1690444946289,0.3660494089126587,18.0645751953125,0.6287952065467834,1.037672519683838
2017,2,30.014017449398914,103.80513909527428,5955.6113,408.0,3.340765953063965,73.90006256103516,26.418697357177734,27.8391170501709,1.2300000190734863,6.770871162414551,45.347469329833984,0.2333306074142456,0.24643537402153015,0.0,408.0964050292969,0.45871397852897644,0.48671096563339233,0.3616746962070465,0.09774677455425262,50.9178581237793,0.3828514814376831,12.753012657165527,0.3248334527015686,0.55771404504776,0.20845194160938263,0.2499648928642273,0.0,577.8674926757812,0.3602132797241211,0.3602132797241211,0.21784429252147675,0.09567717462778091,76.83139038085938,0.3601006865501404,8.138978958129883,0.24384497106075287,0.43251416087150574,0.18281693756580353,0.20019225776195526,0.0,344.85321044921875,0.3537260890007019,0.3537260890007019,0.17933981120586395,0.08499651402235031,62.306602478027344,0.35358551144599915,8.842390060424805,0.2947980761528015,0.678439199924469,0.2697487771511078,0.2697487771511078,0.0,238.9964141845703,0.48233562707901,0.48233562707901,0.34197863936424255,0.10411390662193298,31.717836380004883,0.3573983907699585,14.058612823486328,0.41306835412979126,0.6687559485435486,0.33230358362197876,0.33230358362197876,0.0,376.9998474121094,0.3808872699737549,0.38451552391052246,0.12288782000541687,0.08259381353855133,104.22383117675781,0.3673490881919861,17.952373504638672,0.6176134943962097,0.9962414503097534
2017,2,30.363548544574314,105.2313023034,5959.3115,363.0,5.098048686981201,155.12818908691406,25.63202476501465,28.945232391357422,1.278489112854004,7.537983417510986,34.0460319519043,0.25404512882232666,0.2667804956436157,0.0,442.0028991699219,0.47143805027008057,0.4820629358291626,0.3873682916164398,0.10243766754865646,38.018672943115234,0.3579443693161011,13.812590599060059,0.4156806468963623,0.8866255283355713,0.21501269936561584,0.27531856298446655,0.0,671.4075927734375,0.40004244446754456,0.5293751955032349,0.37115442752838135,0.0885777622461319,39.824249267578125,0.3238976001739502,9.45644474029541,0.31477949023246765,0.5226812362670898,0.1833607703447342,0.20453566312789917,0.0,392.3232116699219,0.5847744345664978,0.5847744345664978,0.3041550815105438,0.15244579315185547,48.5135498046875,0.32138216495513916,10.0595703125,0.35524043440818787,0.860326886177063,0.2832302451133728,0.2832302451133728,0.0,258.56219482421875,0.7165464162826538,0.7165464162826538,0.4680875241756439,0.22229622304439545,35.71580123901367,0.33070045709609985,15.209540367126465,0.5115369558334351,0.8787305355072021,0.3383502662181854,0.3383502662181854,0.0,399.4444580078125,0.600118100643158,0.600118100643158,0.318025141954422,0.16260091960430145,99.12255096435547,0.3498189449310303,19.021163940429688,0.7350578308105469,1.483927845954895
2017,2,29.779285910844465,103.57983855544789,5999.4805,418.0,0.9274099469184875,-0.0,28.941707611083984,30.230918884277344,1.2152694463729858,6.143758296966553,46.22958755493164,0.23321284353733063,0.2466433048248291,0.0,400.87115478515625,0.481799453496933,0.515660285949707,0.3684731721878052,0.09956097602844238,60.53489303588867,0.4009784162044525,12.527223587036133,0.2911909222602844,0.46366211771965027,0.20372217893600464,0.2522176206111908,0.0,561.72314453125,0.7080723643302917,0.7226234674453735,0.2448531687259674,0.1604670137166977,95.36968231201172,0.3832589089870453,7.911593437194824,0.21993394196033478,0.4006929397583008,0.18631798028945923,0.1978192776441574,0.0,334.2425537109375,0.5043883919715881,0.5043883919715881,0.3060391843318939,0.12343008071184158,74.72038269042969,0.37837910652160645,8.570322036743164,0.2685394585132599,0.6061959862709045,0.2632129192352295,0.2632129192352295,0.0,234.4049072265625,0.4818066656589508,0.4818066656589508,0.33373910188674927,0.10195016860961914,32.89303970336914,0.3791491687297821,13.78852367401123,0.37671732902526855,0.6419985294342041,0.32876384258270264,0.32876384258270264,0.0,370.32879638671875,0.528994083404541,0.6359388828277588,0.22211875021457672,0.13800181448459625,112.32538604736328,0.38456887006759644,17.63470458984375,0.5642626881599426,0.8502305746078491
2017,2,28.74334755410792,105.73444942986661,6011.676,294.0,17.425289154052734,90.0,34.34174346923828,25.778465270996094,1.2311780452728271,5.708883285522461,38.309322357177734,0.25970226526260376,0.282077431678772,0.0,444.91973876953125,0.4211955666542053,0.4211955666542053,0.11512119323015213,0.10554035753011703,86.8607406616211,0.39657726883888245,13.903741836547852,0.31145069003105164,0.5735015869140625,0.18464243412017822,0.23533180356025696,0.0,689.0564575195312,0.4939935505390167,0.4939935505390167,0.14269918203353882,0.09197484701871872,66.82439422607422,0.3758363127708435,9.705020904541016,0.2588280737400055,0.41436949372291565,0.08259697258472443,0.08773992210626602,0.0,400.0140075683594,0.4695722758769989,0.4695722758769989,0.13474421203136444,0.09543763101100922,73.0806655883789,0.37156328558921814,10.256769180297852,0.2935801148414612,0.5253248810768127,0.24620051681995392,0.24620051681995392,0.0,255.8805694580078,0.48053091764450073,0.48053091764450073,0.33866679668426514,0.09236358106136322,40.06312942504883,0.3857816457748413,15.051798820495605,0.4247914254665375,0.7570013403892517,0.3531447649002075,0.3531447649002075,0.0,399.51409912109375,0.5738508105278015,0.5738508105278015,0.44774237275123596,0.14818249642848969,84.34514617919922,0.36065348982810974,19.02448081970215,0.6379591822624207,1.239936351776123
2017,2,28.667351094854038,105.69564187339847,6011.676,323.0,6.579040050506592,286.3027648925781,35.5761604309082,23.89569664001465,1.232620120048523,5.828610420227051,33.6630859375,0.25968697667121887,0.28376033902168274,0.0,446.8915710449219,0.3724978566169739,0.3724978566169739,0.09886711835861206,0.06712964922189713,84.32095336914062,0.39461302757263184,13.965361595153809,0.31325799226760864,0.5668116807937622,0.18405108153820038,0.23737728595733643,0.0,694.09228515625,0.3789294958114624,0.3789294958114624,0.10160094499588013,0.053098827600479126,67.1974868774414,0.37431710958480835,9.775947570800781,0.25766804814338684,0.4090162515640259,0.08012700080871582,0.08461953699588776,0.0,402.3856201171875,0.4745097756385803,0.4745097756385803,0.13532841205596924,0.07400906831026077,72.56591033935547,0.36939331889152527,10.317580223083496,0.2928645610809326,0.5118731260299683,0.24360279738903046,0.24360279738903046,0.0,256.9015808105469,0.47818222641944885,0.47818222641944885,0.33727574348449707,0.091176338493824,38.74400329589844,0.38383427262306213,15.111857414245605,0.4248161315917969,0.7445135116577148,0.355922669172287,0.355922669172287,0.0,401.1033630371094,0.5774797201156616,0.5774797201156616,0.45100924372673035,0.14949333667755127,81.82498931884766,0.3572680354118347,19.100160598754883,0.6436787247657776,1.2494592666625977
2017,2,31.235904779165196,105.57679345302097,6012.0117,434.0,17.70174217224121,242.84115600585938,29.504819869995117,23.64879035949707,1.2946728467941284,7.382986068725586,25.530025482177734,0.24167464673519135,0.25265613198280334,0.0,426.9282531738281,0.45880964398384094,0.4789843261241913,0.39767858386039734,0.09970768541097641,40.64906311035156,0.3588775098323822,13.341507911682129,0.41935399174690247,0.8865493535995483,0.2184421867132187,0.276069313287735,0.0,631.4585571289062,0.5497186779975891,0.5710703730583191,0.140984445810318,0.10704609751701355,37.65824508666992,0.3213295340538025,8.893782615661621,0.32525116205215454,0.5692486763000488,0.20908792316913605,0.2309846580028534,0.0,375.89453125,0.5521472096443176,0.5521472096443176,0.16988727450370789,0.11516652256250381,52.40450668334961,0.3258972764015198,9.638321876525879,0.36389777064323425,0.851772129535675,0.2858227789402008,0.2858227789402008,0.0,253.16552734375,0.5366560816764832,0.5366560816764832,0.23608525097370148,0.11051112413406372,33.35911560058594,0.3256397545337677,14.89208984375,0.5394565463066101,0.8633578419685364,0.3805435001850128,0.3805435001850128,0.0,396.86285400390625,0.616431713104248,0.616431713104248,0.2361716777086258,0.14411699771881104,99.2364501953125,0.3387358784675598,18.898229598999023,0.7909477353096008,1.5161539316177368
2017,2,29.410616353947667,104.89308840669823,6018.282,311.0,11.865192413330078,76.63549041748047,27.425630569458008,27.888835906982422,1.2957299947738647,6.699999809265137,31.401138305664062,0.24458247423171997,0.24593615531921387,0.0,448.7273254394531,0.4521424472332001,0.45388683676719666,0.3906530737876892,0.09855169802904129,45.63602828979492,0.377309113740921,14.02272891998291,0.3773956000804901,0.7689598202705383,0.19254657626152039,0.20845353603363037,0.0,693.5706787109375,0.46955034136772156,0.5149548053741455,0.21357440948486328,0.11109354346990585,50.382293701171875,0.3487667441368103,9.768601417541504,0.2882184088230133,0.4832504391670227,0.10991887003183365,0.11299876868724823,0.0,404.0386047363281,0.5256465077400208,0.5256465077400208,0.25373774766921997,0.14147838950157166,53.53886032104492,0.34110841155052185,10.359964370727539,0.3337959945201874,0.6868884563446045,0.2567055821418762,0.2567055821418762,0.0,259.95489501953125,0.4861401319503784,0.4861401319503784,0.34638190269470215,0.09743095934391022,30.066171646118164,0.36105242371559143,15.291464805603027,0.46909740567207336,0.8122041821479797,0.3252581059932709,0.3252581059932709,0.0,403.45660400390625,0.427991658449173,0.518357515335083,0.15766406059265137,0.10663218796253204,77.3181381225586,0.3449225127696991,19.21221923828125,0.7162114977836609,1.3948205709457397
2017,2,29.42031935783997,104.89712835225266,6018.282,318.0,15.927745819091797,128.60565185546875,30.57311248779297,25.538116455078125,1.2803441286087036,6.602542400360107,30.36644744873047,0.2445085644721985,0.24571822583675385,0.0,448.7818298339844,0.4510745704174042,0.4527697265148163,0.390766978263855,0.09844721853733063,45.53651428222656,0.37728625535964966,14.024432182312012,0.3778838813304901,0.7712887525558472,0.1926642656326294,0.20817068219184875,0.0,693.8067016601562,0.45215556025505066,0.4617139399051666,0.09358000755310059,0.11054915934801102,50.075069427490234,0.3485916256904602,9.771925926208496,0.28877681493759155,0.4843384325504303,0.10992229729890823,0.11299226433038712,0.0,404.1766357421875,0.4074511229991913,0.4074511229991913,0.11622545123100281,0.09967454522848129,53.415313720703125,0.340915322303772,10.363503456115723,0.3343205749988556,0.6890629529953003,0.25700843334198,0.25700843334198,0.0,260.0084228515625,0.4862297773361206,0.4862297773361206,0.3468802869319916,0.09754681587219238,30.102724075317383,0.36098164319992065,15.2946138381958,0.46963176131248474,0.8132938742637634,0.3248513340950012,0.3248513340950012,0.0,403.49853515625,0.39808738231658936,0.4073590636253357,0.09187886118888855,0.08625026047229767,77.34538269042969,0.34487515687942505,19.214216232299805,0.7166930437088013,1.3966039419174194
2017,2,29.966853537556606,103.6049031624693,6021.7793,500.0,3.506600856781006,142.4202117919922,25.373205184936523,31.424205780029297,1.2177050113677979,6.388335227966309,38.92088317871094,0.22956499457359314,0.24395360052585602,0.0,398.6532287597656,0.4629710614681244,0.4968512952327728,0.3568665385246277,0.09748224914073944,58.146427154541016,0.39220350980758667,12.457913398742676,0.2974051237106323,0.4759185314178467,0.20796166360378265,0.2509157955646515,0.0,555.23779296875,0.5453080534934998,0.5453080534934998,0.13459478318691254,0.11532294005155563,87.99954986572266,0.3719481825828552,7.820250988006592,0.226422518491745,0.41147229075431824,0.18992336094379425,0.2069140076637268,0.0,332.4659729003906,0.6132693886756897,0.6132693886756897,0.1363919973373413,0.11984511464834213,68.98674011230469,0.36596518754959106,8.524767875671387,0.2769359052181244,0.6342735290527344,0.26756635308265686,0.26756635308265686,0.0,233.95721435546875,0.47735849022865295,0.47735849022865295,0.3356706202030182,0.10295604914426804,32.685279846191406,0.36683428287506104,13.762188911437988,0.3869868218898773,0.6380189657211304,0.33174633979797363,0.33174633979797363,0.0,370.4166564941406,0.6429443359375,0.6500756144523621,0.17049270868301392,0.1688188761472702,110.646728515625,0.3758552074432373,17.638887405395508,0.5777682662010193,0.8685857653617859
2017,2,30.259794181262723,104.03070272206284,6027.2197,473.0,6.024849891662598,242.60455322265625,22.72490692138672,24.898054122924805,1.2355387210845947,7.032773971557617,39.583744049072266,0.23732511699199677,0.25119319558143616,0.0,416.1600341796875,0.450575590133667,0.4735374450683594,0.3616120517253876,0.097866952419281,40.802608489990234,0.36554408073425293,13.005001068115234,0.3624139130115509,0.6610888838768005,0.21363970637321472,0.2580200433731079,0.0,594.6659545898438,0.504994809627533,0.504994809627533,0.15188205242156982,0.098141610622406,60.78400802612305,0.33899569511413574,8.375576972961426,0.2675248682498932,0.4629003703594208,0.18674422800540924,0.2092466503381729,0.0,355.11944580078125,0.32228001952171326,0.360038161277771,0.32896387577056885,0.07418785989284515,51.460609436035156,0.33150964975357056,9.105627059936523,0.3199292719364166,0.7525597810745239,0.2771378755569458,0.2771378755569458,0.0,243.86627197265625,0.5872744917869568,0.5872744917869568,0.21988223493099213,0.1613127887248993,30.923980712890625,0.33679717779159546,14.345074653625488,0.45088109374046326,0.6991835236549377,0.33641496300697327,0.33641496300697327,0.0,383.72259521484375,0.6118154525756836,0.6135773062705994,0.21892499923706055,0.17936447262763977,97.68586730957031,0.35331207513809204,18.272504806518555,0.6721007823944092,1.148231863975525
2017,2,30.698262046949125,105.3851858807544,6028.2354,367.0,16.56626319885254,202.31613159179688,31.931102752685547,26.532440185546875,1.2799999713897705,7.466220378875732,29.88547134399414,0.2531414031982422,0.2669885456562042,0.0,436.72747802734375,0.4730457067489624,0.48732271790504456,0.38894858956336975,0.10256107151508331,36.78487014770508,0.35691317915916443,13.647733688354492,0.4198524057865143,0.9030959606170654,0.21882015466690063,0.2850340008735657,0.0,658.5253295898438,0.43181127309799194,0.47061648964881897,0.0626472756266594,0.0920431837439537,38.59455490112305,0.32088807225227356,9.275004386901855,0.3208427131175995,0.5392223000526428,0.19911636412143707,0.2231631577014923,0.0,386.16375732421875,0.42638686299324036,0.42638686299324036,0.024062564596533775,0.08154457062482834,49.59515380859375,0.3215416967868805,9.90163516998291,0.3588334619998932,0.8796960115432739,0.2864830493927002,0.2864830493927002,0.0,256.7644348144531,0.584399402141571,0.584399402141571,0.14816059172153473,0.12186136096715927,35.62324523925781,0.32677021622657776,15.103789329528809,0.5224832892417908,0.8887723088264465,0.3523089587688446,0.3523089587688446,0.0,397.81500244140625,0.6638414859771729,0.6638414859771729,0.250739187002182,0.18166518211364746,102.67496490478516,0.34864699840545654,18.943571090698242,0.7489562630653381,1.5039278268814087
2017,2,30.45652526063972,103.74288558546714,6038.4497,473.0,1.8543341159820557,-0.0,15.897868156433105,33.980552673339844,1.2036030292510986,6.900000095367432,42.335411071777344,0.22459815442562103,0.24162286520004272,0.0,397.2964782714844,0.42491579055786133,0.45718854665756226,0.33451908826828003,0.0937529057264328,49.152286529541016,0.3674754202365875,12.415514945983887,0.3258720338344574,0.543595552444458,0.21897143125534058,0.254386842250824,0.0,548.1571655273438,0.24700713157653809,0.24700713157653809,0.03468083590269089,0.05789177119731903,67.21249389648438,0.34083491563796997,7.720523357391357,0.24893437325954437,0.44516557455062866,0.20126326382160187,0.23149758577346802,0.0,332.5059509277344,0.7299294471740723,0.7299294471740723,0.4380379319190979,0.27233612537384033,53.32075500488281,0.33237066864967346,8.52579402923584,0.3037303686141968,0.7218594551086426,0.2797686457633972,0.2797686457633972,0.0,234.94186401367188,0.4729779064655304,0.4729779064655304,0.34429410099983215,0.10693589597940445,32.06575393676758,0.33352383971214294,13.820109367370605,0.42330363392829895,0.6422793865203857,0.3397427797317505,0.3397427797317505,0.0,373.15728759765625,0.6098398566246033,0.6972156167030334,0.32901740074157715,0.18019869923591614,105.12857055664062,0.3532167077064514,17.769393920898438,0.6270861625671387,0.966422438621521
2017,2,30.23796688160612,103.71997472425453,6039.6445,534.0,10.642217636108398,232.91261291503906,29.05842399597168,28.50151252746582,1.2170602083206177,6.633243083953857,43.183895111083984,0.22743600606918335,0.2429044544696808,0.0,399.81597900390625,0.4407743513584137,0.4725317060947418,0.3454626202583313,0.0954177975654602,51.873172760009766,0.37698283791542053,12.49424934387207,0.31804803013801575,0.5284085869789124,0.2139313966035843,0.2519339621067047,0.0,556.0578002929688,0.4046623408794403,0.4046623408794403,0.05468777194619179,0.10285190492868423,74.41178894042969,0.35271671414375305,7.83180046081543,0.24207888543605804,0.4339379370212555,0.19407106935977936,0.2182818353176117,0.0,335.0564270019531,0.37073466181755066,0.37073466181755066,-0.04269581288099289,0.06354238092899323,59.12297058105469,0.34525349736213684,8.591190338134766,0.29503288865089417,0.6901558041572571,0.2744981050491333,0.2744981050491333,0.0,235.50355529785156,0.4755994379520416,0.4755994379520416,0.34145447611808777,0.10523013770580292,32.130577087402344,0.34697839617729187,13.853150367736816,0.41171279549598694,0.6463924050331116,0.33610859513282776,0.33610859513282776,0.0,373.2353210449219,0.6455638408660889,0.678951621055603,0.18810570240020752,0.19174416363239288,106.27200317382812,0.3617798089981079,17.77311134338379,0.612309455871582,0.9468721151351929
2017,2,29.7900680171917,103.76579198757868,6041.953,399.0,7.4952850341796875,97.0673828125,30.995033264160156,23.850217819213867,1.2351093292236328,6.146811485290527,38.8560791015625,0.23586826026439667,0.24750353395938873,0.0,409.865966796875,0.47497883439064026,0.5029300451278687,0.372285932302475,0.09939492493867874,54.24968338012695,0.39319100975990295,12.808311462402344,0.31470224261283875,0.5357232093811035,0.203329399228096,0.24752303957939148,0.0,583.9920654296875,0.6085068583488464,0.642482578754425,0.20236317813396454,0.11991643160581589,84.98408508300781,0.37303078174591064,8.225240707397461,0.23552101850509644,0.4194944202899933,0.1761101633310318,0.1873854696750641,0.0,346.42034912109375,0.4860098659992218,0.4860098659992218,0.14798566699028015,0.09563442319631577,68.69081115722656,0.3675649166107178,8.882573127746582,0.2845855951309204,0.6428864002227783,0.26425474882125854,0.26425474882125854,0.0,239.15235900878906,0.48454296588897705,0.48454296588897705,0.338594526052475,0.10229351371526718,31.859994888305664,0.3717222511768341,14.067785263061523,0.39926040172576904,0.6703907251358032,0.3285922706127167,0.3285922706127167,0.0,376.5439453125,0.4824964702129364,0.6025135517120361,0.27216607332229614,0.10050542652606964,105.89080810546875,0.3766574263572693,17.9306640625,0.5994782447814941,0.9661446213722229
2017,2,29.837227469932945,103.75447033000398,6041.953,418.0,6.983795166015625,142.4561004638672,30.96843910217285,26.110395431518555,1.2513153553009033,6.332841873168945,41.990333557128906,0.23493961989879608,0.24705861508846283,0.0,408.5016174316406,0.4718134105205536,0.500385046005249,0.3694126605987549,0.09900785982608795,54.20999526977539,0.3917594254016876,12.76567554473877,0.31429407000541687,0.5325740575790405,0.20447123050689697,0.248301699757576,0.0,580.2708740234375,0.4558754563331604,0.467446893453598,0.09213472157716751,0.08574827760457993,84.26327514648438,0.3712676167488098,8.172829627990723,0.23566856980323792,0.42034685611724854,0.17847272753715515,0.19111354649066925,0.0,344.78912353515625,0.49336138367652893,0.49336138367652893,0.12525950372219086,0.09839039295911789,67.91124725341797,0.3656204640865326,8.840746879577637,0.28511568903923035,0.6466360688209534,0.26531437039375305,0.26531437039375305,0.0,238.6050262451172,0.4836018979549408,0.4836018979549408,0.33875852823257446,0.10261427611112595,31.930091857910156,0.3693799078464508,14.035590171813965,0.3998136520385742,0.6669160723686218,0.3294016122817993,0.3294016122817993,0.0,375.97821044921875,0.4994097352027893,0.5649782419204712,0.13249371945858002,0.11438780277967453,106.17776489257812,0.375404953956604,17.903724670410156,0.5996255278587341,0.9601550698280334
2017,2,30.805253717625504,105.28223861473352,6049.8867,385.0,4.690338611602783,113.24140930175781,34.554664611816406,23.73258399963379,1.298237919807434,7.237760543823242,35.9825439453125,0.2532845139503479,0.2669965624809265,0.0,432.8832702636719,0.47304344177246094,0.4888102412223816,0.38918858766555786,0.10256242007017136,34.77915954589844,0.3562007248401642,13.527602195739746,0.41913333535194397,0.8892062902450562,0.2194909006357193,0.28580111265182495,0.0,646.4240112304688,0.2752511501312256,0.3721514940261841,0.14075474441051483,0.04705515131354332,39.62230682373047,0.3207566440105438,9.10456371307373,0.31825852394104004,0.5374197363853455,0.20165325701236725,0.2264324128627777,0.0,380.58599853515625,0.35458844900131226,0.35458844900131226,0.1273302435874939,0.06692138314247131,48.82271957397461,0.3212833106517792,9.758614540100098,0.35765311121940613,0.8661866188049316,0.28576305508613586,0.28576305508613586,0.0,254.83421325683594,0.2947585880756378,0.3003687262535095,0.18261945247650146,0.051037464290857315,34.02897262573242,0.3252067267894745,14.99024772644043,0.5221335291862488,0.861242949962616,0.35935550928115845,0.35935550928115845,0.0,396.8381042480469,0.4814431667327881,0.4832545816898346,0.24651378393173218,0.10932964086532593,98.8228759765625,0.344698041677475,18.897052764892578,0.7604130506515503,1.492364764213562
2017,2,29.8539357215802,103.6763201249413,6053.637,437.0,6.005586624145508,117.49143981933594,32.760013580322266,29.528987884521484,1.2402477264404297,6.136486053466797,41.0767936706543,0.23326995968818665,0.2462567389011383,0.0,404.3052673339844,0.4722599387168884,0.5033901333808899,0.36625152826309204,0.09879469871520996,56.684791564941406,0.3941196799278259,12.634539604187012,0.30467352271080017,0.5023664832115173,0.2051219642162323,0.2499566227197647,0.0,569.7999267578125,0.5617481470108032,0.5617481470108032,0.03608241677284241,0.1053507849574089,87.87934875488281,0.37436962127685547,8.025351524353027,0.22963078320026398,0.41343235969543457,0.18316523730754852,0.19655674695968628,0.0,339.28411865234375,0.5630687475204468,0.5630687475204468,0.08650700747966766,0.10801126062870026,69.83956909179688,0.36883479356765747,8.699592590332031,0.2791193723678589,0.6338478326797485,0.2653437852859497,0.2653437852859497,0.0,236.47763061523438,0.48173239827156067,0.48173239827156067,0.3368161916732788,0.10254520177841187,32.347408294677734,0.3711659908294678,13.910449028015137,0.3911418318748474,0.6539957523345947,0.32980793714523315,0.32980793714523315,0.0,373.2783508300781,0.4009663164615631,0.4525551497936249,-0.0713246539235115,0.09466289728879929,108.75160217285156,0.37777119874954224,17.77515983581543,0.5858123302459717,0.9116178154945374
2017,2,29.91861498236043,103.91778490608644,6057.3145,415.0,2.3312385082244873,246.56967163085938,29.00214385986328,27.880754470825195,1.2451567649841309,6.710182189941406,39.854583740234375,0.23696592450141907,0.2482825219631195,0.0,415.38433837890625,0.46374085545539856,0.48767754435539246,0.3703237473964691,0.09868878871202469,47.972267150878906,0.3823179602622986,12.98076057434082,0.33725154399871826,0.5995966792106628,0.2058510035276413,0.24705816805362701,0.0,596.5126342773438,0.42207953333854675,0.5056490302085876,0.36532455682754517,0.08172313868999481,73.69602966308594,0.35924232006073,8.401586532592773,0.25090211629867554,0.43946224451065063,0.1736040562391281,0.18785925209522247,0.0,354.1119384765625,0.3203466832637787,0.3506176769733429,0.32213735580444336,0.07021710276603699,61.27565383911133,0.3529037833213806,9.079792976379395,0.3011625111103058,0.6879585981369019,0.26804396510124207,0.26804396510124207,0.0,242.4550323486328,0.4863348603248596,0.4863348603248596,0.34413498640060425,0.10373435914516449,31.113548278808594,0.3590291738510132,14.26206111907959,0.42271688580513,0.6900680065155029,0.3305346369743347,0.3305346369743347,0.0,381.1726379394531,0.6621711254119873,0.6920250654220581,0.2960885167121887,0.194453626871109,100.70356750488281,0.36659976840019226,18.151079177856445,0.6341187953948975,1.0647287368774414
2017,2,29.519222219205385,103.5396843504616,6063.319,426.0,1.4126081466674805,48.97050476074219,29.334545135498047,28.843210220336914,1.1942942142486572,5.9381914138793945,36.423091888427734,0.23883309960365295,0.2511426508426666,0.0,403.8487243652344,0.5105997920036316,0.5447258353233337,0.3856218159198761,0.10276809334754944,63.97029495239258,0.41358181834220886,12.620272636413574,0.28246060013771057,0.44596749544143677,0.1978803128004074,0.255755752325058,0.0,570.2650756835938,0.48668408393859863,0.48668408393859863,0.1379823088645935,0.09419288486242294,106.34027862548828,0.39966338872909546,8.031902313232422,0.21039846539497375,0.38488733768463135,0.18270957469940186,0.1864323765039444,0.0,336.33258056640625,0.47771766781806946,0.4819751977920532,0.1897812932729721,0.09136366099119186,83.14091491699219,0.3964437246322632,8.62391185760498,0.25618740916252136,0.5662336945533752,0.25723281502723694,0.25723281502723694,0.0,234.9411163330078,0.48901844024658203,0.48901844024658203,0.33123183250427246,0.10077118128538132,33.27085494995117,0.3967394232749939,13.82006549835205,0.3619663119316101,0.6473336219787598,0.3246895968914032,0.3246895968914032,0.0,370.0409851074219,0.5564438104629517,0.5836135745048523,0.2612813115119934,0.13038629293441772,115.09095001220703,0.3974543511867523,17.62099838256836,0.544587254524231,0.8222782015800476
2017,2,29.53054387678009,103.50087679399346,6063.319,453.0,1.8543341159820557,-0.0,27.843992233276367,30.154178619384766,1.2155182361602783,6.033636569976807,37.18580627441406,0.23832528293132782,0.2511846423149109,0.0,401.8020935058594,0.5120325088500977,0.5475189685821533,0.3845475912094116,0.10282205790281296,65.13365936279297,0.41473913192749023,12.556315422058105,0.2780935764312744,0.4318796396255493,0.19829952716827393,0.25755488872528076,0.0,565.0095825195312,0.5641754865646362,0.5641754865646362,0.21939660608768463,0.13258616626262665,108.30258178710938,0.40128034353256226,7.957881450653076,0.20742957293987274,0.38141465187072754,0.18581146001815796,0.1899029016494751,0.0,333.5228576660156,0.564444899559021,0.5775758624076843,0.34439289569854736,0.15824303030967712,84.18913269042969,0.39816755056381226,8.551868438720703,0.25317588448524475,0.560339629650116,0.2573801279067993,0.2573801279067993,0.0,233.89744567871094,0.4886963367462158,0.4886963367462158,0.3304847478866577,0.10089483112096786,33.513816833496094,0.39759939908981323,13.758672714233398,0.3578849136829376,0.6411696672439575,0.32498258352279663,0.32498258352279663,0.0,368.6953125,0.5481796860694885,0.6272950172424316,0.31890955567359924,0.14431534707546234,116.5093994140625,0.39884138107299805,17.55691909790039,0.53793865442276,0.7987654805183411
2017,2,29.543747274999347,103.50492119864893,6063.319,448.0,7.199339389801025,206.22586059570312,26.30501365661621,30.60246467590332,1.2300000190734863,6.199999809265137,37.139381408691406,0.23802302777767181,0.2509039342403412,0.0,401.74169921875,0.5103243589401245,0.5457215309143066,0.38364601135253906,0.10263477265834808,64.90007781982422,0.414014995098114,12.554428100585938,0.2787345349788666,0.4334295392036438,0.19857993721961975,0.25718966126441956,0.0,564.8207397460938,0.4736526906490326,0.4736526906490326,0.16309255361557007,0.09902988374233246,107.60887908935547,0.40032365918159485,7.955221652984619,0.20807896554470062,0.3824276328086853,0.18577973544597626,0.19026589393615723,0.0,333.55743408203125,0.4968052804470062,0.5354618430137634,0.22036553919315338,0.1076696515083313,83.6826400756836,0.3971129357814789,8.552754402160645,0.2539824843406677,0.5627080202102661,0.25767794251441956,0.25767794251441956,0.0,233.91929626464844,0.48827463388442993,0.48827463388442993,0.3306347727775574,0.1009368896484375,33.478553771972656,0.3966265916824341,13.759958267211914,0.3588479459285736,0.6411676406860352,0.3251759111881256,0.3251759111881256,0.0,368.77734375,0.5192696452140808,0.5313891172409058,0.2148115038871765,0.10852234810590744,116.28004455566406,0.398070365190506,17.560827255249023,0.539290726184845,0.8013533353805542
2017,2,28.840096669664533,105.92471035361505,6064.823,266.0,7.452773571014404,171.8787841796875,34.116031646728516,24.63422393798828,1.2457189559936523,5.95286750793457,37.8658561706543,0.26353520154953003,0.2848058044910431,0.0,436.1928405761719,0.49919983744621277,0.49919983744621277,0.10038624703884125,0.1123204380273819,101.72901916503906,0.4073428213596344,13.631026268005371,0.2920581102371216,0.550514817237854,0.18482846021652222,0.23519887030124664,0.0,665.1182861328125,0.39163437485694885,0.39163437485694885,0.060733892023563385,0.06569534540176392,70.28195190429688,0.3874283730983734,9.367863655090332,0.2539016306400299,0.4128965437412262,0.0849173292517662,0.09278120845556259,0.0,388.2306213378906,0.40373465418815613,0.40373465418815613,0.08898179233074188,0.0743774026632309,78.73524475097656,0.38622838258743286,9.954630851745605,0.2860862612724304,0.5430886745452881,0.2525901198387146,0.2525901198387146,0.0,250.413818359375,0.4880189895629883,0.4880189895629883,0.3406918942928314,0.09529829770326614,45.94418716430664,0.39829277992248535,14.730224609375,0.4126622974872589,0.7777165174484253,0.3500831723213196,0.3500831723213196,0.0,391.8883972167969,0.5716255307197571,0.5716255307197571,0.44470351934432983,0.14766579866409302,94.86834716796875,0.37866324186325073,18.661352157592773,0.5984331369400024,1.167023777961731
2017,2,30.868853875950798,105.51184664617753,6073.867,344.0,7.709346771240234,44.15298080444336,32.7432746887207,26.863554000854492,1.2796204090118408,7.387229919433594,29.98893928527832,0.24872764945030212,0.26151546835899353,0.0,434.515380859375,0.4676426649093628,0.4836786091327667,0.392204612493515,0.10147413611412048,37.53837585449219,0.3578052222728729,13.578605651855469,0.4215780198574066,0.9103074073791504,0.2184654027223587,0.28139111399650574,0.0,653.71533203125,0.35664042830467224,0.41357606649398804,0.2002214640378952,0.07031503319740295,37.5368537902832,0.32062312960624695,9.207258224487305,0.3252248167991638,0.5553483963012695,0.2021167129278183,0.2251097857952118,0.0,384.6490173339844,0.5369359254837036,0.5369359254837036,0.15865381062030792,0.11971264332532883,50.83440017700195,0.323132187128067,9.86279582977295,0.36217838525772095,0.8760443329811096,0.2864697575569153,0.2864697575569153,0.0,256.30364990234375,0.5685369372367859,0.5719982981681824,0.3056413531303406,0.13977988064289093,34.9405517578125,0.32640260457992554,15.076684951782227,0.5309743881225586,0.8943415880203247,0.3608212471008301,0.3608212471008301,0.0,397.94598388671875,0.5661980509757996,0.5746170878410339,0.27935513854026794,0.16581423580646515,102.85114288330078,0.3458158075809479,18.94980812072754,0.7631177306175232,1.51905357837677
2017,2,28.291943836265485,103.42838518816758,6076.246,1804.0,44.97629928588867,96.5118179321289,29.73077392578125,26.884387969970703,1.2439380884170532,5.8896989822387695,38.91194152832031,0.2629944980144501,0.2718808948993683,0.09267434477806091,295.6136779785156,0.5665094256401062,0.5665094256401062,0.04369623586535454,0.18029166758060455,83.01729583740234,0.43037909269332886,9.235031127929688,0.1846509426832199,0.3839925229549408,0.19317081570625305,0.23193135857582092,2.788180351257324,350.8491516113281,0.5396428108215332,0.549932599067688,-0.020482275635004044,0.1546742171049118,110.57906341552734,0.42021289467811584,4.902266979217529,0.15186217427253723,0.3992055654525757,0.14277973771095276,0.14767993986606598,2.978555679321289,201.51658630371094,0.32279884815216064,0.3366661071777344,0.2497338205575943,0.0628463476896286,99.49293518066406,0.4135879874229431,5.090718746185303,0.19000938534736633,0.45515698194503784,0.22263076901435852,0.22263076901435852,0.0,173.64015197753906,0.48109009861946106,0.48109009861946106,0.2554178237915039,0.08658736944198608,49.871856689453125,0.4228963851928711,10.214126586914062,0.26309734582901,0.6238083839416504,0.3529486656188965,0.3529486656188965,0.0,283.7044677734375,0.5326546430587769,0.5417925715446472,-0.01087582390755415,0.14979976415634155,107.71925354003906,0.42339473962783813,13.509737014770508,0.38312414288520813,0.8807786703109741
2017,2,31.13942766877285,105.50322274474017,6081.6196,404.0,10.03785514831543,254.07635498046875,30.82457733154297,23.27039337158203,1.2833940982818604,7.226095676422119,29.342422485351562,0.24400798976421356,0.25504621863365173,0.0,429.48529052734375,0.46262332797050476,0.48106849193573,0.3962545394897461,0.10030821710824966,33.057533264160156,0.3559826910495758,13.421415328979492,0.4282796382904053,0.9175931215286255,0.2187017947435379,0.27872779965400696,0.0,638.8067626953125,0.6272666454315186,0.6748647689819336,0.3019559979438782,0.1802748143672943,36.532840728759766,0.31800827383995056,8.997278213500977,0.32967811822891235,0.5751863121986389,0.20770902931690216,0.23002305626869202,0.0,378.65765380859375,0.7514451146125793,0.7514451146125793,0.4121153652667999,0.23794256150722504,49.98197555541992,0.3219473958015442,9.7091703414917,0.3670847415924072,0.864063024520874,0.28633609414100647,0.28633609414100647,0.0,254.5155029296875,0.6370416879653931,0.6370416879653931,0.4566991925239563,0.20390091836452484,31.712013244628906,0.3218715786933899,14.9714994430542,0.5431376099586487,0.8748276233673096,0.3753453493118286,0.3753453493118286,0.0,397.671142578125,0.6132346987724304,0.6132346987724304,0.3628879189491272,0.1787002980709076,97.87223052978516,0.3374047875404358,18.936721801757812,0.7942125201225281,1.5350611209869385
2017,2,30.013745444234647,105.04292757939716,6085.1763,415.0,4.242857933044434,49.110496520996094,14.395846366882324,35.51313400268555,1.2799999713897705,7.404731273651123,38.63921356201172,0.24993492662906647,0.2575106918811798,0.0,444.6446228027344,0.45975461602211,0.4666016101837158,0.38908854126930237,0.1004796028137207,39.73664093017578,0.364356130361557,13.89514446258545,0.40338850021362305,0.8442972302436829,0.2063375562429428,0.2471943348646164,0.0,678.9466552734375,0.4583871066570282,0.48158007860183716,0.1592877358198166,0.08500325679779053,43.04114532470703,0.3325635492801666,9.562628746032715,0.30515140295028687,0.5094756484031677,0.15367990732192993,0.16749142110347748,0.0,396.7064208984375,0.45558640360832214,0.45558640360832214,0.19860045611858368,0.09132299572229385,49.06367111206055,0.3271459937095642,10.17195987701416,0.3487515449523926,0.7929577827453613,0.27357566356658936,0.27357566356658936,0.0,259.1139831542969,0.6216057538986206,0.6216057538986206,0.29337409138679504,0.11454875022172928,32.959388732910156,0.3411022424697876,15.241999626159668,0.4966707229614258,0.8444651961326599,0.3315640687942505,0.3315640687942505,0.0,401.3586730957031,0.5198813080787659,0.5395938158035278,0.2083028107881546,0.11080563813447952,88.27708435058594,0.3455861508846283,19.11231803894043,0.733810544013977,1.4507269859313965
2017,2,29.978982292421986,103.66607756982152,6091.4946,463.0,11.75703239440918,38.94239807128906,26.360292434692383,28.13545036315918,1.2301714420318604,6.425810813903809,40.74839782714844,0.23068086802959442,0.24464388191699982,0.0,401.55706787109375,0.4615616500377655,0.4936198890209198,0.3583277463912964,0.09754635393619537,55.96310043334961,0.38940852880477905,12.54865837097168,0.30567824840545654,0.5007036924362183,0.20805901288986206,0.25043174624443054,0.0,562.2357788085938,0.49521270394325256,0.49521270394325256,0.1602119356393814,0.10867153853178024,84.59937286376953,0.36838915944099426,7.918813228607178,0.23170581459999084,0.4178457260131836,0.1875571459531784,0.20462381839752197,0.0,336.2922058105469,0.49322178959846497,0.49322178959846497,0.21268364787101746,0.12232010066509247,66.96514129638672,0.3622410297393799,8.62287712097168,0.2823522090911865,0.6474968791007996,0.26817384362220764,0.26817384362220764,0.0,235.50253295898438,0.47879281640052795,0.47879281640052795,0.3375438451766968,0.10327032953500748,32.38296890258789,0.3640436828136444,13.853090286254883,0.3948540985584259,0.6474183797836304,0.3318749964237213,0.3318749964237213,0.0,372.4347229003906,0.46743687987327576,0.5273676514625549,0.1250918209552765,0.12214382737874985,108.66210174560547,0.37327197194099426,17.7349853515625,0.5898317694664001,0.9074463248252869
2017,2,29.41681450441196,104.98417446391697,6095.902,337.0,4.635368824005127,66.46516418457031,30.805818557739258,28.510839462280273,1.2858860492706299,6.896944522857666,35.51689529418945,0.24458493292331696,0.2460046261548996,0.0,448.95965576171875,0.4513648450374603,0.4530845284461975,0.39088088274002075,0.09850998967885971,47.854637145996094,0.3780031204223633,14.029989242553711,0.3756101429462433,0.7697389125823975,0.19262786209583282,0.20831391215324402,0.0,696.067626953125,0.530026912689209,0.5377264022827148,0.19090181589126587,0.1005902886390686,49.95983123779297,0.3491426110267639,9.803770065307617,0.28935298323631287,0.48585060238838196,0.10953599959611893,0.11258608102798462,0.0,405.2074890136719,0.5065862536430359,0.5065862536430359,0.20539142191410065,0.09629413485527039,54.04901885986328,0.3414239287376404,10.389935493469238,0.3339466154575348,0.6811577081680298,0.25695592164993286,0.25695592164993286,0.0,260.3433532714844,0.4860547184944153,0.4860547184944153,0.3470880389213562,0.09750212728977203,30.766199111938477,0.361390620470047,15.314314842224121,0.46979236602783203,0.8191388845443726,0.32502150535583496,0.32502150535583496,0.0,403.910400390625,0.4074177145957947,0.4856577217578888,0.19820354878902435,0.08500009775161743,77.19075775146484,0.3436441123485565,19.233829498291016,0.7164925336837769,1.3977322578430176
2017,2,30.05551830290333,105.08874038362028,6099.851,418.0,7.454555988311768,171.78224182128906,13.505202293395996,36.78683853149414,1.2981674671173096,7.065075397491455,36.735435485839844,0.2504289150238037,0.258624792098999,0.0,444.34295654296875,0.46115878224372864,0.4684598445892334,0.3888818025588989,0.10071492940187454,40.112998962402344,0.3638412654399872,13.885717391967773,0.4042527377605438,0.8493621349334717,0.20738017559051514,0.2505744397640228,0.0,678.5938720703125,0.40564730763435364,0.4070168435573578,0.10645618289709091,0.11011280864477158,42.64020538330078,0.3317054510116577,9.557660102844238,0.3064831793308258,0.5115594267845154,0.15724709630012512,0.1719435751438141,0.0,396.4164733886719,0.4478950500488281,0.4478950500488281,0.18809525668621063,0.10628698021173477,49.20086669921875,0.32667532563209534,10.164525032043457,0.3494260311126709,0.7996026873588562,0.2747360169887543,0.2747360169887543,0.0,259.119384765625,0.5748463869094849,0.5748463869094849,0.3079555630683899,0.14733080565929413,33.479576110839844,0.34004342555999756,15.242317199707031,0.4984702467918396,0.8508644700050354,0.33237966895103455,0.33237966895103455,0.0,401.1889953613281,0.4547783434391022,0.4547783434391022,0.16065913438796997,0.11453364789485931,89.68476104736328,0.3459504544734955,19.104238510131836,0.7336285710334778,1.4551408290863037
2017,2,29.545365928681747,103.49629729721158,6110.4634,449.0,1.0660027265548706,90.0,25.341402053833008,30.89569091796875,1.216415524482727,6.128962993621826,40.35677719116211,0.23787623643875122,0.2508183717727661,0.0026404617819935083,400.84893798828125,0.5106757879257202,0.5462004542350769,0.38324153423309326,0.1026165559887886,65.16002655029297,0.41420719027519226,12.526446342468262,0.2776360809803009,0.4313149154186249,0.1985936164855957,0.2572471797466278,0.08173570036888123,562.6951904296875,0.4849521219730377,0.4849521219730377,0.1760510355234146,0.11520140618085861,107.89186096191406,0.4005782902240753,7.92413330078125,0.207366481423378,0.3817388713359833,0.18618535995483398,0.19072461128234863,0.0381944365799427,332.3470458984375,0.5513589978218079,0.5586540102958679,0.2771909534931183,0.1449449509382248,83.86344146728516,0.39739739894866943,8.520739555358887,0.25317609310150146,0.5610447525978088,0.2575806677341461,0.2575806677341461,9.170070552499965E-5,233.424072265625,0.4882178008556366,0.4882178008556366,0.33053919672966003,0.1009100079536438,33.565921783447266,0.3968210220336914,13.730822563171387,0.35766923427581787,0.6390870213508606,0.32507410645484924,0.32507410645484924,0.0,368.14056396484375,0.5699366331100464,0.5999395251274109,0.33425310254096985,0.1544995903968811,116.6175308227539,0.39834994077682495,17.53050422668457,0.5374886393547058,0.7977714538574219
2017,2,31.06989690604646,105.65440856595725,6126.8203,381.0,10.6676607131958,244.5523681640625,24.487987518310547,28.3881893157959,1.274655818939209,7.242311954498291,31.335060119628906,0.2432839721441269,0.256460577249527,0.0,429.3877258300781,0.45788636803627014,0.4783044159412384,0.39515411853790283,0.10005755722522736,52.10486602783203,0.3637322187423706,13.418366432189941,0.40460464358329773,0.8517048954963684,0.2176169753074646,0.27432361245155334,0.0,638.8232421875,0.5493040680885315,0.5524508357048035,0.2007846236228943,0.0788106620311737,39.622581481933594,0.3274400234222412,8.997509956359863,0.3172092139720917,0.5465880036354065,0.20444007217884064,0.2264070212841034,0.0,379.1024169921875,0.5514631271362305,0.5514631271362305,0.1821182519197464,0.10182114690542221,55.71651840209961,0.33151283860206604,9.720574378967285,0.3566323518753052,0.8516746163368225,0.2849838137626648,0.2849838137626648,0.0,253.66407775878906,0.5573474764823914,0.5573474764823914,0.2319665402173996,0.0819985643029213,37.86832809448242,0.33394479751586914,14.921416282653809,0.5254016518592834,0.8705894351005554,0.37167030572891235,0.37167030572891235,0.0,396.5245056152344,0.6227362155914307,0.6227362155914307,0.2529366910457611,0.12591303884983063,106.00337982177734,0.34812915325164795,18.88212013244629,0.7602133750915527,1.4812344312667847
2017,2,30.36031569631057,105.14722149393621,6138.431,359.0,7.398919582366943,60.090641021728516,31.493677139282227,21.86769676208496,1.277852177619934,7.107351779937744,34.614749908447266,0.25400713086128235,0.2666948139667511,0.0,441.8419189453125,0.47133004665374756,0.4819200038909912,0.38738420605659485,0.10241956263780594,36.36449432373047,0.35669374465942383,13.807559967041016,0.417585551738739,0.8843295574188232,0.21493248641490936,0.2750585675239563,0.0,669.0979614257812,0.6224666237831116,0.6224666237831116,0.31446489691734314,0.14430610835552216,39.897640228271484,0.3231544494628906,9.423914909362793,0.31383955478668213,0.520934522151947,0.1830863654613495,0.20419318974018097,0.0,391.4243469238281,0.603663980960846,0.603663980960846,0.28449511528015137,0.14765729010105133,47.50198745727539,0.32006755471229553,10.036521911621094,0.3555710017681122,0.8591885566711426,0.28314098715782166,0.28314098715782166,0.0,258.318603515625,0.6916708946228027,0.6916708946228027,0.4205632507801056,0.20042890310287476,34.977359771728516,0.32942354679107666,15.195211410522461,0.5116381049156189,0.8671890497207642,0.33828750252723694,0.33828750252723694,0.0,399.4526672363281,0.5207850337028503,0.5207850337028503,0.18168190121650696,0.1390613168478012,97.50438690185547,0.3487229645252228,19.021554946899414,0.7385746836662292,1.480696201324463
2017,2,28.81261077077109,105.98399856122165,6144.711,331.0,4.226472854614258,270.0,37.188880920410156,24.75348663330078,1.1950395107269287,5.868523597717285,34.976707458496094,0.2657633423805237,0.28800904750823975,0.0,432.7108459472656,0.4914269745349884,0.4914269745349884,0.10106061398983002,0.12381776422262192,106.72048950195312,0.4116404950618744,13.52221393585205,0.28303655982017517,0.5326964259147644,0.18446414172649384,0.2377658188343048,0.0,655.5803833007812,0.58990079164505,0.58990079164505,0.10222367197275162,0.11186999827623367,72.90697479248047,0.39270782470703125,9.233526229858398,0.2496073693037033,0.40693050622940063,0.0833558663725853,0.0918920487165451,0.0,383.35638427734375,0.5544744729995728,0.5544744729995728,0.09966251254081726,0.09993986785411835,81.28374481201172,0.39234405755996704,9.82965087890625,0.2808939218521118,0.5376494526863098,0.25347888469696045,0.25347888469696045,0.0,248.09605407714844,0.49028757214546204,0.49028757214546204,0.34011057019233704,0.09575002640485764,47.7214241027832,0.4034191071987152,14.59388542175293,0.40553024411201477,0.7781212329864502,0.3508903384208679,0.3508903384208679,0.0,388.8623962402344,0.573495626449585,0.573495626449585,0.44564151763916016,0.14869262278079987,97.65455627441406,0.38523662090301514,18.517255783081055,0.5825632810592651,1.1397632360458374
2017,2,29.585520133668027,104.97151061692519,6146.124,330.0,4.641844749450684,293.4998779296875,27.116607666015625,30.349458694458008,1.2899999618530273,7.099999904632568,29.09086799621582,0.24490642547607422,0.2461698204278946,0.0,448.3753356933594,0.44546082615852356,0.4476858973503113,0.39119312167167664,0.09808406233787537,44.628055572509766,0.3751673400402069,14.01172924041748,0.38462504744529724,0.7983500957489014,0.195724219083786,0.21278655529022217,0.0,693.2158813476562,0.4827868938446045,0.5017136931419373,0.19904698431491852,0.10974936187267303,46.90029525756836,0.3449426293373108,9.763603210449219,0.29526662826538086,0.49630528688430786,0.11736772209405899,0.12217073142528534,0.0,403.9898986816406,0.45275676250457764,0.45275676250457764,0.1976008415222168,0.10035617649555206,52.02069091796875,0.3374698758125305,10.358716011047363,0.3400409519672394,0.7177085876464844,0.2617640495300293,0.2617640495300293,0.0,260.2628173828125,0.48980945348739624,0.48980945348739624,0.35270658135414124,0.09993883222341537,31.009708404541016,0.35723480582237244,15.309577941894531,0.4777128994464874,0.8276210427284241,0.32326167821884155,0.32326167821884155,0.0,403.49566650390625,0.4677940011024475,0.5021612644195557,0.19504018127918243,0.10577725619077682,79.189453125,0.3441578447818756,19.214078903198242,0.7229124903678894,1.417303204536438
2017,2,29.87711412885601,103.74207402907541,6146.1416,445.0,2.829233407974243,310.9283752441406,38.27494812011719,25.1268367767334,1.2300000190734863,6.400000095367432,41.713623046875,0.23407018184661865,0.24661654233932495,0.0,407.1981201171875,0.46906742453575134,0.4982464611530304,0.36684128642082214,0.09866109490394592,54.27445602416992,0.39064767956733704,12.72494125366211,0.3135579526424408,0.5287296772003174,0.2054445743560791,0.2489294558763504,0.0,576.7657470703125,0.5628926157951355,0.5628926157951355,0.19942748546600342,0.11988209187984467,83.77821350097656,0.3698972165584564,8.123461723327637,0.2355654537677765,0.42080849409103394,0.18056009709835052,0.19437448680400848,0.0,343.22320556640625,0.5544801950454712,0.5544801950454712,0.23170427978038788,0.1288667470216751,67.32096099853516,0.36409759521484375,8.800594329833984,0.2853405773639679,0.6492655873298645,0.2661924362182617,0.2661924362182617,0.0,238.06581115722656,0.4826892912387848,0.4826892912387848,0.33880460262298584,0.10286672413349152,32.00121307373047,0.3674840033054352,14.003870964050293,0.39993560314178467,0.6634994745254517,0.33008742332458496,0.33008742332458496,0.0,375.40386962890625,0.4652611017227173,0.5434699654579163,0.15471427142620087,0.10901885479688644,106.50157928466797,0.3744235336780548,17.876375198364258,0.5992172360420227,0.9532760381698608
2017,2,29.463978416254253,103.5655560547737,6163.4185,421.0,11.698552131652832,278.99542236328125,30.777597427368164,28.819669723510742,1.182376742362976,5.954788684844971,42.66107177734375,0.23975630104541779,0.2514451742172241,0.0,402.0058898925781,0.3745022714138031,0.37559521198272705,0.07195122539997101,0.06072518229484558,64.25745391845703,0.4142543375492096,12.562684059143066,0.2808687686920166,0.4504062533378601,0.19676627218723297,0.25379815697669983,0.0,567.1915893554688,0.4811823070049286,0.4811823070049286,0.1542886197566986,0.08817949146032333,106.1290512084961,0.400519460439682,7.988614082336426,0.2090979516506195,0.3821704089641571,0.17847436666488647,0.181686669588089,0.0,333.98468017578125,0.52699214220047,0.5352748036384583,0.25731176137924194,0.10709496587514877,83.78778839111328,0.39752334356307983,8.56371021270752,0.2541877031326294,0.559716522693634,0.2557685673236847,0.2557685673236847,0.0,233.79132080078125,0.4893574118614197,0.4893574118614197,0.32984617352485657,0.10013625770807266,33.650543212890625,0.39834755659103394,13.75243091583252,0.35944634675979614,0.6485963463783264,0.3256485164165497,0.3256485164165497,0.0,368.5152893066406,0.5961542129516602,0.6158730387687683,0.2831459939479828,0.14617303013801575,114.16510772705078,0.3983311951160431,17.54834747314453,0.5425291657447815,0.8375537991523743
2017,2,31.039441245851425,105.56547625454732,6163.579,468.0,24.8439884185791,168.227294921875,24.495708465576172,26.964229583740234,1.2685164213180542,7.120393753051758,28.035600662231445,0.24494481086730957,0.257339209318161,0.0,430.8040466308594,0.4619567394256592,0.48059576749801636,0.39472895860671997,0.10050954669713974,41.814762115478516,0.359570175409317,13.462626457214355,0.4170961380004883,0.8896047472953796,0.2181849330663681,0.2775815427303314,0.0,642.8272094726562,0.6208674907684326,0.6243806481361389,0.20614369213581085,0.17908795177936554,38.02409744262695,0.3224821388721466,9.05390453338623,0.3235625624656677,0.5586365461349487,0.20486906170845032,0.22721606492996216,0.0,380.45159912109375,0.565237283706665,0.565237283706665,0.22556470334529877,0.16351033747196198,52.49855041503906,0.32610777020454407,9.755168914794922,0.3616493046283722,0.8623781800270081,0.2858043611049652,0.2858043611049652,0.0,254.6631622314453,0.6126068234443665,0.6126068234443665,0.340206116437912,0.18823857605457306,35.01261520385742,0.32790428400039673,14.980185508728027,0.5329025387763977,0.878358006477356,0.3699879050254822,0.3699879050254822,0.0,397.30108642578125,0.6917281150817871,0.6917281150817871,0.3231523931026459,0.23274479806423187,102.48240661621094,0.3439255356788635,18.919099807739258,0.7725039720535278,1.5092991590499878
2017,2,30.696647852367782,105.23076275217252,6179.277,344.0,3.362311363220215,285.9937438964844,31.61321258544922,23.245920181274414,1.286460518836975,7.51630163192749,35.22577667236328,0.25460943579673767,0.26880455017089844,0.0,435.2779846191406,0.47460946440696716,0.48917248845100403,0.3879868984222412,0.10290221124887466,34.75669860839844,0.3553856909275055,13.602437019348145,0.41984760761260986,0.8900974988937378,0.2192457616329193,0.2864464819431305,0.0,651.8822631835938,0.5909409523010254,0.6195646524429321,0.19135449826717377,0.1409885585308075,39.58296203613281,0.3204982876777649,9.181440353393555,0.3170754909515381,0.5311538577079773,0.19935999810695648,0.22411634027957916,0.0,383.0231018066406,0.5627740025520325,0.5627740025520325,0.16358745098114014,0.14475011825561523,48.110137939453125,0.32000836730003357,9.821105003356934,0.3571840822696686,0.8721871972084045,0.28606116771698,0.28606116771698,0.0,255.69813537597656,0.576741635799408,0.576741635799408,0.24920141696929932,0.15628305077552795,34.60934829711914,0.3252218961715698,15.04106616973877,0.5193579792976379,0.8633226156234741,0.3531254231929779,0.3531254231929779,0.0,397.2664489746094,0.4273228049278259,0.4273228049278259,0.019450493156909943,0.10055453330278397,99.48020935058594,0.34670841693878174,18.917449951171875,0.7526426911354065,1.4890714883804321
2017,2,30.779382013313413,105.39838927897365,6180.357,394.0,17.759639739990234,216.0347137451172,32.1661376953125,22.865346908569336,1.2717769145965576,7.2603044509887695,29.34842300415039,0.25193464756011963,0.26536938548088074,0.0,435.02642822265625,0.47164463996887207,0.4867793917655945,0.38998863101005554,0.10225679725408554,36.176979064941406,0.3569328784942627,13.594575881958008,0.4204763174057007,0.9029837846755981,0.21894070506095886,0.2843434512615204,0.0,653.98388671875,0.4909720718860626,0.5201177597045898,0.16516701877117157,0.0693177580833435,38.50288391113281,0.3206368088722229,9.211040496826172,0.3217567801475525,0.5441652536392212,0.20079480111598969,0.22475409507751465,0.0,384.244384765625,0.43941730260849,0.43941730260849,0.1569807380437851,0.07430601865053177,49.716556549072266,0.3218498229980469,9.85241985321045,0.35965695977211,0.8753000497817993,0.28632238507270813,0.28632238507270813,0.0,256.1314392089844,0.5660260915756226,0.5692272186279297,0.18440648913383484,0.07786137610673904,34.91766357421875,0.3260986804962158,15.066554069519043,0.5251936316490173,0.8840268850326538,0.3568459749221802,0.3568459749221802,0.0,397.5959777832031,0.7005491852760315,0.7040109634399414,0.3327069580554962,0.17605631053447723,101.62418365478516,0.3466153144836426,18.933141708374023,0.7565762400627136,1.5066936016082764
2017,2,31.42023955761361,104.21315130076563,6185.609,642.0,1.4285171031951904,310.476318359375,30.498395919799805,24.85281753540039,1.2576615810394287,6.747708320617676,36.80164337158203,0.257225900888443,0.2742646634578705,0.8083072304725647,331.81329345703125,0.3268468677997589,0.3268468677997589,-0.001418411498889327,0.05973396450281143,52.10514450073242,0.3790668845176697,10.343905448913574,0.2886177599430084,0.5324637293815613,0.2099633514881134,0.2734166085720062,14.3195161819458,403.16668701171875,0.3445175886154175,0.3445175886154175,0.06004197895526886,0.07952644675970078,76.67070007324219,0.3541196584701538,5.476720809936523,0.22531668841838837,0.41178926825523376,0.19685976207256317,0.22971981763839722,10.603068351745605,243.81002807617188,0.3959054946899414,0.43701037764549255,0.32346129417419434,0.08688443899154663,66.64613342285156,0.353861004114151,5.979665756225586,0.25538596510887146,0.5996348857879639,0.2502661943435669,0.2502661943435669,0.0,194.3917694091797,0.4388390779495239,0.4388390779495239,0.37060487270355225,0.10233511030673981,36.06315612792969,0.3553725779056549,11.434810638427734,0.37473633885383606,0.5378174185752869,0.38014665246009827,0.38014665246009827,0.0,329.73779296875,0.5369943380355835,0.5443183779716492,0.19904139637947083,0.15267829596996307,95.01842498779297,0.3526357114315033,15.701799392700195,0.6147985458374023,1.0635569095611572
2017,2,30.305611444586894,104.92246050533727,6201.4697,439.0,10.13182258605957,57.07661437988281,27.492137908935547,26.048181533813477,1.2820478677749634,7.383455753326416,31.417469024658203,0.25336748361587524,0.2652522027492523,0.0,441.83367919921875,0.46951183676719666,0.47951385378837585,0.3876519203186035,0.10211484134197235,32.603580474853516,0.35464680194854736,13.807302474975586,0.4204893708229065,0.8735394477844238,0.21358242630958557,0.270681768655777,0.0,664.6898803710938,0.5900527238845825,0.5900527238845825,0.30748897790908813,0.11822803318500519,40.50303649902344,0.32257649302482605,9.36182975769043,0.3103584051132202,0.5150007009506226,0.17846731841564178,0.198428213596344,0.0,389.8924255371094,0.29492315649986267,0.32488006353378296,0.32917752861976624,0.06952189654111862,45.22167205810547,0.3178105056285858,9.997241020202637,0.35548558831214905,0.8483902215957642,0.281638503074646,0.281638503074646,0.0,257.8132019042969,0.6943762898445129,0.6943762898445129,0.3864699900150299,0.1640867292881012,32.86281967163086,0.32789433002471924,15.165481567382812,0.5098453164100647,0.835713803768158,0.33723142743110657,0.33723142743110657,0.0,399.6952209472656,0.5697256326675415,0.5812299251556396,0.24657954275608063,0.12683875858783722,92.397705078125,0.3458074629306793,19.033105850219727,0.7463789582252502,1.4688146114349365
2017,2,29.905679130204387,103.8466399487787,6219.1196,398.0,0.9274099469184875,180.0,32.09626007080078,25.849748611450195,1.2155643701553345,6.567080497741699,48.02606964111328,0.23567967116832733,0.24751164019107819,0.0,411.9906921386719,0.46540653705596924,0.49147704243659973,0.3686063885688782,0.09861958026885986,50.49494552612305,0.38552045822143555,12.874709129333496,0.3276936709880829,0.5708879828453064,0.2057742476463318,0.24772538244724274,0.0,588.310791015625,0.423984169960022,0.5095210075378418,0.3646947741508484,0.08172980695962906,77.63301086425781,0.36333027482032776,8.286067962646484,0.2447872757911682,0.43209517002105713,0.17647139728069305,0.190670907497406,0.0,349.633056640625,0.6001968383789062,0.6001968383789062,0.255670428276062,0.17196404933929443,63.607242584228516,0.3571832478046417,8.964950561523438,0.29489701986312866,0.6727694869041443,0.26737746596336365,0.26737746596336365,0.0,240.65269470214844,0.4847049415111542,0.4847049415111542,0.3419881761074066,0.1033921167254448,31.468685150146484,0.3622036576271057,14.15604019165039,0.41363564133644104,0.6791175007820129,0.33041319251060486,0.33041319251060486,0.0,378.8205871582031,0.6280221939086914,0.6332857012748718,0.21442864835262299,0.19476363062858582,103.0223617553711,0.36958158016204834,18.03907585144043,0.6201649904251099,1.0196157693862915
2017,2,30.246318777879228,104.86155364404827,6232.36,396.0,8.45090103149414,49.17726135253906,25.82036590576172,26.82138442993164,1.2788913249969482,7.356313705444336,38.29890060424805,0.2526676654815674,0.26367390155792236,0.0,442.2555236816406,0.46752259135246277,0.47688138484954834,0.3879448175430298,0.1017814576625824,32.19660186767578,0.3553946316242218,13.82048511505127,0.4191490411758423,0.8662333488464355,0.212105393409729,0.26589328050613403,0.0,665.2586669921875,0.3556550443172455,0.3556550443172455,0.1800389438867569,0.07219617813825607,41.0681037902832,0.3238128125667572,9.369840621948242,0.30848708748817444,0.5121433138847351,0.17341379821300507,0.1921209841966629,0.0,390.3377685546875,0.2866981327533722,0.3153388202190399,0.3267533779144287,0.06797541677951813,45.043548583984375,0.3184785544872284,10.008660316467285,0.35451292991638184,0.8383630514144897,0.2799946963787079,0.2799946963787079,0.0,257.8183288574219,0.45416176319122314,0.45416176319122314,0.19350801408290863,0.09588389843702316,32.15580368041992,0.3293829560279846,15.165782928466797,0.5073163509368896,0.8268420100212097,0.3360759913921356,0.3360759913921356,0.0,399.9591369628906,0.41881388425827026,0.4221420884132385,0.08664752542972565,0.10133814811706543,90.3480224609375,0.34516599774360657,19.045673370361328,0.746729850769043,1.4625438451766968
2017,2,30.79609026496068,105.44851403391544,6238.1772,319.0,1.0796122550964355,270.0,21.686359405517578,28.081531524658203,1.2770166397094727,7.25962495803833,26.8730411529541,0.25100353360176086,0.2641926109790802,0.0,435.308837890625,0.4706299901008606,0.4857991337776184,0.39064788818359375,0.10203571617603302,36.52648162841797,0.35722753405570984,13.603401184082031,0.421212762594223,0.9083772301673889,0.21876366436481476,0.2835404872894287,0.0,655.4617919921875,0.39481571316719055,0.40848982334136963,0.22275520861148834,0.08890162408351898,38.031288146972656,0.32050618529319763,9.231856346130371,0.32343772053718567,0.5484580993652344,0.2010113000869751,0.22461846470832825,0.0,385.05169677734375,0.5863118171691895,0.5863118171691895,0.19951565563678741,0.1363944113254547,50.10867691040039,0.3221745193004608,9.873120307922363,0.36071932315826416,0.8774387836456299,0.2864897549152374,0.2864897549152374,0.0,256.4334411621094,0.6953977942466736,0.7003912925720215,0.39742279052734375,0.2041189968585968,35.03446960449219,0.32622775435447693,15.084320068359375,0.5272961854934692,0.8914356827735901,0.3573566675186157,0.3573566675186157,0.0,397.8223571777344,0.6788803339004517,0.6923960447311401,0.3074566423892975,0.20947685837745667,102.38048553466797,0.34669893980026245,18.943920135498047,0.7575843334197998,1.5132555961608887
2017,2,30.181371971035787,105.12808749131588,6239.8965,453.0,10.592317581176758,149.9544677734375,24.256372451782227,32.933753967285156,1.2871798276901245,7.174206256866455,34.05498504638672,0.25190770626068115,0.26195991039276123,0.0,443.3252258300781,0.4653623104095459,0.4740225672721863,0.38826286792755127,0.10141941159963608,38.92843246459961,0.36107200384140015,13.853913307189941,0.4093681573867798,0.8638834357261658,0.21050135791301727,0.26069310307502747,0.0,675.0494995117188,0.4558559060096741,0.5033252239227295,0.08099319040775299,0.08953705430030823,41.49770736694336,0.32829898595809937,9.507740020751953,0.3096475899219513,0.5157532095909119,0.16792580485343933,0.1852715164422989,0.0,394.5126647949219,0.4563945531845093,0.4563945531845093,0.10196825116872787,0.09048821777105331,48.64449691772461,0.32411468029022217,10.11570930480957,0.35189586877822876,0.8235195875167847,0.2782095670700073,0.2782095670700073,0.0,258.83514404296875,0.6644331812858582,0.6644331812858582,0.24682210385799408,0.14738570153713226,34.22407913208008,0.3358094394207001,15.225597381591797,0.5039084553718567,0.85923832654953,0.3348212242126465,0.3348212242126465,0.0,400.502197265625,0.6702148914337158,0.6702148914337158,0.29279547929763794,0.19871392846107483,93.0337142944336,0.34706875681877136,19.071533203125,0.7353549599647522,1.4660402536392212
2017,2,27.82625761774887,102.15610109829525,6242.3936,1498.0,2.096585512161255,90.0,21.772783279418945,27.98564338684082,1.3394578695297241,6.251121520996094,30.185199737548828,0.29307758808135986,0.2993381917476654,0.34901556372642517,267.25738525390625,0.353901207447052,0.353901207447052,0.058598101139068604,0.07280875742435455,94.29739379882812,0.40662285685539246,8.340886116027832,0.26424285769462585,0.526506245136261,0.23242852091789246,0.24186336994171143,25.869686126708984,333.9818420410156,0.4338545501232147,0.43714597821235657,0.14958849549293518,0.09777361899614334,59.740928649902344,0.36149710416793823,4.339608192443848,0.2829269766807556,0.7304645776748657,0.22045591473579407,0.22276544570922852,17.1337890625,215.5550994873047,0.4723885953426361,0.4924669563770294,0.19429457187652588,0.1318369358778,64.50863647460938,0.3161250650882721,5.087725639343262,0.3849084675312042,0.8459384441375732,0.24758490920066833,0.24758490920066833,1.0473836660385132,142.12196350097656,0.5145019292831421,0.5145019292831421,0.2469683736562729,0.10420738160610199,69.90335845947266,0.3838554918766022,8.298504829406738,0.36386793851852417,0.788948118686676,0.3171825408935547,0.3171825408935547,0.0,230.73666381835938,0.5649073719978333,0.5649073719978333,0.3193701207637787,0.1422877311706543,101.81574249267578,0.3917461633682251,10.987460136413574,0.4450303614139557,1.036056399345398
2017,2,29.8000385671472,103.67793431952263,6251.6562,410.0,1.0687057971954346,90.0,32.995140075683594,24.674924850463867,1.2316150665283203,6.101311683654785,35.547203063964844,0.23431198298931122,0.24689842760562897,0.0,405.34393310546875,0.4768393337726593,0.5076531767845154,0.36954373121261597,0.09931820631027222,57.092037200927734,0.39625126123428345,12.666997909545898,0.30386173725128174,0.5019339919090271,0.20386408269405365,0.24974487721920013,0.0,572.7083740234375,0.733878493309021,0.7537055611610413,0.3029685914516449,0.189659982919693,89.42294311523438,0.37707293033599854,8.066315650939941,0.22850950062274933,0.41126886010169983,0.1813768595457077,0.19320039451122284,0.0,340.3887939453125,0.7315666079521179,0.7315666079521179,0.35523006319999695,0.2373110055923462,71.15111541748047,0.37180501222610474,8.727917671203613,0.2775011956691742,0.6274293065071106,0.26410743594169617,0.26410743594169617,0.0,236.8230743408203,0.4829002916812897,0.4829002916812897,0.33641546964645386,0.10221735388040543,32.34468460083008,0.3743242919445038,13.930768966674805,0.38920140266418457,0.6563665270805359,0.3289192020893097,0.3289192020893097,0.0,373.5472106933594,0.5483465194702148,0.6453989744186401,0.2714068293571472,0.10403502732515335,108.87422180175781,0.37979578971862793,17.787961959838867,0.5835534334182739,0.9116325974464417
2017,2,29.991111047287358,103.91239385291281,6262.9277,451.0,9.548514366149902,270.0,31.35944366455078,26.43939208984375,1.2501534223556519,7.028069496154785,38.527278900146484,0.2361251562833786,0.24816450476646423,0.0,413.9807434082031,0.46006107330322266,0.48464369773864746,0.36692336201667786,0.09829100966453552,47.47216033935547,0.3797680735588074,12.936898231506348,0.33849450945854187,0.6002845764160156,0.2075851708650589,0.24896375834941864,0.0,592.3804321289062,0.5263769626617432,0.5263769626617432,0.29480811953544617,0.08649349212646484,72.21773529052734,0.3561664819717407,8.34338665008545,0.2520695924758911,0.44176676869392395,0.1772552877664566,0.19347023963928223,0.0,352.38775634765625,0.3231397867202759,0.3555401861667633,0.3237415552139282,0.07145397365093231,59.88788604736328,0.3495858907699585,9.03558349609375,0.3028428554534912,0.6960524320602417,0.26978349685668945,0.26978349685668945,0.0,241.9569854736328,0.48578864336013794,0.48578864336013794,0.3448945879936218,0.10438981652259827,31.192550659179688,0.3551684319972992,14.23276424407959,0.4250945448875427,0.6869876980781555,0.3317951560020447,0.3317951560020447,0.0,380.71563720703125,0.6193155646324158,0.6311381459236145,0.1772306263446808,0.155447855591774,100.89008331298828,0.36454689502716064,18.129316329956055,0.6366429924964905,1.0635485649108887
2017,2,30.924097678901937,105.59808566055118,6265.815,410.0,17.17794418334961,132.90248107910156,20.421005249023438,34.105751037597656,1.282461166381836,7.5614213943481445,28.275205612182617,0.24623680114746094,0.26000478863716125,0.0,432.7261962890625,0.4618561267852783,0.4804316461086273,0.39298030734062195,0.10080201923847198,47.21884536743164,0.3619614839553833,13.522693634033203,0.40999576449394226,0.8747658729553223,0.21770347654819489,0.27682530879974365,0.0,648.5108642578125,0.42713677883148193,0.49530938267707825,0.14362242817878723,0.06758861988782883,38.97580337524414,0.325549840927124,9.133955955505371,0.3196517825126648,0.5465294718742371,0.20180413126945496,0.22424671053886414,0.0,382.8560485839844,0.4541243314743042,0.4541243314743042,0.1276930272579193,0.09183342009782791,54.043701171875,0.3288014531135559,9.816822052001953,0.357978492975235,0.8645418882369995,0.2853458821773529,0.2853458821773529,0.0,255.20846557617188,0.5646188855171204,0.5673431158065796,0.17014798521995544,0.08375366032123566,37.366153717041016,0.3321819603443146,15.012262344360352,0.5253774523735046,0.8846322894096375,0.36381763219833374,0.36381763219833374,0.0,397.26531982421875,0.6646768450737,0.6691573262214661,0.26880186796188354,0.16437169909477234,106.31877899169922,0.3492491841316223,18.917396545410156,0.7551612854003906,1.4918633699417114
2017,2,30.058211599939614,105.0663735327362,6267.917,419.0,3.704791784286499,-0.0,13.371667861938477,35.70515060424805,1.2903684377670288,7.199999809265137,37.8217887878418,0.25045740604400635,0.2586890459060669,0.0,444.28936767578125,0.4612397849559784,0.46856704354286194,0.38886988162994385,0.10072851181030273,39.56498718261719,0.3634761869907379,13.884042739868164,0.4049406349658966,0.8493848443031311,0.2074403315782547,0.2507694363594055,0.0,677.9151611328125,0.4158203601837158,0.5127092599868774,0.09037033468484879,0.10993164777755737,42.6314582824707,0.33143261075019836,9.548101425170898,0.30633744597435,0.5111643671989441,0.15745289623737335,0.17220042645931244,0.0,396.129638671875,0.4339573085308075,0.4339573085308075,0.10065621137619019,0.09705295413732529,48.9458122253418,0.32632285356521606,10.157170295715332,0.3495810627937317,0.8007133603096008,0.27480295300483704,0.27480295300483704,0.0,259.043212890625,0.6882346868515015,0.6882346868515015,0.26292821764945984,0.19142289459705353,33.29952621459961,0.3396732807159424,15.237835884094238,0.4986022710800171,0.848310112953186,0.33242669701576233,0.33242669701576233,0.0,401.1443786621094,0.6120341420173645,0.6239171028137207,0.23484712839126587,0.17212367057800293,89.48368072509766,0.34589502215385437,19.102113723754883,0.7343239188194275,1.4547282457351685
2017,2,30.296175986757802,105.40728072647424,6270.598,301.0,5.434110641479492,80.20245361328125,23.992610931396484,31.08840560913086,1.277578592300415,7.25607442855835,29.061187744140625,0.2532534897327423,0.26499509811401367,0.0,442.9245300292969,0.46918779611587524,0.4790850281715393,0.3876996338367462,0.10206053406000137,42.856712341308594,0.36235374212265015,13.841391563415527,0.40802910923957825,0.8823830485343933,0.2133418321609497,0.26990172266960144,0.0,678.784912109375,0.46519291400909424,0.46519291400909424,0.16132596135139465,0.10648219287395477,40.327667236328125,0.32760247588157654,9.560351371765137,0.3150025010108948,0.524396538734436,0.17764411866664886,0.1974007934331894,0.0,395.539794921875,0.5954377055168152,0.5954377055168152,0.23474842309951782,0.1560322344303131,51.091983795166016,0.32572680711746216,10.142045974731445,0.3529919981956482,0.8458207845687866,0.28137075901031494,0.28137075901031494,0.0,259.3126525878906,0.3103311359882355,0.3103311359882355,-0.05859546735882759,0.04198485612869263,37.00177001953125,0.33589407801628113,15.253684997558594,0.5082018375396729,0.8994944095611572,0.3370431959629059,0.3370431959629059,0.0,399.9408874511719,0.5434240102767944,0.5434240102767944,0.2512320578098297,0.14567731320858002,100.36823272705078,0.3509368300437927,19.0448055267334,0.7269058227539062,1.484357476234436
2017,2,29.2941981436443,104.9949565702642,6282.129,298.0,15.31519603729248,61.778114318847656,31.645410537719727,29.33753776550293,1.232323169708252,6.113791465759277,51.85152053833008,0.2456052452325821,0.2491563856601715,0.0,448.7514953613281,0.464201420545578,0.466539204120636,0.389850914478302,0.09984645992517471,50.419830322265625,0.3786177933216095,14.023484230041504,0.3687359690666199,0.7412129044532776,0.191202774643898,0.2118695080280304,0.0,695.4717407226562,0.5177447199821472,0.6297323107719421,0.13748697936534882,0.09178345650434494,53.28363800048828,0.3513903021812439,9.795376777648926,0.2834084630012512,0.47375011444091797,0.10859228670597076,0.11170881241559982,0.0,404.62017822265625,0.3795674443244934,0.3795674443244934,0.10594382137060165,0.08052359521389008,55.86812973022461,0.34383437037467957,10.374876022338867,0.32775557041168213,0.6513214111328125,0.2533855140209198,0.2533855140209198,0.0,260.0587463378906,0.4846242368221283,0.4846242368221283,0.34190088510513306,0.0960785374045372,30.73613166809082,0.3624551296234131,15.29757308959961,0.4637925624847412,0.8082661032676697,0.3300507068634033,0.3300507068634033,0.0,403.8617858886719,0.4317915737628937,0.43286043405532837,0.1155780777335167,0.09491649270057678,76.71031188964844,0.3433840274810791,19.23151397705078,0.7109002470970154,1.3784395456314087
2017,2,30.621726036467777,105.34449212454065,6282.7236,314.0,12.86444091796875,124.54498291015625,28.277912139892578,26.115854263305664,1.2839984893798828,6.971520900726318,34.63649368286133,0.25434383749961853,0.26859432458877563,0.0,438.1947937011719,0.47443485260009766,0.48792293667793274,0.38792726397514343,0.10286283493041992,36.85580825805664,0.35646820068359375,13.693587303161621,0.41976654529571533,0.9019715189933777,0.21872834861278534,0.28575044870376587,0.0,661.828369140625,0.5199705958366394,0.5199705958366394,0.17825894057750702,0.12330450117588043,38.7398567199707,0.32088783383369446,9.321525573730469,0.3195742070674896,0.5337945818901062,0.19755695760250092,0.22172077000141144,0.0,387.5640563964844,0.4966951608657837,0.4966951608657837,0.172249898314476,0.12650452554225922,49.13656234741211,0.32080215215682983,9.937540054321289,0.3580798804759979,0.8830023407936096,0.2866126298904419,0.2866126298904419,0.0,257.2421569824219,0.5945234298706055,0.5945234298706055,0.2882513403892517,0.15937569737434387,36.05227279663086,0.3269396126270294,15.131892204284668,0.5198665261268616,0.8889661431312561,0.34810149669647217,0.34810149669647217,0.0,398.0016784667969,0.5154475569725037,0.5154475569725037,0.19646047055721283,0.14795304834842682,103.05693817138672,0.35010242462158203,18.95246124267578,0.743018627166748,1.4997912645339966
2017,2,29.89894142851263,105.42452852934896,6286.3926,354.0,6.551299095153809,170.642333984375,27.759273529052734,28.272903442382812,1.2656521797180176,6.928390979766846,32.23686599731445,0.2485891431570053,0.25447550415992737,0.0,446.049072265625,0.45592913031578064,0.4615391492843628,0.3896518051624298,0.09983848035335541,50.71255874633789,0.3720831274986267,13.939033508300781,0.3879295587539673,0.8336500525474548,0.20349708199501038,0.23798570036888123,0.0,692.75732421875,0.4761618971824646,0.4777875244617462,0.07988070696592331,0.08699619024991989,43.833824157714844,0.33922404050827026,9.757145881652832,0.3057619631290436,0.514395534992218,0.1439615935087204,0.15536214411258698,0.0,402.8517150878906,0.4293809235095978,0.4293809235095978,0.05677901208400726,0.0747099444270134,53.672603607177734,0.3343427777290344,10.3295316696167,0.34458160400390625,0.7535355091094971,0.2704145014286041,0.2704145014286041,0.0,260.6551818847656,0.500089704990387,0.500089704990387,0.3600439429283142,0.1053084135055542,35.746952056884766,0.34943947196006775,15.332658767700195,0.4915273189544678,0.8826021552085876,0.3293420672416687,0.3293420672416687,0.0,402.76434326171875,0.693760097026825,0.693760097026825,0.31461697816848755,0.20740190148353577,88.82453918457031,0.34431734681129456,19.17925453186035,0.7227447032928467,1.4505629539489746
2017,2,28.702386251830962,105.84682769461556,6290.0996,316.0,1.4062663316726685,311.25482177734375,40.88337326049805,24.164308547973633,1.1850943565368652,5.693534851074219,36.689308166503906,0.2637994885444641,0.2877185642719269,0.0,438.1933898925781,0.5268154740333557,0.5523830652236938,0.38693761825561523,0.11357983946800232,96.2123031616211,0.4047437906265259,13.693543434143066,0.2946965992450714,0.5420354604721069,0.1840730458498001,0.23985470831394196,0.0,670.7402954101562,0.44003570079803467,0.44003570079803467,0.02907269448041916,0.05392453446984291,71.63126373291016,0.38575321435928345,9.447046279907227,0.25105956196784973,0.40418803691864014,0.08000373095273972,0.08643235266208649,0.0,390.6726379394531,0.38575509190559387,0.38575509190559387,-0.004095981363207102,0.049544207751750946,77.79923248291016,0.38306087255477905,10.017247200012207,0.28412315249443054,0.5168439745903015,0.24815787374973297,0.24815787374973297,0.0,251.45753479003906,0.48506292700767517,0.48506292700767517,0.33773568272590637,0.09334743022918701,43.4613151550293,0.39543724060058594,14.791619300842285,0.41167134046554565,0.7596009969711304,0.35421428084373474,0.35421428084373474,0.0,393.7082824707031,0.5767135620117188,0.5767135620117188,0.4489283263683319,0.1498897820711136,89.68881225585938,0.37311887741088867,18.748014450073242,0.6082274913787842,1.1893936395645142
2017,2,30.663498895136456,105.41967702740283,6290.343,317.0,7.680617809295654,343.79412841796875,29.837810516357422,27.844438552856445,1.282759428024292,6.838366985321045,31.121177673339844,0.25330862402915955,0.2672494649887085,0.0,437.8086242675781,0.4732733368873596,0.48711541295051575,0.38873231410980225,0.10261014103889465,37.593109130859375,0.35732612013816833,13.681519508361816,0.4195038676261902,0.9063313007354736,0.2186674177646637,0.28499364852905273,0.0,662.1502685546875,0.24363259971141815,0.24363259971141815,0.2513204514980316,0.06430775672197342,38.39705276489258,0.3211241066455841,9.326059341430664,0.32138481736183167,0.5390923619270325,0.19834046065807343,0.22225600481033325,0.0,387.771484375,0.5726681351661682,0.5726681351661682,0.2453484833240509,0.1369251161813736,49.94131088256836,0.3218367099761963,9.942858695983887,0.35885685682296753,0.8834341764450073,0.2866520881652832,0.2866520881652832,0.0,257.29901123046875,0.7066119909286499,0.7066119909286499,0.3760303258895874,0.19321337342262268,36.19622039794922,0.32748907804489136,15.135235786437988,0.5220543146133423,0.8973486423492432,0.35017403960227966,0.35017403960227966,0.0,398.0376281738281,0.5497918725013733,0.5497918725013733,0.14604827761650085,0.13507285714149475,103.95761108398438,0.3500352203845978,18.954172134399414,0.7446518540382385,1.506411075592041
2017,2,28.915825582855206,104.9343172550384,6297.443,316.0,6.54965353012085,189.26914978027344,29.64577293395996,28.454099655151367,1.2872453927993774,6.086990833282471,28.105730056762695,0.24851040542125702,0.2578490972518921,0.0,447.0927429199219,0.3127507269382477,0.3127507269382477,0.012174932286143303,0.06653893738985062,56.453792572021484,0.3801349997520447,13.971648216247559,0.3483547866344452,0.6524524688720703,0.18675366044044495,0.2226780503988266,0.0,689.4085083007812,0.36198127269744873,0.36198127269744873,0.09265301376581192,0.08587934821844101,64.52088165283203,0.3583998382091522,9.709979057312012,0.263272762298584,0.434441477060318,0.10766363143920898,0.11110783368349075,0.0,400.7447509765625,0.48137834668159485,0.48137834668159485,0.20722109079360962,0.11983537673950195,61.11085891723633,0.3514590561389923,10.275506973266602,0.30789199471473694,0.5624268651008606,0.24202318489551544,0.24202318489551544,0.0,258.47998046875,0.48093000054359436,0.48093000054359436,0.32381129264831543,0.09168048202991486,30.03157615661621,0.36550045013427734,15.204704284667969,0.44408732652664185,0.7723760008811951,0.3455195128917694,0.3455195128917694,0.0,402.8260803222656,0.43404653668403625,0.43510138988494873,0.13139241933822632,0.0953923910856247,75.4958267211914,0.3438794016838074,19.182193756103516,0.692811131477356,1.3134957551956177
2017,2,28.669776845827116,104.79903258817791,6310.843,395.0,7.4525346755981445,351.8918151855469,33.46487045288086,27.807174682617188,1.256620168685913,6.270988464355469,33.34172821044922,0.24971714615821838,0.2606261968612671,0.0,443.24969482421875,0.5126106142997742,0.5126106142997742,0.17089201509952545,0.1155504584312439,59.55928039550781,0.38152027130126953,13.851552963256836,0.33311858773231506,0.5914857983589172,0.1837458461523056,0.22919616103172302,0.0,677.4491577148438,0.5133270621299744,0.5133270621299744,0.18669910728931427,0.09512035548686981,74.33772277832031,0.36424872279167175,9.541537284851074,0.2464212328195572,0.40728384256362915,0.1124880313873291,0.11647873371839523,0.0,394.1683349609375,0.4404297173023224,0.4404297173023224,0.16052629053592682,0.07972507923841476,64.64498138427734,0.35795027017593384,10.106880187988281,0.29230037331581116,0.49916529655456543,0.23375925421714783,0.23375925421714783,0.0,256.04913330078125,0.4805176854133606,0.4805176854133606,0.3064599335193634,0.08883252739906311,29.179553985595703,0.3675701916217804,15.061713218688965,0.4284532368183136,0.7561237812042236,0.35534942150115967,0.35534942150115967,0.0,400.3218994140625,0.4874350130558014,0.5071871280670166,0.17102643847465515,0.09814715385437012,75.23674011230469,0.3454727232456207,19.06294822692871,0.6784873008728027,1.2586398124694824
2017,2,29.966853537556613,103.79435698892706,6314.2134,404.0,2.9786508083343506,338.9547119140625,30.35997772216797,28.577224731445312,1.2235172986984253,6.5775322914123535,45.198875427246094,0.23375925421714783,0.24655969440937042,0.0,408.33258056640625,0.4619589149951935,0.49001094698905945,0.3637344539165497,0.09806102514266968,51.71192932128906,0.3851158320903778,12.760393142700195,0.32231640815734863,0.551953911781311,0.20737184584140778,0.24933037161827087,0.0,578.84423828125,0.43184366822242737,0.43184366822242737,0.20822781324386597,0.11229149997234344,78.64096069335938,0.3629205822944641,8.152735710144043,0.24188905954360962,0.42954903841018677,0.18141117691993713,0.19752013683319092,0.0,345.0251159667969,0.3332860767841339,0.3332860767841339,0.15737396478652954,0.07068677246570587,63.70219421386719,0.3566220700740814,8.846797943115234,0.29245486855506897,0.6704359650611877,0.2685641944408417,0.2685641944408417,0.0,238.96038818359375,0.4826385974884033,0.4826385974884033,0.34116384387016296,0.10369912534952164,31.754810333251953,0.3604898452758789,14.056492805480957,0.40983542799949646,0.6686522960662842,0.33151525259017944,0.33151525259017944,0.0,376.8194580078125,0.5580835938453674,0.5822082757949829,0.18637754023075104,0.13631153106689453,104.63298034667969,0.36935603618621826,17.943782806396484,0.6133059859275818,0.9882466793060303
2017,2,30.885022576370606,105.37575042292531,6316.1724,377.0,26.562816619873047,101.20220947265625,27.734188079833984,23.36565589904785,1.2901829481124878,7.160508632659912,31.67264175415039,0.2509467601776123,0.26398250460624695,0.0,432.28466796875,0.47044146060943604,0.48680949211120605,0.39096128940582275,0.10199610888957977,34.99333572387695,0.3567185699939728,13.508895874023438,0.4207625389099121,0.898263156414032,0.21926800906658173,0.2840067744255066,0.0,646.0594482421875,0.4508965015411377,0.47457385063171387,0.07269341498613358,0.08183854818344116,38.76699447631836,0.3203813433647156,9.0994291305542,0.32168304920196533,0.5478132367134094,0.2030818611383438,0.22721047699451447,0.0,380.740234375,0.41096988320350647,0.41096988320350647,0.06983359903097153,0.08180010318756104,49.56801986694336,0.322035014629364,9.76257038116455,0.3599679470062256,0.867027223110199,0.2859441936016083,0.2859441936016083,0.0,254.9451904296875,0.5694772005081177,0.5707182884216309,0.1539905071258545,0.10987082868814468,33.78346252441406,0.32500773668289185,14.99677562713623,0.5274015665054321,0.8708229064941406,0.36309126019477844,0.36309126019477844,0.0,397.08184814453125,0.6813700795173645,0.6855778694152832,0.2755943536758423,0.19374264776706696,99.44513702392578,0.3435603678226471,18.908658981323242,0.7669202089309692,1.5052236318588257
2017,2,31.201948724643213,105.45902413509843,6317.6045,413.0,2.3573668003082275,293.15509033203125,30.800085067749023,23.419668197631836,1.2549951076507568,6.834586143493652,33.23320770263672,0.24428501725196838,0.2552524507045746,0.0,427.20440673828125,0.4628975987434387,0.4821987748146057,0.3962913751602173,0.10035569965839386,31.98229217529297,0.35586032271385193,13.350137710571289,0.4274529218673706,0.9104257225990295,0.2191578894853592,0.2794187366962433,0.0,632.1693725585938,0.7323771119117737,0.7411263585090637,0.3846040666103363,0.27282416820526123,37.16297149658203,0.31808584928512573,8.903794288635254,0.328389972448349,0.5744560360908508,0.20924989879131317,0.23207803070545197,0.0,375.49945068359375,0.6714321374893188,0.6714321374893188,0.3841322958469391,0.2291642427444458,49.72663879394531,0.3220939338207245,9.628190994262695,0.3662395179271698,0.8564354181289673,0.2858939468860626,0.2858939468860626,0.0,253.40750122070312,0.6252602934837341,0.6252602934837341,0.4532591998577118,0.2237250953912735,30.872652053833008,0.3212297260761261,14.906323432922363,0.542776346206665,0.8613436818122864,0.37955012917518616,0.37955012917518616,0.0,397.052490234375,0.680913507938385,0.71259605884552,0.41050827503204346,0.20900119841098785,95.90739440917969,0.3353177011013031,18.90726089477539,0.8001094460487366,1.5291144847869873
2017,2,29.583901479985627,103.54237764749787,6319.0425,413.0,0.9274099469184875,-0.0,26.98731231689453,29.955171585083008,1.2233126163482666,6.082829475402832,38.8536376953125,0.2373066395521164,0.2499634474515915,0.0,402.74468994140625,0.5036044120788574,0.5378945469856262,0.38115358352661133,0.10196460038423538,63.361053466796875,0.410732626914978,12.585771560668945,0.28370043635368347,0.4475100636482239,0.19935597479343414,0.255016028881073,0.0,567.2444458007812,0.29858916997909546,0.29858916997909546,0.13633054494857788,0.08770408481359482,103.99593353271484,0.3959547281265259,7.989358425140381,0.21216924488544464,0.38810476660728455,0.18398739397525787,0.18966855108737946,0.0,335.3293762207031,0.6331788897514343,0.6758691668510437,0.32720324397087097,0.19166451692581177,81.26605224609375,0.39234021306037903,8.598189353942871,0.2586483359336853,0.5747760534286499,0.25868481397628784,0.25868481397628784,0.0,234.61813354492188,0.48707857728004456,0.48707857728004456,0.3316590487957001,0.10104670375585556,33.215675354003906,0.3926267623901367,13.801066398620605,0.3647606670856476,0.6448616981506348,0.32571372389793396,0.32571372389793396,0.0,369.8670654296875,0.5661394596099854,0.5961498022079468,0.3185836672782898,0.16273783147335052,114.64724731445312,0.394530326128006,17.612716674804688,0.5481141209602356,0.8246667385101318
2017,2,30.229070975004497,105.10005758209391,6329.646,455.0,15.84437370300293,239.11346435546875,25.998374938964844,28.817136764526367,1.2611850500106812,7.404047966003418,37.362037658691406,0.25246500968933105,0.26321685314178467,0.0,442.866943359375,0.4669465124607086,0.4761190414428711,0.38802963495254517,0.10168491303920746,37.545166015625,0.359414279460907,13.839591979980469,0.41237354278564453,0.8686994910240173,0.2116776406764984,0.2645065486431122,0.0,672.5451049804688,0.5580477714538574,0.5940279960632324,0.17034633457660675,0.10670870542526245,41.091064453125,0.32661566138267517,9.472465515136719,0.3104361891746521,0.5164645314216614,0.1719503253698349,0.19029445946216583,0.0,393.32275390625,0.5703718066215515,0.5703718066215515,0.14861081540584564,0.11644486337900162,47.955318450927734,0.32253533601760864,10.085198402404785,0.35302725434303284,0.8332220911979675,0.27951866388320923,0.27951866388320923,0.0,258.5975646972656,0.627627432346344,0.627627432346344,0.210719496011734,0.1341201215982437,34.14063262939453,0.3336160480976105,15.211621284484863,0.5060341954231262,0.8570783138275146,0.3357413709163666,0.3357413709163666,0.0,400.203857421875,0.6030144095420837,0.6030144095420837,0.22418160736560822,0.157084122300148,93.69941711425781,0.3472050130367279,19.05732536315918,0.7374457120895386,1.4688652753829956
2017,2,30.968296288543698,105.66168581887649,6347.839,403.0,11.986410140991211,117.2245101928711,23.35469627380371,30.72536849975586,1.2644511461257935,7.1632232666015625,28.676868438720703,0.24453291296958923,0.2588227391242981,0.0,431.3043518066406,0.45814284682273865,0.4783565402030945,0.3936172425746918,0.10034669190645218,54.29749298095703,0.36488813161849976,13.47826099395752,0.40152063965797424,0.8481923341751099,0.21725152432918549,0.27394887804985046,0.0,644.4125366210938,0.3366457521915436,0.44887787103652954,0.10540743172168732,0.05162233114242554,40.040374755859375,0.3290040194988251,9.07623291015625,0.3154861629009247,0.5397533774375916,0.2018452286720276,0.22392624616622925,0.0,381.40875244140625,0.40006840229034424,0.40006840229034424,0.10662660002708435,0.06487596035003662,56.33750915527344,0.33274272084236145,9.779711723327637,0.3548228144645691,0.8558367490768433,0.28465935587882996,0.28465935587882996,0.0,254.3515167236328,0.45006516575813293,0.4503532648086548,0.17513872683048248,0.06320372223854065,39.14657211303711,0.3362533152103424,14.961853981018066,0.5211197137832642,0.8773273229598999,0.3662320077419281,0.3662320077419281,0.0,396.7090148925781,0.42711585760116577,0.43044808506965637,0.08284765481948853,0.08963474631309509,108.58335876464844,0.3516222834587097,18.890905380249023,0.7491525411605835,1.4725661277770996
2017,2,30.45652526063972,105.265258357922,6352.1284,327.0,7.709890365600586,256.16400146484375,28.476377487182617,29.090993881225586,1.2864253520965576,7.4186015129089355,35.1640625,0.2551375925540924,0.26924434304237366,0.0,441.3175964355469,0.4745434522628784,0.48617246747016907,0.3869110643863678,0.10295810550451279,37.0704345703125,0.3561488091945648,13.79117488861084,0.41940855979919434,0.8983191847801208,0.21731849014759064,0.2827938199043274,0.0,669.1080932617188,0.3885325491428375,0.3885325491428375,0.16600655019283295,0.06916003674268723,38.98072814941406,0.3215036988258362,9.424057960510254,0.3172668218612671,0.5258156657218933,0.1912497580051422,0.21438178420066833,0.0,391.01458740234375,0.4156922698020935,0.4156922698020935,0.1974262148141861,0.08274006098508835,48.28936767578125,0.3198205232620239,10.026015281677246,0.35703492164611816,0.8804653286933899,0.2857963740825653,0.2857963740825653,0.0,258.3643493652344,0.49339979887008667,0.49339979887008667,0.41503283381462097,0.0894908681511879,36.32608413696289,0.3279520869255066,15.19790267944336,0.5154181718826294,0.8869242072105408,0.3401539921760559,0.3401539921760559,0.0,398.8494873046875,0.47010529041290283,0.47010529041290283,0.2935923635959625,0.09487015008926392,102.18001556396484,0.35138270258903503,18.99283218383789,0.7351139187812805,1.492763876914978
2017,2,29.148670921664046,104.82086434693556,6357.748,318.0,1.8543341159820557,-0.0,32.068241119384766,30.2853946685791,1.2846341133117676,6.057023525238037,31.070735931396484,0.24641135334968567,0.25118815898895264,0.0,446.8495788574219,0.2152775228023529,0.2152775228023529,0.03162175044417381,0.07600504159927368,49.458045959472656,0.37841904163360596,13.964049339294434,0.3629114627838135,0.706770122051239,0.1894392967224121,0.21579378843307495,0.0,687.151123046875,0.4719362258911133,0.4719362258911133,0.1936783343553543,0.0892510637640953,58.820228576660156,0.353920578956604,9.678184509277344,0.2732681930065155,0.4555332660675049,0.11071091890335083,0.11410553753376007,0.0,400.2383728027344,0.43408745527267456,0.43408745527267456,0.12547463178634644,0.07912905514240265,57.16155242919922,0.34675362706184387,10.262521743774414,0.31937387585639954,0.624421238899231,0.24861621856689453,0.24861621856689453,0.0,258.47650146484375,0.4841110110282898,0.4841110110282898,0.33239471912384033,0.09439246356487274,29.435440063476562,0.36315858364105225,15.204500198364258,0.4547143280506134,0.7888451218605042,0.33589568734169006,0.33589568734169006,0.0,402.238525390625,0.49372610449790955,0.5102517604827881,0.1849251389503479,0.10895135998725891,76.62489318847656,0.34567129611968994,19.15421485900879,0.7030366659164429,1.3465150594711304
2017,2,29.061352804835465,104.80846358690594,6357.748,303.0,9.017860412597656,315.5611877441406,32.56059646606445,29.258060455322266,1.2954938411712646,6.08603048324585,31.144453048706055,0.24700012803077698,0.25285014510154724,0.0,446.1364440917969,0.5689916014671326,0.5689916014671326,0.1906181126832962,0.12816523015499115,51.10763168334961,0.3789345324039459,13.941763877868652,0.3576147258281708,0.6857548356056213,0.18839886784553528,0.21822698414325714,0.0,685.0774536132812,0.4852360785007477,0.4852360785007477,0.11562955379486084,0.09054554253816605,61.705108642578125,0.3557846248149872,9.648978233337402,0.26825517416000366,0.4465603828430176,0.11114603281021118,0.11465615779161453,0.0,398.9858093261719,0.3424672782421112,0.3424672782421112,0.0795196071267128,0.059151921421289444,58.48153305053711,0.3487835228443146,10.230405807495117,0.3144116699695587,0.6020612716674805,0.24588944017887115,0.24588944017887115,0.0,257.9850158691406,0.4834965765476227,0.4834965765476227,0.3275516927242279,0.09337896853685379,29.3294677734375,0.36393412947654724,15.175588607788086,0.44985559582710266,0.7824904918670654,0.33943799138069153,0.33943799138069153,0.0,401.8280944824219,0.47565174102783203,0.52532559633255,0.08881720900535583,0.09227073937654495,76.39107513427734,0.3457525670528412,19.13467025756836,0.6985239386558533,1.330162763595581
2017,2,30.838937766983236,105.51319329469568,6357.776,341.0,8.357245445251465,172.62644958496094,28.205867767333984,29.19413185119629,1.2999999523162842,7.3389129638671875,23.70857810974121,0.24923758208751678,0.26223501563072205,0.0,435.07452392578125,0.4681510329246521,0.48394039273262024,0.39175233244895935,0.10159949213266373,38.085147857666016,0.35803407430648804,13.596078872680664,0.42077428102493286,0.9093525409698486,0.2184302657842636,0.28164467215538025,0.0,655.3709106445312,0.4321484863758087,0.4527612030506134,0.23043334484100342,0.10065747052431107,37.655296325683594,0.32094597816467285,9.230576515197754,0.32470500469207764,0.5531052947044373,0.20147718489170074,0.2245415598154068,0.0,385.316650390625,0.6026033759117126,0.6026033759117126,0.21304377913475037,0.1482141762971878,50.947479248046875,0.32330143451690674,9.879914283752441,0.3616142272949219,0.8773428797721863,0.28647279739379883,0.28647279739379883,0.0,256.5009765625,0.5055269598960876,0.5055269598960876,0.3725247383117676,0.11509618163108826,35.312564849853516,0.32694393396377563,15.088293075561523,0.5295964479446411,0.8964861631393433,0.3592015206813812,0.3592015206813812,0.0,397.9762878417969,0.5890863537788391,0.602670431137085,0.25186818838119507,0.16114230453968048,103.43717193603516,0.3467787504196167,18.951251983642578,0.759614109992981,1.5171071290969849
2017,2,30.03961714854674,103.67820632468691,6369.3057,432.0,2.333625078201294,66.59508514404297,20.635311126708984,31.461755752563477,1.2324707508087158,6.675292491912842,44.27321243286133,0.22982099652290344,0.2441151738166809,0.0,401.10552978515625,0.4563528597354889,0.48833632469177246,0.3551432192325592,0.09700191020965576,55.03373336791992,0.386499285697937,12.534547805786133,0.30841895937919617,0.5067789554595947,0.20942436158657074,0.250548779964447,0.0,560.714599609375,0.6451897025108337,0.6451897025108337,0.23487995564937592,0.1935594081878662,82.18106079101562,0.3646963834762573,7.897388935089111,0.23409968614578247,0.421599417924881,0.1889314502477646,0.20768976211547852,0.0,335.97900390625,0.41588878631591797,0.41588878631591797,0.12822985649108887,0.11461590975522995,65.10679626464844,0.35822588205337524,8.614846229553223,0.28530681133270264,0.6573459506034851,0.2696317732334137,0.2696317732334137,0.0,235.48361206054688,0.47787079215049744,0.47787079215049744,0.3383961021900177,0.1036916971206665,32.31743240356445,0.36003902554512024,13.851977348327637,0.3987080156803131,0.647015392780304,0.3328532576560974,0.3328532576560974,0.0,372.6046142578125,0.4457632899284363,0.516252875328064,0.03668602555990219,0.12085270136594772,108.081787109375,0.3705250322818756,17.74307632446289,0.5949761271476746,0.9162313938140869
2017,2,29.045184104415664,104.79121578403121,6380.126,302.0,8.862245559692383,159.12889099121094,31.85106086730957,27.129074096679688,1.2795147895812988,6.300000190734863,33.55596160888672,0.2470630705356598,0.25296372175216675,0.0,445.8174743652344,0.5524566769599915,0.5524566769599915,0.09001647680997849,0.13852252066135406,51.12742614746094,0.3789805471897125,13.931796073913574,0.3567311465740204,0.6817370653152466,0.18819846212863922,0.21864311397075653,0.0,683.9673461914062,0.4535254240036011,0.4535254240036011,0.2546430230140686,0.06643559038639069,62.41435623168945,0.35615724325180054,9.633343696594238,0.2670190632343292,0.44460323452949524,0.11159318685531616,0.11514721810817719,0.0,398.3974609375,0.32378003001213074,0.32378003001213074,-0.006891567260026932,0.058734867721796036,58.672630310058594,0.34920650720596313,10.215319633483887,0.31334996223449707,0.5983266234397888,0.24532537162303925,0.24532537162303925,0.0,257.7726745605469,0.4835171699523926,0.4835171699523926,0.3262774646282196,0.09319210052490234,29.215917587280273,0.3640435039997101,15.163098335266113,0.44874849915504456,0.7810913920402527,0.3400785028934479,0.3400785028934479,0.0,401.5975646972656,0.5192362070083618,0.5784580111503601,0.09895379841327667,0.11492700129747391,76.39466857910156,0.3459736108779907,19.123693466186523,0.697536051273346,1.3261879682540894
2017,2,28.814764516579913,103.5949326125138,6386.7637,993.0,18.856842041015625,135.31275939941406,28.799999237060547,27.04994010925293,1.2520124912261963,6.199999809265137,41.440250396728516,0.2459915429353714,0.25430455803871155,0.0,343.3048095703125,0.5405563712120056,0.554762065410614,0.377152681350708,0.1056082472205162,80.82929992675781,0.43022727966308594,10.728275299072266,0.2071698009967804,0.3718109428882599,0.18638195097446442,0.23897449672222137,0.0,444.7797546386719,0.4823826849460602,0.52118319272995,0.09031093865633011,0.10042009502649307,117.99588775634766,0.422610878944397,6.264503479003906,0.15749844908714294,0.3038833737373352,0.14416120946407318,0.14867693185806274,0.0,258.02435302734375,0.3134423792362213,0.32779449224472046,0.2901376187801361,0.062751404941082,101.42243194580078,0.4235946834087372,6.616008758544922,0.19194023311138153,0.40074461698532104,0.23574800789356232,0.23574800789356232,0.0,200.91673278808594,0.48633089661598206,0.48633089661598206,0.2973938584327698,0.0911979004740715,42.880470275878906,0.42344704270362854,11.818631172180176,0.2776123881340027,0.5942359566688538,0.34983065724372864,0.34983065724372864,0.0,326.15325927734375,0.4893012046813965,0.5383873581886292,0.09858265519142151,0.10698269307613373,112.48743438720703,0.4202129542827606,15.531106948852539,0.4425528943538666,0.846782386302948
2017,2,30.57268038398093,105.2315698494632,6396.712,341.0,7.744727611541748,326.4280700683594,28.937002182006836,26.514354705810547,1.2961969375610352,7.263478755950928,34.31949234008789,0.255262166261673,0.2698061764240265,0.0,438.80572509765625,0.4754824936389923,0.48849326372146606,0.38717588782310486,0.1030905544757843,35.32615280151367,0.3548195958137512,13.712678909301758,0.42142999172210693,0.8979255557060242,0.21871212124824524,0.2863514721393585,0.0,661.1419067382812,0.3898235857486725,0.44250258803367615,0.1330268383026123,0.06967557966709137,38.96857452392578,0.32010313868522644,9.311857223510742,0.31760263442993164,0.5281235575675964,0.19658125936985016,0.22089125216007233,0.0,387.3150939941406,0.3937263488769531,0.3937263488769531,0.09099982678890228,0.07389424741268158,47.75761032104492,0.31888049840927124,9.931156158447266,0.35777267813682556,0.8828602433204651,0.28665342926979065,0.28665342926979065,0.0,257.22735595703125,0.49116116762161255,0.49116116762161255,0.09372860193252563,0.0945977121591568,35.60025405883789,0.32557347416877747,15.131021499633789,0.5181349515914917,0.8762296438217163,0.3454849123954773,0.3454849123954773,0.0,398.0966491699219,0.5663146376609802,0.5663146376609802,0.1314341127872467,0.14201290905475616,101.45149230957031,0.3496316075325012,18.95698356628418,0.7430774569511414,1.4928489923477173
2017,2,28.235081379631946,104.71333312503171,6409.5884,508.0,27.526945114135742,29.576101303100586,21.896787643432617,28.37236976623535,1.1871833801269531,5.502232074737549,40.6154670715332,0.25434640049934387,0.2661024034023285,0.0,398.12127685546875,0.5657747983932495,0.5793588757514954,0.3718542158603668,0.10863323509693146,62.84748077392578,0.38779184222221375,12.441289901733398,0.28941845893859863,0.5516518950462341,0.18070510029792786,0.239144966006279,1.1832939386367798,576.5421142578125,0.483379065990448,0.48391014337539673,0.09710981696844101,0.06397312879562378,85.8361587524414,0.3766281306743622,8.103645324707031,0.21159030497074127,0.42198455333709717,0.12190666794776917,0.12906807661056519,1.3853697776794434,334.18017578125,0.42446526885032654,0.4316561222076416,0.022527989000082016,0.05709237977862358,67.351806640625,0.3706333637237549,8.53320026397705,0.25392526388168335,0.48358169198036194,0.2186668962240219,0.2186668962240219,0.0,230.7946014404297,0.47175315022468567,0.47175315022468567,0.26477324962615967,0.08346875011920929,32.721336364746094,0.3783893585205078,13.576152801513672,0.38199764490127563,0.7039073705673218,0.3644402027130127,0.3644402027130127,0.0,360.3280334472656,0.4452861547470093,0.5027647018432617,0.03152729943394661,0.08828087896108627,74.54810333251953,0.3598642647266388,17.158477783203125,0.578065812587738,1.1160497665405273
2017,2,29.248380880320145,104.9987289697554,6410.362,325.0,7.453357696533203,8.152990341186523,27.0130615234375,29.788061141967773,1.2852563858032227,6.399613857269287,28.685150146484375,0.24599353969097137,0.250360369682312,0.0,448.68927001953125,0.45139268040657043,0.45139268040657043,0.14557749032974243,0.11788643896579742,51.36772155761719,0.3788393437862396,14.021539688110352,0.3661815822124481,0.730496883392334,0.19066669046878815,0.21321171522140503,0.0,695.2758178710938,0.463197261095047,0.47176364064216614,0.13674519956111908,0.11241979151964188,54.52138137817383,0.35222333669662476,9.792616844177246,0.2811860740184784,0.46918296813964844,0.10820497572422028,0.11134456843137741,0.0,404.41448974609375,0.5124585032463074,0.5124585032463074,0.19450242817401886,0.1163662001490593,56.54637908935547,0.34472763538360596,10.36960220336914,0.32544317841529846,0.6401931643486023,0.2520458400249481,0.2520458400249481,0.0,259.9571228027344,0.48407378792762756,0.48407378792762756,0.33997994661331177,0.09554226696491241,30.720369338989258,0.3628515303134918,15.291595458984375,0.4615476131439209,0.8040589690208435,0.3319462835788727,0.3319462835788727,0.0,403.85113525390625,0.4573526382446289,0.48568853735923767,0.16282713413238525,0.10467362403869629,76.52735137939453,0.34329065680503845,19.231006622314453,0.7088109850883484,1.3712375164031982
2017,2,29.23247972596356,104.9852535663719,6410.362,311.0,3.185255765914917,90.0,27.376754760742188,27.958044052124023,1.29835045337677,6.477539539337158,29.632625579833984,0.24610215425491333,0.25066885352134705,0.0,448.564697265625,0.4381412863731384,0.4381412863731384,0.11728846281766891,0.12370404601097107,51.35963439941406,0.37882962822914124,14.017646789550781,0.3655322194099426,0.7268021106719971,0.19047746062278748,0.21365582942962646,0.0,694.6658325195312,0.4996746778488159,0.5195302963256836,0.15636062622070312,0.08743177354335785,55.04908752441406,0.3524797558784485,9.784026145935059,0.28020814061164856,0.46729958057403564,0.10827319324016571,0.11143314093351364,0.0,404.0836486816406,0.4901593327522278,0.4901593327522278,0.06769499182701111,0.08548831939697266,56.703346252441406,0.345018208026886,10.361119270324707,0.32459595799446106,0.6371748447418213,0.25155109167099,0.25155109167099,0.0,259.8348083496094,0.48395785689353943,0.48395785689353943,0.3391093909740448,0.09535768628120422,30.61125373840332,0.3629383444786072,15.284400939941406,0.460645854473114,0.8019440770149231,0.33259180188179016,0.33259180188179016,0.0,403.738525390625,0.5244967937469482,0.5328481793403625,0.12403079867362976,0.11296387761831284,76.49858093261719,0.34346458315849304,19.225645065307617,0.7080223560333252,1.3681586980819702
2017,2,29.178315025467352,104.96072851057795,6410.362,303.0,9.193102836608887,246.41616821289062,27.518123626708984,27.047954559326172,1.2767906188964844,6.338011264801025,30.17162322998047,0.24649395048618317,0.2518142759799957,0.0,448.2388000488281,0.4659768044948578,0.4659768044948578,0.1225985437631607,0.13466769456863403,51.84512710571289,0.37894341349601746,14.007462501525879,0.36291366815567017,0.7141939401626587,0.18983997404575348,0.21517902612686157,0.0,693.2646484375,0.4277282655239105,0.4277282655239105,0.10278849303722382,0.08861222863197327,56.73922348022461,0.35342979431152344,9.764290809631348,0.27713701128959656,0.46136531233787537,0.10831616818904877,0.11153355240821838,0.0,403.2762145996094,0.4011523425579071,0.4011523425579071,0.06118978187441826,0.071428582072258,57.36100769042969,0.34606871008872986,10.340415954589844,0.3217371702194214,0.6255040168762207,0.24990426003932953,0.24990426003932953,0.0,259.52459716796875,0.4834958612918854,0.4834958612918854,0.3363521099090576,0.09473156929016113,30.3966007232666,0.36331427097320557,15.266152381896973,0.4577223062515259,0.796002984046936,0.33478793501853943,0.33478793501853943,0.0,403.48529052734375,0.39790162444114685,0.4007572531700134,0.0032110228203237057,0.07894274592399597,76.3593978881836,0.3437574505805969,19.213584899902344,0.7053941488265991,1.3583579063415527
2017,2,29.177775474239887,104.96396581794276,6410.362,301.0,2.9756767749786377,159.1043243408203,28.269838333129883,26.799999237060547,1.2799999713897705,6.260324001312256,30.698930740356445,0.24650512635707855,0.2518562972545624,0.0,448.2649841308594,0.5819231271743774,0.5819231271743774,0.16422457993030548,0.15833061933517456,51.92554473876953,0.3789624869823456,14.008280754089355,0.3628414571285248,0.7140753269195557,0.1898348182439804,0.21519969403743744,0.0,693.389404296875,0.49974608421325684,0.49974608421325684,0.12403970211744308,0.10438870638608932,56.727848052978516,0.353442907333374,9.766048431396484,0.2771618962287903,0.46137741208076477,0.10825891047716141,0.11147332936525345,0.0,403.335205078125,0.449440598487854,0.449440598487854,0.07418698817491531,0.07754168659448624,57.384185791015625,0.3460792899131775,10.341927528381348,0.321725994348526,0.625220537185669,0.2498970925807953,0.2498970925807953,0.0,259.5440979003906,0.48347008228302,0.48347008228302,0.3363839089870453,0.09472518414258957,30.41817855834961,0.3633287847042084,15.267300605773926,0.45772793889045715,0.7960716485977173,0.33481234312057495,0.33481234312057495,0.0,403.51116943359375,0.5771438479423523,0.5959330797195435,0.20459404587745667,0.13238780200481415,76.34915924072266,0.3437120020389557,19.21481704711914,0.7053890228271484,1.3584213256835938
2017,2,30.641667136378793,105.34556676789455,6411.925,401.0,21.880064010620117,202.01222229003906,31.509111404418945,24.154499053955078,1.2941575050354004,7.173501014709473,34.863948822021484,0.2541256844997406,0.2682937979698181,0.0,437.723388671875,0.4741744101047516,0.48788508772850037,0.38813069462776184,0.10280635207891464,36.71529769897461,0.35649237036705017,13.678855895996094,0.41977986693382263,0.9014461636543274,0.21877920627593994,0.2856546640396118,0.0,660.560791015625,0.48255521059036255,0.5151193737983704,0.041265957057476044,0.10440008342266083,38.764896392822266,0.32086682319641113,9.303672790527344,0.31966713070869446,0.534694492816925,0.19797645509243011,0.22215509414672852,0.0,387.00567626953125,0.42274364829063416,0.42274364829063416,-0.003273358102887869,0.08402670174837112,49.16560363769531,0.3209027051925659,9.923222541809082,0.35816851258277893,0.8816757202148438,0.28655222058296204,0.28655222058296204,0.0,257.0516357421875,0.5718228220939636,0.5718228220939636,0.13421763479709625,0.12734858691692352,35.879764556884766,0.32680386304855347,15.120685577392578,0.5203443765640259,0.8873488306999207,0.3492434620857239,0.3492434620857239,0.0,397.91827392578125,0.6643636226654053,0.6643636226654053,0.2304157316684723,0.19242410361766815,102.76243591308594,0.3496081233024597,18.948488235473633,0.7447738647460938,1.4999319314956665
2017,2,28.10680196052641,104.69797152190259,6419.924,843.0,11.012563705444336,289.4342956542969,15.870977401733398,35.68589782714844,1.2125396728515625,5.656818389892578,57.61936950683594,0.25619038939476013,0.26799601316452026,0.0,377.5259094238281,0.5267844796180725,0.5267844796180725,0.10828351974487305,0.09767229110002518,62.88542175292969,0.3901134729385376,11.797684669494629,0.2740981876850128,0.5534148812294006,0.1802413910627365,0.24162057042121887,1.780035376548767,531.4586181640625,0.5714024305343628,0.6141842603683472,0.05700598284602165,0.08175191283226013,87.88174438476562,0.3803744614124298,7.460262298583984,0.20058779418468475,0.43922972679138184,0.12480143457651138,0.13338758051395416,2.0915887355804443,307.23077392578125,0.48899731040000916,0.48899731040000916,0.10748123377561569,0.06602150946855545,67.26214599609375,0.37425172328948975,7.824081897735596,0.24095964431762695,0.5000108480453491,0.21394984424114227,0.21394984424114227,0.0,219.3031463623047,0.46748852729797363,0.46748852729797363,0.2503059208393097,0.0817476436495781,34.612831115722656,0.382729172706604,12.900184631347656,0.36491742730140686,0.6823696494102478,0.3654506504535675,0.3654506504535675,0.0,341.68603515625,0.5249080061912537,0.5589401721954346,0.1931217759847641,0.11196732521057129,74.3539047241211,0.36646583676338196,16.270763397216797,0.5344284772872925,1.0665037631988525
2017,2,28.580037437126517,105.3622750195418,6420.229,293.0,11.041160583496094,5.420947551727295,32.5421257019043,26.062877655029297,1.2591676712036133,6.072259426116943,35.163719177246094,0.25373950600624084,0.27673372626304626,0.0,456.36187744140625,0.46305906772613525,0.46305906772613525,0.15498867630958557,0.06283951550722122,67.96125030517578,0.38091832399368286,14.261308670043945,0.33498522639274597,0.585090696811676,0.18325041234493256,0.23425336182117462,0.0,717.5510864257812,0.4949151277542114,0.4949151277542114,0.1464666724205017,0.08374550193548203,64.67430877685547,0.3603779971599579,10.106352806091309,0.2606961727142334,0.40817826986312866,0.08575377613306046,0.08819369971752167,0.0,414.1261291503906,0.5595873594284058,0.5595873594284058,0.21467788517475128,0.12426784634590149,66.07584381103516,0.352999210357666,10.618618965148926,0.30016466975212097,0.4947298765182495,0.23533914983272552,0.23533914983272552,0.0,262.87530517578125,0.46992141008377075,0.46992141008377075,0.32946333289146423,0.08773060142993927,31.805164337158203,0.36837562918663025,15.463253021240234,0.437771737575531,0.7220433354377747,0.3601379096508026,0.3601379096508026,0.0,409.41656494140625,0.5829671621322632,0.5829671621322632,0.45313963294029236,0.15048369765281677,72.21387481689453,0.3378305435180664,19.49602699279785,0.6864373683929443,1.3061124086380005
2017,2,29.77632060864392,103.58091765790282,6438.5327,420.0,3.698577404022217,300.0557556152344,27.800798416137695,29.024145126342773,1.2120076417922974,6.118264675140381,43.36717224121094,0.23330163955688477,0.24670100212097168,0.0,400.9847106933594,0.48208674788475037,0.5158993005752563,0.3687145411968231,0.09959767013788223,60.52556610107422,0.40107104182243347,12.53077220916748,0.2912753224372864,0.46403995156288147,0.20364388823509216,0.2522082030773163,0.0,562.0211791992188,0.7306853532791138,0.7446839809417725,0.304433137178421,0.1951441913843155,95.41700744628906,0.3833772838115692,7.9157915115356445,0.21994619071483612,0.40065455436706543,0.18617454171180725,0.19757601618766785,0.0,334.3736877441406,0.596489429473877,0.596489429473877,0.4097388982772827,0.2015574872493744,74.7737808227539,0.3785126805305481,8.573683738708496,0.2685210406780243,0.6059986352920532,0.2631445825099945,0.2631445825099945,0.0,234.451904296875,0.48191213607788086,0.48191213607788086,0.3337457776069641,0.1019359827041626,32.88848876953125,0.3793078362941742,13.791288375854492,0.3767203092575073,0.6423038840293884,0.32870978116989136,0.32870978116989136,0.0,370.378173828125,0.49251821637153625,0.6924307942390442,0.21227391064167023,0.14089848101139069,112.30340576171875,0.3846607506275177,17.637056350708008,0.5643118023872375,0.8508573174476624
2017,2,31.115981715433826,105.33505666671157,6447.723,406.0,7.933781147003174,54.4946174621582,26.17259979248047,22.675291061401367,1.301369309425354,7.61723518371582,32.1042594909668,0.24932369589805603,0.26161354780197144,0.0,425.913818359375,0.46838197112083435,0.4875575304031372,0.3927377462387085,0.10155075043439865,32.9183235168457,0.3568026125431061,13.309806823730469,0.4198014438152313,0.8849940896034241,0.22014202177524567,0.2837899923324585,0.0,628.2222290039062,0.609748899936676,0.616676926612854,0.2299099564552307,0.14054861664772034,39.676422119140625,0.32036587595939636,8.848200798034668,0.32085278630256653,0.5541056394577026,0.20818248391151428,0.23294365406036377,0.0,372.6729736328125,0.557457447052002,0.557457447052002,0.16561195254325867,0.12160646170377731,49.55885314941406,0.323069304227829,9.555717468261719,0.35972607135772705,0.847527027130127,0.2849600911140442,0.2849600911140442,0.0,252.15087890625,0.5910707116127014,0.5910707116127014,0.3571004867553711,0.12789322435855865,31.501983642578125,0.323264479637146,14.832404136657715,0.5308466553688049,0.8420251607894897,0.3770752549171448,0.3770752549171448,0.0,395.72528076171875,0.6207424998283386,0.6218072772026062,0.26954251527786255,0.16636547446250916,94.90523529052734,0.33726900815963745,18.84406089782715,0.7877147793769836,1.4991092681884766
2017,2,30.15523272066049,105.11730538496866,6451.772,461.0,6.01984977722168,242.57969665527344,15.815841674804688,36.278865814208984,1.2715156078338623,7.448601245880127,38.63331604003906,0.2516005337238312,0.26126718521118164,0.0,443.5300598144531,0.4644891917705536,0.47286713123321533,0.3883914351463318,0.10127308964729309,39.12367630004883,0.36160364747047424,13.86031436920166,0.40836870670318604,0.8607966303825378,0.20985305309295654,0.2585913836956024,0.0,675.708251953125,0.4154244363307953,0.418180912733078,0.07526914030313492,0.07086367160081863,41.736358642578125,0.32897958159446716,9.517017364501953,0.3089621961116791,0.5148314237594604,0.1657077521085739,0.18250317871570587,0.0,394.87786865234375,0.38799282908439636,0.38799282908439636,0.10353634506464005,0.07290399819612503,48.726341247558594,0.3246002495288849,10.125073432922363,0.35139530897140503,0.8185060620307922,0.2774880826473236,0.2774880826473236,0.0,258.8863525390625,0.5038431882858276,0.5038431882858276,0.18123222887516022,0.08521445095539093,34.04664993286133,0.336641788482666,15.228608131408691,0.5027878880500793,0.8571273684501648,0.3343140780925751,0.3343140780925751,0.0,400.6456298828125,0.5575202107429504,0.5575202107429504,0.2199380099773407,0.1402699500322342,92.28408813476562,0.34679487347602844,19.0783634185791,0.7351202964782715,1.4636764526367188
2017,2,30.65433544247163,105.43746438150501,6453.6914,346.0,5.118670463562012,302.829833984375,23.93748664855957,28.390216827392578,1.2757713794708252,7.205573081970215,31.372568130493164,0.2533085346221924,0.267263799905777,0.0,438.1512756347656,0.4732864499092102,0.48700377345085144,0.3887038826942444,0.10261284559965134,37.94514083862305,0.35754865407943726,13.692227363586426,0.4193175137042999,0.9077003002166748,0.21861369907855988,0.28493985533714294,0.0,663.43603515625,0.4046967625617981,0.551217794418335,0.37657344341278076,0.0896996334195137,38.31227111816406,0.32123950123786926,9.344169616699219,0.32168662548065186,0.5393785238265991,0.19812600314617157,0.22198493778705597,0.0,388.34136962890625,0.6256404519081116,0.6256404519081116,0.24401400983333588,0.10878884792327881,50.12980270385742,0.32203248143196106,9.957470893859863,0.3588947355747223,0.8847423791885376,0.2867100238800049,0.2867100238800049,0.0,257.48577880859375,0.6150917410850525,0.6150917410850525,0.32980215549468994,0.10938626527786255,36.41400146484375,0.32779982686042786,15.146221160888672,0.5220208764076233,0.9009727239608765,0.3495795428752899,0.3495795428752899,0.0,398.1120910644531,0.5001019835472107,0.5001019835472107,0.20681409537792206,0.11259254813194275,104.48035430908203,0.3505304753780365,18.957717895507812,0.7432008981704712,1.5076783895492554
2017,2,30.55516057594194,105.26391170940384,6499.096,347.0,7.7443060874938965,213.56716918945312,32.250579833984375,22.708900451660156,1.2701189517974854,7.430548667907715,34.208072662353516,0.2552700638771057,0.26984354853630066,0.0,439.4504699707031,0.475516140460968,0.48829010128974915,0.3871162533760071,0.10309760272502899,35.972312927246094,0.35522282123565674,13.732827186584473,0.4210931360721588,0.9004474878311157,0.21861180663108826,0.28625649213790894,0.0,663.5384521484375,0.5113264322280884,0.5113264322280884,0.25550708174705505,0.13756759464740753,38.812416076660156,0.32031315565109253,9.345612525939941,0.3181498944759369,0.5286105275154114,0.1961728036403656,0.22037848830223083,0.0,388.3774719238281,0.6152356863021851,0.6152356863021851,0.26596799492836,0.16543836891651154,48.09913635253906,0.31923165917396545,9.958396911621094,0.3578398525714874,0.8853018283843994,0.2867618501186371,0.2867618501186371,0.0,257.57598876953125,0.7211304903030396,0.7211304903030396,0.439217746257782,0.23111467063426971,36.003822326660156,0.32614395022392273,15.151528358459473,0.5180568099021912,0.8828993439674377,0.3443533480167389,0.3443533480167389,0.0,398.23626708984375,0.6455666422843933,0.6455666422843933,0.35383760929107666,0.20141816139221191,102.41568756103516,0.3505537509918213,18.963632583618164,0.7403642535209656,1.4951575994491577
2017,2,28.715589650050216,104.99764986730048,6503.46,321.0,2.3082776069641113,66.32217407226562,29.61268424987793,27.467947006225586,1.2635843753814697,6.232699871063232,29.889324188232422,0.25041863322257996,0.2640092372894287,0.0,447.7086486816406,0.44951316714286804,0.44951316714286804,0.14968644082546234,0.09650557488203049,61.2802619934082,0.3811168670654297,13.99089527130127,0.3374350965023041,0.6066913604736328,0.184457927942276,0.2286815047264099,0.0,691.4783325195312,0.4782390594482422,0.4782390594482422,0.1524149626493454,0.10136380791664124,69.09122467041016,0.3617246448993683,9.739131927490234,0.25491103529930115,0.41544046998023987,0.10423856228590012,0.10767627507448196,0.0,401.30755615234375,0.45878997445106506,0.45878997445106506,0.13616004586219788,0.09367743879556656,64.1397705078125,0.3549618422985077,10.289937019348145,0.2986161410808563,0.514278769493103,0.23647500574588776,0.23647500574588776,0.0,258.5385437011719,0.47789710760116577,0.47789710760116577,0.31724458932876587,0.08934338390827179,30.21781349182129,0.36727339029312134,15.208148956298828,0.43525585532188416,0.7531383633613586,0.35384050011634827,0.35384050011634827,0.0,403.4254455566406,0.4761884808540344,0.5101563930511475,0.13073401153087616,0.10153097659349442,74.508544921875,0.3428362309932709,19.210735321044922,0.6845023036003113,1.2863868474960327
2017,2,28.6921436967112,104.95695611108673,6503.46,327.0,2.810680389404297,311.2576904296875,32.64525604248047,28.72562026977539,1.2388490438461304,6.084318161010742,33.5681037902832,0.25039806962013245,0.2637026906013489,0.0,446.7931213378906,0.5082566142082214,0.5082566142082214,0.19032680988311768,0.0995623841881752,61.17549133300781,0.3812491297721863,13.962285041809082,0.33582836389541626,0.6003332138061523,0.18414855003356934,0.22920121252536774,0.0,688.5556030273438,0.5469385385513306,0.5469385385513306,0.20598074793815613,0.11470004171133041,70.53083038330078,0.3624765872955322,9.697965621948242,0.25250309705734253,0.4123415946960449,0.10577644407749176,0.10933245718479156,0.0,399.78997802734375,0.5225628614425659,0.5225628614425659,0.21193017065525055,0.10531194508075714,64.43749237060547,0.35582655668258667,10.251025199890137,0.2966383099555969,0.5079675912857056,0.23551370203495026,0.23551370203495026,0.0,258.0006103515625,0.4782530963420868,0.4782530963420868,0.31448128819465637,0.08907438814640045,29.988807678222656,0.36744675040245056,15.176506996154785,0.4331885278224945,0.7522728443145752,0.3547316789627075,0.3547316789627075,0.0,402.7912902832031,0.41164296865463257,0.4270850419998169,0.152126744389534,0.07788717746734619,74.60069274902344,0.3433647155761719,19.180538177490234,0.6826502084732056,1.278554916381836
2017,2,31.306242639182265,104.38401067583052,6507.649,539.0,1.0854154825210571,270.0,27.286834716796875,28.80272674560547,1.264431118965149,6.897886753082275,35.77693557739258,0.26981648802757263,0.2880200445652008,0.28654322028160095,374.06591796875,0.5020619034767151,0.5316674709320068,0.3638119101524353,0.10538898408412933,41.49342346191406,0.37046578526496887,11.680604934692383,0.335085928440094,0.6215423345565796,0.22244898974895477,0.2976982593536377,5.07623815536499,497.1733703613281,0.6317325234413147,0.6317325234413147,0.32261115312576294,0.20737116038799286,65.7315444946289,0.3432144820690155,6.93094539642334,0.2528957724571228,0.42932724952697754,0.2096756547689438,0.2469039410352707,3.75876522064209,299.14996337890625,0.3874829113483429,0.4280460774898529,0.32352855801582336,0.09027708321809769,56.04396438598633,0.3418461084365845,7.574132919311523,0.2931491732597351,0.6825369000434875,0.2666584253311157,0.2666584253311157,0.0,220.7034149169922,0.720485270023346,0.720485270023346,0.4219633936882019,0.32032138109207153,32.00600814819336,0.3415302038192749,12.98255443572998,0.42936745285987854,0.6032332181930542,0.3947641849517822,0.3947641849517822,0.0,363.5303039550781,0.5920894742012024,0.5920894742012024,0.3067760169506073,0.1613258570432663,83.6631851196289,0.3401980698108673,17.31096649169922,0.7079718708992004,1.1983128786087036
2017,2,30.06198845853188,104.97258971938011,6509.06,408.0,2.1412875652313232,329.98443603515625,17.539384841918945,33.47331237792969,1.2799999713897705,7.536184787750244,35.9622802734375,0.25050491094589233,0.25879618525505066,0.0,444.11639404296875,0.46137481927871704,0.46874570846557617,0.38884997367858887,0.10075113922357559,37.370391845703125,0.36210423707962036,13.878637313842773,0.4075262248516083,0.8487849831581116,0.2075405865907669,0.2510944604873657,0.0,675.2907104492188,0.2888786494731903,0.2888786494731903,0.26172128319740295,0.055134937167167664,42.649269104003906,0.3304708003997803,9.511137008666992,0.30558836460113525,0.509343683719635,0.15779589116573334,0.1726285219192505,0.0,395.0399475097656,0.26127880811691284,0.2858516573905945,0.3192616105079651,0.06319603323936462,47.92233657836914,0.32499200105667114,10.129229545593262,0.3501020073890686,0.8041249513626099,0.2749145030975342,0.2749145030975342,0.0,258.7435302734375,0.4245237410068512,0.4245237410068512,0.2529354393482208,0.06830181926488876,32.52427673339844,0.3383479714393616,15.220207214355469,0.4988901615142822,0.8374025821685791,0.33250513672828674,0.33250513672828674,0.0,400.9943542480469,0.4425537586212158,0.4425537586212158,0.14216402173042297,0.08752381056547165,88.49407958984375,0.34560707211494446,19.094968795776367,0.737111508846283,1.452512502670288
2017,2,29.528657677034488,103.53833770194346,6515.2534,428.0,1.4126853942871094,48.97323226928711,28.10083770751953,30.284191131591797,1.1799999475479126,6.0,34.35060501098633,0.23859302699565887,0.25097623467445374,0.0,403.60052490234375,0.509667694568634,0.5438775420188904,0.38493818044662476,0.10265606641769409,63.935707092285156,0.4132286012172699,12.612516403198242,0.2824413776397705,0.44555699825286865,0.19810853898525238,0.2557292580604553,0.0,569.6016235351562,0.3983754813671112,0.3983754813671112,0.16551685333251953,0.08884190022945404,106.0943832397461,0.3992083966732025,8.022558212280273,0.21051764488220215,0.3851897418498993,0.1830281913280487,0.18704569339752197,0.0,336.06488037109375,0.6832121014595032,0.6856415867805481,0.3542722463607788,0.17864622175693512,82.92109680175781,0.3959372937679291,8.617048263549805,0.2564028799533844,0.5671839714050293,0.25744548439979553,0.25744548439979553,0.0,234.84866333007812,0.4887274503707886,0.4887274503707886,0.3312588632106781,0.10081558674573898,33.27378845214844,0.3961934447288513,13.814626693725586,0.36218100786209106,0.6467071175575256,0.3248480260372162,0.3248480260372162,0.0,369.9562683105469,0.7725600600242615,0.7967355251312256,0.44173774123191833,0.3150845468044281,115.0909194946289,0.3971003592014313,17.61696434020996,0.544791579246521,0.8215681910514832
2017,2,30.154153618205548,105.35473022055938,6516.1514,322.0,17.56532096862793,193.6837921142578,28.681413650512695,27.608173370361328,1.2813622951507568,7.2133941650390625,30.586759567260742,0.2515878677368164,0.26123860478401184,0.0,443.9441833496094,0.46445319056510925,0.4728195071220398,0.3883967399597168,0.10126705467700958,44.359230041503906,0.3650061786174774,13.873255729675293,0.40233558416366577,0.8641769886016846,0.20982632040977478,0.2585046887397766,0.0,682.193359375,0.401485413312912,0.5016239285469055,0.3708493709564209,0.08481588214635849,41.61283874511719,0.33121341466903687,9.608357429504395,0.3111604154109955,0.5196276903152466,0.16561627388000488,0.1823890209197998,0.0,397.50836181640625,0.4400978088378906,0.4400978088378906,0.06615512073040009,0.09557921439409256,51.37082290649414,0.3279899060726166,10.192522048950195,0.3502626419067383,0.8140838146209717,0.2774583399295807,0.2774583399295807,0.0,259.613037109375,0.5084606409072876,0.5084606409072876,0.3660185635089874,0.10968072712421417,36.05699157714844,0.3399457335472107,15.271354675292969,0.502338171005249,0.8863303661346436,0.3342931866645813,0.3342931866645813,0.0,400.8851013183594,0.6491984128952026,0.6491984128952026,0.2580421566963196,0.19492357969284058,95.48435974121094,0.3482581079006195,19.089765548706055,0.7272794246673584,1.4706008434295654
2017,2,30.70284600283207,105.45579128683468,6530.5713,305.0,6.510141372680664,98.15520477294922,15.499823570251465,34.892311096191406,1.274977445602417,7.189579963684082,25.907453536987305,0.2523956298828125,0.26605942845344543,0.0,437.3086853027344,0.47224533557891846,0.486433744430542,0.3894501030445099,0.10238653421401978,37.65988540649414,0.3575921654701233,13.66589641571045,0.41993364691734314,0.9090839624404907,0.21862836182117462,0.28434088826179504,0.0,661.3228759765625,0.48148536682128906,0.48148536682128906,0.39451053738594055,0.164507195353508,38.13084030151367,0.3210361897945404,9.314407348632812,0.32262200117111206,0.543195903301239,0.1990901082754135,0.22280217707157135,0.0,387.5030517578125,0.6634454727172852,0.6634454727172852,0.41387519240379333,0.233939990401268,50.267093658447266,0.3222361207008362,9.935975074768066,0.3596529960632324,0.882921040058136,0.2866710424423218,0.2866710424423218,0.0,257.2219543457031,0.7296627163887024,0.7296627163887024,0.5301530957221985,0.25020870566368103,36.04145812988281,0.32742005586624146,15.13070297241211,0.5240853428840637,0.9000890851020813,0.35216447710990906,0.35216447710990906,0.0,398.0596923828125,0.4678881764411926,0.4678881764411926,0.24509631097316742,0.12276357412338257,104.06555938720703,0.34941086173057556,18.955224990844727,0.7477312088012695,1.510908603668213
2017,2,28.59943898581006,105.65629476570287,6550.6333,375.0,5.267026901245117,270.0,40.41551208496094,23.385927200317383,1.2107970714569092,5.807623386383057,35.32972717285156,0.25943422317504883,0.28508463501930237,0.0,449.30780029296875,0.5334794521331787,0.549175500869751,0.3905087411403656,0.11175871640443802,81.73625183105469,0.39225563406944275,14.040868759155273,0.31579339504241943,0.5613633394241333,0.1834716647863388,0.23887939751148224,0.0,700.2164916992188,0.5055607557296753,0.5055607557296753,0.24844849109649658,0.09806990623474121,67.19841766357422,0.3722691833972931,9.862204551696777,0.25708717107772827,0.4043509066104889,0.07805034518241882,0.0819348469376564,0.0,405.34088134765625,0.4997154772281647,0.4997154772281647,0.21690911054611206,0.11363837122917175,71.88121032714844,0.3667345345020294,10.393356323242188,0.29275479912757874,0.5002132058143616,0.24106957018375397,0.24106957018375397,0.0,258.1932678222656,0.4755687117576599,0.4755687117576599,0.3361184298992157,0.09000036865472794,37.3941764831543,0.38148033618927,15.18783950805664,0.4256223440170288,0.7320342063903809,0.3586057126522064,0.3586057126522064,0.0,403.0285949707031,0.5809778571128845,0.5809778571128845,0.454288125038147,0.15065349638462067,79.38035583496094,0.35347914695739746,19.191837310791016,0.6503865122795105,1.2595230340957642
2017,2,31.729620906903786,105.87350649621833,6564.9663,554.0,20.5053653717041,197.77857971191406,24.818769454956055,28.077423095703125,1.2899999618530273,6.885456085205078,32.660884857177734,0.2452656328678131,0.2639760673046112,0.539053201675415,375.6419372558594,0.48510634899139404,0.5153159499168396,0.4060758054256439,0.10142938792705536,69.8742904663086,0.3744032680988312,11.721964836120605,0.34137630462646484,0.676697313785553,0.21938247978687286,0.27090099453926086,2.2863686084747314,509.9914245605469,0.5196611285209656,0.5776210427284241,0.17896726727485657,0.14058804512023926,48.170658111572266,0.3437313437461853,7.15077543258667,0.27397629618644714,0.5068988800048828,0.20855139195919037,0.2294074147939682,0.325692743062973,314.9086608886719,0.41891801357269287,0.43049734830856323,0.31091368198394775,0.08306998759508133,67.9488525390625,0.3504401445388794,8.066229820251465,0.316858172416687,0.7490752339363098,0.2707444131374359,0.2707444131374359,0.0,226.25732421875,0.6891018748283386,0.6891018748283386,0.3775443732738495,0.189378023147583,37.87787628173828,0.35045158863067627,13.30925464630127,0.4673902094364166,0.7799841165542603,0.40405094623565674,0.40405094623565674,0.0,366.48065185546875,0.6466289758682251,0.6466289758682251,0.28227922320365906,0.18433786928653717,96.12158203125,0.34841758012771606,17.451459884643555,0.7014428973197937,1.289951205253601
2017,2,29.90837242724067,103.65017641546494,6575.6987,458.0,2.1404590606689453,209.9771270751953,24.704914093017578,33.30253601074219,1.2433748245239258,6.422436237335205,40.0536003112793,0.2317267209291458,0.2453329861164093,0.0,402.0205383300781,0.46797075867652893,0.5001819729804993,0.3621387481689453,0.09821705520153046,57.10359573364258,0.3929091691970825,12.563141822814941,0.30230823159217834,0.4930652678012848,0.20646484196186066,0.25049248337745667,0.0,563.8355712890625,0.6804474592208862,0.6804474592208862,0.3163784146308899,0.18667982518672943,87.571533203125,0.37285107374191284,7.941345691680908,0.22875046730041504,0.41324543952941895,0.18614549934864044,0.20121479034423828,0.0,336.546875,0.6971796751022339,0.6971796751022339,0.3872794210910797,0.22023919224739075,69.22650146484375,0.3670971095561981,8.629406929016113,0.2787202298641205,0.6356244683265686,0.26646414399147034,0.26646414399147034,0.0,235.48683166503906,0.47995781898498535,0.47995781898498535,0.33653131127357483,0.10279533267021179,32.47495651245117,0.3688335418701172,13.852167129516602,0.39014679193496704,0.6476954817771912,0.33073553442955017,0.33073553442955017,0.0,372.18060302734375,0.6501137614250183,0.6948091387748718,0.3638099133968353,0.18592439591884613,109.42501068115234,0.376618891954422,17.722885131835938,0.5834904313087463,0.8961829543113708
2017,2,29.033055349550303,104.95345571675978,6579.282,312.0,4.265849590301514,209.76351928710938,32.85914993286133,29.73459243774414,1.260581374168396,6.351958274841309,33.94436264038086,0.24764350056648254,0.2552957236766815,0.0,447.7409973144531,0.43922626972198486,0.43922626972198486,0.1842816025018692,0.0873635858297348,54.5068244934082,0.3796066641807556,13.99190616607666,0.3548835813999176,0.6801583766937256,0.1881376951932907,0.2193540781736374,0.0,691.5830078125,0.4525507092475891,0.4525507092475891,0.10881754755973816,0.07152245193719864,60.920013427734375,0.35613489151000977,9.740605354309082,0.2696666717529297,0.4466025233268738,0.10768730938434601,0.11101377010345459,0.0,402.100830078125,0.33486872911453247,0.33486872911453247,0.10351412743330002,0.049572356045246124,59.44899368286133,0.3489934206008911,10.310276985168457,0.3141956925392151,0.5906285047531128,0.24558614194393158,0.24558614194393158,0.0,259.02392578125,0.48197779059410095,0.48197779059410095,0.32968780398368835,0.0930425375699997,30.234760284423828,0.36453208327293396,15.236701965332031,0.45032116770744324,0.7827943563461304,0.3407379686832428,0.3407379686832428,0.0,403.2203063964844,0.47857996821403503,0.5125268697738647,0.26543986797332764,0.09024529904127121,75.85192108154297,0.3437252342700958,19.200965881347656,0.6985507607460022,1.3341834545135498
2017,2,29.01392134692996,104.9992685209829,6579.282,280.0,7.439785003662109,277.1209716796875,30.55229949951172,29.14728355407715,1.249701738357544,6.17827844619751,42.05181884765625,0.2479427605867386,0.25637727975845337,0.0,448.2750549316406,0.49837881326675415,0.49837881326675415,0.15785670280456543,0.09972168505191803,55.741485595703125,0.3798418939113617,14.00859546661377,0.35354626178741455,0.6760925650596619,0.18793828785419464,0.22001464664936066,0.0,693.6647338867188,0.42023640871047974,0.42023640871047974,0.12145232409238815,0.07294458150863647,60.91008377075195,0.35639485716819763,9.769926071166992,0.26966235041618347,0.4455794095993042,0.10642850399017334,0.10969711095094681,0.0,403.0776672363281,0.3927742540836334,0.3927742540836334,0.08960012346506119,0.06843830645084381,59.8864631652832,0.3492196798324585,10.335325241088867,0.31366556882858276,0.5848407745361328,0.24520693719387054,0.24520693719387054,0.0,259.3434753417969,0.4813466966152191,0.4813466966152191,0.3300204873085022,0.09281744062900543,30.505277633666992,0.3647966682910919,15.255497932434082,0.45000895857810974,0.781669020652771,0.3415713906288147,0.3415713906288147,0.0,403.67669677734375,0.4680653512477875,0.4794226288795471,0.1175607219338417,0.08711478859186172,75.63618469238281,0.3430770933628082,19.222700119018555,0.6981405019760132,1.3340225219726562
2017,2,30.328245841534187,105.1205382332324,6587.9624,410.0,6.996581554412842,37.6812858581543,25.067678451538086,28.178184509277344,1.2820464372634888,7.177417278289795,37.86818313598633,0.25363031029701233,0.2658449411392212,0.0,442.0568542480469,0.4702589213848114,0.48050251603126526,0.38754191994667053,0.10224004834890366,36.349937438964844,0.3571130931377411,13.814276695251465,0.41668179631233215,0.8801382780075073,0.21413716673851013,0.27248015999794006,0.0,669.4978637695312,0.4677867293357849,0.5386152863502502,0.18698789179325104,0.09903235733509064,40.19721603393555,0.32384681701660156,9.429547309875488,0.312848836183548,0.5195447206497192,0.18036524951457977,0.20079699158668518,0.0,391.7142639160156,0.48537564277648926,0.48537564277648926,0.18159271776676178,0.11377230286598206,47.422447204589844,0.3204125165939331,10.04395580291748,0.35502147674560547,0.8526872396469116,0.2822558581829071,0.2822558581829071,0.0,258.341064453125,0.6829290390014648,0.6829290390014648,0.3349970281124115,0.1876438409090042,34.64122009277344,0.33018776774406433,15.196532249450684,0.5103157758712769,0.862618625164032,0.3376653492450714,0.3376653492450714,0.0,399.6366882324219,0.5773254036903381,0.5773254036903381,0.2309737354516983,0.17003965377807617,96.28282928466797,0.34814053773880005,19.030319213867188,0.7389736771583557,1.4772515296936035
2017,2,30.241739281097335,105.20300484811483,6593.0806,350.0,9.953706741333008,73.93524932861328,23.114492416381836,31.21727180480957,1.270206093788147,7.300000190734863,35.265071868896484,0.2526170015335083,0.26355963945388794,0.0,442.9542236328125,0.46737855672836304,0.47669079899787903,0.38796600699424744,0.10175732523202896,39.52503204345703,0.3606072664260864,13.84231948852539,0.4104366600513458,0.8720064163208008,0.21199844777584076,0.265546590089798,0.0,674.9400634765625,0.5942689776420593,0.5942689776420593,0.3019368350505829,0.08352045714855194,40.91947937011719,0.32721343636512756,9.506197929382324,0.3117285370826721,0.5188804864883423,0.17304793000221252,0.19166435301303864,0.0,394.2320861816406,0.4687689542770386,0.4687689542770386,0.1409989595413208,0.084971584379673,49.04905319213867,0.32377704977989197,10.108514785766602,0.3528158664703369,0.834945559501648,0.2798756957054138,0.2798756957054138,0.0,258.8685302734375,0.6549633145332336,0.6549633145332336,0.23833073675632477,0.12317648530006409,35.06355667114258,0.3346647024154663,15.227560043334961,0.5063744187355042,0.8706770539283752,0.33599233627319336,0.33599233627319336,0.0,400.1935729980469,0.5966989994049072,0.5966989994049072,0.21985042095184326,0.13150298595428467,95.5929946899414,0.348214715719223,19.05683708190918,0.7339456081390381,1.4731597900390625
2017,2,29.893015283212605,103.70057317557098,6596.8916,465.0,9.432365417480469,12.990410804748535,28.984970092773438,28.183338165283203,1.2356268167495728,6.453845977783203,43.45172119140625,0.2330038696527481,0.2460494190454483,0.0,404.8329772949219,0.4685175120830536,0.499080628156662,0.36465325951576233,0.09845603257417679,55.53312301635742,0.3916001617908478,12.651030540466309,0.30853864550590515,0.5127222537994385,0.2059510052204132,0.24971187114715576,0.0,570.8385620117188,0.5778618454933167,0.5778618454933167,0.1577618271112442,0.10548122227191925,85.45313262939453,0.37115076184272766,8.039979934692383,0.23252856731414795,0.4174617528915405,0.1831911951303482,0.19762025773525238,0.0,340.1717529296875,0.6011225581169128,0.6011225581169128,0.1961999386548996,0.1185515820980072,68.14611053466797,0.3653671145439148,8.722352027893066,0.2824024260044098,0.6433459520339966,0.2663632035255432,0.2663632035255432,0.0,236.89266967773438,0.481464684009552,0.481464684009552,0.33780744671821594,0.10285619646310806,32.21757507324219,0.36799219250679016,13.93486213684082,0.39559707045555115,0.6563150882720947,0.3304141163825989,0.3304141163825989,0.0,373.94122314453125,0.5608766078948975,0.5679975152015686,0.1361956000328064,0.14926642179489136,107.82657623291016,0.3753659427165985,17.806724548339844,0.5922092199325562,0.9275655746459961
2017,2,30.509887322946312,105.46603384195443,6605.941,356.0,8.597087860107422,96.14663696289062,20.981609344482422,33.193729400634766,1.2833226919174194,7.352644920349121,34.192352294921875,0.2554844319820404,0.2701796591281891,0.0,441.27972412109375,0.4758094251155853,0.48801150918006897,0.3868357241153717,0.1031608134508133,40.045894622802734,0.3584214150905609,13.78999137878418,0.4168696999549866,0.9091699123382568,0.21840982139110565,0.28619855642318726,0.0,673.0061645507812,0.39396539330482483,0.4620457589626312,0.10320014506578445,0.07106209546327591,38.46979522705078,0.32225751876831055,9.478960037231445,0.3205845355987549,0.5314946174621582,0.19515345990657806,0.21918438374996185,0.0,392.32220458984375,0.43840429186820984,0.43840429186820984,0.04735119268298149,0.08140671998262405,50.60934066772461,0.3224584758281708,10.05954360961914,0.3571283519268036,0.8935434222221375,0.2869851887226105,0.2869851887226105,0.0,258.7510070800781,0.5624955892562866,0.5624955892562866,0.19096605479717255,0.1064240038394928,38.129966735839844,0.32998403906822205,15.220646858215332,0.5169351100921631,0.9168338775634766,0.3415481150150299,0.3415481150150299,0.0,398.4642028808594,0.6281372308731079,0.6281372308731079,0.24925197660923004,0.16019022464752197,107.46297454833984,0.3550334870815277,18.974485397338867,0.727039098739624,1.5046042203903198
2017,2,30.522823175102342,105.21917354853461,6631.931,356.0,3.2266664505004883,270.0,21.41414451599121,24.719539642333984,1.2899999618530273,7.348479270935059,32.068138122558594,0.2555413246154785,0.2702295780181885,0.0,440.17913818359375,0.47585129737854004,0.4882412552833557,0.3868388533592224,0.10317016392946243,35.321189880371094,0.35438862442970276,13.755598068237305,0.42233026027679443,0.9006140232086182,0.21850241720676422,0.28632938861846924,0.0,664.4603881835938,0.5528247952461243,0.5528247952461243,0.22166144847869873,0.1057252511382103,38.738426208496094,0.31982529163360596,9.358596801757812,0.3176517188549042,0.5266010761260986,0.19546684622764587,0.2196054607629776,0.0,388.87701416015625,0.5555784106254578,0.5555784106254578,0.1904241144657135,0.1233622282743454,47.455135345458984,0.31821078062057495,9.971205711364746,0.35804301500320435,0.8868337273597717,0.2868867516517639,0.2868867516517639,0.0,257.7970886230469,0.6427865624427795,0.6427865624427795,0.3000414967536926,0.1403094083070755,35.89097213745117,0.3254944384098053,15.164535522460938,0.5176476240158081,0.879544734954834,0.34242233633995056,0.34242233633995056,0.0,398.4288330078125,0.6174871325492859,0.7147858738899231,0.260773241519928,0.12337800115346909,101.97251892089844,0.35059890151023865,18.972801208496094,0.7398111820220947,1.493768334388733
2017,2,30.489674217871045,105.17497939799391,6631.931,399.0,21.209224700927734,104.49454498291016,27.4649658203125,28.035804748535156,1.2882441282272339,7.0,32.71550750732422,0.2555302381515503,0.270129919052124,0.0,440.8123779296875,0.47565957903862,0.487649530172348,0.38674673438072205,0.10314516723155975,34.73833084106445,0.3537856638431549,13.775386810302734,0.4232259690761566,0.8997191190719604,0.21814723312854767,0.2854805588722229,0.0,665.2301025390625,0.38536337018013,0.49503466486930847,0.1493149697780609,0.08181540668010712,38.730308532714844,0.31958121061325073,9.369438171386719,0.317051500082016,0.5249506235122681,0.19408521056175232,0.2179206758737564,0.0,389.35369873046875,0.47889047861099243,0.47889047861099243,0.1698489487171173,0.1053280308842659,46.879302978515625,0.3174305260181427,9.983428001403809,0.3581695258617401,0.8858253359794617,0.2867186963558197,0.2867186963558197,0.0,257.98504638671875,0.6249995231628418,0.6249995231628418,0.26641157269477844,0.1410747468471527,35.64895248413086,0.3251041769981384,15.175590515136719,0.5171720385551453,0.8752185106277466,0.34080228209495544,0.34080228209495544,0.0,398.6685485839844,0.5289900302886963,0.5289900302886963,0.16809919476509094,0.13091284036636353,101.13961029052734,0.35028722882270813,18.984216690063477,0.7400376200675964,1.4919899702072144
2017,2,32.73402450099035,105.56844155674789,6632.938,626.0,28.168228149414062,103.99530792236328,33.827667236328125,23.203994750976562,1.1629754304885864,6.722599983215332,70.68956756591797,0.2617669999599457,0.3169189989566803,3.539391279220581,206.06326293945312,0.5730174779891968,0.6389738917350769,0.3938131630420685,0.10645989328622818,36.30832290649414,0.37905940413475037,6.328871250152588,0.22150692343711853,0.45147204399108887,0.20743751525878906,0.2387971431016922,33.35043716430664,129.47848510742188,0.5041641592979431,0.5436174869537354,0.2770150303840637,0.07815869897603989,51.236881256103516,0.36508214473724365,1.3539161682128906,0.16926360130310059,0.39366796612739563,0.18411532044410706,0.20101772248744965,10.449565887451172,104.70539855957031,0.40320953726768494,0.42371565103530884,0.19949443638324738,0.07257077842950821,76.92838287353516,0.38216596841812134,2.416816234588623,0.20099087059497833,0.4820980131626129,0.2140081822872162,0.2140081822872162,0.0,138.3077850341797,0.465207040309906,0.465207040309906,-0.008784591220319271,0.09966910630464554,20.27244758605957,0.3772965669631958,8.135751724243164,0.30335110425949097,0.6379597187042236,0.4131949841976166,0.4131949841976166,0.0,258.4673156738281,0.7774513959884644,0.7774513959884644,0.24717123806476593,0.29372039437294006,58.893463134765625,0.34532082080841064,12.307967185974121,0.5299789309501648,0.8276394605636597
2017,2,30.5602796239513,105.35984926856872,6639.805,325.0,4.749985218048096,346.9241638183594,22.41602897644043,30.00620460510254,1.284806251525879,7.0,28.532041549682617,0.25496119260787964,0.2694542706012726,0.0,439.7720642089844,0.47518056631088257,0.48795652389526367,0.3873327970504761,0.10302446782588959,37.6141357421875,0.3566598892211914,13.742877006530762,0.4194447100162506,0.9045498371124268,0.21854902803897858,0.285986065864563,0.0,666.4635009765625,0.4011251926422119,0.5487515330314636,0.3731200695037842,0.09052664041519165,38.60972595214844,0.32109326124191284,9.386809349060059,0.3195832073688507,0.5315658450126648,0.19622842967510223,0.22031304240226746,0.0,389.5978698730469,0.6252748370170593,0.6252748370170593,0.2980622351169586,0.16015169024467468,49.266387939453125,0.32076796889305115,9.989688873291016,0.3578219711780548,0.8877604007720947,0.28682172298431396,0.28682172298431396,0.0,257.92449951171875,0.7186159491539001,0.7186159491539001,0.4578823447227478,0.19534343481063843,36.74266815185547,0.3276524245738983,15.172029495239258,0.5184676051139832,0.8968983292579651,0.34447789192199707,0.34447789192199707,0.0,398.283935546875,0.5091353058815002,0.5091353058815002,0.1967669427394867,0.13839970529079437,104.37837982177734,0.35194116830825806,18.96590232849121,0.7367668747901917,1.5004903078079224
2017,2,30.657568290735373,105.55334749968195,6657.9795,340.0,8.788634300231934,301.56866455078125,23.05420684814453,33.168853759765625,1.2934212684631348,7.231370449066162,30.36171531677246,0.2514270544052124,0.26644670963287354,0.0,438.19891357421875,0.46848416328430176,0.4839623272418976,0.389007568359375,0.10210425406694412,45.2460823059082,0.36124294996261597,13.693716049194336,0.4112474322319031,0.8907710313796997,0.2177567034959793,0.2808704078197479,0.0,664.5901489257812,0.4458596408367157,0.4934437572956085,0.12515757977962494,0.06341160833835602,38.94142150878906,0.32510605454444885,9.360424995422363,0.31939369440078735,0.5357866883277893,0.1968071311712265,0.22006432712078094,0.0,389.1767883300781,0.39964354038238525,0.39964354038238525,0.10021738708019257,0.06464134156703949,52.961116790771484,0.32683059573173523,9.97889232635498,0.35652029514312744,0.881897509098053,0.2858649492263794,0.2858649492263794,0.0,257.454833984375,0.4675987958908081,0.4675987958908081,0.15655343234539032,0.06845837831497192,38.61793518066406,0.33284711837768555,15.144402503967285,0.5188351273536682,0.9070523381233215,0.3494945466518402,0.3494945466518402,0.0,398.00762939453125,0.46377184987068176,0.46377184987068176,0.12048432976007462,0.09807948768138885,108.94328308105469,0.354507714509964,18.95274543762207,0.7342480421066284,1.493438720703125
2017,2,29.853128624289525,103.56178365528247,6707.0054,546.0,6.4556145668029785,98.22515869140625,25.982933044433594,33.66305160522461,1.226199746131897,6.0891618728637695,37.98289489746094,0.23123231530189514,0.24529366195201874,0.0,398.5884094238281,0.4748222529888153,0.5095648169517517,0.3630223870277405,0.09869417548179626,60.53467559814453,0.39858779311180115,12.455887794494629,0.29003649950027466,0.45745009183883667,0.20548444986343384,0.2521301209926605,0.0,555.70703125,0.6629502177238464,0.6713517308235168,0.2165924310684204,0.16168439388275146,93.89694213867188,0.3801799416542053,7.826859474182129,0.22020190954208374,0.402241051197052,0.18912723660469055,0.2029029279947281,0.0,331.6871032714844,0.6633698344230652,0.6633698344230652,0.364876389503479,0.22001208364963531,73.27369689941406,0.3749251663684845,8.50479793548584,0.2695332467556,0.6119418144226074,0.26479336619377136,0.26479336619377136,0.0,233.496826171875,0.4794085621833801,0.4794085621833801,0.3337283432483673,0.10226450860500336,32.955509185791016,0.3752633035182953,13.735107421875,0.3774154782295227,0.6359880566596985,0.32998114824295044,0.32998114824295044,0.0,369.4208679199219,0.6743211150169373,0.7157823443412781,0.3794686198234558,0.21976102888584137,112.58040618896484,0.38215935230255127,17.59147071838379,0.5643575191497803,0.839926540851593
2017,2,26.78358601842162,102.084412130659,6715.888,1114.0,5.872386455535889,241.82521057128906,40.222801208496094,30.53105926513672,1.3018933534622192,6.584723472595215,34.58681106567383,0.3073045611381531,0.3140469789505005,0.0,375.4958190917969,0.5148100256919861,0.5387160778045654,0.11616949737071991,0.12772896885871887,100.31366729736328,0.40189287066459656,11.734244346618652,0.35100629925727844,0.6026139855384827,0.2550603449344635,0.2689345180988312,0.0,582.646484375,0.530706524848938,0.5729456543922424,0.21137112379074097,0.14358225464820862,46.797264099121094,0.3231704831123352,8.20628833770752,0.41290003061294556,0.9223290681838989,0.24586649239063263,0.2542708218097687,0.0,396.1094055175781,0.49857503175735474,0.5170449018478394,0.15413524210453033,0.1334664672613144,42.25576400756836,0.24107876420021057,10.156651496887207,0.6412197351455688,1.152324914932251,0.2523076832294464,0.2523076832294464,0.0,204.6016387939453,0.5584223866462708,0.5706824064254761,0.22234000265598297,0.17719605565071106,76.4743881225586,0.3418862521648407,12.035390853881836,0.5577706694602966,1.1992164850234985,0.30596622824668884,0.30596622824668884,0.0,303.18658447265625,0.6795836687088013,0.6795836687088013,0.31756454706192017,0.12636010348796844,90.40828704833984,0.3657774329185486,14.437457084655762,0.6431480050086975,1.3261196613311768
2017,2,30.48455516986167,103.59654680709515,6728.0513,496.0,2.1436004638671875,210.1225128173828,19.246355056762695,29.038684844970703,1.196193814277649,6.699999809265137,42.277931213378906,0.218079075217247,0.2358485460281372,0.0,388.63189697265625,0.4450026750564575,0.4450026750564575,0.2098492980003357,0.10512082278728485,54.14765167236328,0.3709424138069153,12.144746780395508,0.3046700656414032,0.47935375571250916,0.2199440449476242,0.24877655506134033,0.0,527.7173461914062,0.4590137302875519,0.522892415523529,0.3619561791419983,0.08651190996170044,71.67750549316406,0.3445766270160675,7.432638168334961,0.23798629641532898,0.4337199032306671,0.20394380390644073,0.236393004655838,0.0,322.3915100097656,0.5282242894172668,0.5282242894172668,0.28621533513069153,0.16403314471244812,55.44269943237305,0.33572882413864136,8.266448974609375,0.2936756908893585,0.6971346139907837,0.27924415469169617,0.27924415469169617,0.0,230.69430541992188,0.46345943212509155,0.46345943212509155,0.33891990780830383,0.10554869472980499,32.52246856689453,0.3355209529399872,13.570253372192383,0.4060993194580078,0.614775538444519,0.34012025594711304,0.34012025594711304,0.0,368.0415344238281,0.35787901282310486,0.35787901282310486,0.01427413709461689,0.07892031967639923,108.59661865234375,0.3547070026397705,17.525787353515625,0.6005944013595581,0.8707355260848999
2017,2,30.462723411104005,105.31484356163631,6742.0625,320.0,6.406599044799805,30.11684226989746,17.13397216796875,32.977745056152344,1.2793116569519043,7.306333065032959,34.17493438720703,0.25521042943000793,0.26940861344337463,0.0,441.39056396484375,0.47475048899650574,0.48644644021987915,0.3868805766105652,0.10299280285835266,37.929500579833984,0.3568195104598999,13.793455123901367,0.4185119569301605,0.9003792405128479,0.21747221052646637,0.28329217433929443,0.0,670.3609619140625,0.46880781650543213,0.46880781650543213,0.11912354081869125,0.0778762474656105,38.900081634521484,0.3218333125114441,9.441703796386719,0.317943274974823,0.5269452333450317,0.19177567958831787,0.21503818035125732,0.0,391.4764099121094,0.4127017855644226,0.4127017855644226,0.05614186450839043,0.07359914481639862,48.88627624511719,0.32055678963661194,10.037857055664062,0.35692858695983887,0.8826356530189514,0.28596746921539307,0.28596746921539307,0.0,258.4935302734375,0.49480533599853516,0.49480533599853516,0.07385900616645813,0.084096260368824,36.780433654785156,0.3286229372024536,15.205501556396484,0.5155131816864014,0.8942137360572815,0.34027421474456787,0.34027421474456787,0.0,398.7960510253906,0.5409265160560608,0.5409265160560608,0.12201223522424698,0.1278253048658371,103.36370086669922,0.3522413969039917,18.99028778076172,0.7328697443008423,1.4951668977737427
2017,2,30.529288871629852,105.31161071337254,6742.0625,348.0,11.043050765991211,354.47412109375,19.034347534179688,29.216411590576172,1.2872661352157593,7.197470188140869,34.326778411865234,0.25538328289985657,0.2700245678424835,0.0,440.3357238769531,0.47567424178123474,0.4881158173084259,0.3869611918926239,0.10313164442777634,36.990726470947266,0.35589128732681274,13.760491371154785,0.42034420371055603,0.903590977191925,0.2184920758008957,0.2862128019332886,0.0,666.9514770507812,0.3514111340045929,0.46136870980262756,0.12878216803073883,0.06247507408261299,38.64323806762695,0.32070592045783997,9.393682479858398,0.31881585717201233,0.5289762020111084,0.19558227062225342,0.21968188881874084,0.0,389.86016845703125,0.5161994099617004,0.5161994099617004,0.04343602806329727,0.09135711938142776,48.6392707824707,0.31983429193496704,9.996415138244629,0.35777655243873596,0.8886314034461975,0.28689390420913696,0.28689390420913696,0.0,258.0516052246094,0.5385817289352417,0.5385817289352417,0.1117924153804779,0.11836729198694229,36.624019622802734,0.32707542181015015,15.179505348205566,0.517687201499939,0.8925445675849915,0.3427271544933319,0.3427271544933319,0.0,398.401611328125,0.47736769914627075,0.47736769914627075,0.1238926574587822,0.1146666407585144,103.84922790527344,0.35196539759635925,18.971506118774414,0.7360804677009583,1.4979676008224487
2017,2,30.464609610849617,105.31322936705496,6742.0625,327.0,7.455185890197754,171.74842834472656,25.54636573791504,31.135177612304688,1.292344093322754,7.470325946807861,34.15043640136719,0.2552326023578644,0.2694585919380188,0.0,441.371337890625,0.4748134911060333,0.4865298271179199,0.3868713080883026,0.1030033603310585,37.86397171020508,0.3567459285259247,13.792854309082031,0.41864392161369324,0.900560736656189,0.21751900017261505,0.2834438383579254,0.0,670.2471923828125,0.4765132963657379,0.4765132963657379,0.13898319005966187,0.08446519821882248,38.884178161621094,0.32176148891448975,9.440101623535156,0.3179696500301361,0.526963472366333,0.19193574786186218,0.21523796021938324,0.0,391.4234313964844,0.37054479122161865,0.37054479122161865,0.068836510181427,0.0669313371181488,48.852901458740234,0.3204860985279083,10.036498069763184,0.3569759726524353,0.8830230236053467,0.28601953387260437,0.28601953387260437,0.0,258.4825439453125,0.5298015475273132,0.5298015475273132,0.13134589791297913,0.08909212052822113,36.77280044555664,0.32852789759635925,15.204855918884277,0.5155989527702332,0.8940619230270386,0.34031081199645996,0.34031081199645996,0.0,398.783935546875,0.5196782350540161,0.5196782350540161,0.1527096927165985,0.11734473705291748,103.3818588256836,0.3522416651248932,18.98971176147461,0.7329725027084351,1.4952625036239624
2017,2,30.368939597747936,105.24774300898405,6756.44,373.0,2.1489765644073486,90.0,16.391246795654297,35.477386474609375,1.2696218490600586,7.156678676605225,34.437503814697266,0.2541084587574005,0.26692333817481995,0.0,441.995361328125,0.47161808609962463,0.48230117559432983,0.38734179735183716,0.10246783494949341,38.258419036865234,0.3580692410469055,13.812355041503906,0.41554152965545654,0.8876321315765381,0.21514636278152466,0.27575191855430603,0.0,671.691162109375,0.4771398901939392,0.4771398901939392,0.09208802133798599,0.08735954761505127,39.76765441894531,0.32390299439430237,9.46043872833252,0.31507253646850586,0.5231488943099976,0.18381810188293457,0.2051064521074295,0.0,392.41217041015625,0.5220497250556946,0.5220497250556946,0.18509595096111298,0.10885994136333466,48.678321838378906,0.3215302526950836,10.061850547790527,0.35527586936950684,0.8615676760673523,0.2833790183067322,0.2833790183067322,0.0,258.5944519042969,0.6400293707847595,0.6400293707847595,0.21530748903751373,0.13197524845600128,35.87635040283203,0.3307803273200989,15.211438179016113,0.5117208957672119,0.8811686635017395,0.33845481276512146,0.33845481276512146,0.0,399.4122314453125,0.5869182348251343,0.5869182348251343,0.20246335864067078,0.13600003719329834,99.56304931640625,0.35009053349494934,19.019630432128906,0.7344481348991394,1.4849498271942139
2017,2,30.415563958362767,105.15961779486479,6756.44,356.0,7.706904411315918,103.84154510498047,29.402305603027344,27.217487335205078,1.2552318572998047,7.075361251831055,32.788673400878906,0.2546594440937042,0.2681659758090973,0.0,441.3999328613281,0.4731842875480652,0.4843738079071045,0.38711118698120117,0.10273031890392303,35.685176849365234,0.3554495871067047,13.793747901916504,0.4199860095977783,0.890898585319519,0.2163092941045761,0.27952203154563904,0.0,667.4491577148438,0.5687389969825745,0.5687389969825745,0.2485133856534958,0.15883149206638336,39.397308349609375,0.32162630558013916,9.400691986083984,0.3152165114879608,0.5226669311523438,0.18779689073562622,0.210072323679924,0.0,390.54168701171875,0.5502317547798157,0.5502317547798157,0.2641119360923767,0.15789180994033813,47.23659133911133,0.3189367949962616,10.01388931274414,0.3566817343235016,0.8705031871795654,0.2846732437610626,0.2846732437610626,0.0,258.1773681640625,0.686367392539978,0.686367392539978,0.42038294672966003,0.22538138926029205,35.268680572509766,0.327570378780365,15.186904907226562,0.5140115022659302,0.870644211769104,0.33936452865600586,0.33936452865600586,0.0,399.1203918457031,0.5551220774650574,0.5551220774650574,0.32557928562164307,0.17365968227386475,99.05115509033203,0.3493727743625641,19.005733489990234,0.7392193078994751,1.4855269193649292
2017,2,30.26626433689129,105.18009844600327,6767.855,345.0,9.255513191223145,173.3955841064453,23.351675033569336,33.555320739746094,1.2469948530197144,7.219920635223389,45.71357345581055,0.2529051601886749,0.264209508895874,0.0,442.7038269042969,0.46819767355918884,0.4777747392654419,0.38784539699554443,0.10189459472894669,38.62208557128906,0.35963332653045654,13.834494590759277,0.41220369935035706,0.8743862509727478,0.21260665357112885,0.2675183117389679,0.0,673.4195556640625,0.3358882665634155,0.3358882665634155,0.08174114674329758,0.08757254481315613,40.71399688720703,0.32626622915267944,9.484782218933105,0.31205910444259644,0.5190762281417847,0.1751287877559662,0.19426144659519196,0.0,393.52496337890625,0.3637562394142151,0.3637562394142151,0.08856367319822311,0.07030085474252701,48.6013298034668,0.3228452801704407,10.090384483337402,0.3534400463104248,0.8401508927345276,0.28055256605148315,0.28055256605148315,0.0,258.7200012207031,0.5183861255645752,0.5183861255645752,0.15845713019371033,0.09405145049095154,34.949317932128906,0.3334197700023651,15.218823432922363,0.5074858069419861,0.8685457110404968,0.3364681005477905,0.3364681005477905,0.0,400.02960205078125,0.5179150104522705,0.5179150104522705,0.14623725414276123,0.12572361528873444,95.83087158203125,0.34824395179748535,19.049028396606445,0.7352873086929321,1.474381923675537
2017,2,29.960115835864855,105.66222537010394,6770.568,364.0,20.51531410217285,185.7314910888672,29.589263916015625,25.559192657470703,1.249622106552124,6.800353050231934,36.202117919921875,0.24845243990421295,0.2586086690425873,0.0,444.974853515625,0.45122241973876953,0.46332108974456787,0.3883945047855377,0.10018837451934814,68.16270446777344,0.37841561436653137,13.905464172363281,0.37044447660446167,0.7888531684875488,0.20289669930934906,0.23638349771499634,0.0,688.6714477539062,0.4978157877922058,0.4978157877922058,0.10393638908863068,0.11646807938814163,45.313995361328125,0.3463805317878723,9.699597358703613,0.30097857117652893,0.5029876232147217,0.14738032221794128,0.16092652082443237,0.0,401.30169677734375,0.45945993065834045,0.45945993065834045,0.14154267311096191,0.09250591695308685,59.84199905395508,0.3447684943675995,10.289786338806152,0.33860254287719727,0.7610217928886414,0.2715204656124115,0.2715204656124115,0.0,259.5760192871094,0.4974284768104553,0.4974284768104553,0.3606078624725342,0.10573927313089371,41.39329147338867,0.3584592342376709,15.269177436828613,0.48431670665740967,0.8820574879646301,0.3326041102409363,0.3326041102409363,0.0,401.3214111328125,0.5423879027366638,0.5423879027366638,0.4173886775970459,0.13669370114803314,101.17938232421875,0.35589638352394104,19.110544204711914,0.6964884996414185,1.3877418041229248
2017,2,30.104028863263768,105.07229967803623,6788.1406,419.0,4.28042459487915,270.0,12.624551773071289,36.24751281738281,1.2894649505615234,7.428043842315674,36.21141052246094,0.2509988844394684,0.2599102854728699,0.0,443.8978271484375,0.4627789855003357,0.47060394287109375,0.3886432349681854,0.10098646581172943,38.958580017089844,0.3623279929161072,13.871807098388672,0.4070218503475189,0.8545094132423401,0.20858320593833923,0.25447458028793335,0.0,676.3731079101562,0.2918553054332733,0.32547527551651,0.12705735862255096,0.04858670383691788,42.217620849609375,0.33010080456733704,9.526381492614746,0.3074089288711548,0.5125324130058289,0.16136309504508972,0.1770806908607483,0.0,395.3359680175781,0.2691185474395752,0.2691185474395752,0.21616214513778687,0.043730128556489944,48.637916564941406,0.32524538040161133,10.136819839477539,0.3505256175994873,0.8094277381896973,0.2760748565196991,0.2760748565196991,0.0,258.91351318359375,0.25578591227531433,0.25578591227531433,0.25888898968696594,0.027484511956572533,33.498802185058594,0.33798274397850037,15.230206489562988,0.5006176233291626,0.8502259850502014,0.3333207368850708,0.3333207368850708,0.0,400.8915710449219,0.40858232975006104,0.40858232975006104,0.2794285714626312,0.06963397562503815,90.55565643310547,0.3461984097957611,19.09007453918457,0.7353152632713318,1.4584206342697144
2017,2,30.11130165708194,105.10490908404006,6788.1406,478.0,8.034040451049805,156.56332397460938,25.188310623168945,32.57855987548828,1.2671544551849365,7.391061782836914,38.37792205810547,0.2510812282562256,0.2600959539413452,0.0,443.88897705078125,0.46301302313804626,0.4709136188030243,0.38860878348350525,0.10102568566799164,39.57368850708008,0.36259353160858154,13.871530532836914,0.40653538703918457,0.8557041883468628,0.2087569683790207,0.25503793358802795,0.0,676.9885864257812,0.3826574981212616,0.40796858072280884,0.14535053074359894,0.07751461863517761,42.1367301940918,0.3301878273487091,9.535051345825195,0.30786260962486267,0.5133885145187378,0.16195762157440186,0.17782270908355713,0.0,395.5613708496094,0.4916051924228668,0.4916051924228668,0.15985627472400665,0.10623539984226227,48.935447692871094,0.3255155682563782,10.142599105834961,0.350521445274353,0.8100422024726868,0.27626824378967285,0.27626824378967285,0.0,258.99053955078125,0.5657057762145996,0.5657057762145996,0.22324872016906738,0.11012796312570572,33.79695510864258,0.33814337849617004,15.234737396240234,0.5008777379989624,0.8543398380279541,0.3334566652774811,0.3334566652774811,0.0,400.8896484375,0.549759566783905,0.549759566783905,0.21112729609012604,0.1332714855670929,91.11930084228516,0.3463999927043915,19.089982986450195,0.7344836592674255,1.4598808288574219
2017,2,30.31746819428801,105.15476629291864,6796.7036,375.0,6.996302604675293,217.6782989501953,19.714378356933594,29.9790096282959,1.2752799987792969,7.214144229888916,33.57895278930664,0.2535068094730377,0.2655664384365082,0.0,442.2195129394531,0.46990787982940674,0.48003795742988586,0.3875935971736908,0.10218121856451035,37.23077392578125,0.35791996121406555,13.81935977935791,0.4153265953063965,0.8796889185905457,0.21387650072574615,0.27163511514663696,0.0,670.8560180664062,0.5089166760444641,0.5089166760444641,0.1549745798110962,0.10218195617198944,40.272361755371094,0.3244973123073578,9.448677062988281,0.31296008825302124,0.5199419856071472,0.17947344481945038,0.19968394935131073,0.0,392.2960510253906,0.4575617015361786,0.4575617015361786,0.1390957534313202,0.09442596882581711,47.91658020019531,0.3212190866470337,10.058873176574707,0.35463815927505493,0.8506262302398682,0.28196579217910767,0.28196579217910767,0.0,258.4783935546875,0.566361665725708,0.566361665725708,0.20184911787509918,0.10590287297964096,34.901649475097656,0.33113038539886475,15.204611778259277,0.5097678899765015,0.866868793964386,0.3374614715576172,0.3374614715576172,0.0,399.70916748046875,0.5219420194625854,0.5219420194625854,0.17801107466220856,0.12372870743274689,96.63426971435547,0.3484460115432739,19.033769607543945,0.7373456954956055,1.477599024772644
2017,2,30.33255779225287,105.16096444338294,6796.7036,360.0,2.9800777435302734,158.88340759277344,21.393157958984375,29.51417350769043,1.2699999809265137,7.132959842681885,32.9047966003418,0.2536809742450714,0.2659592032432556,0.0,442.1073303222656,0.47040292620658875,0.48069310188293457,0.3875207006931305,0.10226418823003769,37.1100959777832,0.3576316237449646,13.8158540725708,0.41589584946632385,0.881499171257019,0.21424409747123718,0.27282682061195374,0.0,670.4971313476562,0.46336695551872253,0.46336695551872253,0.11620578914880753,0.08392833918333054,40.13720703125,0.3241173028945923,9.443621635437012,0.31335633993148804,0.5204622745513916,0.18073111772537231,0.20125362277030945,0.0,392.09283447265625,0.43981415033340454,0.43981415033340454,0.0927964597940445,0.08405168354511261,47.87984085083008,0.320962131023407,10.053662300109863,0.3549211025238037,0.8536354303359985,0.28237488865852356,0.28237488865852356,0.0,258.449462890625,0.6182065606117249,0.6182065606117249,0.19727006554603577,0.13176512718200684,35.00422286987305,0.33068016171455383,15.202909469604492,0.5103946924209595,0.8681686520576477,0.33774900436401367,0.33774900436401367,0.0,399.6218566894531,0.6262354254722595,0.6262354254722595,0.23626406490802765,0.16618019342422485,97.0944595336914,0.3486483097076416,19.029611587524414,0.7374063730239868,1.478983998298645
2017,2,28.335874899844033,104.76615563611085,6815.82,428.0,6.56020450592041,73.64868927001953,27.69906234741211,25.530447006225586,1.264594316482544,6.300000190734863,47.174747467041016,0.2531547248363495,0.26561856269836426,0.0,415.44677734375,0.4753718972206116,0.4824345111846924,0.02759329043328762,0.0992029681801796,63.22690200805664,0.38588947057724,12.982711791992188,0.30202579498291016,0.5511940121650696,0.18111324310302734,0.23749719560146332,0.6976358294487,615.1414794921875,0.5017598867416382,0.5053548812866211,0.06614364683628082,0.0957217589020729,83.40825653076172,0.37329933047294617,8.654138565063477,0.2215193510055542,0.40814149379730225,0.11754758656024933,0.12340983748435974,0.8059219717979431,356.9765625,0.5691344141960144,0.5695386528968811,0.15366502106189728,0.13792100548744202,67.45013427734375,0.36735352873802185,9.132580757141113,0.26496419310569763,0.47174715995788574,0.22283633053302765,0.22283633053302765,0.0,240.4186553955078,0.4744424521923065,0.4744424521923065,0.2784033715724945,0.08486969769001007,31.383056640625,0.3750254809856415,14.142273902893066,0.3964180052280426,0.7184789180755615,0.3638004660606384,0.3638004660606384,0.0,375.77349853515625,0.4318394660949707,0.4811146855354309,0.09224387258291245,0.09145477414131165,74.47235870361328,0.3541859984397888,17.89397621154785,0.6133476495742798,1.159164547920227
2017,2,30.17112941591602,105.2089354525159,6824.561,388.0,9.824925422668457,32.72525405883789,25.900728225708008,29.264793395996094,1.2743303775787354,7.369615077972412,31.382047653198242,0.25178420543670654,0.2616814076900482,0.0,443.5563049316406,0.46501126885414124,0.4735580086708069,0.3883145749568939,0.10136058181524277,40.86819839477539,0.3625071346759796,13.86113452911377,0.40682485699653625,0.8639516234397888,0.2102407068014145,0.25984808802604675,0.0,677.6380615234375,0.3609859347343445,0.3609859347343445,0.29415249824523926,0.07205081731081009,41.54609298706055,0.32936713099479675,9.544198036193848,0.31017550826072693,0.5171100497245789,0.16703401505947113,0.18415847420692444,0.0,395.5987243652344,0.5706459283828735,0.5706459283828735,0.265464186668396,0.1214229166507721,49.63108444213867,0.32553210854530334,10.143556594848633,0.35129597783088684,0.8201462626457214,0.2779195010662079,0.2779195010662079,0.0,259.11505126953125,0.6379014849662781,0.6379014849662781,0.4490278363227844,0.16116371750831604,34.87639617919922,0.3373335301876068,15.242061614990234,0.5033057928085327,0.8689621090888977,0.3346173167228699,0.3346173167228699,0.0,400.63800048828125,0.4853854775428772,0.4853854775428772,0.23127786815166473,0.11773316562175751,93.92017364501953,0.34752875566482544,19.078001022338867,0.7323932647705078,1.4676425457000732
2017,2,30.455718163349047,105.46279653458963,6849.423,313.0,4.280898094177246,149.88485717773438,12.360735893249512,32.38418960571289,1.2818729877471924,7.587280750274658,29.941059112548828,0.25513124465942383,0.26923006772994995,0.0,441.8115234375,0.47452545166015625,0.4861486554145813,0.3869137167930603,0.10295508801937103,40.94779968261719,0.35944366455078125,13.806610107421875,0.4145948588848114,0.9035117030143738,0.21730512380599976,0.2827504873275757,0.0,674.978271484375,0.4219862222671509,0.4358234703540802,0.08869384974241257,0.07657860964536667,38.88328552246094,0.32355397939682007,9.506736755371094,0.31937557458877563,0.5296505093574524,0.1912040263414383,0.2143246978521347,0.0,393.3119201660156,0.3783986270427704,0.3783986270427704,0.08001301437616348,0.06609036773443222,50.83388900756836,0.3233147859573364,10.084921836853027,0.3560810685157776,0.8835498094558716,0.28578150272369385,0.28578150272369385,0.0,258.9606018066406,0.49132397770881653,0.49132397770881653,0.2138533741235733,0.0985817238688469,38.04911804199219,0.3315052390098572,15.232976913452148,0.5147244334220886,0.9149115085601807,0.3401435315608978,0.3401435315608978,0.0,398.8047180175781,0.5692299008369446,0.5692299008369446,0.24027664959430695,0.1467096358537674,106.20446014404297,0.35445475578308105,18.990699768066406,0.7258275747299194,1.5002275705337524
2017,2,31.092263756930542,103.78869838969023,6873.7837,788.0,15.96367073059082,148.0849609375,26.463998794555664,26.997879028320312,1.2223167419433594,6.8120856285095215,46.220497131347656,0.221593976020813,0.2361392229795456,1.289781928062439,301.437744140625,0.5063925981521606,0.5063925981521606,0.03630146011710167,0.11249686032533646,63.74085235595703,0.3819607198238373,9.379623413085938,0.25014811754226685,0.4487896263599396,0.192677840590477,0.22496721148490906,22.849050521850586,335.78900146484375,0.46865323185920715,0.4842380881309509,0.13807950913906097,0.09760904312133789,84.65582275390625,0.35938555002212524,4.407604694366455,0.2020912766456604,0.41416096687316895,0.17526784539222717,0.19776655733585358,16.91887092590332,204.5590362548828,0.5847583413124084,0.5847583413124084,0.20496419072151184,0.1437927484512329,74.5726318359375,0.35655203461647034,4.811286449432373,0.22745853662490845,0.5538524985313416,0.23944959044456482,0.23944959044456482,0.0,174.369384765625,0.44917041063308716,0.44917041063308716,0.3492825925350189,0.09695740044116974,40.65155792236328,0.36243563890457153,10.257022857666016,0.3245726227760315,0.5075830221176147,0.33047476410865784,0.33047476410865784,0.0,298.77001953125,0.6015844345092773,0.6044378280639648,0.18484371900558472,0.1999029666185379,117.71320343017578,0.372043251991272,14.227143287658691,0.4838241934776306,0.8678541779518127
2017,2,30.561091180343023,105.59054086156875,6875.741,285.0,0.0,-0.0,17.137435913085938,33.74476623535156,1.2999999523162842,6.900000095367432,26.575847625732422,0.25195419788360596,0.26859959959983826,0.0,439.76751708984375,0.46668729186058044,0.4828491806983948,0.3875320255756378,0.10219181329011917,50.97621154785156,0.3639708459377289,13.742734909057617,0.40387722849845886,0.8749567866325378,0.2170640528202057,0.2787933349609375,0.0,669.1596069335938,0.40270957350730896,0.5395263433456421,0.37351733446121216,0.08896903693675995,39.893028259277344,0.3285602629184723,9.424783706665039,0.31560102105140686,0.5252300500869751,0.193729966878891,0.21691864728927612,0.0,391.18603515625,0.533889889717102,0.533889889717102,0.28376099467277527,0.11698190122842789,54.75510787963867,0.3301755487918854,10.030411720275879,0.35309386253356934,0.8827386498451233,0.2850884199142456,0.2850884199142456,0.0,257.8677978515625,0.6332339644432068,0.6332339644432068,0.3501390814781189,0.14491161704063416,40.86819076538086,0.33742502331733704,15.168694496154785,0.5121873617172241,0.9113625884056091,0.34436413645744324,0.34436413645744324,0.0,397.9982604980469,0.4023498296737671,0.4023498296737671,0.1507052183151245,0.07702545821666718,113.0715103149414,0.3596142828464508,18.95229721069336,0.7192174792289734,1.4743911027908325
2017,2,28.20705592951104,102.16041304901393,6899.263,1595.0,0.9274099469184875,-0.0,24.611051559448242,31.585844039916992,1.2933123111724854,6.351325035095215,35.09071731567383,0.2777542769908905,0.28595757484436035,0.7618042826652527,210.0458526611328,0.3781590759754181,0.38134896755218506,-0.013278085738420486,0.07234115898609161,87.10639190673828,0.3977590799331665,6.540126323699951,0.22549128532409668,0.5025205612182617,0.21531981229782104,0.2273699790239334,55.7679328918457,205.89637756347656,0.6143096089363098,0.6471431255340576,0.22558672726154327,0.16305071115493774,69.10558319091797,0.37067657709121704,2.114485263824463,0.2225235104560852,0.6496493816375732,0.20210112631320953,0.20382916927337646,37.09577560424805,124.39096069335938,0.6804779767990112,0.7029001712799072,0.3456851840019226,0.2107679843902588,81.44298553466797,0.3491193652153015,2.238337993621826,0.26985469460487366,0.6915749311447144,0.2365940511226654,0.2365940511226654,2.2427523136138916,107.14035034179688,0.5146554708480835,0.5146554708480835,0.2610829770565033,0.09929992258548737,68.57595825195312,0.39726340770721436,6.17044734954834,0.2706904113292694,0.6009942889213562,0.3179812431335449,0.3179812431335449,0.0,188.0908966064453,0.5614608526229858,0.5614608526229858,0.33584246039390564,0.14277474582195282,114.6097412109375,0.4008635878562927,8.956708908081055,0.32980164885520935,0.7740317583084106
2017,2,32.06379039895007,105.58029830644898,6953.8145,780.0,13.01259994506836,204.41070556640625,26.081893920898438,26.15985107421875,1.2342469692230225,6.530808448791504,44.27312469482422,0.256551593542099,0.289519727230072,0.6535347700119019,308.91302490234375,0.5284971594810486,0.5707105994224548,0.4125184118747711,0.10540720820426941,38.827449798583984,0.373554527759552,9.633109092712402,0.31035423278808594,0.6426612138748169,0.22008368372917175,0.26552513241767883,7.903362274169922,357.25384521484375,0.48818543553352356,0.5722271800041199,0.3599918484687805,0.08327637612819672,47.23207092285156,0.3486537039279938,4.920429229736328,0.2403051257133484,0.48944664001464844,0.1992521733045578,0.21939030289649963,1.057544231414795,230.13790893554688,0.598896324634552,0.598896324634552,0.3107798993587494,0.1416233777999878,66.67943572998047,0.359271764755249,5.8738555908203125,0.2775387763977051,0.6500057578086853,0.2485732138156891,0.2485732138156891,0.0,191.87167358398438,0.5929034352302551,0.5929034352302551,0.32625770568847656,0.1258966475725174,25.705411911010742,0.354970246553421,11.286568641662598,0.40933841466903687,0.7406018376350403,0.4176408052444458,0.4176408052444458,0.0,325.05047607421875,0.6850835084915161,0.6850835084915161,0.29216644167900085,0.1503375768661499,75.11917877197266,0.3382481634616852,15.478594779968262,0.6616635918617249,1.1425384283065796
2017,2,30.03045369588191,105.27199605961373,6982.106,404.0,22.040401458740234,216.89865112304688,29.89907455444336,25.83812141418457,1.2971844673156738,7.119115352630615,33.80496597290039,0.2501312494277954,0.2579534649848938,0.0,444.816162109375,0.46031269431114197,0.4673401415348053,0.3890063762664795,0.10057312995195389,44.731693267822266,0.3669365644454956,13.900505065917969,0.3983360230922699,0.848372757434845,0.20675192773342133,0.24853771924972534,0.0,684.3131103515625,0.4232383370399475,0.44068196415901184,0.1320868283510208,0.08784805983304977,42.759769439697266,0.3340872824192047,9.638213157653809,0.30753281712532043,0.5146631598472595,0.15509763360023499,0.1692608743906021,0.0,398.8580627441406,0.40375059843063354,0.40375059843063354,0.09889649599790573,0.07021691650152206,51.30418395996094,0.32964056730270386,10.227129936218262,0.3480423390865326,0.7888678908348083,0.27403682470321655,0.27403682470321655,0.0,259.76165771484375,0.657281219959259,0.657281219959259,0.2018585354089737,0.12710124254226685,34.93268585205078,0.3432140052318573,15.280097961425781,0.49717816710472107,0.8713269829750061,0.33188819885253906,0.33188819885253906,0.0,401.60650634765625,0.6455243229866028,0.6455243229866028,0.251740425825119,0.15689703822135925,91.0953598022461,0.34620967507362366,19.12411880493164,0.7280357480049133,1.4579567909240723
2017,2,29.696551749898834,103.54157055020723,7018.2305,449.0,4.36200475692749,257.7475891113281,21.121156692504883,31.44577980041504,1.2343144416809082,6.048321723937988,40.84059524536133,0.23460598289966583,0.24793678522109985,0.0,400.5570983886719,0.4917575716972351,0.5265204310417175,0.37330931425094604,0.10058818757534027,62.47625732421875,0.4059915542602539,12.517409324645996,0.28521838784217834,0.4481811821460724,0.20195379853248596,0.2539885342121124,0.0,561.30859375,0.36027655005455017,0.3661207854747772,0.17707346379756927,0.09016073495149612,100.23544311523438,0.3897983133792877,7.905755043029785,0.21479997038841248,0.39315497875213623,0.186616450548172,0.19571982324123383,0.0,333.20904541015625,0.50105220079422,0.50105220079422,0.15424256026744843,0.08986763656139374,78.18580627441406,0.385518878698349,8.543821334838867,0.2624613046646118,0.5886473655700684,0.26120349764823914,0.26120349764823914,0.0,233.91571044921875,0.48369044065475464,0.48369044065475464,0.3322879672050476,0.10153713822364807,33.15456008911133,0.3856695592403412,13.759747505187988,0.36899545788764954,0.6397404670715332,0.3275167942047119,0.3275167942047119,0.0,369.37890625,0.6706954836845398,0.6960157155990601,0.22358128428459167,0.18034867942333221,114.08169555664062,0.3896910846233368,17.5894718170166,0.5532493591308594,0.8254733085632324
2017,2,30.328785392761656,105.29113006223409,7049.7905,366.0,9.255590438842773,173.3914031982422,15.383048057556152,34.10054397583008,1.273268222808838,7.365825653076172,33.03970718383789,0.253639817237854,0.26586636900901794,0.0,442.4172058105469,0.47028592228889465,0.4805382490158081,0.3875379264354706,0.10224457830190659,39.84889602661133,0.35975322127342224,13.82553768157959,0.41251829266548157,0.8839156031608582,0.21415720880031586,0.2725451588630676,0.0,674.3438110351562,0.4002804458141327,0.5247976779937744,0.37110409140586853,0.08795724809169769,40.09864044189453,0.3255058526992798,9.497800827026367,0.3145996928215027,0.5229506492614746,0.18043383955955505,0.20088261365890503,0.0,393.6327209472656,0.5852476954460144,0.5852476954460144,0.24585585296154022,0.1422627717256546,49.4840202331543,0.3231511116027832,10.093147277832031,0.35423150658607483,0.8531749248504639,0.2822781801223755,0.2822781801223755,0.0,258.8544921875,0.6735085844993591,0.6735085844993591,0.3716738820075989,0.16719920933246613,36.11550521850586,0.33291155099868774,15.226734161376953,0.5098938345909119,0.8854901790618896,0.3376810550689697,0.3376810550689697,0.0,399.6783447265625,0.5795301198959351,0.5795301198959351,0.24961721897125244,0.13915862143039703,99.29624938964844,0.3501313030719757,19.032302856445312,0.7319888472557068,1.4831887483596802
2017,2,30.349805595127595,105.28115951227856,7049.7905,355.0,1.8543341159820557,180.0,14.53875732421875,36.738975524902344,1.2792285680770874,7.549628257751465,35.08965301513672,0.25388363003730774,0.2664162814617157,0.0,442.22662353515625,0.4709790050983429,0.4814554452896118,0.3874358832836151,0.10236073285341263,39.2753791809082,0.3590792417526245,13.819581985473633,0.41378292441368103,0.8861488699913025,0.21467183530330658,0.2742135524749756,0.0,673.32958984375,0.48107418417930603,0.48107418417930603,0.21415628492832184,0.06029689311981201,39.9197883605957,0.3247986435890198,9.483515739440918,0.31497690081596375,0.523301899433136,0.1821945756673813,0.20308014750480652,0.0,393.1418762207031,0.4640946090221405,0.4640946090221405,0.14297297596931458,0.09567150473594666,49.221649169921875,0.32251957058906555,10.080560684204102,0.3547150194644928,0.8576436042785645,0.2828509211540222,0.2828509211540222,0.0,258.7572326660156,0.6135846972465515,0.6135846972465515,0.2705856263637543,0.1400078982114792,36.100372314453125,0.332015722990036,15.221014022827148,0.5108067393302917,0.8849726319313049,0.3380836248397827,0.3380836248397827,0.0,399.5404968261719,0.5753201842308044,0.5753201842308044,0.22881795465946198,0.14812025427818298,99.67208862304688,0.3502782881259918,19.025737762451172,0.7327187061309814,1.4845584630966187
2017,2,30.403167657434185,105.47195998725446,7098.1543,303.0,8.539180755615234,90.0,15.684270858764648,31.047115325927734,1.288989543914795,7.1399993896484375,30.181804656982422,0.25451377034187317,0.2678374648094177,0.0,442.23675537109375,0.47277024388313293,0.4838258624076843,0.3871721625328064,0.10266093164682388,42.13938903808594,0.3608289957046509,13.81989860534668,0.4117605686187744,0.8971596360206604,0.21600185334682465,0.27852535247802734,0.0,677.0143432617188,0.29220712184906006,0.29220712184906006,0.18361102044582367,0.06432510167360306,39.34357452392578,0.3251560628414154,9.535412788391113,0.3182164430618286,0.528466522693634,0.1867450326681137,0.20875950157642365,0.0,394.3554382324219,0.41709572076797485,0.41709572076797485,0.12493983656167984,0.08491047471761703,51.25159454345703,0.3245522379875183,10.111678123474121,0.35493552684783936,0.8712049126625061,0.2843310832977295,0.2843310832977295,0.0,259.1593017578125,0.5611926317214966,0.5611926317214966,0.21625201404094696,0.12477947771549225,37.94131088256836,0.33339226245880127,15.244665145874023,0.5125056505203247,0.9135190844535828,0.33912402391433716,0.33912402391433716,0.0,399.1854553222656,0.5743201375007629,0.5743201375007629,0.21694959700107574,0.14787866175174713,104.76850891113281,0.35361945629119873,19.008831024169922,0.7250527143478394,1.4959553480148315
2017,2,30.52147652658421,105.55038219748143,7157.3696,301.0,3.356715202331543,253.9788055419922,23.379661560058594,32.22209930419922,1.2875475883483887,7.221444129943848,28.52121925354004,0.2537604570388794,0.2696896195411682,0.0,440.8102111816406,0.47089239954948425,0.48520907759666443,0.38697341084480286,0.10267935693264008,46.62618637084961,0.36187744140625,13.77531909942627,0.40896570682525635,0.8905138373374939,0.21761910617351532,0.282113254070282,0.0,672.2871704101562,0.19808179140090942,0.24568791687488556,0.03399178758263588,0.029824165627360344,39.29680252075195,0.3260854482650757,9.468832969665527,0.3177836835384369,0.5273261070251465,0.19396595656871796,0.21755439043045044,0.0,392.261962890625,0.2556149959564209,0.2556149959564209,-0.010560374706983566,0.039444148540496826,53.161006927490234,0.3271200954914093,10.057998657226562,0.35458558797836304,0.8886921405792236,0.2859064042568207,0.2859064042568207,0.0,258.43096923828125,0.35781627893447876,0.35781627893447876,0.08816402405500412,0.05196040868759155,39.95606994628906,0.33467400074005127,15.201821327209473,0.5136337280273438,0.9172071814537048,0.34220463037490845,0.34220463037490845,0.0,398.2369079589844,0.39737066626548767,0.39737066626548767,0.1254836916923523,0.07678631693124771,111.25279998779297,0.35833925008773804,18.96366310119629,0.7202785015106201,1.487473487854004
2017,2,32.360235896084205,105.66033917035834,7174.167,549.0,4.303830146789551,130.18775939941406,25.01146697998047,29.84551429748535,1.309999942779541,6.900000095367432,29.837785720825195,0.2665804922580719,0.3122183084487915,1.2762898206710815,251.75637817382812,0.5670551061630249,0.6199353933334351,0.418243408203125,0.10894197225570679,45.625606536865234,0.3837006986141205,7.827502727508545,0.24584902822971344,0.5006995797157288,0.2207067757844925,0.260748028755188,11.107832908630371,226.1376495361328,0.42565253376960754,0.42565253376960754,0.12302534282207489,0.06736551970243454,55.43630599975586,0.3663036823272705,3.0285890102386475,0.19329090416431427,0.4411830008029938,0.190988689661026,0.21048890054225922,1.5065269470214844,160.77642822265625,0.412517249584198,0.4321369528770447,0.23539291322231293,0.07635149359703064,77.57533264160156,0.3788253366947174,4.08384370803833,0.23105277121067047,0.5609424710273743,0.2288714349269867,0.2288714349269867,0.0,162.05079650878906,0.47016212344169617,0.47400709986686707,0.16715531051158905,0.08461172878742218,24.12608528137207,0.3738078474998474,9.532400131225586,0.33592066168785095,0.675404965877533,0.4297170639038086,0.4297170639038086,0.0,289.1753234863281,0.5481544733047485,0.563603937625885,0.17073291540145874,0.12631210684776306,67.98289489746094,0.34474417567253113,13.770254135131836,0.5722197890281677,0.9206565618515015
2017,2,32.38206319574082,105.69941427288968,7174.167,527.0,11.452347755432129,196.4905548095703,23.97148895263672,28.126914978027344,1.3106595277786255,6.8105998039245605,29.793609619140625,0.2673092186450958,0.31386759877204895,1.4477614164352417,248.67042541503906,0.5698567628860474,0.6235120892524719,0.41865938901901245,0.10919881612062454,48.56761932373047,0.3850443661212921,7.7257080078125,0.2395085245370865,0.48578783869743347,0.2207520455121994,0.2604009211063385,10.90778636932373,219.11700439453125,0.4103330075740814,0.4103330075740814,0.12345325201749802,0.09400422871112823,57.23691940307617,0.36837509274482727,2.9325242042541504,0.189826101064682,0.4392123818397522,0.1903882622718811,0.20984211564064026,1.4903711080551147,157.66151428222656,0.41229841113090515,0.43219301104545593,0.23281100392341614,0.07612179964780807,79.66240692138672,0.3807464838027954,4.004388332366943,0.22830015420913696,0.5594475865364075,0.22743988037109375,0.22743988037109375,0.0,160.56549072265625,0.4330311417579651,0.4350530803203583,0.2763802409172058,0.11725907772779465,24.381423950195312,0.3755844533443451,9.445028305053711,0.3310541808605194,0.6659495830535889,0.4305945336818695,0.4305945336818695,0.0,287.35430908203125,0.5548772811889648,0.5643548965454102,0.3193875849246979,0.16107113659381866,68.70526123046875,0.3462878465652466,13.683538436889648,0.5630099773406982,0.897169828414917
2017,2,32.09424605914511,105.66788396934076,7190.123,688.0,16.76427459716797,345.3018798828125,23.9389705657959,28.362892150878906,1.2669286727905273,6.900000095367432,33.609832763671875,0.25758999586105347,0.29186996817588806,0.8998668789863586,304.1827392578125,0.532489538192749,0.5758074522018433,0.4131111800670624,0.1057732030749321,46.80616760253906,0.3767748773097992,9.47758960723877,0.2966451346874237,0.6070250868797302,0.22014819085597992,0.26503050327301025,7.611486911773682,346.40338134765625,0.675693154335022,0.675693154335022,0.29046353697776794,0.1204623356461525,50.44451904296875,0.35316431522369385,4.771717071533203,0.23275971412658691,0.4806281626224518,0.19839654862880707,0.21846863627433777,1.0337549448013306,225.42405700683594,0.4152170419692993,0.4314453899860382,0.26724717020988464,0.07918532192707062,70.7044448852539,0.36350521445274353,5.753597259521484,0.27144575119018555,0.6446244120597839,0.24653324484825134,0.24653324484825134,0.0,189.44503784179688,0.6177191734313965,0.6177191734313965,0.3149302005767822,0.13517917692661285,27.265064239501953,0.3595362901687622,11.14382553100586,0.3987430930137634,0.7253982424736023,0.41889122128486633,0.41889122128486633,0.0,322.1124572753906,0.6821392178535461,0.6821392178535461,0.3141201138496399,0.1726042479276657,77.15660858154297,0.34217941761016846,15.338687896728516,0.6418745517730713,1.0996177196502686
2017,2,30.28836364171217,105.50160409105777,7205.737,292.0,11.762306213378906,201.10797119140625,19.545679092407227,33.190731048583984,1.2897764444351196,7.364779472351074,26.413501739501953,0.2531343400478363,0.26480063796043396,0.0,443.1651306152344,0.4688262343406677,0.47869959473609924,0.38773244619369507,0.10201053321361542,45.10882568359375,0.3640309274196625,13.848910331726074,0.40515807271003723,0.8827696442604065,0.21313261985778809,0.2691996991634369,0.0,681.6309204101562,0.40055471658706665,0.5193014144897461,0.37102773785591125,0.08720902353525162,40.36756134033203,0.32881802320480347,9.600435256958008,0.3156655430793762,0.5258992314338684,0.17697162926197052,0.1965651661157608,0.0,396.7120666503906,0.48198026418685913,0.48198026418685913,0.17190344631671906,0.10382235050201416,52.30050277709961,0.32745760679244995,10.172103881835938,0.3523246943950653,0.8437337279319763,0.2811407744884491,0.2811407744884491,0.0,259.6082763671875,0.5127919912338257,0.5127919912338257,0.3691352903842926,0.11196625977754593,37.8198127746582,0.3377085328102112,15.271074295043945,0.5075569152832031,0.911230742931366,0.3369050621986389,0.3369050621986389,0.0,400.0267639160156,0.5767956972122192,0.5767956972122192,0.2178187072277069,0.14765501022338867,101.78501892089844,0.3518677353858948,19.04889488220215,0.7229942083358765,1.4862042665481567
2017,2,31.29115304121739,104.15089779095848,7216.7935,578.0,1.427385687828064,229.48489379882812,25.362354278564453,27.011646270751953,1.2306913137435913,6.699999809265137,39.23988723754883,0.2501630485057831,0.2665497362613678,0.845690906047821,333.45001220703125,0.21763266623020172,0.21763266623020172,-0.15918265283107758,0.04760780557990074,52.21039581298828,0.37700656056404114,10.393885612487793,0.29184651374816895,0.5409815907478333,0.20716987550258636,0.2648610472679138,14.981783866882324,407.0658264160156,0.19850470125675201,0.3935769200325012,0.23354457318782806,0.0727747455239296,75.55587005615234,0.3521762788295746,5.522310256958008,0.2267792522907257,0.41938313841819763,0.19248810410499573,0.22269095480442047,11.093453407287598,245.8502655029297,0.38669353723526,0.4278798997402191,0.3257071375846863,0.08384670317173004,66.1645278930664,0.35092002153396606,6.019405364990234,0.25744903087615967,0.6100990772247314,0.2507404386997223,0.2507404386997223,0.0,194.82308959960938,0.4466093182563782,0.4466093182563782,0.3667013347148895,0.10222382843494415,36.51634216308594,0.35370132327079773,11.46018123626709,0.3752329647541046,0.5489398837089539,0.3676583766937256,0.3676583766937256,0.0,328.56597900390625,0.3533968925476074,0.5058392286300659,0.14813362061977386,0.09736429154872894,98.8769760131836,0.35546138882637024,15.645998001098633,0.600437581539154,1.0540404319763184
2017,2,30.028839501300574,105.44474163442423,7285.2134,354.0,7.676807880401611,196.1065673828125,29.79958152770996,27.30087661743164,1.2862248420715332,7.137317180633545,32.67579650878906,0.25011542439460754,0.25791776180267334,0.0,445.0663146972656,0.46026766300201416,0.4672805666923523,0.38901299238204956,0.1005655899643898,48.723941802978516,0.36925309896469116,13.90832233428955,0.39384979009628296,0.8499096632003784,0.20671851933002472,0.24842937290668488,0.0,688.8729858398438,0.4757157862186432,0.48852482438087463,0.18027807772159576,0.1077224463224411,42.671783447265625,0.3356550633907318,9.702436447143555,0.3090197741985321,0.5181983709335327,0.1549832969903946,0.16911816596984863,0.0,400.7400207519531,0.5178678631782532,0.5178678631782532,0.2311258465051651,0.12508223950862885,53.10512924194336,0.33186981081962585,10.275384902954102,0.34721335768699646,0.7830801010131836,0.2739996314048767,0.2739996314048767,0.0,260.29486083984375,0.5043503046035767,0.5043503046035767,0.3630848824977875,0.10753381997346878,36.37543869018555,0.3453386723995209,15.31146240234375,0.49694952368736267,0.8912062048912048,0.33186206221580505,0.33186206221580505,0.0,401.8728942871094,0.5448351502418518,0.5448351502418518,0.25158390402793884,0.13575294613838196,92.91366577148438,0.34658968448638916,19.136804580688477,0.723335862159729,1.4623357057571411
2017,2,30.278121086592396,105.55739190433745,7307.662,298.0,6.995269298553467,142.33277893066406,20.013797760009766,34.12889099121094,1.2899999618530273,7.121712684631348,26.778656005859375,0.2518931031227112,0.26475757360458374,0.0,442.918212890625,0.46441784501075745,0.4763442575931549,0.38761648535728455,0.1016702875494957,51.665225982666016,0.367174357175827,13.841194152832031,0.39721569418907166,0.8610437512397766,0.21205110847949982,0.26482877135276794,0.0,680.6876220703125,0.4004001319408417,0.5130407214164734,0.37032946944236755,0.08624246716499329,41.3308219909668,0.3326312303543091,9.587149620056152,0.31226205825805664,0.5199141502380371,0.17490912973880768,0.19413991272449493,0.0,396.57940673828125,0.5253276824951172,0.5253276824951172,0.17654010653495789,0.12592551112174988,54.575653076171875,0.33188483119010925,10.168703079223633,0.3494490087032318,0.8374362587928772,0.28006061911582947,0.28006061911582947,0.0,259.2577819824219,0.5098291635513306,0.5098291635513306,0.3679696023464203,0.11128313094377518,39.54148483276367,0.34227100014686584,15.250457763671875,0.5033652186393738,0.9065540432929993,0.3370303213596344,0.3370303213596344,0.0,399.81134033203125,0.5145012736320496,0.5145012736320496,0.17581740021705627,0.14061221480369568,105.00502014160156,0.35517048835754395,19.03863525390625,0.7152774333953857,1.4628466367721558
2017,2,28.70615865132218,102.524766196091,7324.186,1668.0,1.8543341159820557,180.0,28.700000762939453,29.700000762939453,1.25,6.199999809265137,36.52234649658203,0.2674728333950043,0.2776276767253876,1.3711860179901123,212.2339324951172,0.6101944446563721,0.6291831731796265,0.36944547295570374,0.11650620400905609,96.39684295654297,0.4171709716320038,6.589460849761963,0.1538110226392746,0.4771137535572052,0.20179398357868195,0.22108633816242218,35.931739807128906,169.9679718017578,0.40353190898895264,0.4662119150161743,0.10006887465715408,0.1778648942708969,102.49479675292969,0.40319058299064636,1.8878341913223267,0.12899011373519897,0.5505961179733276,0.18187816441059113,0.18265821039676666,36.99783706665039,85.65824890136719,0.4628118574619293,0.4628118574619293,0.20429536700248718,0.15263813734054565,111.08087921142578,0.39952552318573,1.247702956199646,0.13771353662014008,0.49881985783576965,0.22919365763664246,0.22919365763664246,0.0,118.68833923339844,0.513286828994751,0.513286828994751,0.26306992769241333,0.09193570911884308,67.54322052001953,0.421438992023468,6.9816670417785645,0.1890258938074112,0.4287911653518677,0.32426026463508606,0.32426026463508606,0.0,208.34046936035156,0.5575952529907227,0.5575952529907227,0.3619852662086487,0.14518515765666962,139.08233642578125,0.42310094833374023,9.920974731445312,0.2588035464286804,0.6128544211387634
2017,2,29.97332369318516,105.6932161224254,7371.008,274.0,2.14080810546875,209.9933319091797,28.220685958862305,28.459999084472656,1.2629300355911255,7.019407749176025,32.29789733886719,0.24832643568515778,0.2593536972999573,0.0,444.7276916503906,0.450127512216568,0.46350955963134766,0.3881690502166748,0.10022357106208801,71.19964599609375,0.3794892728328705,13.897740364074707,0.3674147427082062,0.7801242470741272,0.20281246304512024,0.23603203892707825,0.0,687.4779663085938,0.6422862410545349,0.6422862410545349,0.31495872139930725,0.2124335914850235,45.61324691772461,0.34767425060272217,9.682787895202637,0.2998732626438141,0.5004463791847229,0.14810246229171753,0.16203224658966064,0.0,400.8385009765625,0.6689825057983398,0.6689825057983398,0.3576614260673523,0.19102470576763153,60.90604782104492,0.34663626551628113,10.277910232543945,0.3375225365161896,0.763188898563385,0.27169448137283325,0.27169448137283325,0.0,259.3191223144531,0.4968295991420746,0.4968295991420746,0.3606662452220917,0.10580946505069733,42.375396728515625,0.36008116602897644,15.254066467285156,0.4829556941986084,0.8804923892021179,0.33320578932762146,0.33320578932762146,0.0,401.0178527832031,0.5437787175178528,0.5437787175178528,0.41905128955841064,0.13698206841945648,103.50945281982422,0.3581535518169403,19.096088409423828,0.6919193863868713,1.3758068084716797
2017,2,28.88294863078814,106.07158868321449,7395.0635,255.0,11.70870590209961,321.3595886230469,36.03990173339844,22.212182998657227,1.2121129035949707,5.88458251953125,33.783287048339844,0.26673027873039246,0.28812816739082336,0.0,430.32049560546875,0.5115667581558228,0.5457577109336853,0.3834753632545471,0.11394636332988739,113.60010528564453,0.41522738337516785,13.447515487670898,0.27649030089378357,0.5255654454231262,0.18454597890377045,0.23580783605575562,0.0,648.48828125,0.4245895743370056,0.4245895743370056,0.20203569531440735,0.05662126839160919,73.20970153808594,0.3962215185165405,9.133637428283691,0.24930499494075775,0.40834736824035645,0.08577129244804382,0.09574315696954727,0.0,380.03887939453125,0.39124196767807007,0.39124196767807007,0.1830776482820511,0.0554947592318058,83.3560562133789,0.3974565863609314,9.744586944580078,0.27947643399238586,0.5519745349884033,0.2566163241863251,0.2566163241863251,0.0,246.5491485595703,0.4927239716053009,0.4927239716053009,0.3418698012828827,0.09712126106023788,50.363739013671875,0.4078117907047272,14.502891540527344,0.4025832712650299,0.7871454954147339,0.3492846190929413,0.3492846190929413,0.0,386.5604553222656,0.5722411870956421,0.5722411870956421,0.4445020258426666,0.14798368513584137,102.86783599853516,0.39220285415649414,18.40764045715332,0.5675095319747925,1.1069819927215576
2017,2,31.295732537999285,104.13149624227493,7500.493,589.0,1.0852940082550049,90.0,26.600736618041992,25.60336685180664,1.2329784631729126,6.700342655181885,37.52708435058594,0.24860528111457825,0.2648467421531677,0.8978475332260132,329.466796875,0.25255733728408813,0.25255733728408813,-0.09067549556493759,0.0453190840780735,53.23295211791992,0.37772852182388306,10.267779350280762,0.28755074739456177,0.5328873991966248,0.20582717657089233,0.26210203766822815,15.90576171875,398.2173156738281,0.38728392124176025,0.6527307033538818,0.21836046874523163,0.11443077027797699,76.5494613647461,0.35312557220458984,5.384669780731201,0.2242056429386139,0.4180830121040344,0.19103389978408813,0.22068217396736145,11.777624130249023,240.62689208984375,0.6313430070877075,0.6313430070877075,0.41114237904548645,0.13418105244636536,67.15972137451172,0.35192710161209106,5.867929935455322,0.253922700881958,0.6026570200920105,0.2491849958896637,0.2491849958896637,0.0,192.31236267089844,0.44598811864852905,0.44598811864852905,0.36585336923599243,0.10169096291065216,36.92948532104492,0.35494890809059143,11.312492370605469,0.3700107932090759,0.5432144403457642,0.36562931537628174,0.36562931537628174,0.0,325.2554626464844,0.4193728566169739,0.5656241178512573,0.17853118479251862,0.13075247406959534,100.15943908691406,0.35679805278778076,15.488354682922363,0.5907724499702454,1.0406813621520996
2017,2,31.165834465211354,103.78465398503475,7502.409,945.0,12.933720588684082,64.98009490966797,23.168262481689453,28.624645233154297,1.24518620967865,6.699999809265137,44.20444107055664,0.2207643836736679,0.23495712876319885,1.4576133489608765,288.7068786621094,0.4775061011314392,0.4775061011314392,0.05809367820620537,0.08464118093252182,65.98064422607422,0.3842680752277374,8.976539611816406,0.23906636238098145,0.43288174271583557,0.18908962607383728,0.22053875029087067,25.82225799560547,307.60565185546875,0.2142527848482132,0.4337478280067444,0.19966408610343933,0.03980353847146034,87.34256744384766,0.36230969429016113,3.968780279159546,0.19527724385261536,0.40939027070999146,0.17167650163173676,0.19302764534950256,19.120420455932617,187.61614990234375,0.38124558329582214,0.38124558329582214,0.04818132147192955,0.07449247688055038,77.6038589477539,0.3601894676685333,4.320403575897217,0.21684201061725616,0.5300664901733398,0.23404483497142792,0.23404483497142792,0.0,166.34039306640625,0.4458611011505127,0.4458611011505127,0.349449098110199,0.0955316349864006,41.7988395690918,0.3666701018810272,9.78472900390625,0.31053656339645386,0.48913609981536865,0.3288528323173523,0.3288528323173523,0.0,288.8520812988281,0.5842916369438171,0.5842916369438171,0.23274283111095428,0.18215486407279968,119.65423583984375,0.37489834427833557,13.754860877990723,0.4630569517612457,0.8492246866226196
2017,2,27.846203176760927,102.38975353439476,7726.847,1809.0,1.8543341159820557,-0.0,25.688312530517578,31.316558837890625,1.3147512674331665,6.205519676208496,36.652488708496094,0.2956204116344452,0.3020446300506592,0.5026668906211853,274.5879211425781,0.5912625193595886,0.5912625193595886,0.2747986316680908,0.1493641883134842,93.95584869384766,0.425423264503479,8.565164566040039,0.25938498973846436,0.5473953485488892,0.23243364691734314,0.2421122044324875,18.72398567199707,345.5202331542969,0.724149227142334,0.7385411858558655,0.47357162833213806,0.24243386089801788,65.83381652832031,0.38442865014076233,4.602764129638672,0.26876023411750793,0.7545977234840393,0.21749162673950195,0.21954822540283203,16.648061752319336,212.34613037109375,0.7137958407402039,0.7215803861618042,0.45541512966156006,0.2798613905906677,71.92716217041016,0.3447476327419281,5.017899036407471,0.3628576695919037,0.8493342995643616,0.24727652966976166,0.24727652966976166,0.3568556308746338,149.74571228027344,0.6609821319580078,0.6609821319580078,0.48571959137916565,0.27170124650001526,73.63158416748047,0.4107331335544586,8.787580490112305,0.36243700981140137,0.7837491631507874,0.32035031914711,0.32035031914711,0.0,240.58370971679688,0.5660570859909058,0.5660570859909058,0.32113808393478394,0.14377665519714355,106.69227600097656,0.41506752371788025,11.456367492675781,0.4506131112575531,1.0720595121383667
2017,2,31.330495689811944,104.13095669104747,8049.207,605.0,0.0,-0.0,27.176780700683594,26.51048469543457,1.2447112798690796,6.882781982421875,36.862510681152344,0.24892449378967285,0.2651711404323578,0.9381327033042908,325.51580810546875,0.2383752018213272,0.2383752018213272,-0.12188827991485596,0.050517551600933075,54.05677795410156,0.37879085540771484,10.143052101135254,0.28322723507881165,0.5246853232383728,0.20521172881126404,0.2616400718688965,16.619430541992188,389.39703369140625,0.2196078598499298,0.2196078598499298,0.07649450749158859,0.0634668618440628,77.6322021484375,0.3543627858161926,5.2503886222839355,0.22169320285320282,0.4153553545475006,0.1906566321849823,0.2203742116689682,12.306069374084473,235.4455108642578,0.5918955206871033,0.5918955206871033,0.3572608530521393,0.16030757129192352,68.1484375,0.35345762968063354,5.721524238586426,0.2503599226474762,0.5938213467597961,0.24763770401477814,0.24763770401477814,0.0,189.93943786621094,0.44378435611724854,0.44378435611724854,0.36609116196632385,0.1012507826089859,37.20229721069336,0.35643482208251953,11.172907829284668,0.36538001894950867,0.5358011722564697,0.3666447103023529,0.3666447103023529,0.0,322.5250549316406,0.7287880778312683,0.7503626942634583,0.4553491473197937,0.27531859278678894,100.3874282836914,0.35734108090400696,15.358336448669434,0.5856437683105469,1.0324193239212036
2017,2,29.50036022174931,102.17388845239746,8092.576,1147.0,20.685340881347656,99.87454223632812,39.370582580566406,23.942384719848633,1.2938100099563599,6.1659088134765625,61.21701431274414,0.20651765167713165,0.21748700737953186,1.063173532485962,183.9715576171875,0.4856485426425934,0.4976625144481659,0.09298970550298691,0.10505414009094238,75.84935760498047,0.40195995569229126,5.71588659286499,0.18717744946479797,0.3646814227104187,0.1754228174686432,0.20072996616363525,110.36901092529297,130.283935546875,0.37784889340400696,0.46374765038490295,-0.009674469009041786,0.0758552998304367,95.90081787109375,0.3975978493690491,0.2804919481277466,0.15138426423072815,0.3433276414871216,0.17855572700500488,0.18361034989356995,35.95365905761719,79.26453399658203,0.40289515256881714,0.42937472462654114,0.012454919517040253,0.10052036494016647,81.98728942871094,0.39987078309059143,1.1105352640151978,0.1853068619966507,0.3867705762386322,0.2104644626379013,0.2104644626379013,5.964986324310303,99.58956146240234,0.26124894618988037,0.26280683279037476,-0.040781546384096146,0.05714799463748932,44.03705596923828,0.40889835357666016,5.507328033447266,0.2092960625886917,0.34892457723617554,0.2581687569618225,0.2581687569618225,2.095548629760742,183.1096649169922,0.22583775222301483,0.23184308409690857,-0.10377439111471176,0.046368371695280075,143.53111267089844,0.41835200786590576,8.619720458984375,0.2598041594028473,0.6038612127304077
2017,2,32.21282247435834,107.20966274958022,8275.574,522.0,19.41704559326172,209.2428436279297,26.76858901977539,29.652029037475586,1.2611429691314697,6.400000095367432,48.827552795410156,0.24449850618839264,0.2780635952949524,3.1183767318725586,302.4389953613281,0.52045738697052,0.553597629070282,0.39096274971961975,0.10227572172880173,133.12957763671875,0.4044884443283081,9.353769302368164,0.20139433443546295,0.36556878685951233,0.20846061408519745,0.25058746337890625,0.985435962677002,334.5760803222656,0.5526334047317505,0.5526334047317505,0.14076028764247894,0.16834357380867004,79.39553833007812,0.38888293504714966,4.698459625244141,0.1879071593284607,0.42538735270500183,0.18727566301822662,0.2087356299161911,0.7974029779434204,231.82553100585938,0.7328203320503235,0.7480161786079407,0.36665278673171997,0.26775065064430237,100.90986633300781,0.39403536915779114,5.923798084259033,0.24590472877025604,0.6353509426116943,0.23897692561149597,0.23897692561149597,0.0,185.66673278808594,0.6939770579338074,0.6939770579338074,0.43792206048965454,0.2713737189769745,42.0574836730957,0.393115758895874,10.9215726852417,0.3373618423938751,0.5985656976699829,0.40719980001449585,0.40719980001449585,0.0,323.8761901855469,0.6906554102897644,0.6906554102897644,0.4186101257801056,0.23589710891246796,99.74394226074219,0.37906599044799805,15.422676086425781,0.5038648247718811,0.792976438999176
2017,2,27.984181140657704,102.16202724359529,8303.396,1532.0,3.704791784286499,180.0,19.524118423461914,31.78818702697754,1.296006441116333,6.5,30.986783981323242,0.28679391741752625,0.2938608229160309,0.5227067470550537,243.7469940185547,0.1667424440383911,0.1667424440383911,0.02143167331814766,0.026029789820313454,91.32962036132812,0.40328624844551086,7.600759029388428,0.2481076568365097,0.516961395740509,0.2253563553094864,0.2358771562576294,38.0866813659668,281.24273681640625,0.4498497545719147,0.5141981244087219,0.2863817811012268,0.1132311075925827,63.73021697998047,0.3656892478466034,3.4247331619262695,0.25767797231674194,0.6974726319313049,0.21280959248542786,0.21487373113632202,25.3758602142334,177.81629943847656,0.43875229358673096,0.43875229358673096,0.27687934041023254,0.10337746888399124,71.65005493164062,0.33025869727134705,3.908729076385498,0.3369273841381073,0.7821444869041443,0.2430354654788971,0.2430354654788971,1.527782917022705,127.80559539794922,0.5143500566482544,0.5143500566482544,0.3610418438911438,0.19959640502929688,69.42072296142578,0.3898559808731079,7.428106784820557,0.3253036439418793,0.7111344933509827,0.31757569313049316,0.31757569313049316,0.0,213.29458618164062,0.5635055303573608,0.5635055303573608,0.3262144923210144,0.14251865446567535,107.19551086425781,0.3959137499332428,10.156885147094727,0.3974763751029968,0.9283185005187988
2017,2,27.079487505227235,101.33710692601095,9130.216,1702.0,10.315094947814941,143.1760711669922,27.1852970123291,33.53169250488281,1.2599718570709229,6.400571346282959,36.76899337768555,0.3000231683254242,0.30719614028930664,0.0,348.7137756347656,0.47914382815361023,0.6081394553184509,0.013313082046806812,0.13076238334178925,93.02023315429688,0.3485226631164551,10.897305488586426,0.33259379863739014,0.5524107217788696,0.25035321712493896,0.2645438611507416,0.0,505.38568115234375,0.7417827248573303,0.7852986454963684,0.2917042374610901,0.2352505773305893,37.88576126098633,0.25968432426452637,7.118107795715332,0.4025214910507202,0.7997653484344482,0.24691449105739594,0.2528698742389679,0.0,364.72052001953125,0.7439677715301514,0.7797274589538574,0.34407082200050354,0.2515452206134796,31.846088409423828,0.16990332305431366,9.351808547973633,0.613335132598877,0.9934480786323547,0.25939950346946716,0.25939950346946716,0.0,184.59661865234375,0.6654982566833496,0.6654982566833496,0.3281284272670746,0.2166152000427246,57.66156768798828,0.2614714205265045,10.858624458312988,0.4975799024105072,1.0169789791107178,0.3019976317882538,0.3019976317882538,0.0,284.48638916015625,0.4585442543029785,0.4585442543029785,-0.03743718937039375,0.10217142850160599,74.93192291259766,0.2857186198234558,13.54697036743164,0.6076549887657166,1.1936430931091309
2017,2,28.195734271936335,102.10408568450681,9384.593,1622.0,0.0,-0.0,22.3198184967041,34.391719818115234,1.2899999618530273,6.400000095367432,34.95973587036133,0.2765941321849823,0.28470900654792786,0.6854019165039062,207.5042266845703,0.32559293508529663,0.3272351324558258,-0.03305942565202713,0.07015324383974075,85.98832702636719,0.39397627115249634,6.463088035583496,0.23027490079402924,0.4976581931114197,0.21539784967899323,0.22731760144233704,59.09003448486328,203.36618041992188,0.5630367398262024,0.6571234464645386,0.281516432762146,0.2048051357269287,66.44713592529297,0.36616986989974976,2.0320584774017334,0.22946323454380035,0.6457478404045105,0.20362401008605957,0.20547737181186676,37.23720932006836,125.26588439941406,0.5848653316497803,0.6369601488113403,0.3292675018310547,0.15440082550048828,78.48554229736328,0.34357330203056335,2.257145643234253,0.279092937707901,0.6965611577033997,0.23679521679878235,0.23679521679878235,2.5717570781707764,104.47044372558594,0.5142085552215576,0.5142085552215576,0.2636220455169678,0.09979712218046188,67.69359588623047,0.39287856221199036,5.994040489196777,0.2739647328853607,0.606137216091156,0.3164423704147339,0.3164423704147339,0.0,184.58184814453125,0.5609199404716492,0.5609199404716492,0.3349081575870514,0.14205090701580048,112.85791015625,0.3969251215457916,8.78961181640625,0.3313526213169098,0.7737616300582886
2017,2,31.3711894460257,104.24980511142496,9395.738,597.0,3.384349822998047,254.1134033203125,31.328584671020508,29.827587127685547,1.2799021005630493,6.699999809265137,33.86986541748047,0.25968125462532043,0.27696773409843445,0.6672917604446411,343.7057800292969,0.4000755846500397,0.4000755846500397,0.09229212254285812,0.08523929864168167,49.248695373535156,0.376468300819397,10.719952583312988,0.3016449511051178,0.5573093295097351,0.21308758854866028,0.2789442837238312,11.821365356445312,429.6451416015625,0.45902594923973083,0.5362314581871033,0.16334229707717896,0.18066908419132233,73.5573501586914,0.3509020507335663,5.8848419189453125,0.23301371932029724,0.4174831807613373,0.1998867392539978,0.23363853991031647,8.753280639648438,259.3940734863281,0.3923807144165039,0.43340420722961426,0.3237704038619995,0.08744756877422333,63.66596603393555,0.3501931130886078,6.426687240600586,0.2660275101661682,0.6237149238586426,0.254895955324173,0.254895955324173,0.0,201.73733520507812,0.44266486167907715,0.44266486167907715,0.37188783288002014,0.10382568091154099,34.99702835083008,0.3513411581516266,11.866901397705078,0.38974693417549133,0.5571241974830627,0.3825525939464569,0.3825525939464569,0.0,338.9440612792969,0.6167018413543701,0.6355701684951782,0.30278974771499634,0.16881063580513,92.42665100097656,0.3495817184448242,16.14019203186035,0.6384141445159912,1.0981621742248535
2017,2,30.001888694533534,102.17900750040681,9554.692,1733.0,12.674497604370117,85.87226867675781,42.07238006591797,20.66524314880371,1.2664964199066162,6.470888137817383,62.16033172607422,0.1963384747505188,0.20496325194835663,3.746410846710205,150.09603881835938,0.5804837346076965,0.5918906927108765,0.11700062453746796,0.16086260974407196,72.83767700195312,0.3933059871196747,4.573425769805908,0.18265090882778168,0.39426636695861816,0.16467812657356262,0.1835555136203766,151.1962127685547,69.36915588378906,0.38517266511917114,0.5342088341712952,-0.011317589320242405,0.09332095086574554,83.82673645019531,0.38603758811950684,-1.1524938344955444,0.1528412252664566,0.3738732933998108,0.14820705354213715,0.15869715809822083,60.15227508544922,48.45459747314453,0.3491804301738739,0.3491804301738739,-0.046752892434597015,0.08266860991716385,80.93228912353516,0.38749513030052185,-0.29994043707847595,0.17956097424030304,0.4123595356941223,0.18507270514965057,0.18507270514965057,5.825167655944824,74.53470611572266,0.5007539987564087,0.5007539987564087,0.11525069922208786,0.13268814980983734,44.24241256713867,0.3996005356311798,4.0417375564575195,0.20036648213863373,0.33768585324287415,0.22487051784992218,0.22487051784992218,2.529569625854492,150.15538024902344,0.5784575939178467,0.5784575939178467,0.18995033204555511,0.1810877025127411,146.77001953125,0.41201627254486084,7.0298004150390625,0.22448565065860748,0.5403769612312317
2017,2,28.086321309387934,104.80469118741473,9702.973,799.0,16.93939781188965,133.70413208007812,20.506874084472656,34.5337028503418,1.2245904207229614,6.008753776550293,37.57142639160156,0.257130891084671,0.26997682452201843,0.0,377.40234375,0.49230989813804626,0.49230989813804626,0.07438844442367554,0.12798719108104706,63.99713897705078,0.3907495141029358,11.7938232421875,0.2718220353126526,0.5535310506820679,0.18026599287986755,0.24372747540473938,1.695796251296997,531.54296875,0.46653735637664795,0.4666220545768738,-0.010369137860834599,0.10303791612386703,87.48017883300781,0.38086849451065063,7.4626359939575195,0.2002277970314026,0.43287891149520874,0.12006385624408722,0.1279924213886261,1.9380626678466797,306.7253112792969,0.4090711772441864,0.4090711772441864,-0.01816551201045513,0.06838281452655792,67.78623962402344,0.37497466802597046,7.815057277679443,0.23931199312210083,0.4991891384124756,0.21539947390556335,0.21539947390556335,0.0,219.12779235839844,0.46596330404281616,0.46596330404281616,0.2544384002685547,0.0820346251130104,35.07238006591797,0.3842163383960724,12.889870643615723,0.36354193091392517,0.6734690070152283,0.3666156232357025,0.3666156232357025,0.0,341.0621643066406,0.39150816202163696,0.41129761934280396,0.01937357522547245,0.07857939600944519,73.56000518798828,0.36680254340171814,16.24105453491211,0.5291904211044312,1.0618281364440918
