Year,Zone,latitude,longitude,yield,Elevation,Slope,Aspect,Sand,Clay,BD,pH,SOC,P1_EVI,P1_EVI_max,P1_FDD,P1_GDD,P1_NDVI,P1_NDVI_max,P1_NDWI,P1_NIRv,P1_PPT,P1_SM,P1_Tmean,P1_VPD,P1_VPD_max,P2_EVI,P2_EVI_max,P2_FDD,P2_GDD,P2_NDVI,P2_NDVI_max,P2_NDWI,P2_NIRv,P2_PPT,P2_SM,P2_Tmean,P2_VPD,P2_VPD_max,P3_EVI,P3_EVI_max,P3_FDD,P3_GDD,P3_NDVI,P3_NDVI_max,P3_NDWI,P3_NIRv,P3_PPT,P3_SM,P3_Tmean,P3_VPD,P3_VPD_max,P4_EVI,P4_EVI_max,P4_FDD,P4_GDD,P4_NDVI,P4_NDVI_max,P4_NDWI,P4_NIRv,P4_PPT,P4_SM,P4_Tmean,P4_VPD,P4_VPD_max,P5_EVI,P5_EVI_max,P5_FDD,P5_GDD,P5_NDVI,P5_NDVI_max,P5_NDWI,P5_NIRv,P5_PPT,P5_SM,P5_Tmean,P5_VPD,P5_VPD_max
2018,2,31.40029845770259,107.48131118575616,3029.1487,677.0,10.776924133300781,85.12136840820312,31.425453186035156,27.515033721923828,1.288575291633606,6.322403430938721,42.0880012512207,0.2812911570072174,0.30961790680885315,0.0,433.3251953125,0.5730228424072266,0.6218385696411133,0.44845977425575256,0.11863013356924057,40.00294494628906,0.3901497721672058,13.541412353515625,0.355190247297287,0.5948687195777893,0.2130485475063324,0.22127723693847656,0.0,454.30474853515625,0.4372885823249817,0.4372885823249817,0.1063418984413147,0.11548443883657455,78.0367660522461,0.3783809542655945,6.398658275604248,0.2633243501186371,0.48730307817459106,0.22897349298000336,0.2481224685907364,0.0,374.8570251464844,0.4846399426460266,0.4914730191230774,0.2958536744117737,0.08707518875598907,75.5424575805664,0.3919815421104431,9.611719131469727,0.2768157720565796,0.47424939274787903,0.32869452238082886,0.32869452238082886,0.0,276.7127380371094,0.5959126949310303,0.5959126949310303,0.1965804547071457,0.1906871497631073,71.83039855957031,0.39124318957328796,16.277219772338867,0.47786614298820496,0.8786981701850891,0.455145001411438,0.455145001411438,0.0,409.0036926269531,0.7186161875724792,0.7186161875724792,0.6050780415534973,0.21718595921993256,106.41990661621094,0.402281254529953,19.47636604309082,0.557767391204834,1.0978171825408936
2018,2,31.400833549829006,107.88178305136611,3043.727,551.0,12.933746337890625,124.32661437988281,31.299421310424805,28.2916202545166,1.3082393407821655,6.417606353759766,44.74286651611328,0.2786625921726227,0.31027647852897644,0.0,424.7254333496094,0.5840741395950317,0.6325821280479431,0.44293320178985596,0.11759144067764282,39.36552047729492,0.3993772566318512,13.272669792175293,0.3624495565891266,0.6217560768127441,0.20846004784107208,0.22972853481769562,0.3185904026031494,432.25946044921875,0.4340554177761078,0.4340554177761078,-0.007056249771267176,0.10123882442712784,83.85941314697266,0.3943978548049927,6.08367395401001,0.2610260546207428,0.4737778902053833,0.21489770710468292,0.24154223501682281,0.0,364.38934326171875,0.47437402606010437,0.49335718154907227,0.27465611696243286,0.08354615420103073,88.341064453125,0.4094914197921753,9.343316078186035,0.27668246626853943,0.48923343420028687,0.30458855628967285,0.30458855628967285,0.0,271.9595642089844,0.5841068625450134,0.5841068625450134,0.18448512256145477,0.17726898193359375,71.94658660888672,0.406149685382843,15.997620582580566,0.4827750027179718,0.9094803929328918,0.474698543548584,0.474698543548584,0.0,403.06842041015625,0.7227654457092285,0.7227654457092285,0.5970994234085083,0.22841712832450867,106.20465087890625,0.41481614112854004,19.193735122680664,0.5708958506584167,1.086641788482666
2018,2,29.137349264089345,105.32400701430115,3075.9138,306.0,5.087197303771973,24.605453491210938,35.32020568847656,26.200000762939453,1.2699999809265137,6.400000095367432,30.232635498046875,0.28126177191734314,0.2959590554237366,0.0,487.93310546875,0.570742130279541,0.5918072462081909,0.43005913496017456,0.11355568468570709,25.00879669189453,0.3566453158855438,15.247909545898438,0.39662158489227295,0.7771967053413391,0.185365229845047,0.21713492274284363,0.0,589.5169067382812,0.4637382924556732,0.4659186899662018,0.17331433296203613,0.10194414854049683,52.2225456237793,0.33132684230804443,8.303054809570312,0.29366129636764526,0.5071548223495483,0.21395106613636017,0.21705591678619385,0.0,477.0610046386719,0.4433494508266449,0.4481523633003235,0.29358601570129395,0.0771273523569107,26.69005584716797,0.29923856258392334,12.232333183288574,0.4538622200489044,0.8416943550109863,0.2845163643360138,0.2845163643360138,0.0,300.56451416015625,0.51694256067276,0.51694256067276,0.37149274349212646,0.11057835817337036,70.07669067382812,0.3502862751483917,17.680265426635742,0.5377105474472046,0.9765395522117615,0.37578094005584717,0.37578094005584717,0.0,445.65594482421875,0.430221289396286,0.430221289396286,0.05843157321214676,0.10526858270168304,59.79557800292969,0.3480759561061859,21.221712112426758,0.7058400511741638,1.0708000659942627
2018,2,31.35070879488721,107.88016439768371,3103.756,584.0,14.003153800964355,13.180708885192871,30.812265396118164,28.088329315185547,1.2972345352172852,6.25335693359375,38.84327697753906,0.2788735628128052,0.3111468553543091,0.0,425.3921813964844,0.5821154117584229,0.6318644285202026,0.44230857491493225,0.11783204227685928,39.48805236816406,0.39920759201049805,13.293505668640137,0.3633938431739807,0.6272627711296082,0.20660431683063507,0.2308209389448166,0.2996803820133209,434.2520446777344,0.3982641398906708,0.3982641398906708,0.031075885519385338,0.05848366394639015,84.14832305908203,0.3944869339466095,6.112005233764648,0.26042670011520386,0.4766433835029602,0.21517828106880188,0.2410144805908203,0.0,365.3828430175781,0.47430410981178284,0.49395322799682617,0.2766880989074707,0.08363045006990433,88.45919036865234,0.4094347655773163,9.368790626525879,0.2761935293674469,0.4925718307495117,0.3048655688762665,0.3048655688762665,0.0,271.8870849609375,0.628334105014801,0.628334105014801,0.19915831089019775,0.1668587028980255,72.66856384277344,0.406849205493927,15.99335765838623,0.4798109531402588,0.9151390790939331,0.47170156240463257,0.47170156240463257,0.0,403.2200012207031,0.7172489166259766,0.7172489166259766,0.592567503452301,0.22618061304092407,108.01499938964844,0.4148392379283905,19.200952529907227,0.5686169862747192,1.0797010660171509
2018,2,31.38574395186414,107.88124350013865,3204.2852,346.0,2.8546552658081055,310.4866943359375,32.637939453125,26.974138259887695,1.2915681600570679,6.599999904632568,35.94826889038086,0.2787257134914398,0.31053513288497925,0.0,424.9241638183594,0.5834908485412598,0.632367730140686,0.44274893403053284,0.11766321212053299,39.402061462402344,0.39932534098625183,13.27888011932373,0.36272791028022766,0.6233879923820496,0.20790979266166687,0.23005278408527374,0.31290504336357117,432.8535461425781,0.39646098017692566,0.39646098017692566,0.12642787396907806,0.08039189130067825,83.94461059570312,0.39442178606987,6.092121601104736,0.2608474791049957,0.4746313691139221,0.21498331427574158,0.2413862645626068,0.0,364.6855163574219,0.47435495257377625,0.4935343265533447,0.2752643823623657,0.08357170224189758,88.37440490722656,0.40947186946868896,9.350910186767578,0.27653610706329346,0.49022218585014343,0.3046754002571106,0.3046754002571106,0.0,271.9383544921875,0.5394142270088196,0.5394142270088196,0.3343384861946106,0.1507761925458908,72.16116333007812,0.4063551723957062,15.996373176574707,0.48189157247543335,0.9111527800559998,0.47380465269088745,0.47380465269088745,0.0,403.1139221191406,0.7211256623268127,0.7211256623268127,0.5957545638084412,0.22775058448314667,106.74280548095703,0.41482093930244446,19.19590187072754,0.5702142119407654,1.0845787525177002
2018,2,31.276330989315746,107.73275097595784,3226.131,513.0,28.64118003845215,192.00973510742188,28.80000114440918,28.308584213256836,1.2885786294937134,6.324720859527588,41.84442138671875,0.28040575981140137,0.31255042552948,0.0,430.38616943359375,0.5749552845954895,0.6266105771064758,0.44300636649131775,0.11860494315624237,39.94770812988281,0.39574092626571655,13.449567794799805,0.36317315697669983,0.6251142621040344,0.20476700365543365,0.22813959419727325,0.16740162670612335,447.03997802734375,0.4771178364753723,0.4771178364753723,0.06744225323200226,0.12435424327850342,82.32300567626953,0.38900241255760193,6.293980121612549,0.2609204947948456,0.48592066764831543,0.22076934576034546,0.2428281456232071,0.0,371.4062805175781,0.47785741090774536,0.49378111958503723,0.28626778721809387,0.0851195901632309,83.91864013671875,0.40329086780548096,9.523238182067871,0.2760150730609894,0.4922046661376953,0.3135467767715454,0.3135467767715454,0.0,273.9342346191406,0.6270913481712341,0.6270913481712341,0.44694799184799194,0.12950889766216278,73.82170104980469,0.4028157889842987,16.113779067993164,0.4748982787132263,0.9170114398002625,0.45995697379112244,0.45995697379112244,0.0,406.11041259765625,0.7071089148521423,0.7071089148521423,0.588403046131134,0.21869875490665436,110.79521179199219,0.41053763031959534,19.338590621948242,0.5622059106826782,1.0750346183776855
2018,2,31.40110555499327,107.52497024417042,3240.0269,466.0,12.069906234741211,169.78245544433594,29.3882999420166,30.00505828857422,1.2956947088241577,6.383284568786621,38.83612823486328,0.28148651123046875,0.31019967794418335,0.0,432.44195556640625,0.5751461982727051,0.6235493421554565,0.44845685362815857,0.11875683814287186,40.049808502197266,0.39111703634262085,13.513811111450195,0.35510534048080444,0.5941627621650696,0.21285371482372284,0.2214612513780594,0.02075340785086155,452.0131530761719,0.5195063948631287,0.5195063948631287,0.20405535399913788,0.14335887134075165,78.7109375,0.38002535700798035,6.366090297698975,0.26259738206863403,0.48521125316619873,0.22784975171089172,0.24774044752120972,0.0,373.5756530761719,0.4838622212409973,0.49144500494003296,0.29371199011802673,0.08678369969129562,76.96089172363281,0.3940625488758087,9.578863143920898,0.27567216753959656,0.4729343056678772,0.32719486951828003,0.32719486951828003,0.0,276.2339782714844,0.5113212466239929,0.5113212466239929,0.14645326137542725,0.1435597985982895,71.9374008178711,0.3928244113922119,16.24905776977539,0.4776850938796997,0.8791771531105042,0.45690450072288513,0.45690450072288513,0.0,408.3858947753906,0.7201255559921265,0.7201255559921265,0.6062856912612915,0.21832004189491272,106.21722412109375,0.4035034477710724,19.44694709777832,0.5577862858772278,1.0972152948379517
2018,2,29.024970999340397,104.57238985893441,3252.1401,330.0,1.0605859756469727,90.0,28.09246063232422,26.7977352142334,1.2810941934585571,6.248886585235596,29.290531158447266,0.2758585810661316,0.2914038896560669,0.0,475.6508483886719,0.5648724436759949,0.595983624458313,0.4135931432247162,0.11302712559700012,29.840656280517578,0.3649114668369293,14.864089012145996,0.3809228539466858,0.6820024847984314,0.19465272128582,0.22379057109355927,0.0,560.27392578125,0.41409751772880554,0.4905833899974823,0.3055829107761383,0.07560807466506958,66.39016723632812,0.34025898575782776,7.891181945800781,0.29044103622436523,0.5230768322944641,0.21536003053188324,0.21884380280971527,0.0,463.74493408203125,0.5496308207511902,0.5592420697212219,0.24931448698043823,0.15303224325180054,31.345170974731445,0.3115071654319763,11.89089584350586,0.45107412338256836,0.8319135308265686,0.2850728929042816,0.2850728929042816,0.0,298.7408447265625,0.5283074975013733,0.5283074975013733,0.22154541313648224,0.128655344247818,59.355892181396484,0.34824180603027344,17.57299041748047,0.5577995777130127,0.9777460694313049,0.3921537697315216,0.3921537697315216,0.0,438.16265869140625,0.40130341053009033,0.40130341053009033,0.08385559171438217,0.08852965384721756,65.51577758789062,0.3576960563659668,20.86488914489746,0.7065222263336182,1.013201355934143
2018,2,29.21631102554376,104.69096627414763,3261.3474,380.0,4.223850727081299,48.88603591918945,39.3580436706543,24.386138916015625,1.2999999523162842,5.8293256759643555,31.205591201782227,0.2781270742416382,0.29110628366470337,0.0,481.1515808105469,0.5564262866973877,0.580545961856842,0.4225911796092987,0.11195313185453415,26.06923484802246,0.35971683263778687,15.03598690032959,0.39947664737701416,0.7491822838783264,0.19408386945724487,0.2216290682554245,0.0,569.1621704101562,0.6119911074638367,0.6168606281280518,0.2922118008136749,0.14782561361789703,57.24008560180664,0.3313871920108795,8.01636791229248,0.30244508385658264,0.5520349740982056,0.21729101240634918,0.2208833545446396,0.0,469.85235595703125,0.5641682744026184,0.5641682744026184,0.3506964445114136,0.15212732553482056,27.6230525970459,0.3012983798980713,12.04749584197998,0.46844086050987244,0.8722572922706604,0.2840813100337982,0.2840813100337982,0.0,300.4063415527344,0.6383972764015198,0.6383972764015198,0.42711761593818665,0.1760258674621582,59.78108215332031,0.34444233775138855,17.670961380004883,0.5731168985366821,1.0133893489837646,0.3784314692020416,0.3784314692020416,0.0,442.0285949707031,0.5437325835227966,0.5437325835227966,0.36386144161224365,0.1383192539215088,64.23340606689453,0.35436058044433594,21.048980712890625,0.732016384601593,1.0520954132080078
2018,2,31.873257470037387,107.15872643824672,3302.2449,464.0,13.271970748901367,226.66282653808594,27.946369171142578,30.016399383544922,1.2360364198684692,6.3603644371032715,40.35684585571289,0.2679871618747711,0.29909855127334595,0.0,381.107666015625,0.5594163537025452,0.6210974454879761,0.4331832528114319,0.11320024728775024,42.6429557800293,0.3851165771484375,11.909614562988281,0.311922550201416,0.5559191107749939,0.2079993039369583,0.22583846747875214,24.2363338470459,353.4646301269531,0.4918108880519867,0.5065363049507141,0.07907702773809433,0.0972406417131424,69.18392944335938,0.36333638429641724,4.637018203735352,0.2513941526412964,0.469502717256546,0.21809761226177216,0.2364405244588852,0.0340634323656559,328.4121398925781,0.481468141078949,0.4920152425765991,0.2681722939014435,0.08227936923503876,60.48406219482422,0.3723467290401459,8.419950485229492,0.2847086489200592,0.5063365697860718,0.3210460841655731,0.3210460841655731,0.0,258.4461975097656,0.5848127007484436,0.5848127007484436,0.14423680305480957,0.14539054036140442,60.172645568847656,0.37630853056907654,15.202716827392578,0.45966464281082153,0.8125398755073547,0.47980111837387085,0.47980111837387085,0.0,383.64990234375,0.7316849231719971,0.7316849231719971,0.6021522283554077,0.23325544595718384,91.61795043945312,0.3864150047302246,18.26904296875,0.5406903624534607,1.0459038019180298
2018,2,30.965870537570634,103.66527047253085,3319.727,690.0,3.7324655055999756,119.75434875488281,26.18194007873535,23.315126419067383,1.1914035081863403,6.908225059509277,40.892303466796875,0.25072771310806274,0.2641083598136902,2.865283966064453,324.53167724609375,0.5533056259155273,0.5890346765518188,0.38985157012939453,0.1034570038318634,68.69985961914062,0.3785393238067627,10.052075386047363,0.2658347487449646,0.45744869112968445,0.19229911267757416,0.2246858924627304,66.26102447509766,259.8243713378906,0.5629956126213074,0.5914098024368286,0.24584847688674927,0.13790000975131989,71.32046508789062,0.3405191898345947,2.7262442111968994,0.22529365122318268,0.42406603693962097,0.21449913084506989,0.22230741381645203,18.087390899658203,276.6152038574219,0.6523949503898621,0.7212594151496887,0.4345059394836426,0.22024990618228912,55.694026947021484,0.3281274437904358,6.628918170928955,0.32174450159072876,0.6216606497764587,0.2798486351966858,0.2798486351966858,0.0,221.7479248046875,0.5193079113960266,0.5193079113960266,0.38331153988838196,0.1136990487575531,50.56294631958008,0.3388676047325134,13.043994903564453,0.475917249917984,0.8159966468811035,0.3586447536945343,0.3586447536945343,0.0,339.8957214355469,0.5753368735313416,0.5753368735313416,0.43783602118492126,0.15789645910263062,91.97415924072266,0.3547143340110779,16.185510635375977,0.5770790576934814,0.9355902075767517
2018,2,30.98716274510083,103.66958242324952,3319.727,691.0,1.8543341159820557,180.0,24.25002098083496,21.28249168395996,1.1875596046447754,6.900000095367432,37.83855438232422,0.2491167187690735,0.2623898684978485,2.9807136058807373,320.65313720703125,0.5518880486488342,0.5879285335540771,0.38834232091903687,0.10290364921092987,69.5263900756836,0.3792032301425934,9.927263259887695,0.2625987231731415,0.4533596634864807,0.1916574239730835,0.22341611981391907,68.93038177490234,253.39881896972656,0.47852179408073425,0.5255382657051086,0.18674466013908386,0.10091525316238403,71.99267578125,0.3415297269821167,2.59814715385437,0.22278103232383728,0.420087069272995,0.21309059858322144,0.2207517921924591,18.816051483154297,271.81951904296875,0.6986315250396729,0.7145553231239319,0.4593823552131653,0.2414313405752182,56.1699104309082,0.3294893503189087,6.487268924713135,0.31775179505348206,0.6168770790100098,0.2783406376838684,0.2783406376838684,0.0,219.36871337890625,0.5198304653167725,0.5198304653167725,0.38289299607276917,0.1133129671216011,50.784759521484375,0.3401346206665039,12.90404224395752,0.4709126055240631,0.8111463785171509,0.3589251637458801,0.3589251637458801,0.0,337.0974426269531,0.5775957703590393,0.5775957703590393,0.4400874078273773,0.1584346741437912,92.32513427734375,0.35555946826934814,16.05225944519043,0.570863664150238,0.9274650812149048
2018,2,31.39356075601084,108.05210287520353,3358.9795,484.0,9.728282928466797,95.41803741455078,30.973472595214844,28.535938262939453,1.2915596961975098,6.686481952667236,37.47380828857422,0.27733656764030457,0.3104217052459717,0.0,421.0668640136719,0.5881184935569763,0.6368381381034851,0.44025176763534546,0.11707127839326859,39.055171966552734,0.403292179107666,13.158339500427246,0.36599236726760864,0.6356317400932312,0.20616848766803741,0.2338952124118805,0.45718178153038025,422.9624328613281,0.3891987204551697,0.39851075410842896,0.04858078807592392,0.08089829981327057,86.37092590332031,0.40126362442970276,5.950778007507324,0.26014089584350586,0.46867695450782776,0.20875167846679688,0.2385023534297943,0.0,360.0765380859375,0.4698435664176941,0.49437201023101807,0.26590821146965027,0.08200681954622269,93.80280303955078,0.4168432056903839,9.232731819152832,0.2770312428474426,0.49738675355911255,0.29388609528541565,0.29388609528541565,0.0,269.87725830078125,0.5685373544692993,0.5685373544692993,0.24398206174373627,0.1633490025997162,72.0433120727539,0.4125896692276001,15.87513256072998,0.48469436168670654,0.9243268966674805,0.4827996492385864,0.4827996492385864,0.0,400.5119934082031,0.723337709903717,0.723337709903717,0.5921739339828491,0.2329425811767578,106.43903350830078,0.4202078580856323,19.07200050354004,0.5766892433166504,1.0805482864379883
2018,2,29.512216971450435,104.46216533999429,3360.7659,549.0,7.849723815917969,54.050045013427734,32.69609832763672,22.569766998291016,1.2882213592529297,6.807002067565918,39.969451904296875,0.2805350422859192,0.28938353061676025,0.0,483.7099914550781,0.5437794327735901,0.559324324131012,0.43349689245224,0.11046277731657028,22.78281593322754,0.35598284006118774,15.115937232971191,0.422934889793396,0.8119245767593384,0.19739896059036255,0.22239886224269867,0.0,567.6690673828125,0.4012228846549988,0.4536939561367035,0.3331369161605835,0.07476077973842621,49.148353576660156,0.3212842643260956,7.995339393615723,0.32166388630867004,0.6091797947883606,0.22128447890281677,0.22532883286476135,0.0,472.4503173828125,0.2630271315574646,0.28668299317359924,0.040888700634241104,0.030391089618206024,24.094112396240234,0.2908993363380432,12.114109992980957,0.4962642192840576,0.9345619082450867,0.2829437255859375,0.2829437255859375,0.0,302.4670715332031,0.3033916652202606,0.3062576651573181,0.0034081987105309963,0.0463125966489315,55.13053512573242,0.3362872898578644,17.79218101501465,0.6135509014129639,1.077296495437622,0.36207208037376404,0.36207208037376404,0.0,444.67236328125,0.30965059995651245,0.31785738468170166,-0.0011004905682057142,0.051467474550008774,65.75804138183594,0.3534720838069916,21.17487335205078,0.7791575789451599,1.0914517641067505
2018,2,31.70671004569118,107.3821407783275,3379.2,668.0,9.441362380981445,193.22926330566406,27.37086296081543,29.162899017333984,1.2577259540557861,6.224254131317139,45.07521057128906,0.2738305330276489,0.30393534898757935,0.0,402.95556640625,0.5705233216285706,0.6243847012519836,0.4412161707878113,0.11575991660356522,40.975181579589844,0.38776054978370667,12.592361450195312,0.3282889127731323,0.5639185905456543,0.21328535676002502,0.22268067300319672,13.480738639831543,394.0168151855469,0.40983229875564575,0.40983229875564575,0.06784915179014206,0.09475060552358627,73.3719482421875,0.370721697807312,5.359663009643555,0.25527623295783997,0.4699784219264984,0.22250531613826752,0.24258224666118622,0.006517554633319378,346.7220458984375,0.42801693081855774,0.42801693081855774,0.09685026109218597,0.0425594225525856,68.83224487304688,0.3830501139163971,8.890141487121582,0.2778607904911041,0.4843856394290924,0.3265690505504608,0.3265690505504608,0.0,266.2120056152344,0.5245640277862549,0.5245640277862549,0.16595345735549927,0.14687182009220123,64.91139221191406,0.38333743810653687,15.659529685974121,0.4673754870891571,0.8272122740745544,0.4735751152038574,0.4735751152038574,0.0,394.33544921875,0.5784646272659302,0.5784646272659302,0.28958719968795776,0.16583344340324402,96.0166244506836,0.3941006064414978,18.777877807617188,0.5464402437210083,1.0714589357376099
2018,2,29.357526296805336,104.93081686071143,3395.8503,297.0,6.800267696380615,198.14981079101562,29.409225463867188,28.743549346923828,1.2899999618530273,6.400000095367432,35.98356628417969,0.27968427538871765,0.29074767231941223,0.0,485.4469909667969,0.20758354663848877,0.20758354663848877,0.04017038270831108,0.06993143260478973,23.22751235961914,0.35552263259887695,15.170218467712402,0.41123342514038086,0.8046213388442993,0.1939259022474289,0.22018948197364807,0.0,577.2129516601562,0.4244793653488159,0.4490185081958771,0.15362434089183807,0.09072864055633545,49.668636322021484,0.3251332640647888,8.129759788513184,0.3082748353481293,0.5619989037513733,0.2187926471233368,0.2224782109260559,0.0,474.6909484863281,0.5444068908691406,0.5496252775192261,0.3280433714389801,0.14864647388458252,24.700851440429688,0.29383957386016846,12.171562194824219,0.47652098536491394,0.8902804851531982,0.2833476960659027,0.2833476960659027,0.0,300.74072265625,0.6100127100944519,0.617499589920044,0.4034658670425415,0.1750025451183319,63.09473419189453,0.3442869186401367,17.690629959106445,0.5714514851570129,1.025676965713501,0.3685336709022522,0.3685336709022522,0.0,444.55487060546875,0.5294637084007263,0.5371394753456116,0.32876691222190857,0.14587241411209106,63.456546783447266,0.3518575429916382,21.169279098510742,0.7384020090103149,1.0844167470932007
2018,2,31.38385775211853,107.50664333884076,3401.3855,417.0,13.84764289855957,90.0,24.5454158782959,34.57524871826172,1.290090560913086,6.6013288497924805,37.46505355834961,0.28172436356544495,0.31054380536079407,0.0,433.358642578125,0.5738123655319214,0.6226724982261658,0.4483010172843933,0.11887697130441666,40.12571716308594,0.39069733023643494,13.542457580566406,0.355540007352829,0.5949857831001282,0.21213315427303314,0.22109314799308777,0.005342611577361822,454.310302734375,0.5507082939147949,0.5507082939147949,0.17934615910053253,0.15277601778507233,78.49674224853516,0.37941858172416687,6.3986616134643555,0.2627313733100891,0.4868937134742737,0.22855962812900543,0.24789582192897797,0.0,374.6588439941406,0.48424115777015686,0.4914558231830597,0.2949430048465729,0.08699070662260056,76.40269470214844,0.39334848523139954,9.606637001037598,0.2757899761199951,0.47372114658355713,0.3280943036079407,0.3280943036079407,0.0,276.5683288574219,0.6268349289894104,0.6268349289894104,0.28665846586227417,0.21376962959766388,72.21392059326172,0.39252060651779175,16.26872444152832,0.4769618511199951,0.8816323280334473,0.4549698531627655,0.4549698531627655,0.0,408.8792724609375,0.7177979946136475,0.7177979946136475,0.6047818064689636,0.2170310765504837,106.86833190917969,0.4030395746231079,19.470441818237305,0.5571587085723877,1.0958349704742432
2018,2,29.04410500196074,104.55972155284157,3403.0625,324.0,5.934414863586426,159.1291046142578,27.22507095336914,29.315780639648438,1.2699999809265137,6.044493675231934,26.80718421936035,0.2759385406970978,0.291203111410141,0.0,475.8747253417969,0.5636352896690369,0.5942612290382385,0.4140898585319519,0.11287768930196762,29.55756950378418,0.36457955837249756,14.871085166931152,0.3826056718826294,0.6867185831069946,0.1949194222688675,0.22376886010169983,0.0,560.296875,0.41391438245773315,0.48928147554397583,0.30613914132118225,0.07561031728982925,65.79122924804688,0.3395054042339325,7.891505241394043,0.2917792499065399,0.527158260345459,0.21564528346061707,0.2191559225320816,0.0,464.005126953125,0.47365105152130127,0.5185081362724304,0.18788623809814453,0.09491341561079025,31.061601638793945,0.31071174144744873,11.897566795349121,0.453077495098114,0.8364476561546326,0.2849726676940918,0.2849726676940918,0.0,298.87646484375,0.45688876509666443,0.45688876509666443,0.2562037706375122,0.0937313362956047,59.02214050292969,0.34770867228507996,17.580968856811523,0.5603753328323364,0.9821052551269531,0.39108040928840637,0.39108040928840637,0.0,438.3608093261719,0.4309207797050476,0.4309207797050476,0.2259969860315323,0.09259738773107529,65.56695556640625,0.3576388657093048,20.874324798583984,0.7096320986747742,1.015842080116272
2018,2,29.212810631216808,104.69365957118391,3420.8516,391.0,5.609527587890625,145.49403381347656,39.64463806152344,26.34678077697754,1.2973248958587646,5.896205425262451,30.95040512084961,0.27811646461486816,0.29114359617233276,0.0,481.12042236328125,0.5566431283950806,0.5808405876159668,0.42251524329185486,0.11197922378778458,26.115154266357422,0.35976898670196533,15.035013198852539,0.39919498562812805,0.7484279870986938,0.19403237104415894,0.22162887454032898,0.0,569.1763305664062,0.4951394498348236,0.5378099679946899,0.20491120219230652,0.08655492961406708,57.334598541259766,0.3315119743347168,8.016568183898926,0.30221498012542725,0.5513168573379517,0.21724097430706024,0.22082845866680145,0.0,469.8155822753906,0.5175305604934692,0.5175305604934692,0.16026726365089417,0.12935025990009308,27.669116973876953,0.30142828822135925,12.046553611755371,0.4680950939655304,0.871476411819458,0.2840982675552368,0.2840982675552368,0.0,300.3836975097656,0.6054542660713196,0.6054542660713196,0.2169092744588852,0.16317635774612427,59.846248626708984,0.34453654289245605,17.66963005065918,0.5726554989814758,1.0126311779022217,0.378606915473938,0.378606915473938,0.0,441.998779296875,0.549796462059021,0.549796462059021,0.1849154680967331,0.15171746909618378,64.22119903564453,0.35436466336250305,21.04755973815918,0.7314746975898743,1.051675796508789
2018,2,31.992645441642342,107.51985119616108,3452.1677,708.0,14.627622604370117,288.06622314453125,28.978748321533203,27.928255081176758,1.2755175828933716,6.384960651397705,44.0767822265625,0.2674771845340729,0.30462315678596497,0.0,362.1885070800781,0.5432942509651184,0.5432942509651184,0.2867780327796936,0.06373969465494156,42.63432312011719,0.3886397182941437,11.318390846252441,0.2917776107788086,0.5125216841697693,0.20743043720722198,0.2201048731803894,32.347984313964844,311.73797607421875,0.426306813955307,0.43336552381515503,0.050777681171894073,0.08140141516923904,70.54393768310547,0.3686939477920532,3.935070276260376,0.2374221384525299,0.4368259012699127,0.21069514751434326,0.23417489230632782,0.0,306.3463439941406,0.4783332943916321,0.49009644985198975,0.24184730648994446,0.07941465824842453,67.37187194824219,0.3834311068058014,7.855034351348877,0.2671368718147278,0.48718026280403137,0.32282015681266785,0.32282015681266785,0.0,251.02276611328125,0.453642874956131,0.453642874956131,0.10143564641475677,0.11171434074640274,58.939537048339844,0.3835326135158539,14.766045570373535,0.44359278678894043,0.7711009979248047,0.49841952323913574,0.49841952323913574,0.0,373.78839111328125,0.7584176063537598,0.7584176063537598,0.6295170187950134,0.24706774950027466,84.63890075683594,0.38910096883773804,17.799448013305664,0.5224491357803345,1.0209826231002808
2018,2,29.96523934297527,104.47698739189593,3452.8826,381.0,5.646939277648926,250.88719177246094,21.525100708007812,31.17711067199707,1.309999942779541,7.455506801605225,42.919288635253906,0.28520867228507996,0.2904285788536072,0.0,479.8415222167969,0.5377028584480286,0.578725278377533,0.24018943309783936,0.11723201721906662,23.655649185180664,0.34267863631248474,14.995047569274902,0.44327497482299805,0.8514540791511536,0.2128436267375946,0.24122141301631927,0.0,548.3453369140625,0.42952102422714233,0.49510690569877625,0.3352801203727722,0.08349040150642395,43.460567474365234,0.29919353127479553,7.72317361831665,0.3346647620201111,0.6197721362113953,0.22740420699119568,0.23036465048789978,0.0,466.33502197265625,0.4030851423740387,0.4437030553817749,0.2180177867412567,0.08136424422264099,22.12255096435547,0.27198123931884766,11.957308769226074,0.5133768916130066,0.985887885093689,0.29207363724708557,0.29207363724708557,0.0,303.2729187011719,0.4718357026576996,0.4718357026576996,0.23089945316314697,0.10193714499473572,41.85502243041992,0.3091118335723877,17.839584350585938,0.6687948703765869,1.2269483804702759,0.3596099317073822,0.3596099317073822,0.0,445.4542541503906,0.39859017729759216,0.39859017729759216,0.13618192076683044,0.08188149333000183,63.813907623291016,0.3316737711429596,21.212106704711914,0.8432742953300476,1.231725811958313
2018,2,30.142296868504438,102.81474599669764,3476.8528,781.0,6.551721096038818,170.61973571777344,25.77401351928711,27.719032287597656,1.1837821006774902,5.931815147399902,40.51679229736328,0.22543662786483765,0.24045933783054352,4.259532928466797,255.40777587890625,0.5531298518180847,0.5892910957336426,0.3684456944465637,0.09749124944210052,71.37538146972656,0.40132567286491394,7.848382472991943,0.2002333253622055,0.35691505670547485,0.18502715229988098,0.22114519774913788,102.33602905273438,163.26397705078125,0.5358288884162903,0.5532526969909668,0.19113445281982422,0.1134219616651535,87.4083023071289,0.37721487879753113,0.8581399917602539,0.16802942752838135,0.33592307567596436,0.19328612089157104,0.20138806104660034,31.372804641723633,196.43112182617188,0.6318390965461731,0.6672520637512207,0.28669479489326477,0.1801409274339676,66.54981994628906,0.3749030828475952,4.232264518737793,0.23576723039150238,0.4859199821949005,0.2509152591228485,0.2509152591228485,0.0,177.07835388183594,0.49290359020233154,0.49290359020233154,0.4197230041027069,0.11522109061479568,78.38140106201172,0.38794368505477905,10.416373252868652,0.3386968970298767,0.6177824139595032,0.3263610303401947,0.3263610303401947,0.0,279.15753173828125,0.5358600616455078,0.5358600616455078,0.44663602113723755,0.1557493954896927,119.29388427734375,0.398383229970932,13.293216705322266,0.3782884478569031,0.6376563310623169
2018,2,27.90171898487633,102.15313579609472,3477.0422,1548.0,10.075556755065918,24.352306365966797,20.9290771484375,30.990638732910156,1.324480414390564,6.250511169433594,33.61841583251953,0.29103463888168335,0.3097444176673889,6.177518844604492,232.0546112060547,0.43622860312461853,0.43622860312461853,0.17461256682872772,0.08388502895832062,49.56977081298828,0.39482825994491577,7.058659076690674,0.2702339291572571,0.5034662485122681,0.2351958006620407,0.2475290447473526,61.42341232299805,233.7213134765625,0.5602666735649109,0.5602666735649109,0.22021155059337616,0.0775180384516716,71.7991714477539,0.36201104521751404,2.4267311096191406,0.2284826636314392,0.5260118246078491,0.2259661853313446,0.2333672046661377,20.909292221069336,233.06057739257812,0.6670852303504944,0.6930979490280151,0.315871924161911,0.14263226091861725,41.31177520751953,0.33124271035194397,5.439776420593262,0.43859100341796875,0.7898598909378052,0.26754075288772583,0.26754075288772583,1.6287800073623657,159.18849182128906,0.6852654814720154,0.6852654814720154,0.38130706548690796,0.17919236421585083,56.58660125732422,0.3384164869785309,9.268218994140625,0.4908379912376404,0.9954590201377869,0.32742899656295776,0.32742899656295776,0.21997760236263275,247.67091369628906,0.6911812424659729,0.6911812424659729,0.3282749652862549,0.2100895345211029,100.11266326904297,0.36590930819511414,11.783377647399902,0.4723094403743744,0.8634733557701111
2018,2,31.38520440063668,107.93675930825404,3482.6038,828.0,12.850522994995117,85.9308090209961,30.640806198120117,27.27412986755371,1.2667994499206543,6.001176357269287,48.65986633300781,0.27828484773635864,0.31054866313934326,0.0,423.68798828125,0.5848913192749023,0.6337913870811462,0.441912978887558,0.11748695373535156,39.29676818847656,0.40060243010520935,13.240249633789062,0.36381465196609497,0.6276929974555969,0.2072496861219406,0.23139533400535583,0.3582664430141449,429.7120056152344,0.41681933403015137,0.41681933403015137,-0.039200857281684875,0.08014118671417236,84.7564468383789,0.39664870500564575,6.04723596572876,0.26056134700775146,0.472861647605896,0.21297456324100494,0.24041275680065155,0.0,363.2262878417969,0.47288715839385986,0.4938511252403259,0.27237507700920105,0.08306633681058884,90.15103912353516,0.41186246275901794,9.313494682312012,0.2766425907611847,0.49272873997688293,0.3012038767337799,0.3012038767337799,0.0,271.2523498535156,0.6537331938743591,0.6537331938743591,0.17646145820617676,0.19478510320186615,72.1655044555664,0.40841931104660034,15.95602035522461,0.4825802743434906,0.9156458973884583,0.4765480160713196,0.4765480160713196,0.0,402.26361083984375,0.7215251922607422,0.7215251922607422,0.5943371057510376,0.22930313646793365,106.75419616699219,0.41656923294067383,19.15540885925293,0.5721219778060913,1.0828015804290771
2018,2,29.189899770004207,105.26283260694892,3494.3103,348.0,4.626755714416504,113.58149719238281,34.199039459228516,26.65555763244629,1.2297143936157227,6.494294166564941,44.45081329345703,0.280795156955719,0.2946105897426605,0.0,487.2768249511719,0.5393455624580383,0.5393455624580383,0.1979532688856125,0.14219830930233002,24.605207443237305,0.35635191202163696,15.227400779724121,0.39949938654899597,0.7845672965049744,0.1876065582036972,0.2179831564426422,0.0,586.6549072265625,0.525849461555481,0.576495885848999,0.17234273254871368,0.1250038892030716,51.51176452636719,0.32998472452163696,8.26274585723877,0.29635903239250183,0.5175331830978394,0.21516287326812744,0.21841612458229065,0.0,476.44921875,0.4415070414543152,0.4460199475288391,0.29319992661476135,0.0776960477232933,26.202346801757812,0.29806169867515564,12.216646194458008,0.45805513858795166,0.8502143025398254,0.284236878156662,0.284236878156662,0.0,300.3460693359375,0.515095055103302,0.515095055103302,0.36931031942367554,0.11057420819997787,69.0955810546875,0.34953027963638306,17.667415618896484,0.542569100856781,0.9846789836883545,0.37423524260520935,0.37423524260520935,0.0,445.2282409667969,0.5856585502624512,0.5856585502624512,0.45322221517562866,0.16017502546310425,60.786285400390625,0.3490752577781677,21.201345443725586,0.7103760838508606,1.0745551586151123
2018,2,29.327614646938823,104.65647066839817,3505.5942,323.0,4.247567176818848,90.0,40.55764389038086,24.116779327392578,1.306654453277588,6.199999809265137,29.513286590576172,0.27882662415504456,0.2902064919471741,0.0,482.9764709472656,0.5498327612876892,0.5707823038101196,0.4261282682418823,0.1111481562256813,24.268301010131836,0.3574817478656769,15.09301471710205,0.4095618426799774,0.7798896431922913,0.19512605667114258,0.22119386494159698,0.0,570.6761474609375,0.5907310843467712,0.6735862493515015,0.2721530795097351,0.15230421721935272,53.241825103759766,0.32677987217903137,8.037692070007324,0.31002381443977356,0.5739273428916931,0.21880872547626495,0.22253240644931793,0.0,471.9280700683594,0.6180145740509033,0.6180145740509033,0.3105650246143341,0.18316856026649475,25.827594757080078,0.29630047082901,12.100719451904297,0.47969022393226624,0.8978793025016785,0.2834984064102173,0.2834984064102173,0.0,301.2441101074219,0.5948626399040222,0.5948626399040222,0.2861256003379822,0.15749317407608032,58.44041061401367,0.34158313274383545,17.72024154663086,0.5864472985267639,1.0375159978866577,0.3716960549354553,0.3716960549354553,0.0,443.48297119140625,0.4948282837867737,0.4948282837867737,0.22286947071552277,0.13009198009967804,64.24726867675781,0.35358771681785583,21.118236541748047,0.7492320537567139,1.0694936513900757
2018,2,31.34127779615918,107.9755668647222,3560.349,497.0,11.81119155883789,85.56023406982422,29.471982955932617,28.49452781677246,1.3159821033477783,6.75482702255249,36.705448150634766,0.2781340479850769,0.3112885057926178,0.0,423.1795959472656,0.5843318104743958,0.6343115568161011,0.44090068340301514,0.11758312582969666,39.32788848876953,0.401346892118454,13.22436237335205,0.36512038111686707,0.6354336142539978,0.20534271001815796,0.2335386574268341,0.3707525432109833,428.7728576660156,0.47194355726242065,0.4801660180091858,0.10355104506015778,0.09998708963394165,85.6343994140625,0.39828941226005554,6.03383207321167,0.2596602141857147,0.47400397062301636,0.21178513765335083,0.23922745883464813,0.0,362.8544921875,0.4718075394630432,0.4946661591529846,0.27232927083969116,0.08276308327913284,91.56234741210938,0.41349712014198303,9.303961753845215,0.2760743796825409,0.49717411398887634,0.29913920164108276,0.29913920164108276,0.0,270.5971984863281,0.6587795615196228,0.6587795615196228,0.2490890622138977,0.2187446653842926,72.7817611694336,0.41044965386390686,15.917482376098633,0.48013031482696533,0.9225461483001709,0.4759250283241272,0.4759250283241272,0.0,401.6659851074219,0.7171815633773804,0.7171815633773804,0.5896058082580566,0.2284822016954422,108.32830810546875,0.4177968502044678,19.126951217651367,0.5709868669509888,1.0751309394836426
2018,2,28.99613399282777,105.16177154067361,3571.7334,268.0,5.64672327041626,10.788480758666992,31.552684783935547,27.191757202148438,1.2799999713897705,6.003899574279785,28.58546257019043,0.2803780734539032,0.29709991812705994,0.0,485.0340576171875,0.5061507821083069,0.5565906167030334,0.23113161325454712,0.12063844501972198,27.44415283203125,0.3600802719593048,15.15731430053711,0.3860315978527069,0.7294657230377197,0.1840423196554184,0.21768346428871155,0.0,584.993408203125,0.44031158089637756,0.48809412121772766,0.20043589174747467,0.08916226029396057,58.55672836303711,0.33692479133605957,8.239343643188477,0.28784382343292236,0.4942818880081177,0.21202901005744934,0.21496742963790894,0.0,473.7074279785156,0.47360193729400635,0.47360193729400635,0.20110511779785156,0.10492425411939621,29.25334930419922,0.30567896366119385,12.146344184875488,0.44557398557662964,0.8238670825958252,0.2852541506290436,0.2852541506290436,0.0,300.54827880859375,0.4991791546344757,0.4991791546344757,0.259811133146286,0.11664904654026031,67.81924438476562,0.3505808413028717,17.679311752319336,0.5373949408531189,0.9635983109474182,0.38430243730545044,0.38430243730545044,0.0,444.0301513671875,0.46380215883255005,0.4794895350933075,0.19599549472332,0.11070739477872849,59.745628356933594,0.349365234375,21.1442928314209,0.6995068192481995,1.043291687965393
2018,2,28.809645468570555,103.81349099154738,3575.1055,866.0,7.189453601837158,206.06378173828125,25.171171188354492,26.986101150512695,1.2702001333236694,6.313351631164551,40.031829833984375,0.27454549074172974,0.2929196357727051,0.0,389.9090576171875,0.43167251348495483,0.43167251348495483,0.0032884201500564814,0.12103035300970078,58.240509033203125,0.4129100739955902,12.18465805053711,0.2621852457523346,0.43296578526496887,0.20007728040218353,0.23588253557682037,7.0234904289245605,387.427001953125,0.49404454231262207,0.49404454231262207,0.08496879786252975,0.11988810449838638,109.3560791015625,0.3990367352962494,5.3577961921691895,0.20660172402858734,0.3766568601131439,0.21394214034080505,0.21828165650367737,0.0,358.8229064941406,0.5876966118812561,0.5876966118812561,0.243293896317482,0.17593757808208466,58.846431732177734,0.3853738605976105,9.200587272644043,0.3201943337917328,0.5696676969528198,0.28669965267181396,0.28669965267181396,0.0,255.55641174316406,0.6280979514122009,0.6280979514122009,0.35874032974243164,0.19661037623882294,79.4354476928711,0.4019497036933899,15.032730102539062,0.41124340891838074,0.7405436635017395,0.41547703742980957,0.41547703742980957,0.0,377.01202392578125,0.39117154479026794,0.3932119607925415,0.044657304883003235,0.1050417497754097,102.21694946289062,0.40703582763671875,17.952953338623047,0.4929758310317993,0.765101432800293
2018,2,31.4102690076581,108.02838491670026,3590.3052,745.0,11.879368782043457,133.83502197265625,31.918624877929688,27.38137435913086,1.2599999904632568,6.5,44.419639587402344,0.2774679660797119,0.3101445436477661,0.0,421.4927673339844,0.5880796909332275,0.6363905072212219,0.4407477378845215,0.11706127971410751,39.06045913696289,0.40280812978744507,13.171648979187012,0.3653723895549774,0.6320335865020752,0.20696556568145752,0.23282980918884277,0.44571948051452637,423.8959045410156,0.4636498987674713,0.47462743520736694,0.09744687378406525,0.12142808735370636,85.90042114257812,0.4002889096736908,5.964087009429932,0.26055675745010376,0.4685455858707428,0.20952506363391876,0.23911240696907043,0.0,360.4848937988281,0.4704833924770355,0.49400126934051514,0.26635023951530457,0.08220557123422623,92.97626495361328,0.4158436954021454,9.243202209472656,0.27726519107818604,0.4953444302082062,0.295197457075119,0.295197457075119,0.0,270.25250244140625,0.6091001033782959,0.6091001033782959,0.2896731495857239,0.1968098282814026,71.81231689453125,0.4114982485771179,15.897207260131836,0.48556920886039734,0.9212004542350769,0.48258793354034424,0.48258793354034424,0.0,400.8953857421875,0.7248855829238892,0.7248855829238892,0.5941526889801025,0.23299939930438995,105.84407806396484,0.4194687306880951,19.090255737304688,0.5768959522247314,1.0837934017181396
2018,2,31.380085352627322,108.00655761704363,3590.4636,416.0,5.651597499847412,168.95355224609375,30.821577072143555,27.90753746032715,1.2899999618530273,6.628603935241699,35.203060150146484,0.2777457535266876,0.3106386065483093,0.0,422.1598205566406,0.5865023136138916,0.6355389952659607,0.44082561135292053,0.11728844791650772,39.17509078979492,0.40219125151634216,13.19249439239502,0.3652206063270569,0.6335784792900085,0.2062823623418808,0.23321756720542908,0.4131345748901367,425.8692626953125,0.5274267792701721,0.5781430602073669,0.223671555519104,0.16789747774600983,85.81080627441406,0.3994545042514801,5.992339611053467,0.2601211369037628,0.47087523341178894,0.2104719877243042,0.23913627862930298,0.0,361.4482116699219,0.4710386097431183,0.49431341886520386,0.26895812153816223,0.0824354812502861,92.40316009521484,0.41486185789108276,9.267903327941895,0.2766994833946228,0.4961399435997009,0.29688704013824463,0.29688704013824463,0.0,270.366943359375,0.4944704473018646,0.4944704473018646,0.2515867054462433,0.1434355229139328,72.23260498046875,0.41107043623924255,15.903938293457031,0.4831281900405884,0.9216104745864868,0.47973835468292236,0.47973835468292236,0.0,401.1882019042969,0.7215656042098999,0.7215656042098999,0.5921867489814758,0.23106105625629425,106.92748260498047,0.41876477003097534,19.10420036315918,0.574241042137146,1.0798944234848022
2018,2,31.4577004655636,107.00107492050212,3595.0605,369.0,2.9846653938293457,201.3438720703125,29.72569465637207,26.678401947021484,1.2385096549987793,6.044257164001465,45.66195297241211,0.27096739411354065,0.2936963737010956,0.0,439.90911865234375,0.5369160771369934,0.5958691239356995,0.4401090443134308,0.11320502310991287,37.59421157836914,0.37952959537506104,13.747159957885742,0.36775442957878113,0.6556522846221924,0.21361686289310455,0.23179040849208832,0.0,472.3897705078125,0.43574589490890503,0.4598233103752136,0.05096445977687836,0.0818919688463211,69.7011947631836,0.36035558581352234,6.653377056121826,0.2797551155090332,0.5185274481773376,0.2349729835987091,0.24757474660873413,0.0,388.8557434082031,0.48923301696777344,0.496824711561203,0.31734713912010193,0.08892031759023666,59.408851623535156,0.3648304343223572,9.970660209655762,0.3076907694339752,0.5315892696380615,0.3284303545951843,0.3284303545951843,0.0,280.9193115234375,0.6004320383071899,0.6004320383071899,0.20257806777954102,0.17565010488033295,67.40687561035156,0.3716297745704651,16.52466583251953,0.49394938349723816,0.9050778150558472,0.44598326086997986,0.44598326086997986,0.0,414.39923095703125,0.6929035186767578,0.6929035186767578,0.5650807619094849,0.20920996367931366,108.6014633178711,0.3898172974586487,19.73329734802246,0.581265926361084,1.1010886430740356
2018,2,29.06943715504536,104.3980256304415,3649.7124,331.0,10.566113471984863,342.6703186035156,37.630653381347656,29.679607391357422,1.285995364189148,6.204756736755371,33.86444091796875,0.2761521637439728,0.29099029302597046,0.0,466.08282470703125,0.5660873651504517,0.5963963270187378,0.4158531427383423,0.11320094019174576,32.918434143066406,0.37061047554016113,14.565088272094727,0.3709273338317871,0.659467875957489,0.19709083437919617,0.2266872376203537,0.6512714624404907,539.1712036132812,0.42147162556648254,0.4942856431007385,0.307892769575119,0.07641173154115677,70.50440979003906,0.34588342905044556,7.584787845611572,0.28452467918395996,0.5171887874603271,0.2163751870393753,0.22021405398845673,0.0,452.0160827636719,0.40161818265914917,0.4061758816242218,0.10051582753658295,0.05744282528758049,34.052947998046875,0.3189906179904938,11.590155601501465,0.4410235285758972,0.8098685145378113,0.2849777936935425,0.2849777936935425,0.0,294.31744384765625,0.3827117383480072,0.3827117383480072,0.021746335551142693,0.07125569880008698,60.989742279052734,0.35317540168762207,17.31279182434082,0.5491991639137268,0.9588877558708191,0.3922824561595917,0.3922824561595917,0.0,431.4777526855469,0.48433956503868103,0.5017367601394653,0.0838485062122345,0.12090804427862167,71.09746551513672,0.36421555280685425,20.546560287475586,0.6896514892578125,0.9910547137260437
2018,2,30.294561792176452,106.66608941296306,3649.7627,392.0,9.620551109313965,84.51992797851562,28.746084213256836,34.52983856201172,1.2841784954071045,6.18120813369751,36.699806213378906,0.26587143540382385,0.2939949035644531,0.0,469.9131774902344,0.5089784264564514,0.5599501729011536,0.4238693118095398,0.10892605036497116,33.361209869384766,0.38727429509162903,14.684786796569824,0.3953304588794708,0.7099072337150574,0.17984865605831146,0.2236979454755783,0.022541280835866928,543.2500610351562,0.44889211654663086,0.4687139093875885,0.1429692506790161,0.0912088081240654,68.76242065429688,0.3834589123725891,7.651091575622559,0.26720622181892395,0.5122021436691284,0.22434057295322418,0.23602235317230225,0.0,423.1094055175781,0.22522222995758057,0.38727423548698425,0.15263321995735168,0.062300875782966614,50.1155891418457,0.37930452823638916,10.848958969116211,0.32109934091567993,0.6187145709991455,0.29948151111602783,0.29948151111602783,0.0,287.3063049316406,0.5731455683708191,0.5731455683708191,0.22993257641792297,0.17528919875621796,93.46246337890625,0.41159000992774963,16.900371551513672,0.4647817611694336,1.0373046398162842,0.3941478729248047,0.3941478729248047,0.0,428.26580810546875,0.6013398170471191,0.6013398170471191,0.4782618582248688,0.17167775332927704,145.21505737304688,0.4108322262763977,20.39361000061035,0.5697194933891296,1.0658345222473145
2018,2,29.75018135826863,104.48480419604263,3692.2058,634.0,8.869970321655273,21.003679275512695,28.647178649902344,24.71554946899414,1.2808231115341187,7.057501792907715,43.18675994873047,0.28290435671806335,0.28981444239616394,0.0,482.508056640625,0.5483379364013672,0.561913251876831,0.43313565850257874,0.11212741583585739,22.745145797729492,0.3481752872467041,15.078376770019531,0.43542057275772095,0.8380029201507568,0.2053004801273346,0.2317378669977188,0.0,559.246826171875,0.496796190738678,0.496796190738678,0.1498803198337555,0.0839676558971405,45.49403381347656,0.3087105453014374,7.876716136932373,0.3295793831348419,0.6174170970916748,0.22442692518234253,0.2278212010860443,0.0,470.2513732910156,0.43133431673049927,0.4404453635215759,0.05577726289629936,0.07665972411632538,22.658376693725586,0.2798137068748474,12.057726860046387,0.5071750283241272,0.9667860865592957,0.28767403960227966,0.28767403960227966,0.0,303.2353820800781,0.5007985830307007,0.5007985830307007,0.14050129055976868,0.11304013431072235,47.695701599121094,0.32130083441734314,17.83737564086914,0.6444734930992126,1.161136269569397,0.36033713817596436,0.36033713817596436,0.0,445.6817626953125,0.52182537317276,0.52182537317276,0.11953423917293549,0.12915419042110443,64.0675277709961,0.3413218855857849,21.22294044494629,0.8160133957862854,1.1680238246917725
2018,2,29.514910268486705,104.82921624320868,3696.0334,385.0,4.885797500610352,220.7561492919922,27.823320388793945,28.271936416625977,1.3079644441604614,6.817206859588623,29.880615234375,0.2803080976009369,0.2891339957714081,0.0,486.73095703125,0.5407137274742126,0.556283712387085,0.4322897493839264,0.11009495705366135,21.22235679626465,0.3528219163417816,15.210342407226562,0.4240783452987671,0.8398470878601074,0.19672900438308716,0.22085313498973846,0.0,576.1951904296875,0.38696354627609253,0.45686936378479004,0.11878111213445663,0.07883162796497345,45.27199172973633,0.31904134154319763,8.115425109863281,0.318530410528183,0.5928505659103394,0.22119653224945068,0.2250610589981079,0.0,476.1379089355469,0.44167307019233704,0.47412925958633423,0.18753592669963837,0.09940046072006226,22.60394859313965,0.28761282563209534,12.208663940429688,0.49167945981025696,0.9243021607398987,0.2828940451145172,0.2828940451145172,0.0,301.65167236328125,0.4643481373786926,0.4685281813144684,0.2515503764152527,0.11551303416490555,60.1381721496582,0.3396798372268677,17.74421501159668,0.5918552875518799,1.0612297058105469,0.360749751329422,0.360749751329422,0.0,445.8381042480469,0.39078134298324585,0.39252200722694397,0.1860031932592392,0.09651020914316177,64.06830596923828,0.35110771656036377,21.23038673400879,0.7627006769180298,1.1075457334518433
2018,2,31.610500481362028,106.82159164399987,3705.0845,590.0,2.7802884578704834,-0.0,29.974637985229492,29.1253604888916,1.2510511875152588,6.449277877807617,35.3870735168457,0.26651236414909363,0.28917089104652405,0.0,424.6188659667969,0.5283111333847046,0.5931063890457153,0.43497082591056824,0.11122287064790726,38.7064208984375,0.37681132555007935,13.269339561462402,0.3564814031124115,0.6512713432312012,0.21153156459331512,0.23493297398090363,7.118459224700928,443.9010009765625,0.446150541305542,0.5068320035934448,0.37194496393203735,0.0769888386130333,66.37531280517578,0.35349753499031067,6.151866912841797,0.2786223888397217,0.5200772285461426,0.2326628714799881,0.24376289546489716,0.02002561092376709,376.32904052734375,0.4892497658729553,0.49830618500709534,0.3132804334163666,0.08791796118021011,52.87566375732422,0.35527583956718445,9.648948669433594,0.31403684616088867,0.5469719767570496,0.3255036771297455,0.3255036771297455,0.0,275.7763671875,0.6097550392150879,0.6097550392150879,0.4522997736930847,0.13591231405735016,63.06966781616211,0.36416593194007874,16.222139358520508,0.491019070148468,0.8901787996292114,0.4513511061668396,0.4513511061668396,0.0,407.1051025390625,0.6921491026878357,0.6921491026878357,0.5586012005805969,0.21233485639095306,104.3594741821289,0.38315966725349426,19.385957717895508,0.5792384147644043,1.0874674320220947
2018,2,29.98598754017695,104.29319216467499,3762.5173,397.0,6.967019081115723,293.41619873046875,20.80984115600586,31.21858787536621,1.3112765550613403,7.260900974273682,40.38825607299805,0.28602656722068787,0.29256850481033325,0.0,468.87335205078125,0.4688921272754669,0.4688921272754669,0.1560908854007721,0.10280490666627884,29.399120330810547,0.3511669337749481,14.652292251586914,0.4205918610095978,0.7854369282722473,0.21325108408927917,0.24549256265163422,0.0,525.54736328125,0.43954890966415405,0.5097392201423645,0.3393392562866211,0.08316733688116074,49.63457489013672,0.3089945912361145,7.40207576751709,0.3219505250453949,0.5911153554916382,0.22943991422653198,0.23378872871398926,0.0,453.0993957519531,0.4092344045639038,0.44862523674964905,0.09735828638076782,0.07899051159620285,26.967519760131836,0.2834009826183319,11.61793327331543,0.4903701841831207,0.923331618309021,0.2942329943180084,0.2942329943180084,0.0,298.7732849121094,0.46091940999031067,0.46091940999031067,0.16961096227169037,0.10735166072845459,46.15573501586914,0.31564009189605713,17.57489776611328,0.6462277770042419,1.156174898147583,0.3624904155731201,0.3624904155731201,0.0,437.94903564453125,0.4797779321670532,0.4797779321670532,0.1319657266139984,0.11982161551713943,70.38662719726562,0.3380933403968811,20.85471534729004,0.8073503375053406,1.1959835290908813
2018,2,31.14023476606353,107.78044997992657,3776.39,529.0,22.971445083618164,101.0079116821289,29.4868106842041,26.80258560180664,1.262333869934082,6.267326831817627,35.54009246826172,0.2805974781513214,0.3149909973144531,0.0,431.4345703125,0.5706665515899658,0.6257608532905579,0.44024208188056946,0.119066022336483,40.18132781982422,0.39654403924942017,13.482330322265625,0.3673813045024872,0.6445087790489197,0.19871225953102112,0.2319311946630478,0.1663697212934494,450.3279113769531,0.3546942174434662,0.37229081988334656,0.023407679051160812,0.06804022938013077,83.79461669921875,0.39143675565719604,6.340303421020508,0.25936731696128845,0.49221062660217285,0.21960507333278656,0.24051816761493683,0.0,373.1079406738281,0.47619903087615967,0.4955676794052124,0.28852954506874084,0.08489635586738586,85.86453247070312,0.405476838350296,9.56687068939209,0.27522778511047363,0.5042150020599365,0.3106200695037842,0.3106200695037842,0.0,273.2856140136719,0.3159685432910919,0.3166213929653168,0.03683679923415184,0.07228963822126389,75.82442474365234,0.40680891275405884,16.075624465942383,0.4682140052318573,0.9392433762550354,0.45436736941337585,0.45436736941337585,0.0,405.9555358886719,0.6921078562736511,0.6921078562736511,0.5742354393005371,0.21405848860740662,115.7597427368164,0.41236087679862976,19.33121681213379,0.5588666200637817,1.0551440715789795
2018,2,30.478085014233127,103.43269713888627,3776.7324,535.0,7.546311855316162,262.981201171875,22.13181495666504,27.72124671936035,1.206551432609558,6.599999904632568,39.985931396484375,0.28306323289871216,0.2996913194656372,0.6289271116256714,395.5546569824219,0.5818383097648621,0.6136801838874817,0.41693753004074097,0.11457090079784393,53.541072845458984,0.37047073245048523,12.341428756713867,0.3166310787200928,0.5002701878547668,0.2037416696548462,0.25047263503074646,12.416537284851074,378.3370666503906,0.4989968240261078,0.5067920088768005,0.22529631853103638,0.07943015545606613,59.74077606201172,0.3267834484577179,5.153810024261475,0.26866185665130615,0.4899005889892578,0.24348683655261993,0.2556109130382538,3.9856977462768555,364.8520202636719,0.6581951975822449,0.7176655530929565,0.34928834438323975,0.1493268609046936,47.96446990966797,0.3075578808784485,9.252982139587402,0.3885156214237213,0.6769866943359375,0.3100653290748596,0.3100653290748596,0.0,266.0762634277344,0.5025485157966614,0.5025485157966614,0.40195950865745544,0.1227993592619896,49.20192337036133,0.3181220591068268,15.651545524597168,0.5607609748840332,0.8575531244277954,0.347800612449646,0.347800612449646,0.0,390.40863037109375,0.5211357474327087,0.5211357474327087,0.39527222514152527,0.14566515386104584,88.11225891113281,0.3420565724372864,18.59088706970215,0.6780639886856079,1.0699529647827148
2018,2,31.193052818041586,107.21235604661649,3796.4778,356.0,38.18368911743164,129.64837646484375,28.795982360839844,26.678634643554688,1.276694655418396,5.918994426727295,37.97188949584961,0.2765156626701355,0.30451950430870056,0.0,443.9349060058594,0.5453111529350281,0.6021702885627747,0.4392760097980499,0.11600898951292038,38.71528244018555,0.3858354985713959,13.872965812683105,0.3707916736602783,0.6495903134346008,0.20262376964092255,0.22584491968154907,0.0,480.8465881347656,0.5113450288772583,0.5128375887870789,0.13334494829177856,0.11561857163906097,74.1799545288086,0.3727540075778961,6.772487163543701,0.2709103226661682,0.511660635471344,0.23151656985282898,0.2456311136484146,0.0,390.1392822265625,0.48275861144065857,0.4913727343082428,0.3064258396625519,0.08776336163282394,66.9524917602539,0.38077154755592346,10.003571510314941,0.2947794497013092,0.5231083631515503,0.32368791103363037,0.32368791103363037,0.0,280.40240478515625,0.6677672266960144,0.6684474349021912,0.2304331511259079,0.17649894952774048,74.36791229248047,0.3887186348438263,16.494260787963867,0.4797734320163727,0.9413413405418396,0.43728959560394287,0.43728959560394287,0.0,414.8911437988281,0.6943779587745667,0.6943779587745667,0.2982943058013916,0.2218496948480606,116.65836334228516,0.3991590440273285,19.75672149658203,0.5693719983100891,1.0785969495773315
2018,2,30.953741782705258,103.84421419780564,3810.2932,603.0,1.4244579076766968,49.38413619995117,26.604663848876953,25.64217185974121,1.2000000476837158,6.619849681854248,43.18980407714844,0.25977998971939087,0.2709410488605499,2.1912484169006348,353.0533447265625,0.5531437397003174,0.586338460445404,0.39625751972198486,0.10641346126794815,62.10214614868164,0.3720468282699585,10.96444034576416,0.29921072721481323,0.5269056558609009,0.2014046460390091,0.23372894525527954,50.67363357543945,307.30291748046875,0.4485238790512085,0.5297199487686157,0.19998526573181152,0.105146624147892,65.63064575195312,0.330856055021286,3.6144967079162598,0.2476043403148651,0.4570731520652771,0.22003325819969177,0.22761937975883484,13.832472801208496,310.5575866699219,0.3897504210472107,0.46656545996665955,0.1293087750673294,0.0916055217385292,48.766178131103516,0.31552428007125854,7.608336448669434,0.3581009805202484,0.6854732632637024,0.28738918900489807,0.28738918900489807,0.0,238.50755310058594,0.45266076922416687,0.45266076922416687,0.1417846381664276,0.10425183176994324,45.134029388427734,0.32665467262268066,14.029855728149414,0.5285941958427429,0.918596088886261,0.3614632189273834,0.3614632189273834,0.0,361.1434326171875,0.4540363848209381,0.4540363848209381,0.16469283401966095,0.12151408195495605,85.32332611083984,0.34444552659988403,17.19730567932129,0.6465635299682617,1.0419366359710693
2018,2,29.021198599849182,105.06772018125433,3862.702,301.0,1.4087088108062744,48.83229446411133,32.42250442504883,27.418771743774414,1.2858628034591675,6.0,28.24530029296875,0.2796417772769928,0.29585593938827515,0.0,483.64129638671875,0.4320204555988312,0.4320204555988312,0.13407310843467712,0.08880871534347534,27.562429428100586,0.36053192615509033,15.113790512084961,0.3865923285484314,0.726923406124115,0.18624712526798248,0.2187688946723938,0.0,580.8641357421875,0.4436427056789398,0.49952298402786255,0.18884669244289398,0.09381426870822906,59.18840408325195,0.33676955103874207,8.181184768676758,0.2892381548881531,0.5018993020057678,0.21293237805366516,0.21599791944026947,0.0,472.2650451660156,0.5046050548553467,0.5046050548553467,0.25769561529159546,0.12458517402410507,29.298728942871094,0.3058881163597107,12.109359741210938,0.4479159116744995,0.8282245993614197,0.2851162552833557,0.2851162552833557,0.0,300.2299499511719,0.5612108707427979,0.5612108707427979,0.26328012347221375,0.1369784027338028,66.4361801147461,0.3500198423862457,17.660585403442383,0.541693925857544,0.9684993624687195,0.38460230827331543,0.38460230827331543,0.0,443.1460876464844,0.4027153253555298,0.44911301136016846,0.12872742116451263,0.08775356411933899,60.85013198852539,0.35077711939811707,21.102195739746094,0.702076256275177,1.041297197341919
2018,2,27.55353007911801,103.07750298537299,3886.0283,2094.0,26.242603302001953,270.0,25.41998863220215,37.764747619628906,1.2523815631866455,6.1024909019470215,48.175418853759766,0.2971714735031128,0.3181653916835785,0.4190097153186798,285.69586181640625,0.4525601267814636,0.5394279956817627,-0.01707705669105053,0.09225527197122574,37.16314697265625,0.4036106765270233,8.914901733398438,0.30841124057769775,0.5987362265586853,0.2259504646062851,0.24988816678524017,27.339441299438477,292.630615234375,0.4393860995769501,0.4393860995769501,-0.0300618764013052,0.08017996698617935,64.60184478759766,0.37739813327789307,3.7364954948425293,0.2439165711402893,0.5796599984169006,0.2130044400691986,0.22062943875789642,10.883134841918945,298.71307373046875,0.31654879450798035,0.38469183444976807,0.0189810823649168,0.06465060263872147,34.452362060546875,0.3434674143791199,7.380255222320557,0.4808477759361267,0.98225998878479,0.258402556180954,0.258402556180954,0.0,198.9227752685547,0.29810571670532227,0.3047880530357361,0.005267397966235876,0.06979219615459442,48.200103759765625,0.35678401589393616,11.701339721679688,0.5057247281074524,1.239980697631836,0.3331744074821472,0.3331744074821472,0.0,302.5383605957031,0.25072258710861206,0.2744233012199402,-0.0877021849155426,0.06015488877892494,76.30663299560547,0.3704470098018646,14.406588554382324,0.5662903785705566,0.9853073358535767
2018,2,31.756839259734015,107.22583145,3901.9758,521.0,21.79332160949707,130.37413024902344,28.300905227661133,27.329662322998047,1.2617229223251343,6.346987247467041,43.40239715576172,0.27071258425712585,0.30023667216300964,0.0,397.4858093261719,0.5609728693962097,0.6191679239273071,0.43741270899772644,0.11422120034694672,41.324684143066406,0.385379433631897,12.421431541442871,0.32571643590927124,0.5720028877258301,0.2110661268234253,0.22543255984783173,16.71501350402832,385.10467529296875,0.4428611397743225,0.44517555832862854,0.07246783375740051,0.1095367893576622,70.91051483154297,0.36575648188591003,5.188586711883545,0.2567899227142334,0.4762198030948639,0.2221382111310959,0.24041371047496796,0.01884843036532402,343.5977783203125,0.48338526487350464,0.49264878034591675,0.2785453200340271,0.08394648134708405,63.649845123291016,0.3754843473434448,8.80971622467041,0.2850542366504669,0.5005872249603271,0.32432878017425537,0.32432878017425537,0.0,264.503662109375,0.6577882766723633,0.6577882766723633,0.22481223940849304,0.21945205330848694,62.89474105834961,0.3782527446746826,15.559039115905762,0.4674958288669586,0.829740583896637,0.4730623960494995,0.4730623960494995,0.0,391.93414306640625,0.6111462712287903,0.6111462712287903,0.33953768014907837,0.20230311155319214,95.42876434326172,0.3898163437843323,18.663530349731445,0.5484529733657837,1.0639415979385376
2018,2,31.759265010707093,107.06952658077358,3934.094,436.0,23.637495040893555,114.00709533691406,27.090896606445312,31.030488967895508,1.2280113697052002,6.231637477874756,41.67201614379883,0.268751859664917,0.29672345519065857,0.0,398.7493591308594,0.5512869358062744,0.6126374006271362,0.4354107975959778,0.11303485184907913,41.30611038208008,0.38303235173225403,12.460917472839355,0.32904669642448425,0.5875970721244812,0.20989619195461273,0.22832591831684113,16.817834854125977,389.51776123046875,0.5242429971694946,0.5242429971694946,0.09770914912223816,0.12953515350818634,69.08866119384766,0.36153438687324524,5.249294757843018,0.26090988516807556,0.4868142306804657,0.22352243959903717,0.23969030380249023,0.02986859157681465,346.94036865234375,0.4841000437736511,0.4937300682067871,0.2847028374671936,0.08442291617393494,59.235965728759766,0.36858421564102173,8.8951416015625,0.29327037930488586,0.5152483582496643,0.32288476824760437,0.32288476824760437,0.0,265.2908630371094,0.6880530118942261,0.6880530118942261,0.2290857881307602,0.21897293627262115,61.93064880371094,0.3735849857330322,15.605344772338867,0.4713563621044159,0.8408238887786865,0.4690081477165222,0.4690081477165222,0.0,392.92242431640625,0.7188357710838318,0.7188357710838318,0.5894535779953003,0.22549612820148468,96.59105682373047,0.3866733908653259,18.71059226989746,0.5541562438011169,1.064913272857666
2018,2,31.440992213916335,106.74262988254544,3950.3506,387.0,18.931110382080078,153.73312377929688,26.61274528503418,30.002779006958008,1.2540614604949951,6.579457759857178,35.17416000366211,0.26561829447746277,0.28591084480285645,0.0,444.8362121582031,0.5158846974372864,0.5808601379394531,0.4346805214881897,0.11037817597389221,36.322147369384766,0.37410151958465576,13.901131629943848,0.37628450989723206,0.6927210688591003,0.21173015236854553,0.23723408579826355,0.0,485.4192810058594,0.4340501129627228,0.5000055432319641,0.37412187457084656,0.07710938155651093,65.37339782714844,0.35147982835769653,6.836891174316406,0.2883344292640686,0.536895215511322,0.23807352781295776,0.24684445559978485,0.0,397.8940734863281,0.4908902645111084,0.4991990327835083,0.3287389278411865,0.08986657112836838,50.81275939941406,0.3509434461593628,10.202411651611328,0.3244822323322296,0.5659141540527344,0.3273504972457886,0.3273504972457886,0.0,283.4551696777344,0.6062110066413879,0.6062110066413879,0.45567426085472107,0.13629180192947388,65.99453735351562,0.36267971992492676,16.6738338470459,0.5012146234512329,0.9289804697036743,0.43849116563796997,0.43849116563796997,0.0,417.87774658203125,0.673891544342041,0.673891544342041,0.5389608144760132,0.2030240148305893,111.56666564941406,0.3838232159614563,19.898941040039062,0.5936603546142578,1.098536491394043
2018,2,30.990123588200323,107.14525103486318,3962.1265,338.0,8.81042766571045,121.48023986816406,28.787792205810547,26.822824478149414,1.3033000230789185,6.432249069213867,39.09979248046875,0.2758704721927643,0.3053417503833771,0.0,450.83258056640625,0.5351184606552124,0.594231128692627,0.43464773893356323,0.11549118906259537,38.27796173095703,0.3862673342227936,14.088518142700195,0.37921950221061707,0.6730707287788391,0.1940029114484787,0.22553324699401855,0.0,497.3465270996094,0.4718833565711975,0.4718833565711975,0.138278067111969,0.09718581289052963,73.76940155029297,0.37497392296791077,7.004880905151367,0.27103927731513977,0.5195058584213257,0.23119740188121796,0.2436525970697403,0.0,398.3041076660156,0.478580117225647,0.4879869520664215,0.30664944648742676,0.08743657171726227,65.11785888671875,0.38138195872306824,10.212925910949707,0.299141526222229,0.5440492033958435,0.31902316212654114,0.31902316212654114,0.0,282.07281494140625,0.6613941788673401,0.6613941788673401,0.37767845392227173,0.22235554456710815,78.52166748046875,0.39439135789871216,16.592517852783203,0.47551313042640686,0.9846105575561523,0.42525115609169006,0.42525115609169006,0.0,418.0948181152344,0.6625039577484131,0.6684891581535339,0.3863200843334198,0.2133689671754837,124.89573669433594,0.40149161219596863,19.909276962280273,0.5705477595329285,1.062211513519287
2018,2,27.022357502530486,102.15448244461285,3970.9294,1193.0,1.0410412549972534,270.0,35.99391555786133,30.809680938720703,1.3224190473556519,6.5,29.866701126098633,0.2994711101055145,0.31157130002975464,0.0,327.7341003417969,0.2601902186870575,0.313516229391098,-0.06904493272304535,0.04690227657556534,36.39730453491211,0.39208540320396423,10.241690635681152,0.3708706498146057,0.6661515831947327,0.2504657506942749,0.2729162275791168,6.875792503356934,447.8640441894531,0.357422411441803,0.357422411441803,0.09045033901929855,0.0680985152721405,54.59023666381836,0.3282414972782135,6.21110200881958,0.34031131863594055,0.7345949411392212,0.23388315737247467,0.24079568684101105,2.753857135772705,384.9875183105469,0.3358566462993622,0.3551292419433594,0.06901201605796814,0.07070796191692352,21.2711124420166,0.2701820135116577,9.800863265991211,0.6978604197502136,1.0856621265411377,0.26033440232276917,0.26033440232276917,0.0,230.27267456054688,0.528373658657074,0.528373658657074,0.23741106688976288,0.14213937520980835,35.068260192871094,0.26848337054252625,13.545451164245605,0.8111642003059387,1.436135172843933,0.28853076696395874,0.28853076696395874,0.0,322.86273193359375,0.5888745188713074,0.5888745188713074,0.24198870360851288,0.1865953654050827,87.453125,0.31858667731285095,15.37441635131836,0.735238254070282,1.3271194696426392
2018,2,30.972875785325584,107.3848340753638,3979.723,324.0,5.1037397384643555,205.010009765625,47.93691635131836,17.37462043762207,1.2942771911621094,6.599999904632568,36.89773178100586,0.28137969970703125,0.31454819440841675,0.0,447.7506408691406,0.5468350052833557,0.6065097451210022,0.436700701713562,0.11876198649406433,40.18882369995117,0.38928812742233276,13.992207527160645,0.37653300166130066,0.6565632224082947,0.19075125455856323,0.22319835424423218,0.0,489.727294921875,0.2864145338535309,0.3001050651073456,-0.022712506353855133,0.05209606885910034,77.7055892944336,0.3800458610057831,6.8975677490234375,0.2663453221321106,0.5154075026512146,0.23026084899902344,0.2439333200454712,0.0,392.5409240722656,0.4806426763534546,0.4919399917125702,0.30285394191741943,0.08782465010881424,73.01874542236328,0.39065489172935486,10.06515121459961,0.2862095534801483,0.522983729839325,0.3210020959377289,0.3210020959377289,0.0,280.3316345214844,0.4416586458683014,0.44432854652404785,0.07251494377851486,0.10999645292758942,78.84398651123047,0.3993244469165802,16.490095138549805,0.46901461482048035,0.9809197187423706,0.4283927381038666,0.4283927381038666,0.0,415.6014099121094,0.6612434983253479,0.6612434983253479,0.5502374768257141,0.19694675505161285,123.39756774902344,0.40440529584884644,19.790542602539062,0.5622970461845398,1.05381178855896
2018,2,31.101694755658592,107.72789947401169,3989.4585,414.0,10.189785957336426,237.2918701171875,27.302396774291992,27.281925201416016,1.2881957292556763,6.597523212432861,36.596927642822266,0.2812415361404419,0.3158000409603119,0.0,433.9817810058594,0.5672140717506409,0.6233592629432678,0.43989595770835876,0.11935646831989288,40.373382568359375,0.3953777253627777,13.561930656433105,0.3685028553009033,0.6457169055938721,0.19699408113956451,0.23057471215724945,0.12698914110660553,456.6193542480469,0.4423507750034332,0.4805162847042084,0.10756710916757584,0.0903274342417717,83.10337829589844,0.38967764377593994,6.429470062255859,0.259927898645401,0.49645552039146423,0.2215876281261444,0.24108777940273285,0.0,376.0608215332031,0.47729751467704773,0.4954516589641571,0.2915690243244171,0.0854780450463295,84.22177124023438,0.4034394323825836,9.642584800720215,0.27572908997535706,0.5058207511901855,0.3131048381328583,0.3131048381328583,0.0,274.2900695800781,0.6347953677177429,0.6361812353134155,0.19709357619285583,0.1700229048728943,76.46788024902344,0.4057961404323578,16.13471031188965,0.46686726808547974,0.9454011917114258,0.44944071769714355,0.44944071769714355,0.0,407.3743896484375,0.6865587830543518,0.6865587830543518,0.5708305239677429,0.2108282446861267,117.24421691894531,0.41103097796440125,19.398780822753906,0.5576857328414917,1.0527675151824951
2018,2,30.985811637481635,107.30910516217313,4026.3618,362.0,8.810133934020996,238.51856994628906,34.4337043762207,20.274459838867188,1.271111011505127,6.552138805389404,37.53726577758789,0.2795999348163605,0.31149423122406006,0.0,448.4995422363281,0.5434791445732117,0.60280442237854,0.4362322986125946,0.11770512908697128,39.57073974609375,0.38831987977027893,14.015610694885254,0.37704652547836304,0.660882294178009,0.1921740025281906,0.22392894327640533,0.0,491.58575439453125,0.44379737973213196,0.48412030935287476,0.09482058137655258,0.10616573691368103,76.43921661376953,0.37836652994155884,6.92374324798584,0.26782092452049255,0.5162866115570068,0.23054790496826172,0.24391445517539978,0.0,394.103271484375,0.48005902767181396,0.49067655205726624,0.3039821684360504,0.08769068121910095,70.5096435546875,0.3876688480377197,10.105212211608887,0.2902333736419678,0.5289767980575562,0.3205006718635559,0.3205006718635559,0.0,280.8331604003906,0.6514284014701843,0.6521596312522888,0.2994297742843628,0.19939331710338593,78.61363983154297,0.39757704734802246,16.519596099853516,0.4712701439857483,0.9803907871246338,0.42783182859420776,0.42783182859420776,0.0,416.2943420410156,0.6599728465080261,0.6599728465080261,0.5466375350952148,0.19645987451076508,123.58922576904297,0.4034171998500824,19.82353973388672,0.564895510673523,1.0572569370269775
2018,2,31.61292623233511,105.26040685597584,4031.056,541.0,2.1500604152679443,149.58181762695312,24.29733657836914,18.28386688232422,1.2743829488754272,7.195930480957031,33.070899963378906,0.26601094007492065,0.28268951177597046,0.8825511336326599,419.9677734375,0.5122900009155273,0.5785256624221802,0.4211368262767792,0.10911273211240768,41.479854583740234,0.3644663691520691,13.096413612365723,0.3978766202926636,0.8493925929069519,0.21338458359241486,0.24476945400238037,18.03563690185547,425.2821350097656,0.37642332911491394,0.5183659791946411,0.06672020256519318,0.08841073513031006,42.88240432739258,0.31346404552459717,5.735866069793701,0.3231099545955658,0.666723370552063,0.23527389764785767,0.2430020123720169,4.933216571807861,388.8013000488281,0.5289808511734009,0.5289808511734009,0.10598664730787277,0.14212724566459656,20.26341438293457,0.2840801775455475,9.842771530151367,0.4440227150917053,0.839389443397522,0.32108548283576965,0.32108548283576965,0.0,277.2427673339844,0.6715917587280273,0.6715917587280273,0.3203182816505432,0.20729149878025055,23.378223419189453,0.31277894973754883,16.30839729309082,0.6374303698539734,1.1266669034957886,0.4323998987674713,0.4323998987674713,0.0,413.5103454589844,0.5890947580337524,0.5890947580337524,0.3138435482978821,0.18954776227474213,64.54619598388672,0.3179137110710144,19.690969467163086,0.8139529824256897,1.422730803489685
2018,2,31.63772329329332,105.3994683814286,4046.531,526.0,4.2842230796813965,229.5895538330078,26.173179626464844,23.653541564941406,1.3012245893478394,7.028841495513916,27.942720413208008,0.26311904191970825,0.28190121054649353,0.4529294967651367,421.89923095703125,0.49630728363990784,0.49630728363990784,0.09025757014751434,0.11212240159511566,38.54290008544922,0.3629096746444702,13.170196533203125,0.40593037009239197,0.8850847482681274,0.21029406785964966,0.2423858344554901,15.133914947509766,429.23028564453125,0.4454439580440521,0.5149104595184326,0.062193963676691055,0.10134822130203247,40.49415969848633,0.31163230538368225,5.832343578338623,0.32881027460098267,0.6964516043663025,0.234560027718544,0.24179776012897491,4.214094161987305,391.40570068359375,0.46050941944122314,0.46050941944122314,0.09143619239330292,0.1133798360824585,18.208837509155273,0.28188270330429077,9.927989959716797,0.4486682116985321,0.8554466366767883,0.3215410113334656,0.3215410113334656,0.0,277.7521057128906,0.4758586585521698,0.4758586585521698,0.12460280954837799,0.11829026788473129,22.8292236328125,0.31566208600997925,16.33835792541504,0.632061243057251,1.1262402534484863,0.4403199851512909,0.4403199851512909,0.0,414.5224914550781,0.5032263398170471,0.5032263398170471,0.08978749066591263,0.13103385269641876,64.3119125366211,0.3185889720916748,19.739166259765625,0.81020188331604,1.427140712738037
2018,2,31.314059443328947,108.04078567672988,4056.8276,549.0,12.608016967773438,199.80679321289062,29.80605697631836,26.609085083007812,1.309999942779541,6.696971893310547,38.577606201171875,0.2776946723461151,0.31171661615371704,0.0,421.72564697265625,0.5851907730102539,0.635823667049408,0.4398130774497986,0.11752542108297348,39.26857376098633,0.4027200937271118,13.178926467895508,0.3663868308067322,0.6431694030761719,0.20390000939369202,0.23609457910060883,0.40797099471092224,425.3970031738281,0.5848400592803955,0.5877599716186523,0.2402728945016861,0.16485098004341125,86.81971740722656,0.4009001851081848,5.9857611656188965,0.25870481133461,0.4732901155948639,0.20957984030246735,0.23775415122509003,0.0,361.3315124511719,0.4701008200645447,0.4954736828804016,0.2704463601112366,0.08218786865472794,93.7764892578125,0.4162296652793884,9.264910697937012,0.2755620777606964,0.5014420747756958,0.29551586508750916,0.29551586508750916,0.0,269.57763671875,0.669998288154602,0.669998288154602,0.3575049340724945,0.21672777831554413,73.14173126220703,0.4131479561328888,15.857507705688477,0.47874531149864197,0.9286647439002991,0.47760432958602905,0.47760432958602905,0.0,400.5372314453125,0.715035617351532,0.715035617351532,0.5859412550926208,0.229150652885437,109.2808837890625,0.4197876751422882,19.07320213317871,0.5711293816566467,1.068757176399231
2018,2,31.234286125482797,107.73329052718532,4071.2786,367.0,2.983729362487793,158.70225524902344,29.25883674621582,25.23874282836914,1.3068526983261108,6.699999809265137,34.36174011230469,0.2805927097797394,0.313333660364151,0.0,431.1982421875,0.5731399655342102,0.6258796453475952,0.44224217534065247,0.11878259479999542,40.04743576049805,0.3956892490386963,13.474945068359375,0.36446520686149597,0.6302105784416199,0.20288598537445068,0.2287912517786026,0.1586463898420334,449.2196960449219,0.40397706627845764,0.40397706627845764,0.11828570067882538,0.0919673815369606,82.54045867919922,0.3892293870449066,6.324803352355957,0.2606548070907593,0.48840588331222534,0.2209073305130005,0.24237538874149323,0.0,372.46881103515625,0.4776811897754669,0.49420127272605896,0.28748759627342224,0.08518962562084198,84.04881286621094,0.40339580178260803,9.550482749938965,0.2759276032447815,0.4955463111400604,0.31335344910621643,0.31335344910621643,0.0,273.98974609375,0.3870762884616852,0.3870762884616852,0.07502800971269608,0.0899818167090416,74.46000671386719,0.40359264612197876,16.11704444885254,0.4729418456554413,0.9238869547843933,0.457499235868454,0.457499235868454,0.0,406.3785705566406,0.7021700739860535,0.7021700739860535,0.5841350555419922,0.21684414148330688,112.35354614257812,0.41070500016212463,19.351360321044922,0.561119556427002,1.069563388824463
2018,2,31.247761528866306,107.58237225203143,4080.7207,475.0,5.651307106018066,191.03126525878906,30.113962173461914,27.31888771057129,1.2652642726898193,6.326591968536377,37.38384246826172,0.28181397914886475,0.3132224977016449,0.0,435.2864074707031,0.5691801309585571,0.6216516494750977,0.4440453052520752,0.11914302408695221,40.3031005859375,0.3923964202404022,13.602700233459473,0.36265644431114197,0.6179942488670349,0.20426729321479797,0.2238917499780655,0.056989528238773346,459.1203918457031,0.39349839091300964,0.39349839091300964,0.10324855148792267,0.0731552317738533,80.0891342163086,0.3833659887313843,6.465681552886963,0.262347549200058,0.49289029836654663,0.22622056305408478,0.2452421933412552,0.0,377.0282287597656,0.4814963936805725,0.492901086807251,0.29364213347435,0.08659512549638748,79.08332824707031,0.3971092402935028,9.667390823364258,0.2767399251461029,0.48919954895973206,0.32180845737457275,0.32180845737457275,0.0,276.3047180175781,0.5873143076896667,0.5873143076896667,0.2626185715198517,0.15083478391170502,74.35256958007812,0.39814066886901855,16.253217697143555,0.47340425848960876,0.9161235690116882,0.45071396231651306,0.45071396231651306,0.0,409.17340087890625,0.7015787959098816,0.7015787959098816,0.5879485607147217,0.21311824023723602,111.9543228149414,0.40620115399360657,19.484447479248047,0.5588459372520447,1.0775316953659058
2018,2,31.42158620613174,105.21998510492635,4117.9146,507.0,7.950627326965332,125.4177017211914,23.67742156982422,27.28342056274414,1.3129879236221313,7.199984073638916,29.26901626586914,0.26967230439186096,0.2828446626663208,0.0,447.6731262207031,0.42987731099128723,0.42987731099128723,0.09755362570285797,0.07424963265657425,39.472415924072266,0.3589961528778076,13.989785194396973,0.4224297106266022,0.9003210067749023,0.21920570731163025,0.2504107356071472,0.0,473.1948547363281,0.499700129032135,0.598415195941925,0.18302558362483978,0.09772047400474548,42.94938659667969,0.3063933253288269,6.6647162437438965,0.33865779638290405,0.6833040714263916,0.24100437760353088,0.24748818576335907,0.0,420.1019592285156,0.47240570187568665,0.47240570187568665,0.24480868875980377,0.12362237274646759,19.86858367919922,0.2749808728694916,10.771844863891602,0.46892982721328735,0.8747727274894714,0.3248380124568939,0.3248380124568939,0.0,291.10107421875,0.6240143179893494,0.6240143179893494,0.27493858337402344,0.14844293892383575,24.079814910888672,0.30582424998283386,17.123592376708984,0.66620272397995,1.1774479150772095,0.41706642508506775,0.41706642508506775,0.0,431.5948181152344,0.5350975394248962,0.5350975394248962,0.1866500824689865,0.12643307447433472,65.53506469726562,0.3138417601585388,20.552135467529297,0.857435941696167,1.4787019491195679
2018,2,29.953378134173096,104.91302950660925,4119.298,401.0,7.205045700073242,333.6811828613281,23.637847900390625,30.23457145690918,1.2898797988891602,7.473352909088135,42.16415786743164,0.2849997282028198,0.2901424765586853,0.0,483.011962890625,0.44798868894577026,0.44798868894577026,0.11655503511428833,0.08048651367425919,21.990163803100586,0.34255313873291016,15.094123840332031,0.4412984549999237,0.8807538151741028,0.21242614090442657,0.2402334064245224,0.0,559.8890991210938,0.48483383655548096,0.48483383655548096,0.06065782159566879,0.069333016872406,41.31010055541992,0.30155235528945923,7.885761737823486,0.3299848437309265,0.6012105941772461,0.22702814638614655,0.22984036803245544,0.0,469.5080261230469,0.3241649866104126,0.3302054703235626,0.0453348234295845,0.05473104119300842,21.31764030456543,0.27359336614608765,12.038667678833008,0.5008500218391418,0.9373883008956909,0.29161956906318665,0.29161956906318665,0.0,301.1464538574219,0.39685556292533875,0.39685556292533875,0.10546012222766876,0.07938573509454727,49.42184066772461,0.3202567994594574,17.714496612548828,0.6258492469787598,1.151739239692688,0.3592589795589447,0.3592589795589447,0.0,445.27459716796875,0.42400962114334106,0.42400962114334106,0.12311182916164398,0.09657478332519531,66.92236328125,0.33580923080444336,21.20355224609375,0.8052725791931152,1.230757474899292
2018,2,30.41960390391719,106.80623004087076,4120.5176,313.0,5.1099853515625,237.1069793701172,29.41788101196289,30.739513397216797,1.2851401567459106,6.39962100982666,36.967369079589844,0.269865483045578,0.29920053482055664,0.0,468.1534423828125,0.5147855877876282,0.5684592723846436,0.42608219385147095,0.11107386648654938,34.716217041015625,0.3887694776058197,14.62979507446289,0.3944147527217865,0.7134872078895569,0.1801106333732605,0.2231200933456421,0.016307281330227852,538.2457275390625,0.4555075764656067,0.5707210302352905,0.12583355605602264,0.08634231984615326,70.70317077636719,0.3839603364467621,7.580696105957031,0.2672554552555084,0.5180490016937256,0.22633172571659088,0.23761987686157227,0.0,419.45635986328125,0.46051257848739624,0.4668521285057068,0.29628491401672363,0.08355559408664703,55.00321960449219,0.38333866000175476,10.755290985107422,0.3144046664237976,0.6020889282226562,0.3021949529647827,0.3021949529647827,0.0,286.3480529785156,0.531030535697937,0.531030535697937,0.28032803535461426,0.13244546949863434,92.04515838623047,0.41264694929122925,16.844003677368164,0.4646732211112976,1.0589872598648071,0.39655810594558716,0.39655810594558716,0.0,426.713623046875,0.6019507050514221,0.6019507050514221,0.48069480061531067,0.17347736656665802,145.73126220703125,0.41089242696762085,20.3196964263916,0.5697623491287231,1.0452600717544556
2018,2,30.429578912973742,104.65701021962565,4132.553,425.0,5.649569988250732,10.93993091583252,20.384368896484375,31.065641403198242,1.3101935386657715,7.361936569213867,32.229774475097656,0.2900978922843933,0.29123833775520325,0.0,477.3212890625,0.5570231676101685,0.5570231676101685,0.28039300441741943,0.0987207219004631,23.847949981689453,0.32997366786003113,14.916290283203125,0.46376413106918335,0.9052120447158813,0.22948364913463593,0.2612932026386261,0.0,533.933837890625,0.5104637742042542,0.5152247548103333,0.19366830587387085,0.11328619718551636,37.74589538574219,0.278705894947052,7.5201945304870605,0.34683093428611755,0.6254628300666809,0.23336514830589294,0.23503385484218597,0.0,461.2038269042969,0.45834094285964966,0.4797241687774658,0.16458244621753693,0.09444886445999146,19.954877853393555,0.254802942276001,11.825738906860352,0.5249070525169373,1.009653925895691,0.3011012375354767,0.3011012375354767,0.0,303.10894775390625,0.5450831651687622,0.5450831651687622,0.22269631922245026,0.13929574191570282,31.214096069335938,0.2874610722064972,17.829938888549805,0.7053442001342773,1.3381333351135254,0.35763898491859436,0.35763898491859436,0.0,445.906982421875,0.5475160479545593,0.5475160479545593,0.23121458292007446,0.15070977807044983,65.02436065673828,0.3131342828273773,21.233667373657227,0.8907143473625183,1.372668743133545
2018,2,30.962098138079412,107.41474572523029,4134.379,344.0,4.696803569793701,113.2073974609375,37.07308578491211,23.499300003051758,1.3094903230667114,6.800000190734863,33.403846740722656,0.282112181186676,0.3158647119998932,0.0,447.6196594238281,0.5478808283805847,0.6078425645828247,0.4367453455924988,0.11919861286878586,40.44623947143555,0.3896706998348236,13.988114356994629,0.37658968567848206,0.6555700302124023,0.18988913297653198,0.222927525639534,0.0,489.39947509765625,0.39953184127807617,0.42319923639297485,0.11766089498996735,0.0766313374042511,78.22105407714844,0.38074803352355957,6.892950057983398,0.2657831907272339,0.5154120326042175,0.23016270995140076,0.2438899427652359,0.0,392.11773681640625,0.4808419942855835,0.49247732758522034,0.30248963832855225,0.0878913551568985,74.01781463623047,0.3918563723564148,10.054300308227539,0.2846769690513611,0.52113276720047,0.321117639541626,0.321117639541626,0.0,280.17059326171875,0.49956101179122925,0.49996426701545715,0.14370235800743103,0.1187891811132431,79.02052307128906,0.40013107657432556,16.480623245239258,0.4679834842681885,0.9824032783508301,0.4282936453819275,0.4282936453819275,0.0,415.3978271484375,0.6610532402992249,0.6610532402992249,0.5510343909263611,0.19689682126045227,123.52535247802734,0.4048304855823517,19.78084945678711,0.561292290687561,1.0518468618392944
2018,2,29.6774177472785,104.11101559113648,4134.4575,409.0,7.674759864807129,163.94711303710938,30.58479881286621,26.68584632873535,1.2616592645645142,6.862817764282227,34.20432662963867,0.2841823101043701,0.29275354743003845,0.0,462.251220703125,0.5053681135177612,0.5386608839035034,0.12736736238002777,0.10165902972221375,34.89931869506836,0.37052789330482483,14.445350646972656,0.3868008255958557,0.6983131766319275,0.20738273859024048,0.24158483743667603,0.0,519.0189819335938,0.4648475646972656,0.4803023636341095,0.17562009394168854,0.09481506794691086,62.62126922607422,0.3362039625644684,7.310126304626465,0.3003707528114319,0.5498676300048828,0.2254614382982254,0.2311561107635498,0.0,445.80078125,0.4773283302783966,0.49694910645484924,0.2158292979001999,0.10980629920959473,32.97210693359375,0.3110767602920532,11.43078899383545,0.4563882350921631,0.8270359635353088,0.2880758047103882,0.2880758047103882,0.0,294.4158630371094,0.5265618562698364,0.5275312066078186,0.20672225952148438,0.118892140686512,61.162208557128906,0.343195378780365,17.318578720092773,0.5876368880271912,1.0031906366348267,0.37115970253944397,0.37115970253944397,0.0,430.5587463378906,0.531101644039154,0.5380727052688599,0.2599064111709595,0.13083739578723907,80.70864868164062,0.36200809478759766,20.502798080444336,0.7264353632926941,1.071722149848938
2018,2,31.113555964460758,107.73922113158639,4135.7607,486.0,8.885851860046387,158.7269287109375,28.100650787353516,27.98427963256836,1.289683222770691,6.500283241271973,34.93846893310547,0.2810845375061035,0.3155536651611328,0.0,433.34442138671875,0.5681312680244446,0.6239519715309143,0.4400487542152405,0.11927901208400726,40.32307434082031,0.3956320583820343,13.542013168334961,0.3681230843067169,0.6449916958808899,0.19754621386528015,0.23082700371742249,0.1359868198633194,455.03570556640625,0.3541569113731384,0.37188777327537537,0.08258520811796188,0.07870573550462723,83.23653411865234,0.3900342881679535,6.40703821182251,0.2598171830177307,0.4953121840953827,0.22114822268486023,0.24100308120250702,0.0,375.3145751953125,0.4770788550376892,0.4954445958137512,0.29082465171813965,0.08534523844718933,84.56719207763672,0.4038672149181366,9.623451232910156,0.27561184763908386,0.5051568746566772,0.3126002252101898,0.3126002252101898,0.0,274.06072998046875,0.5243833661079407,0.531223714351654,0.197874054312706,0.14266394078731537,76.27106475830078,0.4059408903121948,16.121219635009766,0.46730390191078186,0.9433644413948059,0.45072367787361145,0.45072367787361145,0.0,407.03521728515625,0.6882087588310242,0.6882087588310242,0.5719627737998962,0.21169112622737885,116.78449249267578,0.41129937767982483,19.38262939453125,0.5579970479011536,1.0537399053573608
2018,2,29.63618443983728,105.12970168589723,4136.3955,321.0,2.977388858795166,159.01803588867188,29.58745574951172,29.54709815979004,1.2814064025878906,6.857295036315918,31.976512908935547,0.28160861134529114,0.28941354155540466,0.0,486.5804138183594,0.45210281014442444,0.5339514017105103,0.16210684180259705,0.11349067091941833,21.127531051635742,0.3494683802127838,15.20563793182373,0.4259178936481476,0.8637778759002686,0.20108020305633545,0.22622528672218323,0.0,575.6817016601562,0.47377121448516846,0.5122889280319214,0.04945811629295349,0.09951309114694595,42.63533401489258,0.3149440884590149,8.108192443847656,0.31687629222869873,0.5764490365982056,0.22281304001808167,0.22638587653636932,0.0,475.2658386230469,0.39933648705482483,0.40715035796165466,0.04470689222216606,0.0890086218714714,21.912973403930664,0.2840462327003479,12.186304092407227,0.4856989085674286,0.9040330052375793,0.2853127419948578,0.2853127419948578,0.0,300.0121765136719,0.5583642721176147,0.5583642721176147,0.17644959688186646,0.15513145923614502,62.477996826171875,0.3395426571369171,17.64777374267578,0.5771343111991882,1.055220365524292,0.3603365123271942,0.3603365123271942,0.0,445.28302001953125,0.5787357091903687,0.5787357091903687,0.1739572137594223,0.16907906532287598,65.5292739868164,0.3472808599472046,21.203954696655273,0.7520366311073303,1.1469008922576904
2018,2,31.36633794407954,106.38878237755031,4146.3804,378.0,3.85986328125,16.319421768188477,24.583024978637695,30.14583969116211,1.2994065284729004,7.059695243835449,33.079593658447266,0.2610931098461151,0.27899622917175293,0.0,451.95233154296875,0.4982176423072815,0.5662643313407898,0.4296482801437378,0.10774777829647064,34.54792785644531,0.3683740794658661,14.123510360717773,0.3917596638202667,0.7566307783126831,0.20951232314109802,0.2413875013589859,0.0,501.0860595703125,0.4782137870788574,0.4782137870788574,0.07728809863328934,0.1063426062464714,58.942073822021484,0.3407055139541626,7.057549953460693,0.30116361379623413,0.5721098184585571,0.2399965077638626,0.24562549591064453,0.0,410.60516357421875,0.48968255519866943,0.498129665851593,0.3362455666065216,0.09016907960176468,39.938785552978516,0.3324795067310333,10.528337478637695,0.35558080673217773,0.6337084174156189,0.32447439432144165,0.32447439432144165,0.0,286.8966369628906,0.5904720425605774,0.5904720425605774,0.4469110369682312,0.13425450026988983,61.98927307128906,0.35311976075172424,16.876272201538086,0.5225284099578857,0.9830716848373413,0.4286821186542511,0.4286821186542511,0.0,423.4674987792969,0.6520207524299622,0.6520207524299622,0.5105987787246704,0.19544842839241028,111.13660430908203,0.37332287430763245,20.165119171142578,0.631589412689209,1.1388792991638184
2018,2,30.803367517879902,103.95470626280898,4147.277,536.0,1.079696536064148,90.0,25.830785751342773,27.35698127746582,1.261173129081726,6.955963134765625,52.618839263916016,0.27329206466674805,0.2830438017845154,1.2191401720046997,393.0887145996094,0.5611311793327332,0.589177131652832,0.40929630398750305,0.11112406849861145,52.132266998291016,0.36198100447654724,12.245924949645996,0.3431398272514343,0.6089823842048645,0.2105547934770584,0.2456706017255783,28.193180084228516,375.4817199707031,0.49394017457962036,0.5384122133255005,0.18335290253162384,0.0830453559756279,57.642967224121094,0.3168271481990814,4.891387939453125,0.2773599922657013,0.5048385262489319,0.2296498566865921,0.23713535070419312,7.695943832397461,359.3494873046875,0.46270129084587097,0.5265572667121887,0.1804751455783844,0.08277905732393265,41.2003059387207,0.29811590909957886,9.01675796508789,0.40712258219718933,0.7676488757133484,0.2981683611869812,0.2981683611869812,0.0,261.7823486328125,0.6464517116546631,0.6464517116546631,0.31177252531051636,0.17535151541233063,40.32891082763672,0.3116112947463989,15.398961067199707,0.5906423926353455,1.0276429653167725,0.36062857508659363,0.36062857508659363,0.0,389.8935546875,0.6243687272071838,0.6243687272071838,0.2956908643245697,0.18216921389102936,79.0364990234375,0.33315348625183105,18.56635856628418,0.7267806529998779,1.151759147644043
2018,2,31.030282252287652,107.53062884340724,4153.79,449.0,10.664114952087402,64.54308319091797,29.395633697509766,27.352943420410156,1.2872287034988403,6.497594833374023,43.140018463134766,0.2834017276763916,0.3176099359989166,0.0,443.0833740234375,0.5567830801010132,0.6150692105293274,0.4392235279083252,0.12006085366010666,40.914798736572266,0.39127805829048157,13.846355438232422,0.37201136350631714,0.6422974467277527,0.1928722858428955,0.22325582802295685,0.01499622967094183,478.3923645019531,0.30736038088798523,0.30738207697868347,0.14615760743618011,0.04667697846889496,79.94876861572266,0.38296881318092346,6.7377095222473145,0.26336175203323364,0.5083774328231812,0.2286464422941208,0.24410444498062134,0.0,386.17474365234375,0.48147863149642944,0.49395084381103516,0.2993931472301483,0.08758419752120972,77.74923706054688,0.39588984847068787,9.90191650390625,0.27887675166130066,0.5074569582939148,0.3216541111469269,0.3216541111469269,0.0,278.4333190917969,0.5489397048950195,0.549791157245636,0.23320665955543518,0.13754908740520477,77.84707641601562,0.4010466933250427,16.37843132019043,0.46710267663002014,0.9630691409111023,0.4352896213531494,0.4352896213531494,0.0,412.792724609375,0.6734994649887085,0.6734994649887085,0.5642579197883606,0.20195896923542023,120.14791870117188,0.40607425570487976,19.656795501708984,0.5578785538673401,1.055092453956604
2018,2,29.787102714991157,104.45246233610197,4179.1826,569.0,0.9274099469184875,-0.0,30.98542022705078,25.630191802978516,1.3080013990402222,6.6455183029174805,44.71576690673828,0.2834472358226776,0.2902093529701233,0.0,480.28448486328125,0.5514301061630249,0.5648919939994812,0.43384525179862976,0.11264810711145401,23.90544891357422,0.34886661171913147,15.008890151977539,0.43292468786239624,0.8290969133377075,0.2068358212709427,0.23427686095237732,0.0,553.7366943359375,0.438935786485672,0.438935786485672,0.05720323324203491,0.08627436310052872,46.40903091430664,0.30901509523391724,7.799108505249023,0.3281981945037842,0.6125218272209167,0.2251480370759964,0.22866623103618622,0.0,467.4383850097656,0.3698446452617645,0.388841837644577,0.05188661441206932,0.058951374143362045,23.399030685424805,0.28072887659072876,11.985599517822266,0.504234790802002,0.9591140151023865,0.28863024711608887,0.28863024711608887,0.0,302.50445556640625,0.3984798491001129,0.3984798491001129,0.06845836341381073,0.07897256314754486,47.59891128540039,0.3206191062927246,17.79438018798828,0.64457768201828,1.1606528759002686,0.3609623908996582,0.3609623908996582,0.0,444.3859558105469,0.4168447256088257,0.4168447256088257,0.04051292687654495,0.0940670371055603,65.30716705322266,0.34103766083717346,21.161235809326172,0.8141072392463684,1.1725040674209595
2018,2,30.08112246115222,104.84727114337409,4186.4785,410.0,5.625068664550781,214.73704528808594,19.67824935913086,25.807147979736328,1.271352767944336,7.374863147735596,35.52033233642578,0.2863694131374359,0.29043689370155334,0.0,481.5617370605469,0.5565751194953918,0.5671600699424744,0.433521568775177,0.11470909416675568,22.405393600463867,0.33942729234695435,15.04880428314209,0.4472920298576355,0.8879961371421814,0.21700890362262726,0.24589143693447113,0.0,553.3658447265625,0.38126763701438904,0.38126763701438904,0.0021295747719705105,0.0645677000284195,40.48523712158203,0.2957886755466461,7.793885231018066,0.33466586470603943,0.6085649728775024,0.2287306785583496,0.23123566806316376,0.0,467.27374267578125,0.333182692527771,0.3531492054462433,-0.006135991774499416,0.06742341071367264,20.996267318725586,0.26894670724868774,11.981377601623535,0.506788432598114,0.9529935121536255,0.2941669523715973,0.2941669523715973,0.0,301.5773010253906,0.27172204852104187,0.27172204852104187,0.047069840133190155,0.051852937787771225,44.5772590637207,0.3121491074562073,17.73984146118164,0.645387589931488,1.1952811479568481,0.3588237464427948,0.3588237464427948,0.0,445.3460998535156,0.3161942958831787,0.3161942958831787,0.0684482529759407,0.07163354009389877,66.94474029541016,0.3304198384284973,21.20695686340332,0.8265874981880188,1.2671071290969849
2018,2,31.55337047866529,106.46801168506794,4192.682,485.0,5.10935640335083,334.8546142578125,27.310728073120117,30.306283950805664,1.259777545928955,6.778929233551025,34.725318908691406,0.2607228755950928,0.2792198657989502,0.0,438.8931579589844,0.4999358057975769,0.5722321271896362,0.42970994114875793,0.1080227792263031,36.529685974121094,0.3686465322971344,13.715411186218262,0.37673506140708923,0.7187926769256592,0.21064803004264832,0.24287274479866028,3.4437766075134277,475.77447509765625,0.44061872363090515,0.5142920017242432,0.37452033162117004,0.07658349722623825,60.56480026245117,0.34029093384742737,6.652544975280762,0.2955361306667328,0.556867241859436,0.23934006690979004,0.2448471337556839,0.0499907024204731,396.28271484375,0.49371835589408875,0.5035018920898438,0.3355245888233185,0.09033405780792236,41.84477615356445,0.3346727788448334,10.15981388092041,0.3417980968952179,0.6006981730461121,0.3262956738471985,0.3262956738471985,0.0,282.30450439453125,0.5962525010108948,0.5962525010108948,0.45052188634872437,0.1357412338256836,60.375980377197266,0.3500053286552429,16.60614776611328,0.5103936195373535,0.9370792508125305,0.43851643800735474,0.43851643800735474,0.0,416.04913330078125,0.6655461192131042,0.6655461192131042,0.5237048268318176,0.2021661102771759,107.97991180419922,0.3737228512763977,19.811864852905273,0.6085635423660278,1.106062889099121
2018,2,31.26608843419597,105.06906682977248,4205.584,476.0,2.852560520172119,130.52268981933594,22.50105857849121,25.239229202270508,1.2627677917480469,7.189705848693848,34.0569953918457,0.27630943059921265,0.28598782420158386,0.0,447.98895263671875,0.4890654385089874,0.4890654385089874,0.11557772010564804,0.12211406975984573,39.44594955444336,0.3568533957004547,13.999654769897461,0.41753557324409485,0.8600993156433105,0.22393128275871277,0.2549678683280945,0.0,472.56787109375,0.5047476887702942,0.511489748954773,0.14518292248249054,0.11826730519533157,44.23658752441406,0.30530232191085815,6.655885696411133,0.33198603987693787,0.6400666832923889,0.23967672884464264,0.24621015787124634,0.0,421.00738525390625,0.4869764447212219,0.49450451135635376,0.3346642255783081,0.08994370698928833,21.640474319458008,0.27595388889312744,10.795061111450195,0.4680994153022766,0.8637098073959351,0.32034096121788025,0.32034096121788025,0.0,291.2054748535156,0.520850658416748,0.520850658416748,0.20196367800235748,0.14586091041564941,26.531259536743164,0.30282899737358093,17.12973403930664,0.6667799353599548,1.1792889833450317,0.40185463428497314,0.40185463428497314,0.0,431.1208801269531,0.4151553213596344,0.4151553213596344,0.11362519860267639,0.10929490625858307,66.33324432373047,0.3147483170032501,20.529565811157227,0.8538675308227539,1.4505411386489868
2018,2,30.33282979741713,104.90979665834548,4208.3945,472.0,10.648629188537598,127.06069946289062,27.57433319091797,26.350528717041016,1.2798246145248413,7.317835330963135,33.148841857910156,0.2890627086162567,0.2910158038139343,0.0,479.56292724609375,0.5636229515075684,0.5719928741455078,0.4340689182281494,0.11675933003425598,22.72477912902832,0.33384543657302856,14.98634147644043,0.45701172947883606,0.9128320813179016,0.22602005302906036,0.2570169270038605,0.0,544.7451171875,0.4562828540802002,0.4562828540802002,0.17073071002960205,0.09701288491487503,38.32657241821289,0.28626710176467896,7.672466278076172,0.3412624001502991,0.6137563586235046,0.2320784032344818,0.23397928476333618,0.0,463.49993896484375,0.5413215756416321,0.5413215756416321,0.2735022008419037,0.13852901756763458,20.303813934326172,0.2614363729953766,11.884613990783691,0.5110448598861694,0.9546190500259399,0.2991759479045868,0.2991759479045868,0.0,301.1045837402344,0.528779923915863,0.528779923915863,0.3391265869140625,0.14923632144927979,38.687294006347656,0.30211731791496277,17.712034225463867,0.6616116762161255,1.2375141382217407,0.35796794295310974,0.35796794295310974,0.0,444.8788146972656,0.46676215529441833,0.46676215529441833,0.2666420042514801,0.12463600188493729,69.30501556396484,0.32257261872291565,21.18470573425293,0.8480331897735596,1.3357088565826416
2018,2,30.29348268972152,104.85374129900264,4208.3945,436.0,7.3788604736328125,-0.0,24.820768356323242,29.87653923034668,1.2960675954818726,7.355133056640625,32.017818450927734,0.28864169120788574,0.2909253239631653,0.0,479.63671875,0.56252121925354,0.5712374448776245,0.43398335576057434,0.1164388433098793,22.833160400390625,0.33445820212364197,14.9886474609375,0.4559955894947052,0.906139075756073,0.22461144626140594,0.2552778422832489,0.0,544.88427734375,0.5043941140174866,0.5043941140174866,0.05912080407142639,0.08806861191987991,38.722267150878906,0.28714388608932495,7.674426555633545,0.3407614529132843,0.6146844029426575,0.23155508935451508,0.23355041444301605,0.0,463.9469299316406,0.4764670431613922,0.5347139239311218,0.11779151856899261,0.09490035474300385,20.403596878051758,0.26202821731567383,11.896075248718262,0.5123756527900696,0.9630672931671143,0.2983929514884949,0.2983929514884949,0.0,301.5350646972656,0.5382447838783264,0.5382447838783264,0.1346065104007721,0.12411139160394669,38.7358512878418,0.3019515573978424,17.737356185913086,0.66517174243927,1.244332194328308,0.3581016957759857,0.3581016957759857,0.0,445.1433410644531,0.5428593754768372,0.5428593754768372,0.1527673900127411,0.1438150852918625,68.12705993652344,0.32280316948890686,21.197301864624023,0.8502835631370544,1.326552152633667
2018,2,32.14167751705061,108.35204876666464,4220.6265,627.0,31.395723342895508,103.81092071533203,33.12995147705078,24.239727020263672,1.2447006702423096,6.613450527191162,41.42306137084961,0.25726431608200073,0.29360276460647583,0.0,345.2870788574219,0.5902462005615234,0.6293187141418457,0.4074181318283081,0.10665813833475113,33.05548858642578,0.3816445767879486,10.790221214294434,0.2983130216598511,0.5554612278938293,0.1822134405374527,0.21789592504501343,48.013702392578125,270.53704833984375,0.44435742497444153,0.44435742497444153,-0.04717272147536278,0.10231492668390274,71.66600036621094,0.36716628074645996,3.134131669998169,0.23831675946712494,0.44836679100990295,0.18144795298576355,0.2099827527999878,0.0,296.03570556640625,0.3031283915042877,0.3031283915042877,0.03680248558521271,0.05834905058145523,72.96258544921875,0.3881986439228058,7.590659141540527,0.2872801125049591,0.5417989492416382,0.30081990361213684,0.30081990361213684,0.0,248.92103576660156,0.487466961145401,0.487466961145401,0.10068441182374954,0.15129561722278595,44.412078857421875,0.37444230914115906,14.642414093017578,0.49069979786872864,0.8503656983375549,0.5243996977806091,0.5243996977806091,0.0,370.9389953613281,0.7598732113838196,0.7598732113838196,0.6178792119026184,0.2632257044315338,74.6214370727539,0.37933120131492615,17.663761138916016,0.5737769603729248,1.1545212268829346
2018,2,30.89769088246344,103.79516408621774,4223.9023,609.0,4.413156032562256,102.10765838623047,22.6687068939209,25.230899810791016,1.187136173248291,6.587806224822998,43.71876525878906,0.26164472103118896,0.27349853515625,2.065472364425659,356.5107116699219,0.55686354637146,0.589550256729126,0.3987570106983185,0.10711610317230225,61.30671691894531,0.3714737594127655,11.076414108276367,0.30060020089149475,0.5238531231880188,0.20092223584651947,0.23477111756801605,47.76500701904297,313.253662109375,0.556564450263977,0.6222487688064575,0.21218185126781464,0.12335091829299927,65.11112213134766,0.3301190733909607,3.7392771244049072,0.24918243288993835,0.4604504108428955,0.22210268676280975,0.22999338805675507,13.03849983215332,315.15899658203125,0.5321813225746155,0.6087023019790649,0.1748369187116623,0.1253320723772049,49.05654525756836,0.3146326243877411,7.746679782867432,0.3605877757072449,0.6854827404022217,0.2891443371772766,0.2891443371772766,0.0,240.66677856445312,0.659716784954071,0.659716784954071,0.3259277045726776,0.2072373926639557,45.79623031616211,0.326173335313797,14.156868934631348,0.5294407606124878,0.9101250767707825,0.35991910099983215,0.35991910099983215,0.0,363.3929443359375,0.6552762985229492,0.6552762985229492,0.3063724935054779,0.20357805490493774,85.9371337890625,0.3446289002895355,17.304424285888672,0.6467698216438293,1.037837028503418
2018,2,30.098365804925894,104.90063320568066,4226.4346,447.0,3.508331060409546,142.38340759277344,15.50806999206543,32.19003677368164,1.255608320236206,7.49883508682251,35.98078536987305,0.2865510880947113,0.2904759347438812,0.0,481.6455383300781,0.5821833610534668,0.5821833610534668,0.15172453224658966,0.12835225462913513,22.299419403076172,0.33919596672058105,15.051423072814941,0.4474184513092041,0.8923868536949158,0.2176167219877243,0.2466418743133545,0.0,553.8627319335938,0.5262911915779114,0.5262911915779114,0.22294294834136963,0.08727964013814926,40.20244216918945,0.29561129212379456,7.800883769989014,0.3344431519508362,0.6065425276756287,0.22895649075508118,0.23142074048519135,0.0,467.1778869628906,0.4146275818347931,0.46373501420021057,0.16657808423042297,0.0766252726316452,20.934152603149414,0.2688576281070709,11.978919982910156,0.5051736235618591,0.945651113986969,0.2945048213005066,0.2945048213005066,0.0,301.20709228515625,0.437991201877594,0.437991201877594,0.17318232357501984,0.08160851895809174,45.11145782470703,0.3129880130290985,17.71806526184082,0.640792727470398,1.1870023012161255,0.35876601934432983,0.35876601934432983,0.0,445.1586608886719,0.42737334966659546,0.42737334966659546,0.1327439844608307,0.09092535078525543,67.69844818115234,0.3305965065956116,21.198030471801758,0.8227879405021667,1.2709945440292358
2018,2,29.987873739922552,104.97932296197081,4243.4507,408.0,6.987674713134766,37.58567810058594,18.371292114257812,30.771892547607422,1.2797900438308716,7.199999809265137,38.95840835571289,0.28536880016326904,0.29022181034088135,0.0,482.9787902832031,0.4732791483402252,0.4732791483402252,0.12530572712421417,0.07856667786836624,21.902868270874023,0.3418983817100525,15.093087196350098,0.4420112073421478,0.8872232437133789,0.2136610746383667,0.2417580932378769,0.0,559.8798828125,0.42895349860191345,0.42895349860191345,0.07945552468299866,0.0568356029689312,40.8183479309082,0.3007084131240845,7.885632514953613,0.33005625009536743,0.5988923907279968,0.22748693823814392,0.2302163690328598,0.0,469.1804504394531,0.3280591368675232,0.35328662395477295,0.028656858950853348,0.055447932332754135,21.193389892578125,0.27296197414398193,12.030267715454102,0.499299556016922,0.9296825528144836,0.29230600595474243,0.29230600595474243,0.0,300.7028503417969,0.3722110092639923,0.3722110092639923,0.10107314586639404,0.07178051024675369,49.71136474609375,0.3205120265483856,17.688404083251953,0.6217513680458069,1.145896553993225,0.35914167761802673,0.35914167761802673,0.0,445.04925537109375,0.3679150640964508,0.3679150640964508,0.090944804251194,0.08414419740438461,67.82210540771484,0.33540078997612,21.192821502685547,0.8023734092712402,1.2397161722183228
2018,2,29.780632559362605,105.41509753062091,4261.1484,393.0,5.637672424316406,109.1456527709961,23.96544647216797,29.270063400268555,1.281063199043274,6.8961968421936035,34.90549087524414,0.2831513285636902,0.28974515199661255,0.0,486.4007568359375,0.6423645615577698,0.6433733105659485,0.24985960125923157,0.18233110010623932,20.832000732421875,0.3464635908603668,15.200023651123047,0.4288190007209778,0.8906744122505188,0.20624184608459473,0.23259802162647247,0.0,575.3670043945312,0.48706960678100586,0.5490086078643799,0.15677647292613983,0.10750182718038559,40.38808059692383,0.3110820949077606,8.103760719299316,0.3168275058269501,0.5651820302009583,0.22473062574863434,0.22795742750167847,0.0,473.93902587890625,0.37721675634384155,0.37721675634384155,0.11436517536640167,0.08434228599071503,21.336421966552734,0.2810283899307251,12.15228271484375,0.47938454151153564,0.8745714426040649,0.28818193078041077,0.28818193078041077,0.0,298.1913146972656,0.5078282952308655,0.5078282952308655,0.36260825395584106,0.11303926259279251,63.85758590698242,0.3401363790035248,17.540666580200195,0.5608007311820984,1.0359121561050415,0.359846293926239,0.359846293926239,0.0,444.42095947265625,0.6153077483177185,0.6171605587005615,0.26987606287002563,0.17285650968551636,68.79792785644531,0.3449052572250366,21.16290283203125,0.7406073212623596,1.18628990650177
2018,2,31.041599450761296,106.71648617306911,4265.307,317.0,1.4252159595489502,310.5897216796875,22.944265365600586,34.633358001708984,1.2865371704101562,6.346301555633545,28.121387481689453,0.266038715839386,0.2889431118965149,0.0,455.8961181640625,0.5129135847091675,0.5724417567253113,0.4307054579257965,0.1097671166062355,35.05502700805664,0.3800943195819855,14.246753692626953,0.38441380858421326,0.7050137519836426,0.19977036118507385,0.23063525557518005,0.0,510.1723937988281,0.3923991024494171,0.4759047329425812,0.3419647812843323,0.07399231940507889,66.60216522216797,0.36445489525794983,7.185526371002197,0.2805533707141876,0.529593825340271,0.23351754248142242,0.24331313371658325,0.0,408.4169006347656,0.47645288705825806,0.4830208122730255,0.31551671028137207,0.08713899552822113,50.90325164794922,0.3632795214653015,10.472228050231934,0.3229372799396515,0.5826571583747864,0.31636369228363037,0.31636369228363037,0.0,285.19219970703125,0.5829691290855408,0.5829691290855408,0.43493759632110596,0.12917928397655487,77.04061126708984,0.3835626244544983,16.776012420654297,0.4880988299846649,0.9903807044029236,0.4201597571372986,0.4201597571372986,0.0,422.40252685546875,0.5050930380821228,0.5050930380821228,0.3625016212463379,0.1530798375606537,126.79682922363281,0.3950549364089966,20.11440658569336,0.5864140391349792,1.0768722295761108
2018,2,30.461376762585868,104.96100051574221,4274.2104,425.0,2.151012420654297,90.0,25.2299747467041,28.536582946777344,1.2919557094573975,7.334061145782471,27.658849716186523,0.290438175201416,0.29131147265434265,0.0,478.6809387207031,0.5672222971916199,0.574461042881012,0.4343484342098236,0.11780639737844467,22.77593994140625,0.3312511742115021,14.958779335021973,0.4617603123188019,0.9269914627075195,0.2306220978498459,0.26269879937171936,0.0,541.0778198242188,0.49315953254699707,0.5068042874336243,0.09638812392950058,0.09640303999185562,37.28531265258789,0.2818683087825775,7.620814323425293,0.34452924132347107,0.6162793040275574,0.23378810286521912,0.23538047075271606,0.0,461.624267578125,0.46144402027130127,0.46144402027130127,0.059121400117874146,0.11408194899559021,19.981359481811523,0.25807079672813416,11.836519241333008,0.512140691280365,0.9497969746589661,0.301734060049057,0.301734060049057,0.0,300.6689147949219,0.6370105743408203,0.6370105743408203,0.22026222944259644,0.186720609664917,36.036285400390625,0.2980853319168091,17.6864070892334,0.6664697527885437,1.2499531507492065,0.3575308620929718,0.3575308620929718,0.0,444.5066833496094,0.5453170537948608,0.5453170537948608,0.13488854467868805,0.1433355063199997,71.14734649658203,0.3193787634372711,21.16698455810547,0.8558552861213684,1.3690437078475952
2018,2,30.011591698425836,105.0148976701752,4280.889,389.0,5.3399858474731445,270.0,16.538755416870117,31.075416564941406,1.291477918624878,7.169234752655029,38.196380615234375,0.2856254577636719,0.29027697443962097,0.0,482.9181213378906,0.5064870119094849,0.5064870119094849,0.17098353803157806,0.10722500085830688,21.858713150024414,0.34144672751426697,15.091191291809082,0.4426187574863434,0.8912113904953003,0.21451973915100098,0.24281823635101318,0.0,559.6968994140625,0.6093564629554749,0.6313954591751099,0.2375028133392334,0.1537160724401474,40.525779724121094,0.30007103085517883,7.883055210113525,0.33027663826942444,0.597927987575531,0.2278059422969818,0.23047779500484467,0.0,468.9168701171875,0.5931658148765564,0.6319576501846313,0.30896294116973877,0.17163756489753723,21.116764068603516,0.27248674631118774,12.02350902557373,0.4985710680484772,0.9254459738731384,0.29278331995010376,0.29278331995010376,0.0,300.4561767578125,0.6359795928001404,0.6359795928001404,0.40230926871299744,0.1973017305135727,49.71177291870117,0.3204513192176819,17.673892974853516,0.619912326335907,1.1433887481689453,0.359060138463974,0.359060138463974,0.0,444.9134216308594,0.5649796724319458,0.5649796724319458,0.31788673996925354,0.16823093593120575,68.39057159423828,0.33505892753601074,21.186351776123047,0.8012945652008057,1.2458586692810059
2018,2,31.54286037748231,105.21028210103404,4291.9956,500.0,11.290735244750977,229.560791015625,24.374774932861328,22.83640480041504,1.3163114786148071,7.297993183135986,31.30655288696289,0.26772016286849976,0.2825929522514343,0.40674537420272827,434.1390075683594,0.846959114074707,0.846959114074707,0.056395649909973145,0.2028828114271164,41.76297378540039,0.36297860741615295,13.554133415222168,0.4085696339607239,0.8691189289093018,0.21677643060684204,0.247881218791008,7.651377201080322,448.473876953125,0.4833085238933563,0.5006169676780701,0.08557218313217163,0.1087779551744461,43.70317459106445,0.31086915731430054,6.208767414093018,0.3307754099369049,0.6740524768829346,0.23907749354839325,0.2464539259672165,2.0844674110412598,404.4476318359375,0.49287378787994385,0.5003277659416199,0.33567991852760315,0.09001467376947403,20.412935256958008,0.27999332547187805,10.317004203796387,0.45594507455825806,0.8554794192314148,0.32432323694229126,0.32432323694229126,0.0,284.9101867675781,0.5654779076576233,0.5654779076576233,0.18639978766441345,0.14539869129657745,23.10455894470215,0.3081040680408478,16.759422302246094,0.6568849682807922,1.15628981590271,0.42494630813598633,0.42494630813598633,0.0,423.31292724609375,0.5361409783363342,0.5361409783363342,0.17163336277008057,0.14280597865581512,64.5566635131836,0.314863383769989,20.157758712768555,0.8414978981018066,1.4600673913955688
2018,2,30.457064811867188,104.71656597329547,4292.234,402.0,4.295795440673828,90.0,20.192617416381836,35.00429153442383,1.3002805709838867,7.287987232208252,24.639312744140625,0.29039204120635986,0.29130154848098755,0.0,477.3800048828125,0.5671015977859497,0.574378252029419,0.43433907628059387,0.11777127534151077,23.696502685546875,0.3296792805194855,14.91812515258789,0.4642515182495117,0.9111661911010742,0.23046773672103882,0.26250821352005005,0.0,534.399169921875,0.4767563045024872,0.4767563045024872,0.16264498233795166,0.10883907973766327,37.45484161376953,0.27838996052742004,7.526749134063721,0.3469626307487488,0.6241250038146973,0.233730748295784,0.23533347249031067,0.0,460.9534912109375,0.4309301972389221,0.4309301972389221,0.1816173493862152,0.10370268672704697,19.89247703552246,0.2546754777431488,11.819319725036621,0.5230656862258911,0.9996538758277893,0.30164825916290283,0.30164825916290283,0.0,302.6451416015625,0.4870874881744385,0.4870874881744385,0.22462241351604462,0.12209150940179825,31.563737869262695,0.28838881850242615,17.802654266357422,0.7000553011894226,1.32699716091156,0.35754552483558655,0.35754552483558655,0.0,445.630859375,0.4123424291610718,0.4123424291610718,0.15833190083503723,0.10627447068691254,66.24270629882812,0.31346389651298523,21.220516204833984,0.8865698575973511,1.3782395124435425
2018,2,30.97045449345357,107.43873122979679,4295.976,409.0,15.785170555114746,23.622285842895508,38.53673553466797,20.36989402770996,1.3015714883804321,6.32365083694458,37.14388656616211,0.282614529132843,0.31660136580467224,0.0,447.0109558105469,0.5494812726974487,0.6093029379844666,0.4371797740459442,0.11949864029884338,40.622928619384766,0.38994157314300537,13.96909236907959,0.3758930563926697,0.6527974605560303,0.19007427990436554,0.22270117700099945,0.0,487.90936279296875,0.5810570120811462,0.5882259011268616,0.19132274389266968,0.08330944180488586,78.5840835571289,0.38113051652908325,6.871963024139404,0.26532334089279175,0.5145132541656494,0.23006920516490936,0.24401156604290009,0.0,391.20111083984375,0.4811658263206482,0.49289393424987793,0.3020554184913635,0.08792288601398468,74.79219055175781,0.3926856219768524,10.030797004699707,0.28331172466278076,0.5181785821914673,0.3214928209781647,0.3214928209781647,0.0,279.9330749511719,0.6259192824363708,0.6294190287590027,0.20249353349208832,0.12894614040851593,78.86965942382812,0.4003443121910095,16.466650009155273,0.46761149168014526,0.9798217415809631,0.42917776107788086,0.42917776107788086,0.0,415.0220031738281,0.6629365682601929,0.6629365682601929,0.5535023212432861,0.19757959246635437,122.99577331542969,0.4050126373767853,19.76295280456543,0.5604742765426636,1.0520226955413818
2018,2,31.370921899962493,106.12737203739312,4317.8213,386.0,7.225880146026611,333.34564208984375,28.906282424926758,29.276912689208984,1.3194446563720703,7.398116588592529,29.862205505371094,0.26204055547714233,0.279185950756073,0.0,454.2298583984375,0.5001945495605469,0.5670924186706543,0.4299432337284088,0.10816474258899689,33.94203186035156,0.36357706785202026,14.194683074951172,0.4085124135017395,0.8288171291351318,0.21103820204734802,0.24296845495700836,0.0,501.6827697753906,0.5448669195175171,0.5448669195175171,0.20974625647068024,0.12508101761341095,52.69892501831055,0.32832804322242737,7.065954208374023,0.31707438826560974,0.6233025789260864,0.24035915732383728,0.24558380246162415,0.0,417.7670593261719,0.4903687536716461,0.49927201867103577,0.33710777759552,0.09040284156799316,32.93659973144531,0.31294557452201843,10.711976051330566,0.393902450799942,0.7164942026138306,0.3247753977775574,0.3247753977775574,0.0,289.0495910644531,0.5901893377304077,0.5901893377304077,0.44641855359077454,0.13445834815502167,50.90211868286133,0.3405514657497406,17.00291633605957,0.5621891021728516,1.0419247150421143,0.42764613032341003,0.42764613032341003,0.0,427.5809020996094,0.6501825451850891,0.6501825451850891,0.5075897574424744,0.19492830336093903,98.23629760742188,0.3561803996562958,20.36099624633789,0.6980680823326111,1.2436001300811768
2018,2,29.81917256976755,105.24397060949283,4320.904,427.0,12.586729049682617,160.47305297851562,26.999244689941406,28.099061965942383,1.2767456769943237,7.219159126281738,30.369808197021484,0.28356656432151794,0.2898344099521637,0.0,485.4620666503906,0.6149117946624756,0.6268360018730164,0.19036999344825745,0.16555140912532806,21.14777946472168,0.3457212448120117,15.170689582824707,0.43223869800567627,0.8858568072319031,0.20763114094734192,0.23431330919265747,0.0,571.0929565429688,0.5263614058494568,0.558361828327179,0.14554433524608612,0.1115947812795639,40.93589782714844,0.3088248372077942,8.043562889099121,0.3208230435848236,0.5773330330848694,0.22524675726890564,0.22838042676448822,0.0,472.73883056640625,0.5303593277931213,0.5416519045829773,0.19980323314666748,0.10361844301223755,21.408063888549805,0.2793360650539398,12.121508598327637,0.4859510660171509,0.8933087587356567,0.2889541685581207,0.2889541685581207,0.0,299.16162109375,0.5407171845436096,0.5407171845436096,0.2225145548582077,0.13550423085689545,59.49597930908203,0.3346397280693054,17.597742080688477,0.5803176760673523,1.0677731037139893,0.3597143590450287,0.3597143590450287,0.0,444.6860046386719,0.5564404726028442,0.5564404726028442,0.22378630936145782,0.14864365756511688,68.29521942138672,0.34285399317741394,21.17552375793457,0.7597030401229858,1.1949769258499146
2018,2,29.76769670720656,105.01247191920213,4325.1934,412.0,13.419285774230957,18.218753814697266,20.77482032775879,31.80287742614746,1.2899999618530273,7.128057479858398,36.13295364379883,0.28301292657852173,0.28971537947654724,0.0,485.048828125,0.4992882311344147,0.5092633366584778,0.2210129350423813,0.0875544399023056,21.476207733154297,0.34678077697753906,15.15777587890625,0.4325733184814453,0.8698177933692932,0.20577874779701233,0.23202626407146454,0.0,568.94140625,0.46399936079978943,0.5505548119544983,0.20189662277698517,0.08585690706968307,42.311676025390625,0.3095015585422516,8.013259887695312,0.32288458943367004,0.5890660285949707,0.22455857694149017,0.22781643271446228,0.0,472.7789611816406,0.38222959637641907,0.42092904448509216,0.24464772641658783,0.09934817999601364,21.723093032836914,0.27987903356552124,12.122537612915039,0.4926091134548187,0.918494462966919,0.28792449831962585,0.28792449831962585,0.0,300.591796875,0.42537492513656616,0.42537492513656616,0.26262640953063965,0.09834396839141846,56.53925323486328,0.33134910464286804,17.681869506835938,0.5989481806755066,1.095268964767456,0.35989028215408325,0.35989028215408325,0.0,445.2734680175781,0.39230450987815857,0.40197885036468506,0.14352448284626007,0.11203139275312424,66.29444122314453,0.3428278863430023,21.20349884033203,0.7756340503692627,1.1802215576171875
2018,2,29.889510429784597,104.92919820702903,4337.6733,346.0,10.413723945617676,142.44161987304688,20.665489196777344,31.742918014526367,1.2788397073745728,7.064047336578369,37.260311126708984,0.2843191921710968,0.2899961769580841,0.0,483.6505126953125,0.5512100458145142,0.5634811520576477,0.43310490250587463,0.11314836144447327,21.836668014526367,0.34402525424957275,15.114078521728516,0.4384995400905609,0.8761775493621826,0.21014924347400665,0.23742224276065826,0.0,562.7175903320312,0.40068432688713074,0.40068432688713074,0.09786321222782135,0.08068333566188812,41.7474479675293,0.3042144477367401,7.925600051879883,0.32785752415657043,0.598223865032196,0.2261822670698166,0.22914712131023407,0.0,470.5665588378906,0.3496822714805603,0.3496822714805603,0.05174728110432625,0.0715830996632576,21.47648048400879,0.27571243047714233,12.06580924987793,0.49859172105789185,0.9325775504112244,0.2903538942337036,0.2903538942337036,0.0,301.055908203125,0.357952356338501,0.357952356338501,0.05678892135620117,0.07954014092683792,51.517398834228516,0.32369598746299744,17.709171295166016,0.6182451248168945,1.134610891342163,0.3594752252101898,0.3594752252101898,0.0,445.3031005859375,0.36083418130874634,0.36083418130874634,0.045799028128385544,0.08381160348653793,66.64649963378906,0.33816325664520264,21.204910278320312,0.7966170310974121,1.213173270225525
2018,2,31.3191784913383,107.98473031738703,4339.068,442.0,15.930838584899902,164.6009063720703,31.12852668762207,30.471954345703125,1.309999942779541,6.6819024085998535,36.35520553588867,0.27813857793807983,0.31165558099746704,0.0,423.1274719238281,0.5838049054145813,0.6343229413032532,0.4405662417411804,0.11766687035560608,39.363494873046875,0.4014780819416046,13.222733497619629,0.3655320107936859,0.6385084986686707,0.20453061163425446,0.23440010845661163,0.36797279119491577,428.8319091796875,0.4060860276222229,0.40898874402046204,0.05135205015540123,0.06922022998332977,85.9306411743164,0.39869222044944763,6.034703731536865,0.25923433899879456,0.47490325570106506,0.21156512200832367,0.23880892992019653,0.0,362.91522216796875,0.47154462337493896,0.49502772092819214,0.2728889584541321,0.08270341157913208,91.9441909790039,0.41386646032333374,9.305519104003906,0.2757359743118286,0.4989081025123596,0.2987789511680603,0.2987789511680603,0.0,270.3816833496094,0.6216480135917664,0.6216480135917664,0.23238909244537354,0.16680175065994263,73.08991241455078,0.4110763967037201,15.904804229736328,0.4787110388278961,0.9250025153160095,0.4750947654247284,0.4750947654247284,0.0,401.50775146484375,0.7149375081062317,0.7149375081062317,0.5875176787376404,0.22777613997459412,109.11953735351562,0.4180797338485718,19.119417190551758,0.5699788331985474,1.071542739868164
2018,2,29.942060935699452,103.33540847210219,4340.6963,503.0,2.1406407356262207,150.01441955566406,15.864799499511719,34.81389617919922,1.1733657121658325,6.099999904632568,35.79568099975586,0.2746625244617462,0.2883009910583496,0.7177284359931946,386.7021484375,0.598119854927063,0.6237038373947144,0.43176060914993286,0.11426174640655518,58.72716522216797,0.39624571800231934,12.062013626098633,0.2907114326953888,0.46157750487327576,0.2075473666191101,0.25383681058883667,21.170331954956055,372.80633544921875,0.5524623394012451,0.5653141140937805,0.22347740828990936,0.1264798641204834,82.59666442871094,0.36524122953414917,4.952620029449463,0.23989038169384003,0.4298396408557892,0.2272571474313736,0.23724763095378876,6.228866100311279,354.53790283203125,0.588483989238739,0.5891789793968201,0.35524311661720276,0.18820913136005402,53.08272171020508,0.3500387966632843,8.931000709533691,0.35052359104156494,0.6031861305236816,0.291315495967865,0.291315495967865,0.0,257.5627746582031,0.5267429947853088,0.5267429947853088,0.4031631648540497,0.11789973825216293,72.63375854492188,0.3629325032234192,15.150751113891602,0.48826923966407776,0.7711392641067505,0.3705899715423584,0.3705899715423584,0.0,378.3460693359375,0.5651583671569824,0.5651583671569824,0.42582154273986816,0.16224662959575653,105.47652435302734,0.3808151185512543,18.0164794921875,0.5734583735466003,0.9180598855018616
2018,2,29.121180563669547,105.22052465615381,4344.872,303.0,2.3158621788024902,66.4045181274414,35.95530700683594,28.245241165161133,1.263925552368164,6.041121959686279,34.94573974609375,0.2806795537471771,0.2955268323421478,0.0,486.5207824707031,0.45182162523269653,0.48095381259918213,0.2043881118297577,0.0942784920334816,25.59678840637207,0.3576635420322418,15.203774452209473,0.3949047923088074,0.7650222778320312,0.18627764284610748,0.21783530712127686,0.0,586.1038208007812,0.6157951354980469,0.6293805241584778,0.3021186590194702,0.14606735110282898,54.005828857421875,0.33239397406578064,8.254983901977539,0.29353949427604675,0.5099216103553772,0.2140359729528427,0.21717454493045807,0.0,475.51422119140625,0.660498321056366,0.660498321056366,0.3873443007469177,0.1957234889268875,27.277790069580078,0.3007104694843292,12.192672729492188,0.4539325535297394,0.8416432738304138,0.28459644317626953,0.28459644317626953,0.0,300.4844665527344,0.5186293125152588,0.5186293125152588,0.3718695342540741,0.11080329120159149,68.49735260009766,0.3497423529624939,17.675556182861328,0.541472852230072,0.9780776500701904,0.37772682309150696,0.37772682309150696,0.0,444.8580322265625,0.4103625416755676,0.4103625416755676,0.12135773152112961,0.10399440675973892,60.37818908691406,0.3491361737251282,21.1837158203125,0.7073087096214294,1.063463568687439
2018,2,29.264821585904198,104.84241964142794,4345.788,328.0,2.1370742321014404,209.8192901611328,31.234668731689453,28.40440559387207,1.291176438331604,6.005836009979248,30.960256576538086,0.2790478765964508,0.2914271652698517,0.0,483.4996337890625,0.4618249535560608,0.46926218271255493,0.08751790970563889,0.09100478142499924,24.837966918945312,0.35776418447494507,15.109363555908203,0.40394309163093567,0.7737696766853333,0.19318735599517822,0.22062520682811737,0.0,574.2592163085938,0.39574307203292847,0.48452073335647583,0.08627273887395859,0.07537727802991867,53.76966094970703,0.32888156175613403,8.08815860748291,0.30401739478111267,0.5520597100257874,0.21757067739963531,0.22115358710289001,0.0,472.4547119140625,0.4789808988571167,0.4789808988571167,0.17175409197807312,0.11330623179674149,26.374961853027344,0.29812902212142944,12.11422348022461,0.47040677070617676,0.8768599033355713,0.28383028507232666,0.28383028507232666,0.0,300.57879638671875,0.5156807899475098,0.5156807899475098,0.16188572347164154,0.11786774545907974,61.99619674682617,0.3448626697063446,17.681106567382812,0.5694481134414673,1.0151718854904175,0.3742300868034363,0.3742300868034363,0.0,443.3879089355469,0.5014029145240784,0.5014029145240784,0.14471815526485443,0.11689145863056183,63.49858093261719,0.35276859998703003,21.113710403442383,0.732416033744812,1.0666494369506836
2018,2,30.032339895627523,104.8510435428653,4354.426,423.0,5.547544956207275,180.0,17.687091827392578,28.54176139831543,1.276719570159912,7.599999904632568,36.8327751159668,0.2858445942401886,0.29032406210899353,0.0,482.0301818847656,0.5552017688751221,0.566218376159668,0.43341490626335144,0.11430957913398743,22.292455673217773,0.34059205651283264,15.063443183898926,0.4452250599861145,0.8840999007225037,0.21525298058986664,0.24372351169586182,0.0,555.4427490234375,0.6297155618667603,0.6297155618667603,0.36593419313430786,0.11783633381128311,40.87859344482422,0.2978372573852539,7.823137283325195,0.33318766951560974,0.6069034337997437,0.22807835042476654,0.2307010442018509,0.0,468.0590515136719,0.4761044681072235,0.5047264099121094,0.21031449735164642,0.11996421217918396,21.131784439086914,0.27059170603752136,12.001513481140137,0.5052916407585144,0.9498473405838013,0.2931908965110779,0.2931908965110779,0.0,301.5503234863281,0.5370160341262817,0.5370160341262817,0.2820037305355072,0.13759049773216248,46.02618408203125,0.314670592546463,17.73825454711914,0.6401993036270142,1.1827231645584106,0.35899049043655396,0.35899049043655396,0.0,445.37567138671875,0.4448450803756714,0.4448450803756714,0.20483294129371643,0.10787525027990341,66.73845672607422,0.33225879073143005,21.20836639404297,0.8205441236495972,1.2532873153686523
2018,2,30.091632562335192,104.9752830164164,4356.25,427.0,5.09805154800415,122.98027801513672,13.56829833984375,37.82603454589844,1.2695271968841553,7.184053421020508,37.36090850830078,0.2864818871021271,0.29046106338500977,0.0,482.0390930175781,0.5015164017677307,0.5015164017677307,0.15974904596805573,0.12710854411125183,22.08989906311035,0.33957573771476746,15.063721656799316,0.44634708762168884,0.8959853053092957,0.2173851728439331,0.24635599553585052,0.0,555.7749633789062,0.6091233491897583,0.6091233491897583,0.31563177704811096,0.10020813345909119,40.051414489746094,0.2965930104255676,7.827816486358643,0.33324646949768066,0.6027719974517822,0.2288704663515091,0.23135022819042206,0.0,467.5204772949219,0.4785909354686737,0.4785909354686737,0.10132325440645218,0.1015309989452362,20.93010711669922,0.2697155177593231,11.98770523071289,0.5020945072174072,0.9338939785957336,0.29437610507011414,0.29437610507011414,0.0,300.69085693359375,0.47692182660102844,0.47692182660102844,0.12188708782196045,0.104433573782444,46.7077751159668,0.3156251311302185,17.68769645690918,0.6314811110496521,1.16838538646698,0.35878801345825195,0.35878801345825195,0.0,444.9246826171875,0.5054141879081726,0.5054141879081726,0.13965222239494324,0.1296893060207367,68.5827407836914,0.3319234848022461,21.1868896484375,0.8140366077423096,1.2680052518844604
2018,2,31.509171869023525,106.09314397770684,4366.107,431.0,14.558080673217773,4.192803859710693,27.414730072021484,29.70850944519043,1.3300000429153442,7.099999904632568,26.653675079345703,0.26049745082855225,0.27821218967437744,0.0,449.5924072265625,0.4965193569660187,0.5687361359596252,0.4299917221069336,0.1078646183013916,35.07052230834961,0.3627606928348541,14.049762725830078,0.407667338848114,0.8370282649993896,0.21168223023414612,0.24372132122516632,0.6319237351417542,491.1629638671875,0.5497395992279053,0.5497395992279053,0.19058561325073242,0.07963304221630096,51.64751434326172,0.32448115944862366,6.90888786315918,0.32116687297821045,0.640407919883728,0.24157865345478058,0.24646033346652985,0.08115178346633911,413.6099853515625,0.4951901137828827,0.5047394037246704,0.3414083421230316,0.09120018035173416,31.61988067626953,0.30774441361427307,10.603303909301758,0.39858144521713257,0.7286921143531799,0.32811659574508667,0.32811659574508667,0.0,288.2590637207031,0.5978612303733826,0.5978612303733826,0.4539411962032318,0.13657331466674805,45.771888732910156,0.3339378237724304,16.9564151763916,0.5725827813148499,1.0433796644210815,0.4352812170982361,0.4352812170982361,0.0,426.10333251953125,0.6618733406066895,0.6618733406066895,0.5195130109786987,0.1998710185289383,92.54312133789062,0.3503369987010956,20.29063606262207,0.7108554840087891,1.265942931175232
2018,2,29.66448189512245,105.3735966771165,4379.3403,332.0,0.0,-0.0,23.918916702270508,31.539533615112305,1.253734827041626,6.729543209075928,29.442707061767578,0.28191137313842773,0.2894786298274994,0.0,487.152099609375,0.3922005295753479,0.3942378759384155,0.06222572922706604,0.08392691612243652,20.848947525024414,0.3485739827156067,15.223503112792969,0.4244976341724396,0.8776694536209106,0.202093243598938,0.22747601568698883,0.0,578.3959350585938,0.4625495672225952,0.5108686685562134,0.1646614521741867,0.1022026315331459,41.17422866821289,0.3147498071193695,8.146421432495117,0.31362539529800415,0.5617095828056335,0.22318938374519348,0.22669431567192078,0.0,475.6578063964844,0.3178454637527466,0.5049267411231995,0.17591433227062225,0.09163472801446915,21.580474853515625,0.28373032808303833,12.196353912353516,0.47861945629119873,0.8815242052078247,0.2858758568763733,0.2858758568763733,0.0,298.6266784667969,0.5049660205841064,0.5049660205841064,0.36039596796035767,0.11174128204584122,66.345703125,0.34331178665161133,17.566274642944336,0.5573338270187378,1.0294262170791626,0.36024031043052673,0.36024031043052673,0.0,444.82940673828125,0.47421741485595703,0.4782693386077881,0.13536864519119263,0.12447632849216461,66.70356750488281,0.3471999168395996,21.182353973388672,0.7343606352806091,1.1578805446624756
2018,2,30.45787190915786,105.11703783890543,4384.631,403.0,10.118326187133789,204.89297485351562,27.045915603637695,25.96282196044922,1.2935078144073486,6.99243688583374,33.953128814697266,0.2903977930545807,0.29130280017852783,0.0,479.5697937011719,0.36529964208602905,0.36529964208602905,0.04457559436559677,0.07911258190870285,22.176572799682617,0.3324016034603119,14.986556053161621,0.4599006474018097,0.9365343451499939,0.23048703372478485,0.2625320255756378,0.0,545.5963745117188,0.4738483130931854,0.524120032787323,0.13724608719348907,0.1074654832482338,37.227088928222656,0.28434741497039795,7.6844563484191895,0.34278079867362976,0.6110479235649109,0.23373791575431824,0.23533934354782104,0.0,462.1556701660156,0.5524644255638123,0.5524644255638123,0.2701314389705658,0.16908632218837738,20.05507469177246,0.26044291257858276,11.85014533996582,0.5049975514411926,0.9177162051200867,0.3016589879989624,0.3016589879989624,0.0,299.40924072265625,0.5032124519348145,0.5032124519348145,0.2507874369621277,0.13724876940250397,39.074947357177734,0.30457910895347595,17.612308502197266,0.6444365978240967,1.1993684768676758,0.3575436770915985,0.3575436770915985,0.0,443.79693603515625,0.47708290815353394,0.47708290815353394,0.16921377182006836,0.13698050379753113,74.23167419433594,0.3233746290206909,21.13318634033203,0.8355324864387512,1.3613882064819336
2018,2,30.270843833673176,104.71036782283119,4402.496,415.0,6.551947116851807,9.392305374145508,24.2843017578125,29.723758697509766,1.2946480512619019,7.360297679901123,24.992263793945312,0.28839945793151855,0.290873259305954,0.0,479.1319885253906,0.5618873834609985,0.5708028078079224,0.43393412232398987,0.11625444889068604,23.245487213134766,0.3342840075492859,14.972874641418457,0.4566153287887573,0.8957395553588867,0.22380103170871735,0.2542772591114044,0.0,542.2150268554688,0.5040795803070068,0.5040795803070068,0.16777153313159943,0.10409542918205261,39.14571762084961,0.2863169312477112,7.636831283569336,0.341823935508728,0.6197850704193115,0.23125401139259338,0.23330366611480713,0.0,463.8558349609375,0.408657044172287,0.43498602509498596,0.09323856234550476,0.08175311237573624,20.458799362182617,0.26111993193626404,11.893739700317383,0.5177723169326782,0.9874945878982544,0.29794245958328247,0.29794245958328247,0.0,302.6089782714844,0.5547221899032593,0.5547221899032593,0.14590702950954437,0.13271091878414154,36.665767669677734,0.29793480038642883,17.800527572631836,0.6812748908996582,1.278158187866211,0.35817867517471313,0.35817867517471313,0.0,445.7200927734375,0.5549370646476746,0.5549370646476746,0.17161314189434052,0.1435321718454361,65.70327758789062,0.32080522179603577,21.22476577758789,0.864508330821991,1.3243603706359863
2018,2,31.554445122019153,107.19052874695987,4405.66,756.0,5.954030513763428,338.6360168457031,29.470399856567383,29.02505111694336,1.2367961406707764,5.900000095367432,38.0456428527832,0.2737978398799896,0.2989748418331146,0.0,427.46820068359375,0.554709255695343,0.6096963882446289,0.4431261122226715,0.11493228375911713,39.079830169677734,0.3837222158908844,13.358381271362305,0.3531026542186737,0.6146561503410339,0.21531856060028076,0.22744949162006378,3.5301673412323,444.9468078613281,0.5201157927513123,0.5213441848754883,0.17486022412776947,0.05153024569153786,72.30033111572266,0.36614227294921875,6.217135906219482,0.27016139030456543,0.4983136057853699,0.23053471744060516,0.24667178094387054,0.004496402572840452,373.44317626953125,0.48734068870544434,0.49465641379356384,0.3027249872684479,0.08732660859823227,65.02657318115234,0.3745582401752472,9.575350761413574,0.2934246361255646,0.5038973093032837,0.32853251695632935,0.32853251695632935,0.0,275.8790283203125,0.6644043326377869,0.6644043326377869,0.23296304047107697,0.19272978603839874,66.80110931396484,0.3773338496685028,16.228178024291992,0.48500150442123413,0.8706836104393005,0.45717373490333557,0.45717373490333557,0.0,407.40020751953125,0.7137719988822937,0.7137719988822937,0.5898982286453247,0.2177707850933075,103.27446746826172,0.3928849399089813,19.400009155273438,0.5674592852592468,1.0971750020980835
2018,2,30.944043237914013,104.00644967143315,4407.8076,544.0,1.0812808275222778,90.0,26.3187255859375,25.01872444152832,1.1488118171691895,6.5956244468688965,43.19192123413086,0.26751866936683655,0.2766328454017639,1.6149606704711914,377.9440002441406,0.5527843236923218,0.5836269855499268,0.4017820954322815,0.10894758999347687,56.24910354614258,0.36618027091026306,11.760282516479492,0.328878253698349,0.589483380317688,0.20942412316799164,0.24154014885425568,37.34671401977539,348.871826171875,0.4372195899486542,0.48807665705680847,0.15504176914691925,0.11015205085277557,60.605674743652344,0.32221007347106934,4.3876776695251465,0.26726117730140686,0.486285537481308,0.22461940348148346,0.2319239228963852,10.194600105285645,340.1607971191406,0.4922679662704468,0.5317164063453674,0.24798613786697388,0.13879428803920746,42.61149978637695,0.30434098839759827,8.460672378540039,0.39023298025131226,0.7428791522979736,0.293702095746994,0.293702095746994,0.0,253.05592346191406,0.473569393157959,0.473569393157959,0.20698398351669312,0.13167746365070343,40.307987213134766,0.315925657749176,14.885643005371094,0.5749244689941406,1.01080322265625,0.36394715309143066,0.36394715309143066,0.0,379.65777587890625,0.3790086805820465,0.3790086805820465,0.10370630025863647,0.09813380241394043,79.42700958251953,0.33539870381355286,18.078941345214844,0.7077783942222595,1.1354539394378662
2018,2,30.15711892040609,104.59529626104596,4416.9307,377.0,6.29250431060791,137.2240753173828,21.308513641357422,29.17473602294922,1.2699999809265137,7.130495071411133,29.830408096313477,0.28718259930610657,0.2906116843223572,0.0,479.68597412109375,0.4409954845905304,0.4409954845905304,0.11248471587896347,0.09800524264574051,23.283161163330078,0.3366889953613281,14.99018669128418,0.4531533122062683,0.8800074458122253,0.21972961723804474,0.24925053119659424,0.0,544.42333984375,0.4415532052516937,0.5118647217750549,0.33613643050193787,0.08746012300252914,40.443851470947266,0.28999456763267517,7.667934417724609,0.3401348888874054,0.6221925020217896,0.22974145412445068,0.23206403851509094,0.0,465.2731628417969,0.46898525953292847,0.4839712381362915,0.1780681163072586,0.11587057262659073,20.824920654296875,0.26398974657058716,11.930081367492676,0.5189772844314575,0.998017430305481,0.2956793010234833,0.2956793010234833,0.0,303.3772277832031,0.5715251564979553,0.5715251564979553,0.29932722449302673,0.16532926261425018,37.6754264831543,0.3001372516155243,17.845720291137695,0.6831595301628113,1.275403618812561,0.3585653305053711,0.3585653305053711,0.0,446.1561279296875,0.5270438194274902,0.5270438194274902,0.21741503477096558,0.15292809903621674,63.86887741088867,0.32347890734672546,21.24553108215332,0.8633372187614441,1.2936856746673584
2018,2,30.23931353012426,104.55352340237727,4416.9307,417.0,1.8543341159820557,180.0,19.2569522857666,31.75946044921875,1.2828881740570068,7.202200889587402,30.205427169799805,0.28806209564208984,0.29080072045326233,0.0,478.6678161621094,0.5736100077629089,0.5736100077629089,0.2016289234161377,0.15227875113487244,23.65238380432129,0.33434903621673584,14.958369255065918,0.4570100009441376,0.8839949369430542,0.2226722240447998,0.25288358330726624,0.0,539.7210693359375,0.5838831663131714,0.5838831663131714,0.2865314781665802,0.15150320529937744,39.72029495239258,0.2858261168003082,7.601705551147461,0.3428667187690735,0.6255490779876709,0.23083464801311493,0.23295998573303223,0.0,463.85772705078125,0.5071186423301697,0.5143187046051025,0.2668001055717468,0.13114657998085022,20.556053161621094,0.2604968547821045,11.893787384033203,0.5233293175697327,1.0125423669815063,0.29731500148773193,0.29731500148773193,0.0,303.75390625,0.5415855646133423,0.5415855646133423,0.393554151058197,0.16529260575771332,34.58712387084961,0.2941126227378845,17.867877960205078,0.6976574659347534,1.3112441301345825,0.3582858741283417,0.3582858741283417,0.0,446.3218078613281,0.44864439964294434,0.44864439964294434,0.19028562307357788,0.12657025456428528,63.21223068237305,0.31912532448768616,21.25341796875,0.8787730932235718,1.3193820714950562
2018,2,30.510694420236977,105.49055443864734,4430.235,336.0,4.396336555480957,282.1548767089844,13.279205322265625,33.27433776855469,1.2922523021697998,7.33943510055542,28.378192901611328,0.29052355885505676,0.2912564277648926,0.0,481.0319519042969,0.5675181746482849,0.5751225352287292,0.43438097834587097,0.118009053170681,20.90839195251465,0.33446162939071655,15.032248497009277,0.4574381411075592,0.9646854996681213,0.2317846417427063,0.2641799747943878,0.0,554.1304931640625,0.4616745412349701,0.5083656311035156,0.10714878141880035,0.0837295651435852,36.84403610229492,0.2887137532234192,7.804654598236084,0.34049192070961,0.6029883027076721,0.2343837469816208,0.2359197437763214,0.0,462.25799560546875,0.4555169641971588,0.461051881313324,0.1109732836484909,0.09390256553888321,20.094186782836914,0.2648976147174835,11.852768898010254,0.488789439201355,0.8406178951263428,0.3027808964252472,0.3027808964252472,0.0,296.2798156738281,0.6337953209877014,0.6337953209877014,0.2923350930213928,0.18462170660495758,44.644954681396484,0.3182293474674225,17.428224563598633,0.5957188606262207,1.0849273204803467,0.3582313656806946,0.3582313656806946,0.0,441.8938293457031,0.652358889579773,0.652358889579773,0.28848138451576233,0.19753172993659973,82.27362823486328,0.33163967728614807,21.04256248474121,0.7920623421669006,1.3571481704711914
2018,2,29.83507372412413,104.74270968277182,4443.3105,327.0,1.069079875946045,270.0,30.136262893676758,25.869720458984375,1.2796695232391357,6.971729278564453,38.210899353027344,0.2837367057800293,0.2898709774017334,0.0,483.4337463378906,0.5074473023414612,0.5403560400009155,0.1167183443903923,0.13481353223323822,22.075990676879883,0.34517374634742737,15.107304573059082,0.4382424056529999,0.8621789216995239,0.2082003653049469,0.2350160926580429,0.0,561.4949951171875,0.627079427242279,0.627079427242279,0.28834104537963867,0.16061389446258545,42.95787811279297,0.30527591705322266,7.908380031585693,0.3291431963443756,0.6072708368301392,0.22545823454856873,0.22855374217033386,0.0,470.8001708984375,0.5744879841804504,0.58283931016922,0.21607069671154022,0.13487917184829712,21.764869689941406,0.2765614986419678,12.071799278259277,0.5036125183105469,0.9522665143013,0.2892705798149109,0.2892705798149109,0.0,302.2093200683594,0.595262348651886,0.595262348651886,0.25512704253196716,0.1524316668510437,49.4938850402832,0.3216579556465149,17.777019500732422,0.6320483088493347,1.1538382768630981,0.3596602976322174,0.3596602976322174,0.0,445.78900146484375,0.5177034735679626,0.5177034735679626,0.20126411318778992,0.12998026609420776,64.95896911621094,0.3385927379131317,21.22804832458496,0.8080112338066101,1.1977434158325195
2018,2,30.999019494801946,106.38473797289483,4444.2393,297.0,8.045615196228027,203.62860107421875,23.753440856933594,31.094234466552734,1.3011045455932617,6.7679314613342285,30.045305252075195,0.262915700674057,0.2817428708076477,0.0,461.30413818359375,0.5049741864204407,0.5615487098693848,0.42856016755104065,0.1075434461236,32.574684143066406,0.37420424818992615,14.415754318237305,0.3957681953907013,0.7532619833946228,0.2030484974384308,0.234584242105484,0.0,521.30224609375,0.4011368155479431,0.4860326647758484,0.34078842401504517,0.07424506545066833,60.2806510925293,0.3537605106830597,7.34228515625,0.2913949191570282,0.5506851673126221,0.23438028991222382,0.24239832162857056,0.0,418.8686218261719,0.47375166416168213,0.4793354272842407,0.3187211751937866,0.08685147762298584,40.890586853027344,0.34598955512046814,10.74022102355957,0.35202133655548096,0.6366125345230103,0.31343990564346313,0.31343990564346313,0.0,287.9605407714844,0.5692375302314758,0.5692375302314758,0.42560306191444397,0.12741927802562714,73.02242279052734,0.37399375438690186,16.93885612487793,0.5079776048660278,1.01943039894104,0.41237202286720276,0.41237202286720276,0.0,426.93170166015625,0.6269826889038086,0.6269826889038086,0.48836684226989746,0.1846015304327011,123.84444427490234,0.3855714499950409,20.330081939697266,0.6201893091201782,1.1213138103485107
2018,2,31.15532436402838,107.26329235795002,4451.059,427.0,14.557801246643066,175.82289123535156,27.899709701538086,30.55449676513672,1.2775249481201172,6.067615509033203,39.08951187133789,0.27779921889305115,0.30691036581993103,0.0,444.22344970703125,0.5472397804260254,0.6041218638420105,0.43924760818481445,0.11671953648328781,39.076480865478516,0.3868759572505951,13.881982803344727,0.37113669514656067,0.6479027271270752,0.20066821575164795,0.22494593262672424,0.0,481.3947448730469,0.38995829224586487,0.39521467685699463,-0.034081000834703445,0.08377361297607422,75.14598083496094,0.37474730610847473,6.780207633972168,0.2694240212440491,0.5108745098114014,0.23104901611804962,0.24538756906986237,0.0,389.85296630859375,0.4822513461112976,0.49128395318984985,0.30489295721054077,0.08769924938678741,68.7051010131836,0.38361912965774536,9.996230125427246,0.2919366955757141,0.5203805565834045,0.32329604029655457,0.32329604029655457,0.0,280.1900634765625,0.6477164626121521,0.6502548456192017,0.17704850435256958,0.2147505134344101,75.27348327636719,0.39130574464797974,16.481767654418945,0.47729307413101196,0.9464735388755798,0.4363025426864624,0.4363025426864624,0.0,414.74310302734375,0.7263044118881226,0.7263044118881226,0.32262229919433594,0.2984921634197235,117.61997985839844,0.40056249499320984,19.749671936035156,0.5671402215957642,1.074405550956726
2018,2,30.993900446792587,103.99054851707658,4465.0312,571.0,1.4248065948486328,310.60382080078125,26.209516525268555,25.232891082763672,1.216770887374878,6.560014724731445,44.20899200439453,0.2641489803791046,0.27348756790161133,1.8540846109390259,368.00653076171875,0.5500745177268982,0.5824086666107178,0.3981708884239197,0.10774104297161102,58.83186340332031,0.3688528537750244,11.442264556884766,0.3180488646030426,0.5698582530021667,0.20748360455036163,0.23868253827095032,42.876564025878906,331.7431945800781,0.4988081455230713,0.5403061509132385,0.17950671911239624,0.11776141077280045,62.612091064453125,0.32582297921180725,4.068543910980225,0.2599559426307678,0.474125474691391,0.22214600443840027,0.22948941588401794,11.704093933105469,327.9433288574219,0.48426902294158936,0.5463135242462158,0.2093813270330429,0.12592512369155884,44.3188362121582,0.3087073564529419,8.108697891235352,0.37810376286506653,0.7225324511528015,0.29111361503601074,0.29111361503601074,0.0,247.33438110351562,0.4482024013996124,0.4482024013996124,0.12796176970005035,0.11567787081003189,41.256839752197266,0.3194798231124878,14.549081802368164,0.560558557510376,0.9861400127410889,0.36461931467056274,0.36461931467056274,0.0,372.6392822265625,0.3678086996078491,0.3678086996078491,0.03835391253232956,0.09250876307487488,80.7220687866211,0.3379261791706085,17.744728088378906,0.689353883266449,1.1118210554122925
2018,2,30.9844649889635,107.34225411940443,4473.429,378.0,6.530885696411133,124.44410705566406,35.49410629272461,23.266529083251953,1.276915431022644,6.642577648162842,37.899810791015625,0.28035733103752136,0.31274980306625366,0.0,448.0425109863281,0.5451403260231018,0.6045265197753906,0.43653854727745056,0.11815518885850906,39.83403778076172,0.38873326778411865,14.001328468322754,0.3766331076622009,0.6584916710853577,0.19177468121051788,0.2236083447933197,0.0,490.4579162597656,0.3994995355606079,0.4044281840324402,0.01714249514043331,0.09413471817970276,76.98051452636719,0.37905317544937134,6.907858371734619,0.26717454195022583,0.5156762599945068,0.23041954636573792,0.2439628690481186,0.0,393.2718200683594,0.48035892844200134,0.49122944474220276,0.30345550179481506,0.08774438500404358,71.60100555419922,0.3889392018318176,10.083892822265625,0.2884383499622345,0.5259800553321838,0.32079368829727173,0.32079368829727173,0.0,280.5859680175781,0.6421682238578796,0.6425155401229858,0.2393026202917099,0.22364123165607452,78.63838958740234,0.3982280194759369,16.50505828857422,0.4704004228115082,0.9796590805053711,0.42832398414611816,0.42832398414611816,0.0,415.9365539550781,0.6610485911369324,0.6610485911369324,0.548679769039154,0.19685782492160797,123.34283447265625,0.4038071930408478,19.806501388549805,0.5637567639350891,1.0561950206756592
2018,2,29.242182729855855,104.20857180398374,4482.137,394.0,10.665213584899902,99.89916229248047,37.43573760986328,23.92926788330078,1.2763304710388184,6.296622276306152,34.625247955322266,0.27897924184799194,0.2914307117462158,0.0,457.0940246582031,0.5708818435668945,0.5950555801391602,0.42831921577453613,0.11378739774227142,36.29212951660156,0.3775331676006317,14.284188270568848,0.364475816488266,0.6510763764381409,0.20045454800128937,0.2321098893880844,1.114544153213501,517.370361328125,0.3781878352165222,0.3781878352165222,0.04250402748584747,0.08614860475063324,72.4410171508789,0.3510725796222687,7.271208763122559,0.28156566619873047,0.5155143141746521,0.21877287328243256,0.22345297038555145,0.0,440.4532470703125,0.4215671420097351,0.47398141026496887,0.0645734965801239,0.07710061222314835,36.38439178466797,0.32611358165740967,11.293672561645508,0.43305063247680664,0.786278247833252,0.28446057438850403,0.28446057438850403,0.0,290.0962219238281,0.45037657022476196,0.45037657022476196,0.06453530490398407,0.10824546962976456,65.51123046875,0.35891345143318176,17.064483642578125,0.5436400771141052,0.938236653804779,0.386037677526474,0.386037677526474,0.0,425.1556701660156,0.4277319014072418,0.4277319014072418,0.08145928382873535,0.10428106784820557,79.60161590576172,0.3720228970050812,20.245508193969727,0.6753715872764587,0.9824900031089783
2018,2,29.182354971021773,104.00213772071449,4491.1094,368.0,4.241549491882324,90.0,30.36684799194336,27.190004348754883,1.2438082695007324,6.300000190734863,35.76555633544922,0.279201865196228,0.29245448112487793,0.0,437.01898193359375,0.584077000617981,0.6101025938987732,0.4297827482223511,0.11542977392673492,44.5775260925293,0.3913117051124573,13.656843185424805,0.3314228355884552,0.5711923837661743,0.2029421478509903,0.23810814321041107,2.345221519470215,476.9595031738281,0.37919774651527405,0.37919774651527405,0.06034613400697708,0.04539981111884117,84.92232513427734,0.36813443899154663,6.684708118438721,0.25895363092422485,0.46888628602027893,0.21847596764564514,0.22366644442081451,0.0,415.889404296875,0.40467795729637146,0.42421993613243103,0.10702084749937057,0.055029984563589096,43.87355041503906,0.3470555245876312,10.663830757141113,0.39659079909324646,0.7043096423149109,0.2850678265094757,0.2850678265094757,0.0,280.3902893066406,0.5246136784553528,0.5246136784553528,0.18504321575164795,0.0997643768787384,72.23027038574219,0.37329548597335815,16.493545532226562,0.504136860370636,0.863487720489502,0.39446088671684265,0.39446088671684265,0.0,410.7090759277344,0.31393003463745117,0.4728829562664032,0.12572519481182098,0.08787698298692703,90.20536804199219,0.38509368896484375,19.557575225830078,0.6156576871871948,0.920168399810791
2018,2,30.608522638248537,103.72455868013748,4498.4253,515.0,2.144289493560791,329.8457336425781,21.49203109741211,27.875001907348633,1.2102457284927368,6.851628303527832,43.25270080566406,0.2818913459777832,0.29525214433670044,0.6206337213516235,405.4117431640625,0.5758549571037292,0.6041702628135681,0.4183887541294098,0.1141304224729538,50.646907806396484,0.36269158124923706,12.6497220993042,0.3415803611278534,0.5752474665641785,0.20848903059959412,0.25055253505706787,14.352441787719727,394.69537353515625,0.3375920355319977,0.47974130511283875,0.12447145581245422,0.07337791472673416,56.5614013671875,0.3170337975025177,5.356942653656006,0.2808299958705902,0.5113686919212341,0.2398708164691925,0.24954219162464142,3.9178121089935303,375.79486083984375,0.3629257082939148,0.39701151847839355,0.138459712266922,0.07103370875120163,43.28630447387695,0.29727938771247864,9.535308837890625,0.41109171509742737,0.7466857433319092,0.30785608291625977,0.30785608291625977,0.0,270.52459716796875,0.4228843152523041,0.4228843152523041,0.1636803299188614,0.09369970113039017,43.36610794067383,0.3104657530784607,15.913211822509766,0.5909745097160339,0.9686880111694336,0.3556024730205536,0.3556024730205536,0.0,398.4563903808594,0.37672680616378784,0.37672680616378784,0.16047121584415436,0.07648405432701111,81.91325378417969,0.33439531922340393,18.97411346435547,0.7229207158088684,1.1344841718673706
2018,2,30.996054192601402,107.25574755896758,4517.232,277.0,9.849059104919434,147.05259704589844,31.90752601623535,28.352331161499023,1.2594096660614014,6.322578430175781,45.3973503112793,0.2783440947532654,0.3093346357345581,0.0,448.9922790527344,0.54109126329422,0.6002141237258911,0.4359050989151001,0.11696387827396393,39.14202880859375,0.3876059949398041,14.03100872039795,0.37739861011505127,0.6639540195465088,0.19320406019687653,0.2244800627231598,0.0,492.8216857910156,0.4836413264274597,0.4850051999092102,0.007817549630999565,0.09429846704006195,75.54032897949219,0.37711992859840393,6.941150188446045,0.26890453696250916,0.5169848203659058,0.23077522218227386,0.24391290545463562,0.0,395.1766357421875,0.47971534729003906,0.48986944556236267,0.30485469102859497,0.08761128783226013,68.73779296875,0.3855004608631134,10.132734298706055,0.29308995604515076,0.5331860184669495,0.3201919198036194,0.3201919198036194,0.0,281.1829833984375,0.5871012806892395,0.5889875888824463,0.14686492085456848,0.14021393656730652,78.40557098388672,0.39625176787376404,16.540176391601562,0.4729126989841461,0.9798574447631836,0.4274902641773224,0.4274902641773224,0.0,416.7692565917969,0.5359742641448975,0.5359742641448975,0.3563586473464966,0.13759028911590576,123.67196655273438,0.4026670753955841,19.846155166625977,0.5667696595191956,1.059728980064392
2018,2,29.355912102223993,104.91680190610046,4519.8696,312.0,6.424773216247559,81.73474884033203,28.01981544494629,28.726436614990234,1.2799999713897705,6.305627346038818,31.373624801635742,0.2796473801136017,0.2907255291938782,0.0,485.33392333984375,0.3167210519313812,0.4066566824913025,0.05979375168681145,0.0932050570845604,23.274911880493164,0.355614572763443,15.166685104370117,0.41117990016937256,0.8034442663192749,0.19397582113742828,0.22023235261440277,0.0,576.9041137695312,0.495094358921051,0.618931770324707,0.2389860302209854,0.11439850926399231,49.838253021240234,0.325204074382782,8.125410079956055,0.3083871006965637,0.5626606345176697,0.21879206597805023,0.22247911989688873,0.0,474.56365966796875,0.5668061375617981,0.5933802127838135,0.34330129623413086,0.16957396268844604,24.75347328186035,0.2939492464065552,12.168298721313477,0.47671595215797424,0.8907530307769775,0.28335458040237427,0.28335458040237427,0.0,300.77362060546875,0.5877205729484558,0.5969934463500977,0.42072543501853943,0.1765298843383789,62.8521842956543,0.3441356420516968,17.69256591796875,0.572270393371582,1.0263655185699463,0.3686731159687042,0.3686731159687042,0.0,444.51080322265625,0.43274441361427307,0.4332830011844635,0.2629360854625702,0.11539099365472794,63.48964309692383,0.35193511843681335,21.16718101501465,0.7390283942222595,1.0837057828903198
2018,2,30.53521947603093,105.1854894991769,4523.354,380.0,2.14388108253479,30.135452270507812,21.399999618530273,25.100000381469727,1.205428123474121,7.300000190734863,61.26582717895508,0.2900700569152832,0.2910897731781006,0.0,478.317626953125,0.5660839676856995,0.5750021934509277,0.43387946486473083,0.11781682819128036,22.66229248046875,0.33308127522468567,14.947425842285156,0.4592958986759186,0.9425051808357239,0.23153634369373322,0.26388660073280334,0.0,543.0988159179688,0.4189373850822449,0.43051350116729736,0.11283097416162491,0.07518602907657623,37.17958068847656,0.28473612666130066,7.6492791175842285,0.3431455194950104,0.6131188869476318,0.23455508053302765,0.23625561594963074,0.0,460.0298767089844,0.5303695797920227,0.5303695797920227,0.19036492705345154,0.1226033940911293,20.00614356994629,0.26086798310279846,11.795638084411621,0.5014510154724121,0.9026141166687012,0.303349107503891,0.303349107503891,0.0,298.5022888183594,0.5590735077857971,0.5590735077857971,0.22484153509140015,0.13401466608047485,38.592742919921875,0.30562329292297363,17.5589599609375,0.6392504572868347,1.1838431358337402,0.35963425040245056,0.35963425040245056,0.0,442.9157409667969,0.5170966386795044,0.5266872644424438,0.16065894067287445,0.13882072269916534,75.6949234008789,0.32353368401527405,21.091224670410156,0.8318818807601929,1.3734019994735718
2018,2,30.901463281954648,103.9280274612062,4525.7197,564.0,3.704791784286499,-0.0,24.197351455688477,27.528573989868164,1.190000057220459,6.6596198081970215,40.40969467163086,0.266631156206131,0.27674397826194763,1.692097544670105,373.7627868652344,0.5557035803794861,0.5865601301193237,0.402223140001297,0.10874637961387634,57.09345245361328,0.3670477569103241,11.627208709716797,0.3224408030509949,0.5721371173858643,0.2068352848291397,0.24006134271621704,39.13053894042969,342.2569885253906,0.5392462015151978,0.6463547945022583,0.17118188738822937,0.12193617224693298,61.50570297241211,0.32371363043785095,4.2693867683410645,0.2632787227630615,0.481456458568573,0.2246759682893753,0.23217889666557312,10.681533813476562,335.57562255859375,0.5194241404533386,0.6273400187492371,0.2153254896402359,0.12841400504112244,44.44526672363281,0.30648523569107056,8.33061695098877,0.3838040828704834,0.7292246222496033,0.29295745491981506,0.29295745491981506,0.0,250.6045379638672,0.6714543104171753,0.6714543104171753,0.2802959680557251,0.19722513854503632,42.111244201660156,0.3184729814529419,14.741443634033203,0.5629613399505615,0.9814987182617188,0.361959844827652,0.361959844827652,0.0,376.22735595703125,0.6636083126068115,0.6636083126068115,0.2648991346359253,0.2217790186405182,81.48914337158203,0.33800724148750305,17.91558837890625,0.6913586258888245,1.1063332557678223
2018,2,31.573583583740554,106.06565807881341,4534.8647,364.0,5.653643608093262,215.15518188476562,27.847972869873047,27.76628303527832,1.2753335237503052,7.142207145690918,34.59447479248047,0.2608259618282318,0.27968069911003113,0.0,437.8792419433594,0.5014981627464294,0.5738309025764465,0.42958104610443115,0.10809510946273804,36.25166320800781,0.3646353781223297,13.68372631072998,0.39723655581474304,0.8157607913017273,0.2101750671863556,0.2424846738576889,5.024716854095459,467.73223876953125,0.4414191246032715,0.5150822401046753,0.3732224404811859,0.07643154263496399,51.398582458496094,0.326005756855011,6.517007350921631,0.3153790831565857,0.6330411434173584,0.23831632733345032,0.2441093921661377,0.6849053502082825,401.3852233886719,0.49304527044296265,0.5029359459877014,0.332833856344223,0.0899379625916481,31.177440643310547,0.30951982736587524,10.27436637878418,0.3940984606742859,0.7230682373046875,0.3254629373550415,0.3254629373550415,0.0,283.3345031738281,0.5955167412757874,0.5955167412757874,0.4489581882953644,0.1353607028722763,44.25155258178711,0.3351692855358124,16.66673469543457,0.5666590332984924,1.0290312767028809,0.4399959444999695,0.4399959444999695,0.0,419.47808837890625,0.66722571849823,0.66722571849823,0.525621771812439,0.20321568846702576,89.55856323242188,0.34964820742607117,19.975147247314453,0.7029498815536499,1.2581855058670044
2018,2,29.268861531458633,104.85346929383837,4537.7764,316.0,2.3186538219451904,113.56532287597656,28.539297103881836,30.23995018005371,1.2988909482955933,6.060515880584717,28.85524559020996,0.2791067063808441,0.2914375960826874,0.0,483.6577453613281,0.4732292592525482,0.4732292592525482,0.11981959640979767,0.10719659179449081,24.74962615966797,0.357624888420105,15.114304542541504,0.40425905585289,0.775562584400177,0.1931452453136444,0.22056394815444946,0.0,574.5982666015625,0.39587828516960144,0.4492248594760895,0.04790285974740982,0.08126966655254364,53.51926803588867,0.3287006914615631,8.092933654785156,0.3041248321533203,0.5520602464675903,0.2176000326871872,0.22118358314037323,0.0,472.63140869140625,0.4413082003593445,0.45024505257606506,0.1538839340209961,0.11363035440444946,26.28394889831543,0.2979021668434143,12.118753433227539,0.4705406725406647,0.8771582841873169,0.2838107943534851,0.2838107943534851,0.0,300.5824279785156,0.48784253001213074,0.48784253001213074,0.17984358966350555,0.12404753267765045,62.16273498535156,0.34490489959716797,17.681320190429688,0.5691395401954651,1.0152567625045776,0.373930424451828,0.373930424451828,0.0,443.4757080078125,0.4955865740776062,0.4955865740776062,0.18261443078517914,0.13331922888755798,63.45706558227539,0.35266661643981934,21.117891311645508,0.7323887944221497,1.0677070617675781
2018,2,30.76455996141176,103.85957580093475,4543.8364,553.0,3.7265801429748535,299.8062438964844,21.139863967895508,25.926925659179688,1.2090809345245361,6.737638473510742,49.23685836791992,0.27301353216171265,0.28412437438964844,1.2487064599990845,388.8043212890625,0.5643956661224365,0.5931922793388367,0.4097030758857727,0.11107075214385986,53.46680450439453,0.3638142943382263,12.111112594604492,0.33444592356681824,0.5839821696281433,0.20788195729255676,0.24456487596035004,28.876914978027344,367.9966735839844,0.603083610534668,0.6274546980857849,0.3185195326805115,0.17272447049617767,58.82240295410156,0.3193261921405792,4.776334285736084,0.27260082960128784,0.49801361560821533,0.23060917854309082,0.2386598140001297,7.8825836181640625,354.63592529296875,0.6358097791671753,0.7432445287704468,0.37088146805763245,0.18644914031028748,43.37349319458008,0.30108749866485596,8.891111373901367,0.3989536166191101,0.7468408346176147,0.2985461950302124,0.2985461950302124,0.0,259.62640380859375,0.6964881420135498,0.6964881420135498,0.45822951197624207,0.3025473952293396,42.32863235473633,0.31435656547546387,15.272141456604004,0.577800452709198,0.9889313578605652,0.3588777780532837,0.3588777780532837,0.0,386.5887756347656,0.5276625156402588,0.5276625156402588,0.21251414716243744,0.1577756404876709,81.29936981201172,0.3359406888484955,18.40898895263672,0.70887690782547,1.1220687627792358
2018,2,30.07303365184126,104.38912972383987,4545.228,381.0,9.26081657409668,293.39788818359375,22.919036865234375,28.825439453125,1.3094581365585327,7.604136943817139,34.855037689208984,0.2865745723247528,0.29177337884902954,0.0,473.5305480957031,0.5176810026168823,0.5341600179672241,0.17381198704242706,0.11692813783884048,26.64423179626465,0.3439192473888397,14.797829627990723,0.43629348278045654,0.8270776271820068,0.21608556807041168,0.24705789983272552,0.0,532.8544921875,0.4398260712623596,0.5109195709228516,0.33747774362564087,0.0850248709321022,45.118621826171875,0.2991800606250763,7.504993438720703,0.3311799466609955,0.6082448959350586,0.22981098294258118,0.2332678735256195,0.0,458.4284362792969,0.3786986172199249,0.4025155305862427,0.0861511081457138,0.06967677921056747,24.095247268676758,0.2733803987503052,11.754575729370117,0.5056679248809814,0.9659823179244995,0.29519546031951904,0.29519546031951904,0.0,301.1932067871094,0.5235306024551392,0.5235306024551392,0.22469522058963776,0.1252342164516449,41.05185317993164,0.3063998818397522,17.717247009277344,0.6693558096885681,1.222853422164917,0.3602680563926697,0.3602680563926697,0.0,441.8946228027344,0.4889099895954132,0.4889099895954132,0.17065668106079102,0.12692759931087494,66.4930648803711,0.33004409074783325,21.0426025390625,0.8393229246139526,1.2435789108276367
2018,2,30.84594747383926,104.03905907743702,4550.3774,521.0,4.692015647888184,113.23258209228516,26.11620330810547,30.19821548461914,1.2100000381469727,6.791348934173584,44.89644241333008,0.2737422585487366,0.28235381841659546,1.1751827001571655,396.82318115234375,0.5579695105552673,0.5857340097427368,0.40871503949165344,0.1112019345164299,51.19086456298828,0.360804945230484,12.36400032043457,0.35004061460494995,0.6287174224853516,0.213064044713974,0.246834859251976,27.176645278930664,381.64776611328125,0.5429864525794983,0.5881395936012268,0.1949346661567688,0.12653055787086487,56.71649169921875,0.3150511682033539,4.992550849914551,0.28132110834121704,0.5099726319313049,0.22907401621341705,0.2361988127231598,7.418457984924316,363.3927917480469,0.5932229161262512,0.622930109500885,0.26062846183776855,0.15170949697494507,39.31074905395508,0.2958168387413025,9.127547264099121,0.4137226343154907,0.7834773659706116,0.2982792854309082,0.2982792854309082,0.0,263.81494140625,0.6732197999954224,0.6732197999954224,0.29912349581718445,0.19753897190093994,38.50052261352539,0.30916333198547363,15.518527030944824,0.6022195219993591,1.0597631931304932,0.3625146448612213,0.3625146448612213,0.0,392.9126281738281,0.6447739005088806,0.6447739005088806,0.28873133659362793,0.20311377942562103,76.96585083007812,0.33060798048973083,18.710124969482422,0.7428544163703918,1.1797338724136353
2018,2,31.43101720485978,105.75627672952322,4555.207,407.0,11.151898384094238,222.3499755859375,28.620670318603516,26.949918746948242,1.2676926851272583,7.157910346984863,30.9288330078125,0.26204127073287964,0.27880755066871643,0.0,456.1556701660156,0.4569593667984009,0.4855114817619324,0.19125241041183472,0.06207739934325218,33.70905685424805,0.35747647285461426,14.254864692687988,0.4317670166492462,0.933226466178894,0.21253326535224915,0.24453435838222504,0.0,499.45220947265625,0.44467124342918396,0.5603253841400146,0.17325946688652039,0.08654115349054337,43.8412971496582,0.31088563799858093,7.034538269042969,0.34066349267959595,0.7036615610122681,0.24136297404766083,0.24608397483825684,0.0,426.3638000488281,0.47609224915504456,0.6254974007606506,0.08128008991479874,0.1098119392991066,22.77206802368164,0.28489699959754944,10.932405471801758,0.44829055666923523,0.8377548456192017,0.32662153244018555,0.32662153244018555,0.0,291.9800109863281,0.5605854988098145,0.5605854988098145,0.279950350522995,0.13529148697853088,33.84809112548828,0.3217386305332184,17.175294876098633,0.6220109462738037,1.1295329332351685,0.42992103099823,0.42992103099823,0.0,433.11163330078125,0.6078489422798157,0.6078489422798157,0.2973994016647339,0.14931951463222504,78.82657623291016,0.3306775391101837,20.62436294555664,0.7960736751556396,1.399605393409729
2018,2,31.42158620613174,105.8201488930128,4555.207,381.0,13.451643943786621,232.47508239746094,27.803918838500977,30.296855926513672,1.2746281623840332,7.235991954803467,29.149593353271484,0.2621082365512848,0.27888110280036926,0.0,455.7929992675781,0.5770370960235596,0.5770370960235596,0.27475449442863464,0.0983593761920929,33.732154846191406,0.3584035634994507,14.243531227111816,0.4277521073818207,0.9151837229728699,0.21240372955799103,0.24439746141433716,0.0,499.78466796875,0.549460232257843,0.5725612640380859,0.22669070959091187,0.08718103915452957,45.34716033935547,0.3137100636959076,7.039220809936523,0.336664080619812,0.6895987391471863,0.24122914671897888,0.24600155651569366,0.0,424.8854675292969,0.5428823828697205,0.5428823828697205,0.1646071821451187,0.06691817939281464,24.523035049438477,0.2895696461200714,10.894498825073242,0.4389834702014923,0.8166128396987915,0.32634949684143066,0.32634949684143066,0.0,291.470947265625,0.5507139563560486,0.5507139563560486,0.20692875981330872,0.10223091393709183,36.728515625,0.32477283477783203,17.145349502563477,0.6116722226142883,1.11372971534729,0.4294862151145935,0.4294862151145935,0.0,432.13702392578125,0.550541341304779,0.550541341304779,0.19339051842689514,0.10521245747804642,82.07608795166016,0.33498552441596985,20.577953338623047,0.7791205048561096,1.372507095336914
2018,2,31.406764154230085,105.79211898379083,4555.207,499.0,9.729626655578613,275.4172668457031,26.003583908081055,28.553466796875,1.2613402605056763,6.966846466064453,32.64527130126953,0.2624973654747009,0.27906543016433716,0.0,456.4194641113281,0.535088062286377,0.543695330619812,0.14166192710399628,0.10249955207109451,33.5178337097168,0.35783064365386963,14.263108253479004,0.42970237135887146,0.9224839210510254,0.21261052787303925,0.24460698664188385,0.0,500.7251281738281,0.5054841041564941,0.6101362705230713,0.15800610184669495,0.08905546367168427,44.696285247802734,0.31253769993782043,7.05246639251709,0.3380378782749176,0.6932820081710815,0.24109601974487305,0.24584384262561798,0.0,426.07122802734375,0.5163679718971252,0.5163679718971252,0.18619944155216217,0.10727544873952866,23.830562591552734,0.2877251207828522,10.92490291595459,0.44303834438323975,0.8247793912887573,0.32595428824424744,0.32595428824424744,0.0,291.7403869628906,0.6370384693145752,0.6370384693145752,0.28860318660736084,0.15499301254749298,35.94915771484375,0.32390135526657104,17.16119956970215,0.6150299310684204,1.1197264194488525,0.42842110991477966,0.42842110991477966,0.0,432.6846008300781,0.5544993877410889,0.5544993877410889,0.20505626499652863,0.13964788615703583,81.08275604248047,0.3335459232330322,20.604028701782227,0.7853685617446899,1.3820374011993408
2018,2,30.098365804925887,105.39677062529127,4561.24,290.0,10.436200141906738,314.67620849609375,25.332672119140625,30.17428970336914,1.26730477809906,7.100815296173096,28.550785064697266,0.2865510880947113,0.2904759347438812,0.0,483.8798522949219,0.5570505261421204,0.567486047744751,0.43355849385261536,0.11484738439321518,20.980327606201172,0.340763658285141,15.121245384216309,0.44207170605659485,0.9200127124786377,0.2176167219877243,0.2466418743133545,0.0,564.9097290039062,0.36721929907798767,0.405627578496933,0.14735496044158936,0.04539133235812187,38.876224517822266,0.3004489243030548,7.956475257873535,0.3277842104434967,0.5829991102218628,0.22895649075508118,0.23142074048519135,0.0,468.7745056152344,0.18576407432556152,0.3259567320346832,0.1146615743637085,0.03964199125766754,20.797657012939453,0.2732295095920563,12.019859313964844,0.48580193519592285,0.8690188527107239,0.2945048213005066,0.2945048213005066,0.0,297.7600402832031,0.350724995136261,0.350724995136261,0.20016121864318848,0.06559108197689056,54.51144027709961,0.3285430669784546,17.515296936035156,0.58274245262146,1.0722216367721558,0.35876601934432983,0.35876601934432983,0.0,443.5473937988281,0.4238285720348358,0.4238285720348358,0.21344028413295746,0.0920693427324295,73.90709686279297,0.33799877762794495,21.12130355834961,0.7692744731903076,1.2628027200698853
2018,2,29.927778435025267,103.76471288512374,4563.7524,404.0,2.9785008430480957,21.037769317626953,30.621994018554688,29.728368759155273,1.2593331336975098,6.436064720153809,40.03962326049805,0.2874426543712616,0.2980218827724457,0.0,438.85540771484375,0.3518443703651428,0.3518443703651428,0.13543584942817688,0.11401716619729996,45.853450775146484,0.37948569655418396,13.714231491088867,0.35137149691581726,0.5879350304603577,0.21224525570869446,0.2549402415752411,0.0,465.7164611816406,0.4581180810928345,0.5617989897727966,0.1904434710741043,0.10383022576570511,69.86200714111328,0.34341880679130554,6.559386730194092,0.28219708800315857,0.5040768980979919,0.2331457883119583,0.24146805703639984,0.0,417.1182861328125,0.48306721448898315,0.5074501633644104,0.18563340604305267,0.11336623132228851,41.32667541503906,0.3220882713794708,10.695340156555176,0.42024165391921997,0.7312588691711426,0.2974749207496643,0.2974749207496643,0.0,285.8761291503906,0.44275176525115967,0.44275176525115967,0.12860208749771118,0.11291243880987167,62.356689453125,0.3419272303581238,16.816242218017578,0.5684860348701477,0.92345130443573,0.3728850781917572,0.3728850781917572,0.0,416.3880615234375,0.35974717140197754,0.35974717140197754,0.05781945586204529,0.08959603309631348,90.6690444946289,0.36281561851501465,19.8280029296875,0.6879355907440186,1.0617388486862183
2018,2,31.19547856901466,108.02380541991838,4564.0483,892.0,19.296022415161133,103.36634826660156,29.195104598999023,26.70635986328125,1.2313849925994873,6.1069560050964355,46.22182846069336,0.2782430648803711,0.313676655292511,0.0,422.8692932128906,0.580702543258667,0.63421231508255,0.43904608488082886,0.11819339543581009,39.587379455566406,0.4018898606300354,13.214665412902832,0.36722269654273987,0.6545841097831726,0.20035459101200104,0.2392059564590454,0.3374783992767334,429.3655090332031,0.47705715894699097,0.47705715894699097,0.0645405724644661,0.08181837201118469,87.4594955444336,0.40039530396461487,6.0426483154296875,0.2566959261894226,0.48025116324424744,0.2108031064271927,0.23665213584899902,0.0,363.3563232421875,0.4704507291316986,0.49706771969795227,0.27701300382614136,0.08246772736310959,93.71830749511719,0.4153485596179962,9.316828727722168,0.2735421359539032,0.5077327489852905,0.29778751730918884,0.29778751730918884,0.0,269.2070617675781,0.5926690101623535,0.5926690101623535,0.14805828034877777,0.13697212934494019,74.79779815673828,0.4140417277812958,15.835710525512695,0.4701424539089203,0.9361919164657593,0.4698294699192047,0.4698294699192047,0.0,400.6678771972656,0.7024754285812378,0.7024754285812378,0.5764209032058716,0.22347447276115417,113.54134368896484,0.4192054867744446,19.079423904418945,0.5632416605949402,1.0513925552368164
2018,2,30.863734827941443,107.47484548922864,4587.0366,397.0,2.8456225395202637,130.6424102783203,32.535274505615234,23.764617919921875,1.284954309463501,6.406296253204346,34.6201171875,0.2840007245540619,0.3200693726539612,0.0,449.7088928222656,0.5460531115531921,0.6086589694023132,0.4348524510860443,0.12034325301647186,41.14528274536133,0.39046505093574524,14.0534029006958,0.3803723454475403,0.6636096239089966,0.183902308344841,0.22260603308677673,0.0,494.5284118652344,0.40432044863700867,0.40432044863700867,0.09154806286096573,0.08794332295656204,79.47637176513672,0.38275471329689026,6.965188503265381,0.2649129331111908,0.5203232765197754,0.23016154766082764,0.24307668209075928,0.0,394.0248107910156,0.48074984550476074,0.494032621383667,0.30284667015075684,0.08820825815200806,76.13975524902344,0.3946287930011749,10.10319995880127,0.2823844850063324,0.5247097611427307,0.32015159726142883,0.32015159726142883,0.0,280.372802734375,0.5275976061820984,0.5275976061820984,0.14847669005393982,0.14001987874507904,80.61688995361328,0.40346559882164,16.492517471313477,0.46389371156692505,1.0034873485565186,0.42353004217147827,0.42353004217147827,0.0,415.9887390136719,0.6508482694625854,0.6508482694625854,0.5437707304954529,0.19335147738456726,126.69270324707031,0.4062178134918213,19.80898666381836,0.5595458745956421,1.0393449068069458
2018,2,30.752698752609586,103.85121944556059,4596.4175,550.0,1.8543341159820557,180.0,19.84197425842285,23.9161434173584,1.2200000286102295,6.837854385375977,48.90071487426758,0.2736097276210785,0.28485044836997986,1.2070351839065552,390.052734375,0.5652179718017578,0.5938979983329773,0.4103567600250244,0.11128312349319458,53.20326232910156,0.3636256456375122,12.15142822265625,0.3352191150188446,0.5841472148895264,0.20793366432189941,0.24497011303901672,27.91324806213379,370.0808410644531,0.6793840527534485,0.6988677382469177,0.3957676291465759,0.2076248675584793,58.62377166748047,0.3190475404262543,4.81926155090332,0.2732967138290405,0.4992251992225647,0.23120297491550446,0.23933488130569458,7.619530200958252,356.2269592285156,0.6996436715126038,0.7609714269638062,0.4317975640296936,0.22644199430942535,43.33187484741211,0.3007146418094635,8.938652038574219,0.4000444710254669,0.7475967407226562,0.29911863803863525,0.29911863803863525,0.0,260.4062194824219,0.6777675747871399,0.6777675747871399,0.43316128849983215,0.2597324550151825,42.38671112060547,0.31404680013656616,15.318013191223145,0.5788683295249939,0.988414466381073,0.3586047887802124,0.3586047887802124,0.0,387.45855712890625,0.4214271008968353,0.4214271008968353,0.1198330968618393,0.10593623667955399,81.32559967041016,0.33580848574638367,18.450407028198242,0.7100711464881897,1.1230270862579346
2018,2,29.525692374833945,104.67991662173719,4597.624,337.0,9.794107437133789,131.02761840820312,34.28660202026367,17.558530807495117,1.2895801067352295,6.6067423820495605,30.578031539916992,0.2804263234138489,0.2891593873500824,0.0,486.1885986328125,0.5410231351852417,0.5564958453178406,0.4323137700557709,0.11018496006727219,21.372282028198242,0.35296064615249634,15.19339370727539,0.42610976099967957,0.8342496156692505,0.19712457060813904,0.22134150564670563,0.0,573.78515625,0.5791288614273071,0.5840327143669128,0.2716527283191681,0.1723627895116806,46.08182144165039,0.3183608949184418,8.08148193359375,0.32155296206474304,0.6037688255310059,0.2213434875011444,0.22518150508403778,0.0,475.43701171875,0.5199252963066101,0.5571560263633728,0.2239552140235901,0.13819138705730438,22.77666473388672,0.28727012872695923,12.190692901611328,0.49636411666870117,0.936032235622406,0.28311392664909363,0.28311392664909363,0.0,302.42059326171875,0.5818744897842407,0.5843526124954224,0.2670128345489502,0.16086703538894653,56.96305465698242,0.3366253972053528,17.789447784423828,0.6051741242408752,1.077613115310669,0.3607122004032135,0.3607122004032135,0.0,445.9980163574219,0.46736159920692444,0.5135425925254822,0.16865192353725433,0.1354275345802307,64.01848602294922,0.35082072019577026,21.238000869750977,0.7753933072090149,1.1069576740264893
2018,2,30.950780939605764,104.05037627591066,4611.2607,527.0,0.9274099469184875,-0.0,28.161714553833008,23.38075828552246,1.1503498554229736,6.599999904632568,43.6783332824707,0.2691185772418976,0.2776830494403839,1.4935764074325562,383.26043701171875,0.5521658658981323,0.5826112627983093,0.4026952385902405,0.10945191234350204,55.045753479003906,0.3649901747703552,11.930214881896973,0.33540722727775574,0.6038652062416077,0.21137647330760956,0.24325819313526154,34.53964614868164,357.6493225097656,0.5333322286605835,0.5424469113349915,0.18456920981407166,0.12703938782215118,59.53248596191406,0.3203941583633423,4.550840377807617,0.2715625762939453,0.4924302101135254,0.2254772037267685,0.2327076941728592,9.428349494934082,346.4081115722656,0.5903269052505493,0.6199391484260559,0.28507399559020996,0.16843488812446594,41.154605865478516,0.30193382501602173,8.640506744384766,0.39722850918769836,0.7556273341178894,0.2950378358364105,0.2950378358364105,0.0,256.1799011230469,0.5720544457435608,0.5720544457435608,0.23574796319007874,0.16421720385551453,39.091552734375,0.31349560618400574,15.069405555725098,0.5856044292449951,1.0328025817871094,0.36479365825653076,0.36479365825653076,0.0,383.6831970214844,0.5049918293952942,0.5049918293952942,0.19262291491031647,0.1404983401298523,77.96656799316406,0.33326050639152527,18.270627975463867,0.7219951748847961,1.1580302715301514
2018,2,31.534504022108145,105.18629659646756,4614.52,496.0,8.515687942504883,130.4417266845703,20.618186950683594,24.086090087890625,1.2924301624298096,7.2071428298950195,28.429325103759766,0.2683935761451721,0.28283774852752686,0.354825496673584,435.0565490722656,0.37583282589912415,0.37583282589912415,0.023218277841806412,0.07603240758180618,42.23331069946289,0.36320289969444275,13.584428787231445,0.4080319404602051,0.8643970489501953,0.2175748497247696,0.2485867291688919,6.46401309967041,449.375732421875,0.36321836709976196,0.4610976576805115,0.04212405905127525,0.07815977185964584,44.15571594238281,0.311047226190567,6.238193511962891,0.33048146963119507,0.669977605342865,0.23949843645095825,0.246968612074852,1.7580896615982056,405.36767578125,0.37602850794792175,0.37602850794792175,0.13873590528964996,0.08774624764919281,20.706701278686523,0.28010740876197815,10.348963737487793,0.4561377167701721,0.8539657592773438,0.3245902955532074,0.3245902955532074,0.0,285.5894470214844,0.6358069777488708,0.6358069777488708,0.2901507019996643,0.1909906417131424,23.14459991455078,0.30727919936180115,16.799379348754883,0.6593669652938843,1.1584296226501465,0.4232550263404846,0.4232550263404846,0.0,424.0660400390625,0.6212711334228516,0.6212711334228516,0.21367666125297546,0.18480360507965088,64.5052719116211,0.3144975006580353,20.193620681762695,0.8443152904510498,1.4627654552459717
2018,2,30.960751489561268,104.05226247565626,4617.0703,531.0,1.0814694166183472,90.0,27.43741226196289,24.266691207885742,1.159999966621399,6.599999904632568,44.311622619628906,0.2687276005744934,0.2772786319255829,1.520201325416565,382.1110534667969,0.5516132116317749,0.5823065042495728,0.4021530747413635,0.10930097103118896,55.383270263671875,0.3653629720211029,11.893464088439941,0.3341660797595978,0.6017972230911255,0.21126148104667664,0.24296556413173676,35.15536117553711,355.5955810546875,0.47440481185913086,0.5916334390640259,0.1958043873310089,0.12192695587873459,59.774051666259766,0.32086142897605896,4.513242721557617,0.2707400619983673,0.4909111559391022,0.22516821324825287,0.23241010308265686,9.59642219543457,344.9596252441406,0.4963860511779785,0.5641576051712036,0.14918550848960876,0.11527451127767563,41.29740524291992,0.3024587631225586,8.599056243896484,0.39582839608192444,0.7532474994659424,0.29477453231811523,0.29477453231811523,0.0,255.538818359375,0.5743577480316162,0.5743577480316162,0.21809199452400208,0.168069988489151,39.1214599609375,0.31384795904159546,15.031695365905762,0.5842822194099426,1.0306915044784546,0.3650273084640503,0.3650273084640503,0.0,382.9117736816406,0.3799632489681244,0.3799632489681244,0.039513904601335526,0.10344406217336655,78.02935791015625,0.33346232771873474,18.23389434814453,0.7203499674797058,1.1564996242523193
2018,2,30.798516015933753,104.44788283932009,4620.939,445.0,2.844510793685913,229.3383331298828,24.770355224609375,31.79309844970703,1.3212862014770508,7.277097225189209,35.21149826049805,0.2881416082382202,0.2909771502017975,0.1149078831076622,451.3491516113281,0.5564871430397034,0.5759868025779724,0.42121419310569763,0.11615373939275742,36.40142059326172,0.3440190553665161,14.101069450378418,0.42350679636001587,0.7947200536727905,0.23052485287189484,0.2622222900390625,2.6572980880737305,475.6977233886719,0.4729458689689636,0.4729458689689636,0.07465768605470657,0.07855056971311569,44.65068054199219,0.2921445965766907,6.662540912628174,0.32709091901779175,0.5817603468894958,0.2355092465877533,0.2405398041009903,0.7253674268722534,428.36474609375,0.40718191862106323,0.4125552177429199,0.05833268165588379,0.06998340040445328,24.730815887451172,0.26814764738082886,10.965112686157227,0.49051183462142944,0.9368852376937866,0.30742576718330383,0.30742576718330383,0.0,294.20770263671875,0.44760510325431824,0.44760510325431824,0.08415139466524124,0.09242074191570282,27.450328826904297,0.28521400690078735,17.30633544921875,0.7054916024208069,1.295649766921997,0.36653146147727966,0.36653146147727966,0.0,432.5494689941406,0.41524168848991394,0.41524168848991394,0.09223740547895432,0.09628821164369583,63.59199523925781,0.3104826509952545,20.597593307495117,0.8804867267608643,1.3819231986999512
2018,2,31.57196493005815,105.00708086602853,4621.0186,474.0,1.8543341159820557,-0.0,26.397079467773438,27.288028717041016,1.3091144561767578,7.167898178100586,33.12553405761719,0.27208638191223145,0.2850430905818939,1.1603058576583862,416.98175048828125,0.5171399712562561,0.5767186880111694,0.41245579719543457,0.11021344363689423,46.99411392211914,0.3680759370326996,12.994420051574707,0.38175979256629944,0.7768979072570801,0.219583660364151,0.24988572299480438,18.11154556274414,415.7469787597656,0.33966273069381714,0.39622384309768677,0.07803373038768768,0.07525066286325455,47.52241516113281,0.3175831437110901,5.600499153137207,0.312224805355072,0.6101377606391907,0.23669803142547607,0.24565500020980835,4.882928848266602,384.4793395996094,0.4909932017326355,0.49712565541267395,0.3301891088485718,0.0889643132686615,23.913129806518555,0.2888702154159546,9.733241081237793,0.43505606055259705,0.8070577383041382,0.3207704424858093,0.3207704424858093,0.0,277.3011779785156,0.5363099575042725,0.5363099575042725,0.1823413223028183,0.14086420834064484,24.262428283691406,0.3072527050971985,16.31183433532715,0.6483821868896484,1.1257715225219727,0.4182145297527313,0.4182145297527313,0.0,412.509033203125,0.5539142489433289,0.5539142489433289,0.17141467332839966,0.15602366626262665,64.4046630859375,0.31649523973464966,19.643287658691406,0.8215066194534302,1.4173085689544678
2018,2,30.938919730803605,107.35060601567754,4624.426,371.0,3.731666326522827,299.7613830566406,36.14921951293945,23.267879486083984,1.267354130744934,6.041408061981201,36.44122314453125,0.28076669573783875,0.3138883411884308,0.0,449.2705078125,0.5436772704124451,0.6039291024208069,0.4356015920639038,0.11838848143815994,39.96216583251953,0.38899052143096924,14.039703369140625,0.37842559814453125,0.662833034992218,0.18940244615077972,0.223479226231575,0.0,493.4234924316406,0.36657774448394775,0.36657774448394775,0.13220472633838654,0.05863429605960846,77.2570571899414,0.37980762124061584,6.949626445770264,0.26694831252098083,0.5176504850387573,0.23037531971931458,0.2435562163591385,0.0,394.5769958496094,0.4798864424228668,0.4912410080432892,0.3035297989845276,0.08778389543294907,71.95117950439453,0.38972532749176025,10.117359161376953,0.2882891893386841,0.5289710164070129,0.3200649917125702,0.3200649917125702,0.0,280.804931640625,0.5630626082420349,0.5630626082420349,0.14397981762886047,0.12349854409694672,79.4745101928711,0.3996741473674774,16.51793670654297,0.46892571449279785,0.9893317818641663,0.4259045720100403,0.4259045720100403,0.0,416.4104919433594,0.6560181975364685,0.6560181975364685,0.5444479584693909,0.1950587034225464,124.98280334472656,0.40441322326660156,19.829071044921875,0.5634158849716187,1.0514087677001953
2018,2,30.199159325137977,105.488940244066,4625.52,295.0,5.64909553527832,190.9148406982422,21.009361267089844,33.27290725708008,1.286166787147522,7.400000095367432,25.966646194458008,0.28763243556022644,0.29070836305618286,0.0,483.5396423339844,0.5598801970481873,0.569426417350769,0.4337782561779022,0.11567054688930511,20.74329948425293,0.3393365442752838,15.110613822937012,0.44522789120674133,0.9349576234817505,0.22123467922210693,0.25110873579978943,0.0,563.885009765625,0.4334922730922699,0.5074624419212341,0.10654494911432266,0.09177013486623764,38.177337646484375,0.29812994599342346,7.942042350769043,0.3300149738788605,0.5843223929405212,0.23030059039592743,0.23252229392528534,0.0,467.4431457519531,0.2503841817378998,0.4512491226196289,0.12444159388542175,0.06371986865997314,20.613557815551758,0.2717294991016388,11.985721588134766,0.48388996720314026,0.851073682308197,0.29651594161987305,0.29651594161987305,0.0,296.9184875488281,0.5203918218612671,0.5203918218612671,0.24710595607757568,0.13051138818264008,53.392234802246094,0.32811787724494934,17.46579360961914,0.5777983665466309,1.0592786073684692,0.3584223985671997,0.3584223985671997,0.0,442.92364501953125,0.49137115478515625,0.49137115478515625,0.22161079943180084,0.1276208907365799,76.91273498535156,0.3374692499637604,21.091602325439453,0.7674127817153931,1.2849819660186768
2018,2,31.7889091145104,105.95354736012769,4625.6514,399.0,11.119206428527832,255.69456481933594,23.503604888916016,33.77089309692383,1.2977708578109741,6.648198127746582,31.082826614379883,0.2619241178035736,0.2845901548862457,0.0,397.4339904785156,0.4840022921562195,0.5249162316322327,0.13674791157245636,0.09597550332546234,39.93790054321289,0.37123602628707886,12.419812202453613,0.36138492822647095,0.740423858165741,0.20513643324375153,0.23835040628910065,20.008054733276367,386.8536682128906,0.5311636328697205,0.5795853734016418,0.23838740587234497,0.11271938681602478,50.10033416748047,0.33156970143318176,5.166839599609375,0.29499897360801697,0.6064374446868896,0.22741004824638367,0.23624998331069946,3.358583927154541,358.87725830078125,0.5830230116844177,0.5874201059341431,0.28402528166770935,0.11362812668085098,29.290409088134766,0.3158068060874939,9.115862846374512,0.37746238708496094,0.7021898031234741,0.3165915012359619,0.3165915012359619,0.0,265.9832458496094,0.5876789093017578,0.5876789093017578,0.43229958415031433,0.13130682706832886,38.96558380126953,0.3392106890678406,15.646073341369629,0.5454241037368774,0.9785202145576477,0.45575782656669617,0.45575782656669617,0.0,396.19146728515625,0.6851193308830261,0.6851193308830261,0.5460439920425415,0.21439726650714874,79.61461639404297,0.34733039140701294,18.866260528564453,0.673685610294342,1.2274508476257324
2018,2,30.581032280254032,105.48354919089238,4626.617,329.0,10.314555168151855,191.92523193359375,14.702869415283203,33.48686599731445,1.2999684810638428,7.094539165496826,30.2403621673584,0.288418173789978,0.2903321385383606,0.0,479.2218017578125,0.5259640216827393,0.5259640216827393,0.11983325332403183,0.11300598829984665,21.906299591064453,0.3358974754810333,14.97568130493164,0.45667916536331177,0.9668126106262207,0.23039841651916504,0.262761652469635,0.0,549.6932983398438,0.5122458338737488,0.5492006540298462,0.1796448677778244,0.1421937793493271,36.946109771728516,0.2894916832447052,7.742159366607666,0.34165504574775696,0.614493727684021,0.2349267601966858,0.2367009073495865,0.0,459.9616394042969,0.34064000844955444,0.5755437612533569,0.16986249387264252,0.10633443295955658,19.789072036743164,0.2649731934070587,11.793888092041016,0.48875319957733154,0.8478529453277588,0.30460184812545776,0.30460184812545776,0.0,296.15185546875,0.6399737000465393,0.6399737000465393,0.3757118582725525,0.19355154037475586,42.89257049560547,0.31735286116600037,17.420698165893555,0.6016577482223511,1.0951073169708252,0.36360621452331543,0.36360621452331543,0.0,441.54217529296875,0.6156870126724243,0.6156870126724243,0.33635619282722473,0.18521913886070251,80.94120788574219,0.33014538884162903,21.02581787109375,0.7982057929039001,1.368538737297058
2018,2,31.354481194378426,106.01768706968045,4637.319,398.0,7.684931755065918,196.3175048828125,29.21433448791504,28.336803436279297,1.294296383857727,6.827988147735596,32.453487396240234,0.26270678639411926,0.27944666147232056,0.0,455.6552734375,0.5017425417900085,0.5673374533653259,0.4300621449947357,0.10840413719415665,33.53155517578125,0.3616117238998413,14.239227294921875,0.41573092341423035,0.8586670160293579,0.21160869300365448,0.24355387687683105,0.0,502.991455078125,0.43375036120414734,0.5097118616104126,0.3692527711391449,0.07757265120744705,50.118141174316406,0.3234790861606598,7.084386825561523,0.3233109414577484,0.6429185271263123,0.24027664959430695,0.2453862726688385,0.0,421.2525634765625,0.48992910981178284,0.4989531338214874,0.3366886079311371,0.09036582708358765,30.06431770324707,0.30518224835395813,10.801347732543945,0.40986931324005127,0.7506663203239441,0.3243662416934967,0.3243662416934967,0.0,290.0018615722656,0.5888844728469849,0.5888844728469849,0.4449838697910309,0.1342153400182724,46.773170471191406,0.3360171616077423,17.05893325805664,0.5778389573097229,1.0669355392456055,0.4261523485183716,0.4261523485183716,0.0,429.4508972167969,0.6477406024932861,0.6477406024932861,0.5045949220657349,0.19403623044490814,93.3580322265625,0.3495228588581085,20.450042724609375,0.7250275015830994,1.2858150005340576
2018,2,31.19278527197838,104.03232137574525,4640.636,605.0,2.9835586547851562,21.289316177368164,26.102218627929688,23.821260452270508,1.2297776937484741,6.599999904632568,36.099578857421875,0.2563234865665436,0.26532116532325745,2.3873274326324463,345.2855224609375,0.5389651656150818,0.5761327147483826,0.3873862624168396,0.10472716391086578,65.45537567138672,0.37611597776412964,10.715568542480469,0.29384076595306396,0.5302016735076904,0.2052788883447647,0.23285816609859467,55.20805358886719,291.2101135253906,0.5560382604598999,0.5641804933547974,0.23608386516571045,0.15160703659057617,67.3537368774414,0.33494308590888977,3.323972702026367,0.2438131719827652,0.44431599974632263,0.2158866971731186,0.22340457141399384,15.070242881774902,299.291015625,0.4205688536167145,0.5777593851089478,0.27837303280830383,0.09137437492609024,47.06407165527344,0.318978488445282,7.287712574005127,0.3506702780723572,0.6765128970146179,0.2857562303543091,0.2857562303543091,0.0,234.61997985839844,0.49243301153182983,0.4927823841571808,0.16729170083999634,0.1394893079996109,41.77711486816406,0.3263891041278839,13.801175117492676,0.5347143411636353,0.9461768865585327,0.36928749084472656,0.36928749084472656,0.0,357.3821105957031,0.34595057368278503,0.3474206328392029,-0.0031803164165467024,0.08457650989294052,81.88834381103516,0.34184375405311584,17.01819610595703,0.6572859883308411,1.0822588205337524
2018,2,30.23662023308799,104.50205199891734,4647.36,428.0,2.142235517501831,329.9405212402344,17.202926635742188,35.12763595581055,1.2956501245498657,7.455130100250244,33.44294738769531,0.28803324699401855,0.2907945215702057,0.0,478.4436340332031,0.5210813879966736,0.5210813879966736,0.1661149114370346,0.12385602295398712,23.803640365600586,0.3341851234436035,14.951363563537598,0.45745590329170227,0.8807702660560608,0.22257573902606964,0.2527644634246826,0.0,538.5833129882812,0.6281455159187317,0.6281455159187317,0.2724308371543884,0.1921449601650238,39.84281921386719,0.28534355759620667,7.58568000793457,0.3434273898601532,0.6276504397392273,0.23079881072044373,0.23293060064315796,0.0,463.73797607421875,0.49710169434547424,0.5176863670349121,0.24858300387859344,0.12950775027275085,20.565662384033203,0.26003268361091614,11.890717506408691,0.5253724455833435,1.0212359428405762,0.29726138710975647,0.29726138710975647,0.0,304.1314392089844,0.5153065323829651,0.5153065323829651,0.29076170921325684,0.12979161739349365,33.69026184082031,0.29246994853019714,17.890085220336914,0.7038066387176514,1.3240535259246826,0.3582950532436371,0.3582950532436371,0.0,446.5146789550781,0.4768546223640442,0.4768546223640442,0.21208520233631134,0.13781140744686127,62.42341613769531,0.3182814419269562,21.262603759765625,0.8843627572059631,1.3199326992034912
2018,2,30.179218225226972,104.41096148259754,4651.6885,406.0,0.9274099469184875,180.0,21.987682342529297,23.937580108642578,1.2799999713897705,7.45628023147583,33.864200592041016,0.2875877916812897,0.29184460639953613,0.0,473.6689453125,0.5628374814987183,0.574029266834259,0.43404415249824524,0.11572510004043579,26.257305145263672,0.33983054757118225,14.802154541015625,0.44335415959358215,0.8430126905441284,0.21958646178245544,0.2509579360485077,0.0,530.4695434570312,0.44518691301345825,0.519192099571228,0.3374335467815399,0.08704528212547302,43.04279708862305,0.2928479015827179,7.471402168273926,0.3355681598186493,0.613851010799408,0.23112058639526367,0.2342032790184021,0.0,458.26019287109375,0.4594924747943878,0.49705472588539124,0.18162666261196136,0.10269509255886078,23.13933563232422,0.26760703325271606,11.750261306762695,0.5120589733123779,0.9845221042633057,0.2972174286842346,0.2972174286842346,0.0,301.8201904296875,0.5178686380386353,0.5178686380386353,0.37282294034957886,0.11779718846082687,37.400177001953125,0.2991843521595001,17.754127502441406,0.68475341796875,1.2650519609451294,0.3592574894428253,0.3592574894428253,0.0,442.8226623535156,0.4452567398548126,0.4452567398548126,0.21433521807193756,0.120001420378685,65.2846908569336,0.32411596179008484,21.086793899536133,0.8582841753959656,1.2803912162780762
2018,2,31.63853039058399,105.86326840019962,4660.7427,532.0,23.07692527770996,79.04894256591797,27.8515567779541,25.560714721679688,1.2836683988571167,6.699999809265137,31.665273666381836,0.26115718483924866,0.28116151690483093,0.0,426.3936462402344,0.5095804333686829,0.5201796889305115,0.12758247554302216,0.09580667316913605,37.017269134521484,0.36482739448547363,13.324801445007324,0.3959434926509857,0.8345523476600647,0.20865526795387268,0.24123765528202057,9.716745376586914,442.2904968261719,0.5307637453079224,0.5907829403877258,0.19562113285064697,0.11416929215192795,47.116085052490234,0.3217293620109558,6.092587947845459,0.3178642690181732,0.6568240523338318,0.23502668738365173,0.24173878133296967,1.8712430000305176,391.7631530761719,0.5590563416481018,0.5590563416481018,0.2439708262681961,0.15149076282978058,26.140151977539062,0.3009083569049835,9.997228622436523,0.41075730323791504,0.7673915028572083,0.3227870762348175,0.3227870762348175,0.0,278.89837646484375,0.6367480754852295,0.6367480754852295,0.3261818289756775,0.1786869317293167,36.1372184753418,0.330081969499588,16.405786514282227,0.5838192105293274,1.0528510808944702,0.4447501599788666,0.4447501599788666,0.0,414.3875427246094,0.6164970397949219,0.6164970397949219,0.29454493522644043,0.17022590339183807,79.3516845703125,0.33909592032432556,19.73274040222168,0.7332611083984375,1.3112791776657104
2018,2,30.35303844339134,104.53412185369373,4669.3716,425.0,14.161160469055176,75.13009643554688,22.35079002380371,27.645221710205078,1.2996529340744019,7.585713863372803,29.928129196166992,0.2892760932445526,0.291061669588089,0.0,477.4305114746094,0.6130288243293762,0.6130288243293762,0.19756825268268585,0.13798291981220245,24.065200805664062,0.3312242329120636,14.919703483581543,0.4619218707084656,0.8915967345237732,0.22673399746418,0.25789839029312134,0.0,534.0576171875,0.5346900820732117,0.5363227725028992,0.18041405081748962,0.09713932126760483,38.6102294921875,0.2804231345653534,7.521938323974609,0.346111536026001,0.6283036470413208,0.2323436290025711,0.23419666290283203,0.0,462.02789306640625,0.4682100713253021,0.49412935972213745,0.13541993498802185,0.08518834412097931,20.17146873474121,0.2559884786605835,11.846869468688965,0.5278690457344055,1.0268980264663696,0.29957279562950134,0.29957279562950134,0.0,304.0129089355469,0.5019519925117493,0.5019519925117493,0.12165755033493042,0.094885915517807,31.049694061279297,0.28695690631866455,17.883113861083984,0.7132875919342041,1.352240800857544,0.35790011286735535,0.35790011286735535,0.0,446.4319152832031,0.5544369220733643,0.569408655166626,0.19059865176677704,0.16287152469158173,62.75275421142578,0.3136444389820099,21.258663177490234,0.8960379958152771,1.3543308973312378
2018,2,30.851334067911818,107.42390917789513,4672.483,646.0,17.3468017578125,74.9822006225586,29.453716278076172,29.051414489746094,1.2366770505905151,5.930239200592041,42.250328063964844,0.2828879952430725,0.3183365762233734,0.0,450.8227233886719,0.543216347694397,0.6057221293449402,0.43416643142700195,0.1196618601679802,40.725589752197266,0.38998860120773315,14.088210105895996,0.38142848014831543,0.6681622266769409,0.18394754827022552,0.22294199466705322,0.0,497.2127990722656,0.45753756165504456,0.45753756165504456,0.08405695110559464,0.08813444525003433,78.69939422607422,0.38207271695137024,7.002997398376465,0.26571592688560486,0.5213706493377686,0.23025505244731903,0.24287049472332,0.0,395.7182922363281,0.47990530729293823,0.4928208589553833,0.30338403582572937,0.08807025104761124,74.49353790283203,0.39303073287010193,10.146623611450195,0.28511765599250793,0.5301231741905212,0.31935977935791016,0.31935977935791016,0.0,280.8234558105469,0.521303653717041,0.521303653717041,0.08327977359294891,0.13022123277187347,80.93087768554688,0.4031035006046295,16.519027709960938,0.46476200222969055,1.0072437524795532,0.4220452904701233,0.4220452904701233,0.0,416.70587158203125,0.6478192806243896,0.6478192806243896,0.5394333004951477,0.19221271574497223,127.62525177001953,0.4059385657310486,19.843135833740234,0.5611098408699036,1.0398881435394287
2018,2,31.860054071818126,105.31322936705496,4677.9707,493.0,15.97891616821289,86.75923156738281,23.323904037475586,22.729894638061523,1.2535736560821533,7.145390033721924,38.10442352294922,0.2638368010520935,0.28545913100242615,2.197312116622925,365.611083984375,0.3536424934864044,0.3536424934864044,-0.04510630667209625,0.07508239150047302,43.579559326171875,0.37297579646110535,11.356679916381836,0.34711506962776184,0.7267921566963196,0.2046385109424591,0.23675215244293213,50.73744583129883,329.8304138183594,0.3671208322048187,0.38795173168182373,-0.03454955294728279,0.06905672699213028,42.64170837402344,0.3264307975769043,3.93088698387146,0.28774553537368774,0.6056725382804871,0.22185631096363068,0.23198756575584412,13.952025413513184,328.0299072265625,0.39260196685791016,0.39260196685791016,0.03430416062474251,0.09464186429977417,21.545074462890625,0.30303674936294556,8.053278923034668,0.39364001154899597,0.7575397491455078,0.3093525469303131,0.3093525469303131,0.0,249.60052490234375,0.539290726184845,0.539290726184845,0.12295395135879517,0.14691004157066345,24.74066925048828,0.32708945870399475,14.68238353729248,0.5714424252510071,1.0124503374099731,0.45317399501800537,0.45317399501800537,0.0,377.0719909667969,0.6840497255325317,0.6840497255325317,0.5454064011573792,0.21356472373008728,63.72390365600586,0.328414648771286,17.955808639526367,0.7150845527648926,1.2823350429534912
2018,2,31.487344569366908,107.5791394037677,4684.8857,734.0,8.052568435668945,69.92435455322266,29.09918975830078,30.977035522460938,1.3049362897872925,6.32312536239624,43.0389289855957,0.280617356300354,0.3085169494152069,0.0,428.9620056152344,0.5806714296340942,0.6268113255500793,0.4496070444583893,0.11825815588235855,39.74163818359375,0.3923969864845276,13.405062675476074,0.3526213467121124,0.587437629699707,0.2166280448436737,0.22211004793643951,0.07231301814317703,443.208251953125,0.44291120767593384,0.44291120767593384,0.1585099846124649,0.09270051121711731,79.18550109863281,0.3816261291503906,6.241351127624512,0.26234737038612366,0.4781193137168884,0.22562912106513977,0.2476423680782318,0.0,369.3984069824219,0.4828963577747345,0.49109333753585815,0.2891503870487213,0.08610475808382034,78.5257797241211,0.3960846960544586,9.47175407409668,0.27530401945114136,0.4677214026451111,0.3247586190700531,0.3247586190700531,0.0,275.1531982421875,0.6800020933151245,0.6800020933151245,0.3895951509475708,0.21370363235473633,70.5806884765625,0.39305925369262695,16.185482025146484,0.4813043773174286,0.8656708002090454,0.4646964371204376,0.4646964371204376,0.0,406.6483154296875,0.7312036752700806,0.7312036752700806,0.6143848896026611,0.22369137406349182,102.98760986328125,0.4047239422798157,19.364206314086914,0.560336172580719,1.10570228099823
2018,2,30.04366155320222,104.30855376780411,4686.0137,379.0,1.8543341159820557,180.0,17.433183670043945,34.589599609375,1.274823784828186,7.304288864135742,33.19379425048828,0.28651684522628784,0.2926360070705414,0.0,469.0996398925781,0.44355031847953796,0.44355031847953796,0.09477068483829498,0.12751200795173645,29.03099250793457,0.3486519455909729,14.659363746643066,0.42474645376205444,0.7951934337615967,0.21484465897083282,0.24718186259269714,0.0,524.6127319335938,0.4414566457271576,0.5136184096336365,0.33893001079559326,0.08407413214445114,48.18206024169922,0.30520856380462646,7.388912200927734,0.32461079955101013,0.5951594710350037,0.23021355271339417,0.2343789041042328,0.0,453.2115783691406,0.6164119839668274,0.656478226184845,0.2936827540397644,0.19100114703178406,26.350282669067383,0.2798105776309967,11.620809555053711,0.49430716037750244,0.9347010254859924,0.2954022288322449,0.2954022288322449,0.0,299.17279052734375,0.573581337928772,0.573581337928772,0.29741641879081726,0.1617061048746109,43.98523712158203,0.31144845485687256,17.598398208618164,0.6549271941184998,1.179236888885498,0.3616124093532562,0.3616124093532562,0.0,438.5849914550781,0.38136205077171326,0.41610029339790344,0.02830154448747635,0.10057473182678223,69.42332458496094,0.33458665013313293,20.885000228881836,0.8184719085693359,1.2161383628845215
2018,2,31.686501399716967,105.88266994888316,4686.1743,537.0,6.511632919311523,90.0,27.399816513061523,25.060396194458008,1.2635128498077393,6.881493091583252,32.24751663208008,0.26140183210372925,0.28225523233413696,0.0,417.023193359375,0.3803904950618744,0.40368279814720154,0.06298986077308655,0.06452054530382156,37.901920318603516,0.3668403625488281,13.031974792480469,0.38518381118774414,0.8056832551956177,0.20753277838230133,0.24031662940979004,13.044028282165527,424.2441101074219,0.48274147510528564,0.6117089986801147,0.2013995498418808,0.1181321069598198,47.85124969482422,0.3246847093105316,5.791550636291504,0.3107922077178955,0.6417972445487976,0.2325970083475113,0.23998787999153137,2.443376064300537,381.1971740722656,0.5262265801429749,0.5537272691726685,0.245353102684021,0.10961933434009552,26.912080764770508,0.3052774667739868,9.71163558959961,0.40081146359443665,0.7483915686607361,0.3208107054233551,0.3208107054233551,0.0,274.69952392578125,0.6687673330307007,0.6687673330307007,0.3590458631515503,0.20621633529663086,36.74864196777344,0.33272790908813477,16.158796310424805,0.5723506212234497,1.0304099321365356,0.448261559009552,0.448261559009552,0.0,408.51898193359375,0.6498186588287354,0.6498186588287354,0.33591267466545105,0.20269091427326202,79.14652252197266,0.34131985902786255,19.453285217285156,0.7154935598373413,1.2864735126495361
2018,2,31.803191615184588,105.89911065446722,4690.785,577.0,10.935216903686523,80.3534927368164,26.613834381103516,27.868501663208008,1.2893648147583008,6.749542236328125,34.124916076660156,0.26199695467948914,0.2849158048629761,0.0,394.442138671875,0.4650711715221405,0.5300965309143066,0.04358072206377983,0.09934699535369873,40.004119873046875,0.3713754713535309,12.326316833496094,0.3608759045600891,0.7435909509658813,0.20480220019817352,0.23807616531848907,21.15263557434082,380.30059814453125,0.33571022748947144,0.35980910062789917,0.005734470207244158,0.0618998147547245,48.9295539855957,0.3307156264781952,5.058422088623047,0.2952892780303955,0.6113982796669006,0.22668661177158356,0.2357286512851715,3.867511034011841,356.2009582519531,0.2960296869277954,0.31543225049972534,-0.0174877867102623,0.054757390171289444,27.966773986816406,0.3138905167579651,9.03419017791748,0.38083046674728394,0.7119036316871643,0.3160030245780945,0.3160030245780945,0.0,264.69061279296875,0.40061381459236145,0.40061381459236145,0.06539028882980347,0.09137892723083496,37.01116943359375,0.33797240257263184,15.570035934448242,0.5490103960037231,0.9833846092224121,0.4568033516407013,0.4568033516407013,0.0,394.678955078125,0.46037402749061584,0.46037402749061584,0.1154639944434166,0.12168293446302414,77.27777862548828,0.34486109018325806,18.794235229492188,0.6798706650733948,1.2382558584213257
2018,2,31.763304956261514,105.93441335750735,4690.785,389.0,8.056070327758789,203.80023193359375,27.54269027709961,27.820768356323242,1.2999999523162842,6.6426897048950195,29.820669174194336,0.2617935538291931,0.28400641679763794,0.0,402.2633972167969,0.44392722845077515,0.45511594414711,0.08074746280908585,0.08521343767642975,39.41410827636719,0.370151549577713,12.570731163024902,0.3673003315925598,0.7565910816192627,0.20573551952838898,0.2388419657945633,18.28341293334961,396.0621337890625,0.47961893677711487,0.5341068506240845,0.2527678906917572,0.11320523172616959,49.50543212890625,0.3298620581626892,5.320827007293701,0.2989085018634796,0.6152326464653015,0.22870679199695587,0.23718446493148804,3.165790319442749,364.37518310546875,0.5925620794296265,0.5968871116638184,0.325824499130249,0.14711226522922516,28.66520881652832,0.3131730258464813,9.26177978515625,0.38325291872024536,0.7137265801429749,0.3176462948322296,0.3176462948322296,0.0,268.1160583496094,0.639306366443634,0.639306366443634,0.4150838553905487,0.19322599470615387,38.387760162353516,0.33757370710372925,15.771533012390137,0.5521243810653687,0.991431474685669,0.4538837671279907,0.4538837671279907,0.0,399.2158508300781,0.6311835050582886,0.6311835050582886,0.3985893726348877,0.19255077838897705,79.48543548583984,0.345807820558548,19.010278701782227,0.6840608716011047,1.2420690059661865
2018,2,28.78970436865954,103.8277734922216,4694.27,567.0,20.770347595214844,46.929466247558594,21.13095474243164,28.293136596679688,1.2491623163223267,6.2845001220703125,37.52098083496094,0.2742217183113098,0.29287171363830566,0.0,389.89959716796875,0.5676476955413818,0.5676476955413818,0.2628314793109894,0.08955579251050949,58.119869232177734,0.4125886857509613,12.184362411499023,0.26179781556129456,0.4322706162929535,0.19969774782657623,0.23527580499649048,7.07609748840332,387.8035583496094,0.4787479043006897,0.5050982236862183,0.22021614015102386,0.07517319917678833,109.49353790283203,0.398982435464859,5.362358570098877,0.2061069756746292,0.3757292330265045,0.21366629004478455,0.21791058778762817,0.0,358.86566162109375,0.5936884880065918,0.5936884880065918,0.29054540395736694,0.1462184637784958,58.85492706298828,0.3852643370628357,9.201683044433594,0.3198264539241791,0.5701887607574463,0.286760538816452,0.286760538816452,0.0,255.49037170410156,0.5638819336891174,0.5638819336891174,0.2533131241798401,0.1309894621372223,79.1131591796875,0.4018750786781311,15.02884578704834,0.4103696346282959,0.7409542798995972,0.416215181350708,0.416215181350708,0.0,377.00018310546875,0.4545627236366272,0.46307796239852905,0.08762940764427185,0.10413408279418945,101.62879943847656,0.40668123960494995,17.952388763427734,0.4925214946269989,0.7634903788566589
2018,2,31.64445653588402,105.86030309799906,4695.5737,570.0,6.093778610229492,62.942413330078125,25.838558197021484,29.512939453125,1.2697227001190186,6.8127875328063965,32.506629943847656,0.26118603348731995,0.28129056096076965,0.0,425.29705810546875,0.44144687056541443,0.4709779620170593,0.06465942412614822,0.07089915871620178,37.108699798583984,0.3650141656398773,13.290533065795898,0.3949502110481262,0.8323507905006409,0.20852284133434296,0.24112899601459503,10.117362022399902,440.10528564453125,0.42843419313430786,0.5382074117660522,0.10306661576032639,0.07641662657260895,47.08156204223633,0.32190391421318054,6.056168079376221,0.3172788918018341,0.6559863090515137,0.23474004864692688,0.24153222143650055,1.9565016031265259,390.5966796875,0.31502965092658997,0.31502965092658997,0.05264735221862793,0.08881428092718124,26.09321403503418,0.30111199617385864,9.965132713317871,0.410218209028244,0.7666484117507935,0.3225539028644562,0.3225539028644562,0.0,278.4183044433594,0.7022940516471863,0.7022940516471863,0.37003403902053833,0.2205151617527008,36.011775970458984,0.33020418882369995,16.377546310424805,0.5831592679023743,1.051350474357605,0.44516444206237793,0.44516444206237793,0.0,413.7421569824219,0.672513484954834,0.672513484954834,0.33076247572898865,0.2043037861585617,79.11157989501953,0.33906254172325134,19.702007293701172,0.7323116064071655,1.3101770877838135
2018,2,30.051745903412122,106.799492339179,4697.4146,543.0,10.096575736999512,180.0,30.360107421875,29.689287185668945,1.269446849822998,6.193197727203369,37.94489288330078,0.2710322141647339,0.30394935607910156,0.0,463.8209533691406,0.35342803597450256,0.35342803597450256,0.11377495527267456,0.1384590119123459,35.58514404296875,0.38672569394111633,14.494404792785645,0.3933333456516266,0.7024106979370117,0.1741907298564911,0.23161469399929047,0.08874688297510147,532.2319946289062,0.43649497628211975,0.43649497628211975,0.048635389655828476,0.08046089112758636,72.61510467529297,0.385388046503067,7.494975566864014,0.2619849145412445,0.5083369612693787,0.22158412635326385,0.23258298635482788,0.0,418.2469177246094,0.4665461778640747,0.4756268262863159,0.2913694679737091,0.08162107318639755,54.29024887084961,0.3814362585544586,10.724279403686523,0.3135945498943329,0.6312170624732971,0.29817891120910645,0.29817891120910645,0.0,284.8921813964844,0.5567841529846191,0.5567841529846191,0.11694499850273132,0.12569257616996765,94.08995819091797,0.4107033610343933,16.758363723754883,0.45221585035324097,0.996060311794281,0.3947828710079193,0.3947828710079193,0.0,424.6093444824219,0.635528564453125,0.635528564453125,0.24286983907222748,0.16741637885570526,142.93756103515625,0.4108116328716278,20.219491958618164,0.5546389818191528,1.0613093376159668
2018,2,31.039980797078897,104.26138985596181,4701.498,483.0,0.9274099469184875,180.0,23.972850799560547,32.41710662841797,1.2367873191833496,6.865119934082031,40.006099700927734,0.2760705053806305,0.2822398543357849,0.9491793513298035,404.3760681152344,0.36583390831947327,0.3893108367919922,0.05996454879641533,0.09041041880846024,51.25347900390625,0.36205315589904785,12.60708999633789,0.3594525456428528,0.6567113995552063,0.22060732543468475,0.2509986460208893,21.950212478637695,390.8310852050781,0.40417009592056274,0.42232993245124817,0.10415206849575043,0.0956650823354721,55.6502571105957,0.31478995084762573,5.195505142211914,0.28829261660575867,0.5134692192077637,0.22944852709770203,0.23683173954486847,5.9917893409729,370.7224426269531,0.5074965953826904,0.5329346656799316,0.20024827122688293,0.13740278780460358,34.907127380371094,0.2933995723724365,9.352067947387695,0.42351198196411133,0.7992621064186096,0.30194705724716187,0.30194705724716187,0.0,269.21710205078125,0.6738594770431519,0.6797885298728943,0.35476723313331604,0.22435970604419708,33.31669616699219,0.3031724691390991,15.83630084991455,0.6320945024490356,1.121861457824707,0.37056487798690796,0.37056487798690796,0.0,400.4277038574219,0.5561591982841492,0.5659304261207581,0.2556261718273163,0.1617293655872345,71.12261962890625,0.3236417770385742,19.06798553466797,0.7840512990951538,1.2642844915390015
2018,2,31.017613946194803,104.28537536052829,4701.498,473.0,1.0821150541305542,270.0,23.41090202331543,30.052093505859375,1.25,6.800000190734863,33.647010803222656,0.27789321541786194,0.28370925784111023,0.8188661932945251,410.4366149902344,0.33051976561546326,0.34364089369773865,0.0856536403298378,0.06411630660295486,49.60044479370117,0.3602321147918701,12.800555229187012,0.3668472170829773,0.6717913150787354,0.22206002473831177,0.2526831328868866,18.936660766601562,401.36077880859375,0.39753293991088867,0.757575273513794,0.13292133808135986,0.06643177568912506,54.35578918457031,0.312356173992157,5.386255264282227,0.293048232793808,0.521298348903656,0.2305743396282196,0.23781876266002655,5.1691741943359375,378.0943908691406,0.4688338041305542,0.520767867565155,0.22436383366584778,0.0991446003317833,33.628047943115234,0.2905026972293854,9.562185287475586,0.4314911365509033,0.8140867948532104,0.30319714546203613,0.30319714546203613,0.0,272.6265869140625,0.501846969127655,0.5055935978889465,0.2584879398345947,0.08896586298942566,32.49169158935547,0.3008151948451996,16.03685760498047,0.6418803930282593,1.1418355703353882,0.3704241216182709,0.3704241216182709,0.0,404.7281799316406,0.5358880162239075,0.584749698638916,0.2668761610984802,0.13104954361915588,70.07010650634766,0.32184213399887085,19.272769927978516,0.7968426942825317,1.2815215587615967
2018,2,29.31764409698332,104.52361175251075,4706.734,347.0,5.614840030670166,289.2270812988281,58.52470397949219,19.602720260620117,1.2891587018966675,6.188624382019043,31.091856002807617,0.2783602178096771,0.28981781005859375,0.0,481.7188415527344,0.5493483543395996,0.5711707472801208,0.4247026741504669,0.11110517382621765,24.74102210998535,0.35840052366256714,15.05371379852295,0.40890294313430786,0.768669068813324,0.1959209442138672,0.22176708281040192,0.0,567.290771484375,0.5879195332527161,0.7250555157661438,0.24932292103767395,0.08876660466194153,54.89493942260742,0.3274844288825989,7.990010738372803,0.31097665429115295,0.5801542401313782,0.21892519295215607,0.22268103063106537,0.0,470.5353088378906,0.4819255769252777,0.5261498689651489,0.19854485988616943,0.1118176281452179,26.329818725585938,0.29740869998931885,12.065008163452148,0.48139092326164246,0.9018060564994812,0.2835479974746704,0.2835479974746704,0.0,301.4310302734375,0.60611891746521,0.60611891746521,0.2645954191684723,0.16270197927951813,56.21035385131836,0.34031301736831665,17.731237411499023,0.5936281085014343,1.0433852672576904,0.37312331795692444,0.37312331795692444,0.0,442.9052734375,0.5445590019226074,0.589657723903656,0.21776047348976135,0.1636163890361786,64.72869873046875,0.3545209467411041,21.090726852416992,0.7543668746948242,1.0626670122146606
2018,2,29.16430007085637,104.19590349789092,4706.98,373.0,14.565048217773438,68.04924774169922,35.66444778442383,22.903385162353516,1.2703208923339844,6.432849407196045,34.09639358520508,0.2780916392803192,0.2916085720062256,0.0,452.1632080078125,0.5734731554985046,0.6003194451332092,0.4245592951774597,0.11411342769861221,38.18342971801758,0.38028043508529663,14.13010025024414,0.3544521629810333,0.6260952353477478,0.2001088410615921,0.23218797147274017,1.512885570526123,508.6548767089844,0.6468806862831116,0.7295668125152588,0.15200334787368774,0.1264595240354538,76.2909927368164,0.3555515706539154,7.1428446769714355,0.27411577105522156,0.4995994567871094,0.21786484122276306,0.2224227637052536,0.0,434.5948181152344,0.5365308523178101,0.5380381345748901,0.1734195053577423,0.11532536149024963,38.393009185791016,0.33142441511154175,11.14345645904541,0.42222297191619873,0.7649601101875305,0.2848300635814667,0.2848300635814667,0.0,287.5954895019531,0.6039126515388489,0.6039126515388489,0.24733597040176392,0.15204228460788727,66.40846252441406,0.36242806911468506,16.917381286621094,0.5306717157363892,0.9185582995414734,0.3908476233482361,0.3908476233482361,0.0,421.5762634277344,0.5329886078834534,0.587984025478363,0.1475159078836441,0.14494118094444275,80.67594909667969,0.374354749917984,20.07505989074707,0.6580650210380554,0.9616307020187378
2018,2,31.245068231830036,105.90854165319524,4711.715,365.0,5.140989303588867,122.66864013671875,30.325498580932617,30.189525604248047,1.3133944272994995,7.267605304718018,29.30727195739746,0.26519882678985596,0.28071707487106323,0.0,459.375732421875,0.5078989267349243,0.5674722790718079,0.4303017854690552,0.10917489230632782,32.19221496582031,0.35916584730148315,14.355491638183594,0.4238419532775879,0.8856077194213867,0.21257789433002472,0.24452371895313263,0.0,509.593505859375,0.4333726763725281,0.510511577129364,0.3638263940811157,0.07873237133026123,47.642948150634766,0.31940802931785583,7.17737340927124,0.32755306363105774,0.6511572599411011,0.23918555676937103,0.2442573755979538,0.0,427.2755432128906,0.4861466884613037,0.4951588809490204,0.33274340629577637,0.08976051956415176,27.56385612487793,0.29881685972213745,10.95578384399414,0.42548656463623047,0.7800436019897461,0.32139652967453003,0.32139652967453003,0.0,291.18035888671875,0.5814394950866699,0.5814394950866699,0.4370940327644348,0.1324106901884079,45.106719970703125,0.3341943621635437,17.12825584411621,0.5879004001617432,1.0891294479370117,0.418790340423584,0.418790340423584,0.0,431.9382629394531,0.6359415054321289,0.6359415054321289,0.4913545548915863,0.18947909772396088,90.78721618652344,0.34524431824684143,20.56848907470703,0.7463887929916382,1.3171844482421875
2018,2,31.59379222971476,105.00330846653729,4731.7725,486.0,3.39178729057312,285.8507385253906,25.670915603637695,28.153892517089844,1.323278546333313,7.1754350662231445,26.60621452331543,0.2717410922050476,0.2850189805030823,1.5188064575195312,411.1236572265625,0.38531699776649475,0.38531699776649475,0.058267589658498764,0.06302711367607117,47.33666229248047,0.36874163150787354,12.800150871276855,0.37663495540618896,0.7650043368339539,0.2186763733625412,0.24892622232437134,23.654802322387695,406.7001647949219,0.2903544008731842,0.36626482009887695,0.14217977225780487,0.04506168141961098,47.54224395751953,0.31871655583381653,5.395005226135254,0.30845147371292114,0.6029260158538818,0.23533327877521515,0.24443601071834564,6.376533031463623,377.9679870605469,0.49020397663116455,0.49651038646698,0.32674169540405273,0.08845076709985733,24.214691162109375,0.29063454270362854,9.527986526489258,0.42982709407806396,0.7988844513893127,0.31934770941734314,0.31934770941734314,0.0,274.07452392578125,0.4667036235332489,0.4667036235332489,0.2850876748561859,0.08653257042169571,24.482114791870117,0.30862411856651306,16.122032165527344,0.6415733695030212,1.1148444414138794,0.4197104871273041,0.4197104871273041,0.0,408.4114685058594,0.3928494453430176,0.3928494453430176,0.2060975432395935,0.06991758942604065,64.55786895751953,0.3175913393497467,19.448165893554688,0.8114256858825684,1.4017345905303955
2018,2,31.729620906903786,105.80290109013805,4732.9863,475.0,6.816616535186768,341.4316711425781,24.251972198486328,34.816436767578125,1.2897776365280151,6.975419044494629,34.218387603759766,0.26162174344062805,0.28323835134506226,0.0,408.5350341796875,0.5656691789627075,0.5749643445014954,0.1795455813407898,0.11493024230003357,38.420692443847656,0.36780309677124023,12.766719818115234,0.3802652060985565,0.8004723787307739,0.20652379095554352,0.23948875069618225,16.230674743652344,406.5777587890625,0.4375247061252594,0.5958094596862793,0.13219286501407623,0.0920167937874794,46.26848220825195,0.3243176341056824,5.4978461265563965,0.308695524930954,0.6446207761764526,0.2304130345582962,0.23841403424739838,3.3885440826416016,372.8418884277344,0.41348797082901,0.41348797082901,0.1115165650844574,0.09325238317251205,25.073747634887695,0.303705096244812,9.473162651062012,0.40289583802223206,0.7576740384101868,0.3190341889858246,0.3190341889858246,0.0,271.04345703125,0.4738040268421173,0.4738040268421173,0.1679084450006485,0.11462274938821793,33.73935317993164,0.33170613646507263,15.943733215332031,0.5741521120071411,1.0302497148513794,0.4514178931713104,0.4514178931713104,0.0,403.8829345703125,0.4885719120502472,0.4885719120502472,0.17384061217308044,0.12665073573589325,75.11772155761719,0.33804211020469666,19.232521057128906,0.719477117061615,1.295873761177063
2018,2,31.521300623888898,105.07742318514663,4733.0625,474.0,5.699949264526367,229.55422973632812,22.036041259765625,28.104747772216797,1.310313105583191,7.476217269897461,32.23918914794922,0.2713029682636261,0.2842313051223755,0.29572594165802,433.4249267578125,0.27292168140411377,0.27292168140411377,0.03287375718355179,0.09960106760263443,44.69827651977539,0.3651416599750519,13.535286903381348,0.40001240372657776,0.8290137648582458,0.22038111090660095,0.2510106563568115,4.840819358825684,443.4090576171875,0.4743247628211975,0.5564698576927185,0.17876949906349182,0.1128997802734375,46.26738357543945,0.3132539689540863,6.177017688751221,0.3252352774143219,0.6440026760101318,0.2400261014699936,0.24817882478237152,1.3088330030441284,403.0528869628906,0.49309107661247253,0.49931323528289795,0.33845245838165283,0.09026727825403214,22.26032257080078,0.2826656997203827,10.301129341125488,0.4515683650970459,0.8380092978477478,0.3245326280593872,0.3245326280593872,0.0,285.713134765625,0.5982319116592407,0.5982319116592407,0.3311503231525421,0.17752034962177277,23.495988845825195,0.3049316704273224,16.806655883789062,0.6638811826705933,1.1562613248825073,0.4174292981624603,0.4174292981624603,0.0,423.58917236328125,0.5437943935394287,0.5437943935394287,0.2537604868412018,0.16151680052280426,64.21951293945312,0.31391841173171997,20.170913696289062,0.8468608856201172,1.4600108861923218
2018,2,31.12217986589812,104.09807973898042,4737.2656,543.0,3.376129150390625,105.9263916015625,28.80772590637207,27.9681453704834,1.2053873538970947,6.960551738739014,39.237579345703125,0.2638428211212158,0.27205637097358704,1.842682123184204,367.1287841796875,0.5428109765052795,0.5775265097618103,0.3941892087459564,0.10730616748332977,60.2210807800293,0.3710023760795593,11.415190696716309,0.317336767911911,0.5737501382827759,0.21053044497966766,0.23956239223480225,42.612876892089844,328.0650634765625,0.459486186504364,0.5018326044082642,0.1305243968963623,0.12620842456817627,63.07978439331055,0.32763615250587463,4.020452976226807,0.2599404454231262,0.4696585237979889,0.22129270434379578,0.22885845601558685,11.63211441040039,325.82281494140625,0.5544474720954895,0.6296284794807434,0.2432468980550766,0.16200944781303406,42.874237060546875,0.30971288681030273,8.056172370910645,0.3770468831062317,0.7196618914604187,0.2919958829879761,0.2919958829879761,0.0,247.45330810546875,0.6403924822807312,0.6453371644020081,0.3164706826210022,0.1948259323835373,38.999000549316406,0.3180718719959259,14.556077003479004,0.5692477226257324,1.0053951740264893,0.36927613615989685,0.36927613615989685,0.0,373.2155456542969,0.547322690486908,0.5523451566696167,0.1977510303258896,0.1537483036518097,78.28402709960938,0.3354915976524353,17.77216911315918,0.7019675374031067,1.1451148986816406
2018,2,29.92373403036979,103.6997660782803,4737.3315,446.0,4.240671157836914,310.9151916503906,26.663476943969727,30.922840118408203,1.2411129474639893,6.481439590454102,43.922122955322266,0.2876608669757843,0.2986791729927063,0.0,435.1527099609375,0.5969523191452026,0.6166853904724121,0.4446922838687897,0.11775926500558853,47.898841857910156,0.3829233944416046,13.598522186279297,0.3430189788341522,0.5639327764511108,0.21231237053871155,0.256330281496048,0.0,458.2476806640625,0.5291463136672974,0.550271213054657,0.22052833437919617,0.10098978877067566,72.37614440917969,0.34755849838256836,6.454192638397217,0.27737927436828613,0.49329861998558044,0.23361189663410187,0.24240228533744812,0.0,412.6641540527344,0.4419878423213959,0.48557910323143005,0.1823984980583191,0.10313910245895386,43.08275604248047,0.32679644227027893,10.581131935119629,0.41171446442604065,0.707923412322998,0.29790037870407104,0.29790037870407104,0.0,284.3020324707031,0.4760587513446808,0.4760587513446808,0.20482531189918518,0.1244598776102066,64.29495239257812,0.34502851963043213,16.723649978637695,0.5593081116676331,0.8961499929428101,0.37423011660575867,0.37423011660575867,0.0,413.7427978515625,0.43022218346595764,0.44389912486076355,0.13145865499973297,0.11653228849172592,93.20685577392578,0.36576446890830994,19.702037811279297,0.6736176013946533,1.0462919473648071
2018,2,29.253232382266294,104.69689687854871,4739.123,387.0,2.3183631896972656,246.43154907226562,32.01156234741211,32.52698516845703,1.329325556755066,6.199999809265137,29.802888870239258,0.2784156799316406,0.290870726108551,0.0,481.90655517578125,0.5543757677078247,0.577357828617096,0.42392247915267944,0.11170057952404022,25.427072525024414,0.3588767647743225,15.059579849243164,0.40281805396080017,0.7605283260345459,0.19430938363075256,0.22141066193580627,0.0,570.0972290039062,0.47125834226608276,0.481930673122406,0.22474125027656555,0.10712797194719315,55.73711395263672,0.32980984449386597,8.029539108276367,0.3047701418399811,0.5582979321479797,0.2177623063325882,0.2213924080133438,0.0,470.70556640625,0.5015073418617249,0.5015073418617249,0.2195226401090622,0.1350645124912262,26.979402542114258,0.2995423376560211,12.069374084472656,0.4718547761440277,0.880031943321228,0.2838873565196991,0.2838873565196991,0.0,300.6559143066406,0.5929981470108032,0.5929981470108032,0.26186859607696533,0.1580323725938797,59.633079528808594,0.3436788022518158,17.68564224243164,0.5765101909637451,1.0204352140426636,0.37607306241989136,0.37607306241989136,0.0,442.57611083984375,0.5137401819229126,0.5137401819229126,0.226019486784935,0.13460949063301086,64.17160034179688,0.3539862334728241,21.07505226135254,0.736931324005127,1.058585524559021
2018,2,30.876398674933228,104.06573787903979,4742.7964,518.0,1.4237984418869019,310.6386413574219,22.52465057373047,31.058349609375,1.1821366548538208,6.800000190734863,41.23908615112305,0.2732442617416382,0.2815288007259369,1.2046047449111938,395.8958435058594,0.5560962557792664,0.5842816233634949,0.40758711099624634,0.11097326874732971,51.55157470703125,0.3612023591995239,12.334101676940918,0.34968772530555725,0.630201518535614,0.21359512209892273,0.2466987818479538,27.85704231262207,379.7777099609375,0.4545808732509613,0.5031914114952087,0.13222558796405792,0.08459904044866562,56.89341735839844,0.31544026732444763,4.956629276275635,0.28097298741340637,0.5086336135864258,0.22844430804252625,0.23551659286022186,7.60418701171875,362.02850341796875,0.44618088006973267,0.4629078805446625,0.12604300677776337,0.09391050040721893,39.03519058227539,0.29613733291625977,9.08780288696289,0.4130493402481079,0.7833059430122375,0.2979530394077301,0.2979530394077301,0.0,263.3155822753906,0.5839617848396301,0.5839617848396301,0.2408287525177002,0.16811971366405487,38.03133773803711,0.3090781569480896,15.489151000976562,0.603232741355896,1.064666748046875,0.3635042607784271,0.3635042607784271,0.0,392.45965576171875,0.5931881666183472,0.5931881666183472,0.21451644599437714,0.1796642690896988,76.48331451416016,0.3302275538444519,18.688554763793945,0.7445715069770813,1.1852514743804932
2018,2,30.86292327154972,104.14092724100297,4742.7964,497.0,1.08036208152771,270.0,27.031049728393555,32.863525390625,1.25,6.692735195159912,44.6912841796875,0.27657294273376465,0.28383204340934753,0.9597368240356445,407.4596252441406,0.5562286972999573,0.5828766226768494,0.4103893041610718,0.11210527271032333,48.56504440307617,0.3579639792442322,12.70312213897705,0.3643442988395691,0.6620006561279297,0.21713918447494507,0.2500874400138855,22.194358825683594,399.5171813964844,0.4133089482784271,0.4549459218978882,0.18438854813575745,0.08356207609176636,54.43285369873047,0.31092947721481323,5.314405918121338,0.29035520553588867,0.5232001543045044,0.2302308827638626,0.23700623214244843,6.05843448638916,375.84967041015625,0.4350060820579529,0.4508434236049652,0.20231688022613525,0.10804849863052368,36.145572662353516,0.2905772924423218,9.481825828552246,0.42864593863487244,0.812924861907959,0.3003373146057129,0.3003373146057129,0.0,269.8869323730469,0.47506678104400635,0.47506678104400635,0.24800807237625122,0.12129801511764526,35.86328125,0.30413818359375,15.875701904296875,0.6244156360626221,1.1099143028259277,0.36426571011543274,0.36426571011543274,0.0,400.90142822265625,0.5196062326431274,0.5196062326431274,0.19842299818992615,0.13493984937667847,73.83138275146484,0.32613322138786316,19.090543746948242,0.7726261019706726,1.2265443801879883
2018,2,31.879188074438463,106.05272222665735,4757.2324,523.0,3.704791784286499,180.0,28.341888427734375,25.670394897460938,1.2698256969451904,6.816932201385498,33.026824951171875,0.2623845338821411,0.28664854168891907,0.0,381.0367736816406,0.5251216292381287,0.5980044007301331,0.42763254046440125,0.10918870568275452,41.973514556884766,0.37509164214134216,11.90739917755127,0.33992087841033936,0.6807557940483093,0.20302386581897736,0.23661701381206512,25.902368545532227,355.9318542480469,0.471285879611969,0.471285879611969,0.15435990691184998,0.09818325936794281,52.92955780029297,0.3380512595176697,4.648303031921387,0.28074386715888977,0.5726764798164368,0.22283732891082764,0.232954740524292,3.626281261444092,340.0185546875,0.48286858201026917,0.4943789839744568,0.2921498119831085,0.0839490294456482,32.26387023925781,0.3261698782444,8.625442504882812,0.3553406596183777,0.6565406322479248,0.31287193298339844,0.31287193298339844,0.0,258.8619079589844,0.5843926668167114,0.5843926668167114,0.4253150522708893,0.12960714101791382,41.9060173034668,0.34578874707221985,15.227170944213867,0.5197442173957825,0.9296844601631165,0.46236637234687805,0.46236637234687805,0.0,385.9282531738281,0.4966643452644348,0.4966643452644348,0.21303701400756836,0.13835997879505157,80.92375946044922,0.3539005219936371,18.37753677368164,0.6339458227157593,1.1710366010665894
2018,2,30.895532677553568,104.51606249442727,4762.17,807.0,9.309395790100098,306.3351745605469,37.99371337890625,24.49552345275879,1.285481572151184,6.9580183029174805,42.58397674560547,0.2891397774219513,0.2918216586112976,0.0,451.80816650390625,0.5517621636390686,0.5743369460105896,0.4187745153903961,0.11617240309715271,37.84637451171875,0.3469690978527069,14.11900520324707,0.42062613368034363,0.7892729043960571,0.23269088566303253,0.2636866569519043,0.0,474.05157470703125,0.5497753024101257,0.5497753024101257,0.1911567598581314,0.10427571833133698,45.16225051879883,0.29485461115837097,6.676782608032227,0.3267618715763092,0.5775837898254395,0.2367045134305954,0.24248850345611572,0.0,428.1150207519531,0.3970370590686798,0.39755380153656006,0.11773911118507385,0.09680687636137009,23.99240493774414,0.26984652876853943,10.97730827331543,0.487859845161438,0.9234239459037781,0.31033438444137573,0.31033438444137573,0.0,295.3699035644531,0.46989184617996216,0.46989184617996216,0.10527702420949936,0.1074928343296051,26.17949867248535,0.2846623659133911,17.37470054626465,0.7103869915008545,1.2932454347610474,0.3706189692020416,0.3706189692020416,0.0,433.9784240722656,0.4442567527294159,0.4442567527294159,0.11609023064374924,0.110213503241539,62.225975036621094,0.3089912235736847,20.665637969970703,0.8879702687263489,1.4081312417984009
2018,2,29.601688834087817,104.94725310719444,4763.204,346.0,8.342859268188477,39.403472900390625,30.793331146240234,29.34055519104004,1.3063039779663086,7.139937400817871,33.348758697509766,0.28123950958251953,0.2893342077732086,0.0,486.2965393066406,0.5807708501815796,0.5807708501815796,0.2013210952281952,0.12502235174179077,21.283361434936523,0.35052990913391113,15.19676685333252,0.42642661929130554,0.8524333834648132,0.19984528422355652,0.22470059990882874,0.0,574.31689453125,0.4810371994972229,0.5039884448051453,0.1623477190732956,0.08346123993396759,43.88364791870117,0.3157479763031006,8.088970184326172,0.3189837634563446,0.5873909592628479,0.2223542481660843,0.22600987553596497,0.0,475.1784973144531,0.40277430415153503,0.4120042622089386,0.027990123257040977,0.07128311693668365,22.213600158691406,0.28484219312667847,12.184063911437988,0.4904961884021759,0.9190900921821594,0.2846262753009796,0.2846262753009796,0.0,301.02392578125,0.56038898229599,0.5617706179618835,0.11854566633701324,0.13350944221019745,59.9556884765625,0.3375735580921173,17.707290649414062,0.590181291103363,1.069447636604309,0.3604538142681122,0.3604538142681122,0.0,445.60498046875,0.6115570068359375,0.6137598156929016,0.18757900595664978,0.17432329058647156,64.74236297607422,0.34803906083106995,21.21928596496582,0.7633016705513,1.1343889236450195
2018,2,31.11570971026956,104.42766973424482,4763.5977,520.0,8.559783935546875,194.55101013183594,24.24115753173828,29.833084106445312,1.2700563669204712,7.13278865814209,33.97615051269531,0.28406426310539246,0.28861889243125916,0.32862603664398193,425.3680114746094,0.3354707360267639,0.3354707360267639,0.13707685470581055,0.11383064091205597,48.09382629394531,0.36043214797973633,13.28248119354248,0.37972190976142883,0.6959272027015686,0.22921240329742432,0.25920650362968445,7.5996294021606445,422.968505859375,0.4242746829986572,0.44433650374412537,0.17131011188030243,0.0686396136879921,52.182979583740234,0.3106113076210022,5.850265979766846,0.30365705490112305,0.5317356586456299,0.2350470870733261,0.24316559731960297,2.0744845867156982,395.0421142578125,0.3528502583503723,0.3635914623737335,0.14388401806354523,0.05385847017168999,29.466646194458008,0.2861388623714447,10.076092720031738,0.44692927598953247,0.8311402201652527,0.31058523058891296,0.31058523058891296,0.0,282.68365478515625,0.44121479988098145,0.45593610405921936,0.1289953589439392,0.05889160931110382,28.226991653442383,0.2934287488460541,16.628450393676758,0.6756497621536255,1.191940188407898,0.3760240077972412,0.3760240077972412,0.0,417.2347412109375,0.44116732478141785,0.5340805053710938,0.15783749520778656,0.08000496029853821,65.00164031982422,0.31471893191337585,19.86832046508789,0.8415179252624512,1.3642648458480835
2018,2,30.49613991439853,103.54507540363521,4763.851,511.0,4.2975053787231445,270.0,22.248294830322266,27.667606353759766,1.2000000476837158,6.699999809265137,41.44087219238281,0.2904525101184845,0.3070162534713745,0.0,416.22357177734375,0.5862941741943359,0.6170042753219604,0.42482706904411316,0.11688551306724548,50.668914794921875,0.36592382192611694,13.006986618041992,0.33662915229797363,0.5356298685073853,0.20805922150611877,0.2560212016105652,0.0,409.51727294921875,0.40245336294174194,0.4702146351337433,0.12525133788585663,0.06253558397293091,56.335941314697266,0.3197570741176605,5.767848968505859,0.2828421890735626,0.5120820999145508,0.24995370209217072,0.26222941279411316,0.0,389.744384765625,0.40264156460762024,0.4536098837852478,0.16085150837898254,0.06749524921178818,44.944637298583984,0.2984173595905304,9.99344539642334,0.41170167922973633,0.715806245803833,0.31860068440437317,0.31860068440437317,0.0,279.0342102050781,0.5088326930999756,0.5088326930999756,0.39795416593551636,0.12395239621400833,45.43576431274414,0.309259831905365,16.413776397705078,0.5941264629364014,0.9109851121902466,0.35383763909339905,0.35383763909339905,0.0,406.7975769042969,0.5240736603736877,0.5240736603736877,0.3892253637313843,0.14582687616348267,83.69530487060547,0.33479970693588257,19.371313095092773,0.7232112884521484,1.1339415311813354
2018,2,30.73383675515351,104.98767931734497,4769.16,381.0,9.43641471862793,193.0985107421875,25.64585304260254,27.58601188659668,1.3085346221923828,7.399911880493164,32.300193786621094,0.28691455721855164,0.29002729058265686,0.0,468.3343200683594,0.5550779700279236,0.5741268992424011,0.42911937832832336,0.11636652797460556,28.326128005981445,0.33899441361427307,14.63544750213623,0.447292685508728,0.9021356701850891,0.2299589067697525,0.26188164949417114,0.0,517.4959106445312,0.6276133060455322,0.6639449000358582,0.2513289451599121,0.18216992914676666,39.57905578613281,0.28868934512138367,7.288674354553223,0.340092271566391,0.6188242435455322,0.23590944707393646,0.23909305036067963,0.0,447.84515380859375,0.5359286665916443,0.5359286665916443,0.3338281512260437,0.1639365255832672,20.716049194335938,0.2635331451892853,11.483208656311035,0.4974938631057739,0.9181675314903259,0.3078278601169586,0.3078278601169586,0.0,297.4290771484375,0.6685910820960999,0.6685910820960999,0.402682900428772,0.24024595320224762,32.696285247802734,0.298540323972702,17.49582862854004,0.6673597097396851,1.2283642292022705,0.3701270818710327,0.3701270818710327,0.0,439.8966064453125,0.5728310346603394,0.5728310346603394,0.33950838446617126,0.1927238404750824,70.07921600341797,0.31739845871925354,20.94745635986328,0.8560277223587036,1.3988202810287476
2018,2,31.595138878232913,105.78538128209907,4771.325,515.0,12.070672035217285,190.23831176757812,26.52460479736328,29.0023193359375,1.2504713535308838,6.795910358428955,33.189876556396484,0.2609345316886902,0.2801661193370819,0.0,435.2904968261719,0.588615357875824,0.588615357875824,0.22994141280651093,0.1184607595205307,36.106719970703125,0.36230725049972534,13.602828025817871,0.4093131124973297,0.8764210939407349,0.20967687666416168,0.24207589030265808,6.7272796630859375,458.5413513183594,0.5255314707756042,0.584129810333252,0.18012617528438568,0.10110120475292206,45.056907653808594,0.3168145716190338,6.3635783195495605,0.32755568623542786,0.6823429465293884,0.23723797500133514,0.24333231151103973,1.435767650604248,402.6899108886719,0.4668107032775879,0.4668107032775879,0.1704634130001068,0.075802281498909,23.830764770507812,0.2930445671081543,10.288568496704102,0.42790499329566956,0.8034427165985107,0.32458576560020447,0.32458576560020447,0.0,283.08612060546875,0.5168217420578003,0.5168217420578003,0.2055380493402481,0.1170569360256195,33.20356750488281,0.32536450028419495,16.65212631225586,0.6030282378196716,1.0878260135650635,0.44155439734458923,0.44155439734458923,0.0,420.53271484375,0.5074341297149658,0.5074341297149658,0.16506987810134888,0.11404691636562347,76.8891372680664,0.3334552049636841,20.025367736816406,0.7640372514724731,1.3571518659591675
2018,2,31.631792688892233,105.82769369199522,4771.325,538.0,11.835762023925781,39.425052642822266,25.638824462890625,27.866275787353516,1.2606818675994873,6.989017009735107,35.6125373840332,0.26112282276153564,0.28100791573524475,0.0,427.81982421875,0.4329228699207306,0.44384706020355225,0.07877407968044281,0.08119894564151764,36.82087707519531,0.3642057478427887,13.369369506835938,0.39926502108573914,0.8465017676353455,0.2088129222393036,0.24136701226234436,9.288928985595703,444.5699768066406,0.44369399547576904,0.5761752128601074,0.13572882115840912,0.0927048847079277,46.254669189453125,0.32017895579338074,6.13071870803833,0.32049596309661865,0.6650100946426392,0.23536793887615204,0.24198469519615173,1.877797245979309,393.82781982421875,0.3618309199810028,0.42867517471313477,0.13408078253269196,0.07745491713285446,25.163793563842773,0.2982812523841858,10.050000190734863,0.41628825664520264,0.7797516584396362,0.3230646550655365,0.3230646550655365,0.0,279.6227111816406,0.4696977436542511,0.4696977436542511,0.19065725803375244,0.11761578917503357,34.793113708496094,0.32849588990211487,16.448394775390625,0.589931845664978,1.063460350036621,0.444256991147995,0.444256991147995,0.0,415.5595703125,0.4540949761867523,0.4540949761867523,0.10625551640987396,0.11530307680368423,77.99504852294922,0.33688825368881226,19.788551330566406,0.7432237863540649,1.3266557455062866
2018,2,31.007910942302512,103.85984334699796,4777.71,653.0,2.353301525115967,113.1974868774414,26.544719696044922,22.23002815246582,1.160108208656311,6.541992664337158,41.449928283691406,0.2568819522857666,0.2678054869174957,2.394465684890747,345.703125,0.5498085618019104,0.5840047597885132,0.39301276206970215,0.10536906868219376,63.902767181396484,0.3737332820892334,10.72839641571045,0.292585164308548,0.5179459452629089,0.20051178336143494,0.23153918981552124,55.37312698364258,294.7305603027344,0.5031418800354004,0.5410300493240356,0.21368741989135742,0.14727234840393066,66.99767303466797,0.33316004276275635,3.3712315559387207,0.24273939430713654,0.44872331619262695,0.2175217717885971,0.22494082152843475,15.115303039550781,301.3594055175781,0.5024973154067993,0.614133358001709,0.25029000639915466,0.14536109566688538,49.57798385620117,0.3183595836162567,7.339592456817627,0.3501454293727875,0.6746153235435486,0.2849263846874237,0.2849263846874237,0.0,234.15028381347656,0.4143436849117279,0.4143436849117279,0.06852693855762482,0.10884068161249161,45.353153228759766,0.3289135992527008,13.77354621887207,0.5199811458587646,0.909445583820343,0.36253392696380615,0.36253392696380615,0.0,356.0143127441406,0.2560576796531677,0.2560576796531677,0.004689307883381844,0.06470628827810287,85.76519775390625,0.3458043932914734,16.953062057495117,0.6359704732894897,1.0301830768585205
2018,2,30.686672843311218,103.69922652705286,4782.897,547.0,0.9274099469184875,180.0,22.205299377441406,25.63890266418457,1.2140153646469116,6.850159645080566,47.79932403564453,0.2752208113670349,0.2888064980506897,1.1003061532974243,387.2445068359375,0.5712102651596069,0.6014860272407532,0.41210007667541504,0.11182568222284317,54.900856018066406,0.3666682541370392,12.06700611114502,0.323462575674057,0.5447958111763,0.20471465587615967,0.24491122364997864,25.44508934020996,364.1175537109375,0.352445125579834,0.4413626492023468,0.1348486840724945,0.0648864358663559,59.999244689941406,0.32274988293647766,4.7700347900390625,0.26797667145729065,0.49091410636901855,0.2346671223640442,0.24410009384155273,6.945792198181152,353.5504150390625,0.4066750705242157,0.411925345659256,0.1480962187051773,0.0727524608373642,46.28987503051758,0.3045879304409027,8.887297630310059,0.3901970684528351,0.7150894403457642,0.3021162152290344,0.3021162152290344,0.0,259.7293701171875,0.5238476991653442,0.5238476991653442,0.20512808859348297,0.12519420683383942,45.1545524597168,0.3169839382171631,15.2781982421875,0.5644320249557495,0.9290128946304321,0.35625290870666504,0.35625290870666504,0.0,385.3648986816406,0.4975041449069977,0.4975041449069977,0.16806495189666748,0.12180043756961823,84.35226440429688,0.3391241133213043,18.3507080078125,0.6890357732772827,1.0884867906570435
2018,2,30.211016074839094,105.49675258911162,4788.985,302.0,6.671126365661621,73.93047332763672,21.6500301361084,33.35719680786133,1.28587806224823,6.911779403686523,26.131006240844727,0.28775930404663086,0.2907356321811676,0.0,483.4886169433594,0.5602121949195862,0.569654107093811,0.4338040351867676,0.11576713621616364,20.720661163330078,0.33916863799095154,15.10901927947998,0.44563019275665283,0.936562716960907,0.22165919840335846,0.2516328692436218,0.0,563.712158203125,0.4828055202960968,0.5257285833358765,0.18630316853523254,0.11263596266508102,38.10854721069336,0.297841340303421,7.939607620239258,0.3303241729736328,0.5846561789512634,0.2304583042860031,0.23265154659748077,0.0,467.2768249511719,0.32614654302597046,0.5835583806037903,0.19085773825645447,0.10171490907669067,20.594463348388672,0.27154088020324707,11.981456756591797,0.48376768827438354,0.8493079543113708,0.29675188660621643,0.29675188660621643,0.0,296.8377990722656,0.5698102712631226,0.5698102712631226,0.33229759335517883,0.1612572968006134,53.2037239074707,0.3279964327812195,17.461048126220703,0.5775150656700134,1.0582383871078491,0.35838207602500916,0.35838207602500916,0.0,442.85693359375,0.548149585723877,0.548149585723877,0.31268230080604553,0.15373311936855316,77.24610900878906,0.3373866379261017,21.088424682617188,0.7674692869186401,1.2875702381134033
2018,2,30.067107506541245,104.184314294253,4790.836,406.0,6.971790790557861,66.60094451904297,30.854496002197266,28.832012176513672,1.2664645910263062,7.204162120819092,35.38334655761719,0.2870703339576721,0.29424455761909485,0.0,461.4801330566406,0.5757589936256409,0.5757589936256409,0.1800224930047989,0.17637500166893005,32.84174346923828,0.35388728976249695,14.42125415802002,0.40953728556632996,0.7508995532989502,0.2148125320672989,0.24973636865615845,0.0,508.655517578125,0.4471607506275177,0.523643434047699,0.3411056101322174,0.08362695574760437,51.84349060058594,0.3111126720905304,7.1641621589660645,0.3163110613822937,0.576849102973938,0.2319100946187973,0.23708800971508026,0.0,444.0319519042969,0.3760819435119629,0.40236058831214905,0.23226413130760193,0.07969102263450623,29.58415985107422,0.2867172956466675,11.385435104370117,0.4790973663330078,0.893501877784729,0.29726144671440125,0.29726144671440125,0.0,296.08599853515625,0.5463967323303223,0.5463967323303223,0.290988564491272,0.13053788244724274,46.43859100341797,0.315062940120697,17.41682243347168,0.6404927372932434,1.1317001581192017,0.3629698157310486,0.3629698157310486,0.0,433.4927673339844,0.47050854563713074,0.47050854563713074,0.24037988483905792,0.11311008781194687,73.47673797607422,0.3381962180137634,20.642513275146484,0.7956188917160034,1.1935287714004517
2018,2,31.194671471723982,105.55334749968195,4796.2603,427.0,7.4563493728637695,171.68629455566406,28.840137481689453,25.810142517089844,1.2813836336135864,7.247824668884277,29.9522762298584,0.26926007866859436,0.2819807529449463,0.0,463.8333740234375,0.4150333106517792,0.6030168533325195,0.036696385592222214,0.0856778621673584,30.272701263427734,0.3499734103679657,14.494792938232422,0.44715628027915955,0.9800325632095337,0.21734079718589783,0.24943850934505463,0.0,513.91748046875,0.5084830522537231,0.5452817678451538,0.1902129054069519,0.14205390214920044,38.89490509033203,0.29995521903038025,7.238274574279785,0.3486340343952179,0.7069530487060547,0.23954586684703827,0.24348346889019012,0.0,439.1801452636719,0.5424976348876953,0.5424976348876953,0.27959170937538147,0.15375274419784546,18.37847328186035,0.27056875824928284,11.261029243469238,0.47831934690475464,0.883639931678772,0.3204902410507202,0.3204902410507202,0.0,294.21337890625,0.6288418769836426,0.6288418769836426,0.36926761269569397,0.19680848717689514,31.08871841430664,0.3156310021877289,17.306669235229492,0.6363680362701416,1.1534923315048218,0.4116416573524475,0.4116416573524475,0.0,437.6370849609375,0.6687209606170654,0.6687209606170654,0.3936838209629059,0.22609436511993408,73.50281524658203,0.32242873311042786,20.839860916137695,0.8305521607398987,1.4459627866744995
2018,2,30.281625940020415,104.40260512722341,4799.091,426.0,6.417244911193848,90.0,21.82815933227539,29.535497665405273,1.2878715991973877,7.319610595703125,36.218544006347656,0.2886279821395874,0.29228875041007996,0.0,472.0516357421875,0.5167347192764282,0.5167347192764282,0.06775743514299393,0.1128230020403862,26.761566162109375,0.3372698724269867,14.75161361694336,0.44630715250968933,0.8474302887916565,0.22270973026752472,0.2550235390663147,0.0,524.655029296875,0.5606406927108765,0.5606406927108765,0.08106054365634918,0.11620962619781494,41.943397521972656,0.28839001059532166,7.389507293701172,0.3376859724521637,0.6148846745491028,0.23271910846233368,0.2357001155614853,0.0,456.0107116699219,0.45399218797683716,0.496151328086853,0.10061308741569519,0.09896935522556305,23.00248908996582,0.26387107372283936,11.692582130432129,0.5144291520118713,0.9920678734779358,0.2995040714740753,0.2995040714740753,0.0,301.6844482421875,0.5812566876411438,0.5812566876411438,0.26050806045532227,0.15912951529026031,34.61055374145508,0.2934035658836365,17.746143341064453,0.6954812407493591,1.2924531698226929,0.3585917055606842,0.3585917055606842,0.0,442.5083923339844,0.5315828919410706,0.5315828919410706,0.1622038036584854,0.140592560172081,65.06967163085938,0.31950369477272034,21.071828842163086,0.8703902363777161,1.3086861371994019
2018,2,31.599990380179058,104.99010506831806,4800.7617,493.0,4.6273674964904785,-0.0,26.663734436035156,25.438133239746094,1.307847261428833,7.064312934875488,30.835912704467773,0.27190032601356506,0.285125732421875,1.662363886833191,408.7982482910156,0.4945473074913025,0.4945473074913025,0.12479187548160553,0.10231837630271912,47.722564697265625,0.36916375160217285,12.72299575805664,0.3739590048789978,0.7571325302124023,0.2186296582221985,0.24881093204021454,25.695566177368164,402.85845947265625,0.47926604747772217,0.5233057737350464,0.15302316844463348,0.09002776443958282,47.76763916015625,0.31933730840682983,5.312153339385986,0.3065306842327118,0.5975790023803711,0.23489022254943848,0.24410691857337952,6.92340612411499,375.33544921875,0.4899234175682068,0.4961906671524048,0.32566124200820923,0.08827555179595947,24.496728897094727,0.29152241349220276,9.446462631225586,0.4274514615535736,0.7943029403686523,0.31880462169647217,0.31880462169647217,0.0,272.8776550292969,0.5184636116027832,0.5184636116027832,0.1551649421453476,0.1278921365737915,24.604629516601562,0.3088776767253876,16.051626205444336,0.6395457983016968,1.1107065677642822,0.419610857963562,0.419610857963562,0.0,406.8387145996094,0.5122874975204468,0.5122874975204468,0.14023728668689728,0.12379104644060135,64.60472869873047,0.3179337978363037,19.373271942138672,0.8080136179924011,1.3956775665283203
2018,2,31.628020289401018,104.98417446391697,4800.7617,504.0,4.283964157104492,130.4134063720703,28.180736541748047,26.29097557067871,1.2974919080734253,7.196526050567627,30.961532592773438,0.27143383026123047,0.2850680649280548,2.1582398414611816,400.9884948730469,0.22163893282413483,0.22163893282413483,0.021249275654554367,0.09769313037395477,48.19132995605469,0.37003201246261597,12.463444709777832,0.3671490252017975,0.7413543462753296,0.217426136136055,0.24752651154994965,33.25094223022461,390.897705078125,0.3905905485153198,0.4003749489784241,0.057453952729701996,0.07933109998703003,47.800018310546875,0.3208281695842743,5.037278175354004,0.3014991581439972,0.5878876447677612,0.2330785095691681,0.24248071014881134,8.957287788391113,366.657470703125,0.4888797700405121,0.4953737258911133,0.32109421491622925,0.08759403228759766,24.91388511657715,0.2938533425331116,9.171799659729004,0.42049410939216614,0.7834469676017761,0.3168950080871582,0.3168950080871582,0.0,268.556396484375,0.47036662697792053,0.47036662697792053,0.14140184223651886,0.12262063473463058,24.90388298034668,0.3106890022754669,15.797435760498047,0.6305003762245178,1.0962553024291992,0.4215368628501892,0.4215368628501892,0.0,401.3624572753906,0.5077352523803711,0.5077352523803711,0.20816993713378906,0.14736758172512054,64.82882690429688,0.3193911910057068,19.112497329711914,0.7946274280548096,1.3748795986175537
2018,2,30.844596366220067,104.12044658986451,4812.405,501.0,1.4235230684280396,229.3518524169922,21.232938766479492,35.852294921875,1.2538058757781982,6.750051498413086,42.0605354309082,0.27659010887145996,0.28409358859062195,0.9632177948951721,407.2198791503906,0.557354748249054,0.5837838649749756,0.41089457273483276,0.11215340346097946,48.50956344604492,0.35786065459251404,12.695520401000977,0.3637203276157379,0.6594950556755066,0.2165626436471939,0.24989622831344604,22.274858474731445,399.3494567871094,0.5133383274078369,0.5515919327735901,0.26398760080337524,0.1389085352420807,54.473297119140625,0.3109196126461029,5.310910224914551,0.2899715304374695,0.5231732726097107,0.2304137498140335,0.23720987141132355,6.080408573150635,375.7229309082031,0.5960885882377625,0.669723391532898,0.36672526597976685,0.17337091267108917,36.49308395385742,0.29070034623146057,9.47801399230957,0.4281076490879059,0.8115609884262085,0.3002685606479645,0.3002685606479645,0.0,269.70147705078125,0.5685905814170837,0.5685905814170837,0.356397420167923,0.16394591331481934,36.29273223876953,0.30452650785446167,15.864792823791504,0.622349739074707,1.1044760942459106,0.36357352137565613,0.36357352137565613,0.0,400.5686950683594,0.5215669274330139,0.5215669274330139,0.26600930094718933,0.1372946798801422,74.3033447265625,0.32664671540260315,19.07469940185547,0.7696852684020996,1.2202073335647583
2018,2,31.25638543030368,104.28995931641126,4820.999,536.0,3.7410590648651123,299.6789245605469,24.90267562866211,29.343692779541016,1.2710435390472412,6.699999809265137,34.316951751708984,0.27229759097099304,0.27883362770080566,1.1709803342819214,387.4067687988281,0.27568456530570984,0.27867019176483154,0.10897909104824066,0.094631128013134,58.234012603759766,0.3713914155960083,12.069868087768555,0.33457618951797485,0.605699360370636,0.22025248408317566,0.24847356975078583,27.0794620513916,357.3196716308594,0.490784615278244,0.4930490255355835,0.16942454874515533,0.127711221575737,60.160118103027344,0.32538408041000366,4.651270389556885,0.27427053451538086,0.4836013615131378,0.22747071087360382,0.23626674711704254,7.391929626464844,348.83380126953125,0.7245984673500061,0.739599347114563,0.443450003862381,0.246986985206604,37.25185775756836,0.3038794696331024,8.754919052124023,0.39782747626304626,0.7420178651809692,0.3021671772003174,0.3021671772003174,0.0,261.15545654296875,0.7768651247024536,0.7780814170837402,0.49785181879997253,0.30243051052093506,33.217105865478516,0.30805057287216187,15.362085342407227,0.6150743961334229,1.072494387626648,0.376930296421051,0.376930296421051,0.0,390.2291564941406,0.6765473484992981,0.6930846571922302,0.39722752571105957,0.21726733446121216,71.40959167480469,0.3258221447467804,18.582340240478516,0.762561559677124,1.2576241493225098
2018,2,32.108256554655036,106.83856744171034,4823.2446,527.0,27.133262634277344,148.52719116210938,27.221282958984375,27.284801483154297,1.2403733730316162,6.488863945007324,36.50090789794922,0.2638579308986664,0.2959734797477722,0.0,346.7640686035156,0.5540801882743835,0.6236404180526733,0.42624375224113464,0.11111259460449219,47.06577682495117,0.3851749897003174,10.836377143859863,0.2839929461479187,0.5228961706161499,0.20028738677501678,0.22806355357170105,39.236915588378906,289.119140625,0.46755456924438477,0.5090968608856201,0.11950645595788956,0.11013322323560715,65.97760772705078,0.358279287815094,3.519468069076538,0.24179476499557495,0.4653407335281372,0.2099042534828186,0.2268432229757309,0.1075807735323906,297.53924560546875,0.47610989212989807,0.4888956546783447,0.2513629198074341,0.07894735038280487,51.24679946899414,0.3636742830276489,7.626453399658203,0.28799954056739807,0.5179420709609985,0.3096938729286194,0.3096938729286194,0.0,245.61488342285156,0.5955756902694702,0.5955756902694702,0.41846317052841187,0.12890593707561493,54.47450637817383,0.37119999527931213,14.4479341506958,0.4465123116970062,0.7855152487754822,0.4883628189563751,0.4883628189563751,0.0,365.92266845703125,0.7295637130737305,0.7295637130737305,0.5953834056854248,0.23827975988388062,84.93626403808594,0.3786829710006714,17.424888610839844,0.52642822265625,1.0188424587249756
2018,2,31.74282430512304,105.6754287683232,4824.2095,479.0,7.074618339538574,246.96441650390625,26.37109375,28.6151123046875,1.2747149467468262,7.143204212188721,31.88056182861328,0.26168909668922424,0.28353944420814514,0.0,405.6596984863281,0.39453914761543274,0.41328108310699463,0.0671968162059784,0.07611474394798279,38.253299713134766,0.3672832250595093,12.676865577697754,0.3834773600101471,0.8194712996482849,0.2062147855758667,0.23923520743846893,17.455888748168945,399.2711486816406,0.3738490343093872,0.4233274459838867,0.061954937875270844,0.0666806772351265,43.405704498291016,0.32117822766304016,5.377679824829102,0.3122580051422119,0.6619237065315247,0.22974418103694916,0.23793204128742218,4.226548194885254,371.1891784667969,0.3736685514450073,0.38648709654808044,0.12478022277355194,0.06376160681247711,21.845962524414062,0.2976367771625519,9.409297943115234,0.41457995772361755,0.7872318029403687,0.3184901475906372,0.3184901475906372,0.0,269.90093994140625,0.5187728404998779,0.5187728404998779,0.26351433992385864,0.12393835186958313,29.132570266723633,0.32789167761802673,15.87652587890625,0.5868993997573853,1.0503240823745728,0.4523845314979553,0.4523845314979553,0.0,402.934326171875,0.563140869140625,0.563140869140625,0.22016559541225433,0.13676445186138153,69.9442138671875,0.3316206932067871,19.187349319458008,0.740714430809021,1.3305017948150635
2018,2,31.698358149418066,105.68001272420615,4824.2095,504.0,16.522748947143555,254.16624450683594,24.31536293029785,26.496004104614258,1.278546929359436,7.126287937164307,32.550479888916016,0.2614623010158539,0.28252559900283813,0.0,414.72576904296875,0.4566859006881714,0.4749029576778412,0.09360051900148392,0.09833243489265442,37.5561408996582,0.36546790599823,12.960180282592773,0.3929118812084198,0.8438668251037598,0.2072553038597107,0.24008896946907043,14.252494812011719,416.9786682128906,0.4248845875263214,0.49896156787872314,0.09985322505235672,0.0854036957025528,43.24495315551758,0.31882673501968384,5.672199726104736,0.3183736801147461,0.6736007332801819,0.23199641704559326,0.23955506086349487,3.434110164642334,381.2560119628906,0.28640905022621155,0.4264695346355438,0.06518437713384628,0.08378398418426514,21.68428611755371,0.29443520307540894,9.68774127960205,0.42236918210983276,0.8008897304534912,0.3203221559524536,0.3203221559524536,0.0,274.0271301269531,0.46897634863853455,0.46897634863853455,0.12778255343437195,0.10326418280601501,29.238256454467773,0.3260473906993866,16.11924171447754,0.59585040807724,1.0684010982513428,0.44912955164909363,0.44912955164909363,0.0,408.5899658203125,0.4813481569290161,0.4813481569290161,0.11506038904190063,0.10920868813991547,70.7882080078125,0.33047419786453247,19.4566650390625,0.7545527815818787,1.3494008779525757
2018,2,30.491020866389174,104.0272023277359,4824.5493,470.0,0.0,-0.0,22.908178329467773,29.234695434570312,1.2574304342269897,6.900000095367432,40.999305725097656,0.2905960977077484,0.29909461736679077,0.0,446.3652648925781,0.5771664381027222,0.5958563089370728,0.42975887656211853,0.11747946590185165,37.531490325927734,0.3465205430984497,13.948914527893066,0.4029034674167633,0.7194883823394775,0.22000372409820557,0.2600690424442291,0.0,468.833984375,0.3147478401660919,0.35150206089019775,0.09191493690013885,0.06011669337749481,46.780120849609375,0.2966085970401764,6.603295803070068,0.3167365789413452,0.5723036527633667,0.24192914366722107,0.2487659603357315,0.0,425.1455383300781,0.25809773802757263,0.2753905653953552,0.12386275082826614,0.05555376037955284,32.2035026550293,0.2742634117603302,10.901167869567871,0.47334393858909607,0.8829337954521179,0.31030261516571045,0.31030261516571045,0.0,291.8617858886719,0.2611391544342041,0.2611391544342041,0.07833515852689743,0.05334923788905144,35.997459411621094,0.29348474740982056,17.1683406829834,0.6645835638046265,1.1610729694366455,0.3557488024234772,0.3557488024234772,0.0,426.9118347167969,0.23295125365257263,0.23295125365257263,0.08633187413215637,0.05063678324222565,72.73490905761719,0.32068848609924316,20.329133987426758,0.8215739130973816,1.2666356563568115
2018,2,27.711725607191102,102.19436910353592,4827.959,1474.0,1.398947834968567,228.4816436767578,23.547649383544922,30.895442962646484,1.290581226348877,6.436722755432129,29.746950149536133,0.2981843054294586,0.31567683815956116,3.1719810962677,261.70269775390625,0.17027395963668823,0.17027395963668823,-0.004335364326834679,0.007182091008871794,44.48570251464844,0.3991889953613281,8.079084396362305,0.30043572187423706,0.5614334940910339,0.24088738858699799,0.2551068067550659,37.40414810180664,291.4292297363281,0.2208895981311798,0.2208895981311798,0.05941348895430565,0.04370974004268646,67.00393676757812,0.36015939712524414,3.5778181552886963,0.2557853162288666,0.5999134182929993,0.23090842366218567,0.23765861988067627,13.09310531616211,276.1907958984375,0.6503310203552246,0.6891169548034668,0.4876139760017395,0.18899017572402954,36.10483932495117,0.322925865650177,6.746095180511475,0.501541793346405,0.87916499376297,0.2680905759334564,0.2680905759334564,0.7566605806350708,182.489990234375,0.665413498878479,0.665413498878479,0.5087783932685852,0.19710640609264374,48.41279220581055,0.3245754539966583,10.690195083618164,0.5714298486709595,1.1405479907989502,0.3166009485721588,0.3166009485721588,0.10219205915927887,273.05377197265625,0.5225098729133606,0.5225098729133606,0.3179512321949005,0.19062893092632294,93.57167053222656,0.35803544521331787,12.99769401550293,0.5473610758781433,0.9802556037902832
2018,2,31.089838005957475,104.2441420530871,4839.7656,495.0,1.4256335496902466,49.42466354370117,23.876235961914062,29.885534286499023,1.2101536989212036,6.800000190734863,36.524574279785156,0.2737070322036743,0.2802208662033081,1.112255334854126,396.2100830078125,0.5443111658096313,0.5767354965209961,0.4014010727405548,0.11053893715143204,53.73455047607422,0.3649504482746124,12.346807479858398,0.3492159843444824,0.6362104415893555,0.21915705502033234,0.24896928668022156,25.721420288085938,376.1951599121094,0.43232807517051697,0.43515291810035706,0.10639399290084839,0.10149329900741577,57.478675842285156,0.31844842433929443,4.936249732971191,0.28188392519950867,0.5021035671234131,0.22796496748924255,0.23562364280223846,7.0212225914001465,360.6221923828125,0.5528916716575623,0.6298043727874756,0.2736775577068329,0.14606016874313354,36.42141342163086,0.2975161671638489,9.066691398620605,0.4125281572341919,0.7781042456626892,0.3006083071231842,0.3006083071231842,0.0,264.7750244140625,0.6775467991828918,0.6780079007148743,0.3931366503238678,0.2363552302122116,34.079750061035156,0.30609583854675293,15.57500171661377,0.6204006671905518,1.0970549583435059,0.3715255856513977,0.3715255856513977,0.0,394.8540954589844,0.5813451409339905,0.6030194163322449,0.3035942316055298,0.17485563457012177,72.15850067138672,0.3256623446941376,18.802576065063477,0.7689129710197449,1.2466893196105957
2018,2,31.071511100627816,104.17730904649805,4840.616,505.0,2.354628801345825,66.81636810302734,23.770645141601562,28.630081176757812,1.190000057220459,6.699999809265137,42.814090728759766,0.27049025893211365,0.2777193486690521,1.358447551727295,387.11895751953125,0.5453528165817261,0.5778332948684692,0.39997443556785583,0.10956896096467972,55.40249252319336,0.36621278524398804,12.055015563964844,0.33964449167251587,0.616974413394928,0.21574567258358002,0.24568800628185272,31.414730072021484,361.7841491699219,0.6113242506980896,0.659870982170105,0.27939146757125854,0.19866082072257996,59.10971450805664,0.32078176736831665,4.653090476989746,0.27502864599227905,0.4931204617023468,0.22582806646823883,0.2333313524723053,8.575335502624512,349.97943115234375,0.591747522354126,0.6641072630882263,0.35748541355133057,0.18553227186203003,38.732078552246094,0.30102479457855225,8.753951072692871,0.40177154541015625,0.7615330815315247,0.29742366075515747,0.29742366075515747,0.0,259.1444396972656,0.6259706616401672,0.6276531219482422,0.36178234219551086,0.21132822334766388,36.10813903808594,0.3101954162120819,15.243790626525879,0.602310061454773,1.0654715299606323,0.3697342574596405,0.3697342574596405,0.0,387.7774353027344,0.5431044697761536,0.5477050542831421,0.2900245785713196,0.16412685811519623,74.61152648925781,0.32930436730384827,18.465591430664062,0.7450346946716309,1.2070003747940063
2018,2,29.703017446426326,104.11640218520904,4842.739,412.0,5.618197441101074,214.63519287109375,31.53839874267578,26.533063888549805,1.2565892934799194,6.963122844696045,35.29472732543945,0.2843543291091919,0.2928621172904968,0.0,462.2231750488281,0.3853941559791565,0.41388437151908875,0.06952814012765884,0.08185560256242752,34.7325325012207,0.36938294768333435,14.444474220275879,0.38832205533981323,0.7019074559211731,0.20777952671051025,0.24200183153152466,0.0,518.40576171875,0.4548816382884979,0.5233986377716064,0.1604493111371994,0.07904118299484253,61.843570709228516,0.3344990015029907,7.30148983001709,0.3014577627182007,0.5518419742584229,0.22590050101280212,0.23156970739364624,0.0,445.718505859375,0.41442346572875977,0.42941102385520935,0.09386631846427917,0.08134649693965912,32.734100341796875,0.3093922436237335,11.428679466247559,0.457947701215744,0.8315913081169128,0.28869494795799255,0.28869494795799255,0.0,294.53228759765625,0.48982563614845276,0.49236851930618286,0.16391009092330933,0.11735411733388901,60.163639068603516,0.34130793809890747,17.325428009033203,0.5911153554916382,1.011431097984314,0.37054261565208435,0.37054261565208435,0.0,430.7718811035156,0.4866461753845215,0.4888271391391754,0.15669894218444824,0.12244495004415512,80.16655731201172,0.3603965640068054,20.51294708251953,0.7310830950737,1.0795972347259521
2018,2,30.44386141364793,103.92829500726941,4843.8374,512.0,3.8569624423980713,343.828857421875,26.67438316345215,27.14078140258789,1.2063148021697998,6.9667439460754395,44.25352478027344,0.2902509868144989,0.3003353178501129,0.0,440.88232421875,0.5794954895973206,0.6003337502479553,0.42983415722846985,0.11729088425636292,40.27193832397461,0.352279394865036,13.777572631835938,0.38784801959991455,0.6788820028305054,0.21710248291492462,0.25858980417251587,0.0,459.0943298339844,0.41107144951820374,0.607050359249115,0.1180114820599556,0.058984532952308655,50.04375076293945,0.3041212856769562,6.4661173820495605,0.3084370493888855,0.5574139356613159,0.24255792796611786,0.2504362165927887,0.0,418.7962341308594,0.3626492917537689,0.3962627351284027,0.10320005565881729,0.05169236287474632,34.99913024902344,0.2819346487522125,10.738365173339844,0.45904603600502014,0.843543529510498,0.310638964176178,0.310638964176178,0.0,289.28564453125,0.5161135196685791,0.5161135196685791,0.16590188443660736,0.10001707822084427,39.641517639160156,0.2999846935272217,17.016801834106445,0.6450490355491638,1.099650263786316,0.3566092848777771,0.3566092848777771,0.0,422.8095397949219,0.5461063385009766,0.5461063385009766,0.2195432037115097,0.12750938534736633,75.80670928955078,0.3263624310493469,20.133787155151367,0.7946546077728271,1.2273930311203003
2018,2,31.016534843739883,103.76228713415068,4851.8677,642.0,1.0820993185043335,270.0,24.506473541259766,21.085378646850586,1.1876956224441528,6.799581527709961,39.22385025024414,0.2513534426689148,0.263440877199173,2.806164264678955,328.9504699707031,0.5496444702148438,0.5851362347602844,0.38917776942253113,0.1035735160112381,67.64857482910156,0.37727615237236023,10.192009925842285,0.2736895978450775,0.4797036349773407,0.19524706900119781,0.22611747682094574,64.89384460449219,267.0283508300781,0.621625542640686,0.6837799549102783,0.3451651632785797,0.19990834593772888,70.2604751586914,0.3385505676269531,2.8469648361206055,0.22987709939479828,0.42988353967666626,0.21395418047904968,0.22138777375221252,17.714191436767578,281.4030456542969,0.5600642561912537,0.6163120269775391,0.3811134397983551,0.20118016004562378,53.51055145263672,0.3255177140235901,6.761252403259277,0.32932084798812866,0.6393912434577942,0.2801417410373688,0.2801417410373688,0.0,224.2019500732422,0.6539421081542969,0.6539421081542969,0.4302191734313965,0.2207903116941452,48.43510437011719,0.3360006809234619,13.188349723815918,0.48947376012802124,0.8526023030281067,0.3608925938606262,0.3608925938606262,0.0,343.49224853515625,0.5853750109672546,0.5853750109672546,0.3908590078353882,0.187849223613739,89.56053924560547,0.3517341911792755,16.356773376464844,0.5958589911460876,0.9685137867927551
2018,2,30.16358461693359,103.89973000592104,4854.5405,476.0,5.427032470703125,260.189453125,33.10340118408203,28.955516815185547,1.2650281190872192,6.939034938812256,37.373870849609375,0.28845351934432983,0.2984921932220459,0.0,443.235595703125,0.583167314529419,0.6026740670204163,0.43619033694267273,0.11695101112127304,41.367095947265625,0.36392301321029663,13.851112365722656,0.3755476474761963,0.6513438820838928,0.21409566700458527,0.2549503445625305,0.0,469.79510498046875,0.46223509311676025,0.5101332068443298,0.18170589208602905,0.0975755900144577,58.420005798339844,0.32175251841545105,6.616832733154297,0.2985556721687317,0.5385972857475281,0.23700255155563354,0.2447206974029541,0.0,422.0652770996094,0.4297647178173065,0.4412844777107239,0.1701161414384842,0.10020458698272705,36.81873321533203,0.2994312047958374,10.822186470031738,0.4457470774650574,0.8038122057914734,0.30305925011634827,0.30305925011634827,0.0,288.8767395019531,0.4805436134338379,0.4805436134338379,0.23428374528884888,0.12979058921337128,50.254478454589844,0.32007530331611633,16.992748260498047,0.6114060878753662,1.0272480249404907,0.3640831708908081,0.3640831708908081,0.0,421.76953125,0.41925811767578125,0.41925811767578125,0.1736784726381302,0.10869436711072922,81.4449234008789,0.34355154633522034,20.08426284790039,0.7494445443153381,1.150130271911621
2018,2,30.10052400983576,103.94257750794361,4857.867,452.0,1.4172992706298828,49.13539123535156,40.561763763427734,26.342042922973633,1.238102674484253,6.985211372375488,35.7246208190918,0.2879459857940674,0.2974432706832886,0.0,446.70355224609375,0.38183602690696716,0.38183602690696716,0.03670250624418259,0.08751800656318665,40.14641571044922,0.36423709988594055,13.95948600769043,0.379247784614563,0.6635040640830994,0.2138620764017105,0.2536431849002838,0.0,478.0999755859375,0.5877926349639893,0.5877926349639893,0.20049984753131866,0.14819511771202087,58.807411193847656,0.3229703903198242,6.733802318572998,0.2998712658882141,0.5416585803031921,0.23518244922161102,0.24242709577083588,0.0,426.3027648925781,0.5073554515838623,0.5286914110183716,0.17942240834236145,0.13464178144931793,35.91322708129883,0.30031707882881165,10.930840492248535,0.4491075873374939,0.812176525592804,0.30078065395355225,0.30078065395355225,0.0,290.0272521972656,0.4415879547595978,0.4415879547595978,0.08940450102090836,0.10153074562549591,51.424644470214844,0.322635680437088,17.060426712036133,0.6107429265975952,1.033302664756775,0.36526674032211304,0.36526674032211304,0.0,423.5627136230469,0.3511848747730255,0.3536128103733063,0.026986274868249893,0.09096406400203705,81.13386535644531,0.34558191895484924,20.169652938842773,0.7496111392974854,1.1448419094085693
2018,2,30.491292871553437,103.84421419780564,4863.0786,476.0,2.151674747467041,90.0,19.123611450195312,32.359066009521484,1.1902315616607666,6.9440507888793945,43.14067077636719,0.290536105632782,0.3020820915699005,0.0,434.95318603515625,0.580689013004303,0.6039129495620728,0.4279511570930481,0.1172596737742424,42.52397918701172,0.3539543151855469,13.592287063598633,0.3777148425579071,0.6496310234069824,0.21548613905906677,0.2585470676422119,0.0,446.4049072265625,0.30720651149749756,0.4050060212612152,0.07524935156106949,0.057368505746126175,50.468875885009766,0.3054976761341095,6.287393093109131,0.30382630228996277,0.5493216514587402,0.24493254721164703,0.25382664799690247,0.0,411.7430419921875,0.3135647475719452,0.3463360667228699,0.07655642181634903,0.06474044919013977,37.04560089111328,0.2835403084754944,10.557514190673828,0.4498932659626007,0.819330096244812,0.31339770555496216,0.31339770555496216,0.0,286.99761962890625,0.4792170524597168,0.4792170524597168,0.18007351458072662,0.13799071311950684,39.644134521484375,0.2995899021625519,16.882213592529297,0.6376911997795105,1.0659558773040771,0.355090469121933,0.355090469121933,0.0,419.2795104980469,0.4363727867603302,0.4363727867603302,0.1518658697605133,0.12257741391658783,76.93903350830078,0.32614848017692566,19.96569061279297,0.7840145826339722,1.2159454822540283
2018,2,31.417006709349845,105.60023940635999,4863.2183,496.0,22.32160186767578,161.1309814453125,24.042428970336914,29.767942428588867,1.2667458057403564,6.834267616271973,39.68014144897461,0.26273006200790405,0.27905476093292236,0.0,457.9360656738281,0.6098461151123047,0.6106669902801514,0.15468311309814453,0.14206001162528992,33.245269775390625,0.35482120513916016,14.310502052307129,0.44193628430366516,0.9760626554489136,0.2132112830877304,0.2452319860458374,0.0,500.7304992675781,0.5329979062080383,0.5555490851402283,0.11416543275117874,0.10948624461889267,40.17167663574219,0.30402010679244995,7.052542209625244,0.3497236967086792,0.7330410480499268,0.2413368970155716,0.24590927362442017,0.0,431.0233459472656,0.46881625056266785,0.5376915335655212,0.13758356869220734,0.1014799028635025,18.6431827545166,0.2737993001937866,11.051880836486816,0.47100013494491577,0.8870924115180969,0.3263074457645416,0.3263074457645416,0.0,293.31097412109375,0.6364932060241699,0.6364932060241699,0.26910173892974854,0.1773836612701416,27.726455688476562,0.3151126205921173,17.253585815429688,0.6449465155601501,1.1659196615219116,0.4285109043121338,0.4285109043121338,0.0,435.7141418457031,0.6329835653305054,0.6329835653305054,0.24236825108528137,0.17684303224086761,71.68215942382812,0.3209879696369171,20.748292922973633,0.835121750831604,1.461069941520691
2018,2,31.331574792266885,104.26839956281783,4867.889,570.0,1.4277384281158447,130.5030059814453,29.57001495361328,27.111255645751953,1.2561901807785034,6.699999809265137,38.986637115478516,0.2687033414840698,0.2756788432598114,1.4194235801696777,375.3326416015625,0.4295852780342102,0.4295852780342102,0.09379664063453674,0.11386572569608688,61.84566879272461,0.3755547106266022,11.68478775024414,0.31977495551109314,0.57660973072052,0.21815894544124603,0.24542514979839325,32.8248291015625,335.75860595703125,0.5858871340751648,0.6354601979255676,0.25962525606155396,0.17298248410224915,62.82733917236328,0.3306644558906555,4.266672611236572,0.264911025762558,0.4670419991016388,0.22512556612491608,0.23427508771419525,8.96025276184082,333.88665771484375,0.692256510257721,0.7043445706367493,0.38957837224006653,0.23622101545333862,39.42084884643555,0.3098532557487488,8.331446647644043,0.38183656334877014,0.7117932438850403,0.30002424120903015,0.30002424120903015,0.0,254.54055786132812,0.7113224864006042,0.7113224864006042,0.3751181662082672,0.24867859482765198,34.286712646484375,0.31232622265815735,14.972973823547363,0.5980234742164612,1.037502646446228,0.3783738613128662,0.3783738613128662,0.0,381.9726257324219,0.6496654748916626,0.6496654748916626,0.3220055401325226,0.20508575439453125,72.87981414794922,0.3287523686885834,18.189172744750977,0.7405592203140259,1.2321083545684814
2018,2,31.43452205828779,105.02271447432192,4875.582,460.0,6.749438762664795,105.8763656616211,20.76634407043457,33.23915481567383,1.3078433275222778,7.300000190734863,26.593551635742188,0.27426114678382874,0.2854349613189697,0.0,439.3300476074219,0.3715748190879822,0.3715748190879822,0.12944239377975464,0.08509419858455658,44.25446701049805,0.3634587526321411,13.729063987731934,0.4033721089363098,0.8257830739021301,0.22311937808990479,0.2537176311016083,0.0,452.546875,0.4604734182357788,0.5396339893341064,0.12289026379585266,0.09402117133140564,46.69676971435547,0.3115595281124115,6.373899459838867,0.3263346254825592,0.6338815689086914,0.24078501760959625,0.24875850975513458,0.0,409.8760986328125,0.09174826741218567,0.09174826741218567,0.06282905489206314,0.042611636221408844,22.675302505493164,0.2812054455280304,10.5096435546875,0.45646947622299194,0.8417996168136597,0.3239898979663849,0.3239898979663849,0.0,288.80902099609375,0.5929226279258728,0.5929226279258728,0.2298707664012909,0.16465091705322266,24.348913192749023,0.3024978041648865,16.988765716552734,0.6703051328659058,1.1674158573150635,0.4096989035606384,0.4096989035606384,0.0,427.340087890625,0.5024122595787048,0.5024122595787048,0.15549713373184204,0.13408593833446503,64.51527404785156,0.3133062422275543,20.349529266357422,0.8548962473869324,1.4632292985916138
2018,2,30.17490627450829,104.22770580660408,4877.6235,436.0,2.336320638656616,293.37628173828125,23.259681701660156,28.14044952392578,1.3148261308670044,7.4758992195129395,35.62148666381836,0.28789690136909485,0.2942527234554291,0.0,462.72869873046875,0.4576585292816162,0.4576585292816162,0.13678263127803802,0.10465636849403381,31.661916732788086,0.348391056060791,14.460271835327148,0.4190625250339508,0.774349570274353,0.21756543219089508,0.25233128666877747,0.0,508.6398010253906,0.44938141107559204,0.5295523405075073,0.33979612588882446,0.0852186381816864,48.475643157958984,0.3031013011932373,7.163940906524658,0.32234376668930054,0.5870404243469238,0.233277827501297,0.23803409934043884,0.0,445.2510070800781,0.49000006914138794,0.5336146354675293,0.18705622851848602,0.11559975892305374,28.036821365356445,0.2788916230201721,11.416691780090332,0.4883383810520172,0.9199030995368958,0.2993719279766083,0.2993719279766083,0.0,297.1732177734375,0.4005190432071686,0.4005190432071686,0.14688381552696228,0.08864450454711914,41.93998336791992,0.3065544664859772,17.480777740478516,0.658575713634491,1.1798163652420044,0.36089494824409485,0.36089494824409485,0.0,435.27288818359375,0.4271882176399231,0.45173701643943787,0.11036922037601471,0.11217556893825531,71.0164794921875,0.33097368478775024,20.727279663085938,0.819477915763855,1.2339041233062744
2018,2,31.597836634370235,104.9987289697554,4880.9966,483.0,1.4300907850265503,310.4225158691406,26.446691513061523,25.707490921020508,1.3179786205291748,7.099999904632568,27.086776733398438,0.2717535197734833,0.2850498855113983,1.6033812761306763,409.7492980957031,0.29777082800865173,0.29777082800865173,0.15007871389389038,0.06303908675909042,47.49590301513672,0.36894750595092773,12.754559516906738,0.3752303719520569,0.7612206339836121,0.21856239438056946,0.2487848550081253,24.90561866760254,404.4991149902344,0.4118305742740631,0.5040711164474487,0.2154860943555832,0.10307813435792923,47.61552810668945,0.31903624534606934,5.3463873863220215,0.30743280053138733,0.6004502177238464,0.23504425585269928,0.24419884383678436,6.712604999542236,376.42529296875,0.4900291860103607,0.4963422417640686,0.3260238766670227,0.08833932876586914,24.336702346801758,0.29110750555992126,9.479812622070312,0.4285058081150055,0.7965453863143921,0.31902068853378296,0.31902068853378296,0.0,273.34393310546875,0.6684172749519348,0.6684172749519348,0.4383851885795593,0.23903781175613403,24.544818878173828,0.3088540732860565,16.079055786132812,0.6401890516281128,1.1123443841934204,0.4198424518108368,0.4198424518108368,0.0,407.4670715332031,0.6371578574180603,0.6371578574180603,0.41592517495155334,0.22798219323158264,64.58949279785156,0.3178192377090454,19.403194427490234,0.8092467784881592,1.3981201648712158
2018,2,29.976556541448907,103.68575112366932,4882.5693,475.0,5.094542026519775,155.21385192871094,26.025667190551758,29.204618453979492,1.2409747838974,6.490087985992432,43.30012130737305,0.28797194361686707,0.29937565326690674,0.0,433.47283935546875,0.5964279770851135,0.6169776320457458,0.44316378235816956,0.11776349693536758,48.19886779785156,0.38145652413368225,13.546026229858398,0.3426121473312378,0.5616400837898254,0.21225807070732117,0.25669020414352417,0.0,453.8211669921875,0.521954357624054,0.5291924476623535,0.13483834266662598,0.11070050299167633,71.09217834472656,0.3451055586338043,6.391847133636475,0.2778877317905426,0.4946194589138031,0.2350238561630249,0.24408425390720367,0.0,410.60528564453125,0.443511039018631,0.4700627028942108,0.08128246665000916,0.09665312618017197,43.250648498535156,0.32437363266944885,10.528341293334961,0.4117458760738373,0.7087137699127197,0.29970839619636536,0.29970839619636536,0.0,283.85089111328125,0.45507076382637024,0.45507076382637024,0.06083717942237854,0.11377695947885513,62.6336555480957,0.3418230712413788,16.697111129760742,0.5627479553222656,0.8991314768791199,0.3726238012313843,0.3726238012313843,0.0,413.1244812011719,0.43738624453544617,0.43738624453544617,0.07006647437810898,0.11415594071149826,92.505126953125,0.36302921175956726,19.67259407043457,0.6782141923904419,1.0552207231521606
2018,2,30.843521722866175,104.04391057938317,4889.951,518.0,1.4235159158706665,49.35160446166992,26.36307716369629,29.794368743896484,1.1953027248382568,6.800000190734863,45.905311584472656,0.27402549982070923,0.28256887197494507,1.1546690464019775,397.77972412109375,0.5580602884292603,0.5856822729110718,0.4089861214160919,0.11130104213953018,50.9370002746582,0.3605279326438904,12.394533157348633,0.3512243330478668,0.6311970949172974,0.21332192420959473,0.24710792303085327,26.70225715637207,383.2953796386719,0.6452970504760742,0.6545376181602478,0.3087329566478729,0.18581634759902954,56.51298141479492,0.31467363238334656,5.0224385261535645,0.2820819318294525,0.5111912488937378,0.22923986613750458,0.23634220659732819,7.288963794708252,364.54718017578125,0.6451930999755859,0.6975941061973572,0.36217087507247925,0.20372207462787628,39.09273147583008,0.2953597605228424,9.160467147827148,0.414993017911911,0.7858546376228333,0.29847854375839233,0.29847854375839233,0.0,264.35614013671875,0.7333250641822815,0.7333250641822815,0.4885548949241638,0.26263517141342163,38.34855651855469,0.3087751269340515,15.550360679626465,0.6038561463356018,1.0631650686264038,0.3625311255455017,0.3625311255455017,0.0,393.6004943847656,0.6687524914741516,0.6687524914741516,0.38132721185684204,0.21109265089035034,76.776123046875,0.33029964566230774,18.74287986755371,0.7450066804885864,1.182766318321228
2018,2,31.131071313398685,105.42506808057644,4892.2954,366.0,4.423457622528076,282.07891845703125,30.44252586364746,23.98898696899414,1.2999999523162842,7.152529239654541,27.576873779296875,0.2729167938232422,0.28363826870918274,0.0,463.7088623046875,0.5240157246589661,0.5708969235420227,0.4299725592136383,0.11188405007123947,30.46472930908203,0.3481862545013428,14.490901947021484,0.4467107355594635,0.9711479544639587,0.2203644961118698,0.25236043334007263,0.0,512.14111328125,0.4784795343875885,0.5330119729042053,0.17548343539237976,0.07639624178409576,38.45497512817383,0.29707831144332886,7.213255405426025,0.3479788303375244,0.6934372186660767,0.2391113042831421,0.24302750825881958,0.0,440.2106628417969,0.5412192344665527,0.5412192344665527,0.22775186598300934,0.09143108129501343,17.973636627197266,0.2672824263572693,11.287453651428223,0.48449110984802246,0.8905888795852661,0.31861287355422974,0.31861287355422974,0.0,294.431396484375,0.5814432501792908,0.5814432501792908,0.3105449080467224,0.1266620010137558,29.945938110351562,0.31130918860435486,17.319494247436523,0.6438354253768921,1.1611407995224,0.40402084589004517,0.40402084589004517,0.0,437.8199462890625,0.6024166345596313,0.6024166345596313,0.2590765357017517,0.1364603042602539,71.08439636230469,0.3192982077598572,20.848567962646484,0.841090977191925,1.4526560306549072
2018,2,31.416195152958128,105.46953423628139,4899.8315,556.0,15.931936264038086,195.4141845703125,24.532920837402344,24.618175506591797,1.2697309255599976,6.995645999908447,36.17361068725586,0.2637442946434021,0.2795366942882538,0.0,457.6835021972656,0.3244176208972931,0.4974251389503479,0.06582014262676239,0.10068262368440628,33.72254180908203,0.3538001477718353,14.30260944366455,0.4455752968788147,0.9925312995910645,0.21420924365520477,0.24615314602851868,0.0,498.106689453125,0.4366016983985901,0.4787406623363495,0.09395001828670502,0.08735457062721252,38.36959457397461,0.3003130853176117,7.015587329864502,0.35383692383766174,0.7452572584152222,0.24135184288024902,0.2460447996854782,0.0,432.3260192871094,0.1184852346777916,0.1184852346777916,0.05282936245203018,0.06507240980863571,16.389497756958008,0.2674981355667114,11.085282325744629,0.4837872087955475,0.9143624305725098,0.3261410593986511,0.3261410593986511,0.0,293.8184814453125,0.5630184412002563,0.5630184412002563,0.15284158289432526,0.1285630613565445,23.662189483642578,0.3101409375667572,17.28343963623047,0.660784125328064,1.1883032321929932,0.42687296867370605,0.42687296867370605,0.0,436.7155456542969,0.5422056317329407,0.5422056317329407,0.16752542555332184,0.13320906460285187,66.77570343017578,0.3145110011100769,20.795978546142578,0.8602892160415649,1.4989091157913208
2018,2,31.782978510109313,105.82904034051336,4913.131,552.0,22.51864242553711,231.33859252929688,24.5875186920166,33.73495101928711,1.2796698808670044,6.840261936187744,31.499452590942383,0.2618938684463501,0.28445497155189514,0.0,398.07635498046875,0.5504477620124817,0.609841525554657,0.2845020294189453,0.07934895157814026,39.41152572631836,0.370097279548645,12.439886093139648,0.368014395236969,0.7671296000480652,0.20527516305446625,0.23846423625946045,19.93037986755371,386.5036926269531,0.5043445229530334,0.5689378976821899,0.209866002202034,0.09210921823978424,47.19144058227539,0.3277797996997833,5.163004398345947,0.30057135224342346,0.6269779801368713,0.22771035134792328,0.2364663928747177,4.021817207336426,360.97857666015625,0.5625242590904236,0.5820680856704712,0.2004164755344391,0.09675408154726028,26.05469512939453,0.3088679909706116,9.152737617492676,0.3911968469619751,0.7350755929946899,0.31683576107025146,0.31683576107025146,0.0,266.33978271484375,0.6653446555137634,0.6653446555137634,0.2939024567604065,0.13818857073783875,34.60249710083008,0.33482784032821655,15.667046546936035,0.5607081055641174,1.0041468143463135,0.45532384514808655,0.45532384514808655,0.0,397.2867126464844,0.6945679187774658,0.6945679187774658,0.33005160093307495,0.1565856784582138,75.09484100341797,0.3407959043979645,18.918415069580078,0.6985672116279602,1.2664514780044556
2018,2,31.841999171652724,105.83982244686058,4913.131,488.0,8.434045791625977,115.89337158203125,26.289188385009766,28.882701873779297,1.2899999618530273,6.895712375640869,31.065359115600586,0.2621948719024658,0.28580060601234436,0.0,386.5390625,0.4481387138366699,0.4836353659629822,0.05116613209247589,0.0894104614853859,40.4627685546875,0.3724597096443176,12.079345703125,0.35541701316833496,0.7344062924385071,0.20389410853385925,0.2373310625553131,24.050371170043945,364.1065368652344,0.4278980493545532,0.4907273054122925,0.10419927537441254,0.08820711821317673,47.793758392333984,0.33100834488868713,4.789523601531982,0.2924446165561676,0.6106908321380615,0.2247210144996643,0.23431219160556793,4.783627033233643,348.1331787109375,0.5229858756065369,0.5444112420082092,0.1937841922044754,0.13214512169361115,26.66334342956543,0.31350234150886536,8.803833961486816,0.3804459869861603,0.7152516841888428,0.314404159784317,0.314404159784317,0.0,261.18994140625,0.5952228903770447,0.5952228903770447,0.282392293214798,0.16709977388381958,34.87528610229492,0.3376251459121704,15.364113807678223,0.5482299327850342,0.9792336225509644,0.45964404940605164,0.45964404940605164,0.0,390.15277099609375,0.5831465125083923,0.5831465125083923,0.21338914334774017,0.15448801219463348,74.32440948486328,0.3428211212158203,18.578702926635742,0.6793964505195618,1.2402042150497437
2018,2,29.40037825792895,104.99145171683618,4913.1353,310.0,16.55684471130371,90.0,32.262325286865234,26.679365158081055,1.271896481513977,6.579949855804443,32.71708297729492,0.279922217130661,0.29036229848861694,0.0,486.30859375,0.3949085772037506,0.3949085772037506,0.16444705426692963,0.11929292231798172,22.491878509521484,0.35446614027023315,15.1971435546875,0.41425609588623047,0.8194676041603088,0.19439993798732758,0.2200641632080078,0.0,578.6146850585938,0.5833770036697388,0.6649709343910217,0.316052109003067,0.1624077558517456,47.70158386230469,0.32347163558006287,8.149502754211426,0.3097800016403198,0.5650032758712769,0.21939943730831146,0.22313927114009857,0.0,475.69696044921875,0.6239340901374817,0.6893585324287415,0.37157273292541504,0.19518624246120453,23.914247512817383,0.29191285371780396,12.197358131408691,0.4786350429058075,0.8946679830551147,0.2831222414970398,0.2831222414970398,0.0,300.65582275390625,0.6179957985877991,0.6247179508209229,0.4060381054878235,0.19357118010520935,64.01766967773438,0.3444287180900574,17.685636520385742,0.570454478263855,1.028398036956787,0.3659968376159668,0.3659968376159668,0.0,444.993408203125,0.5066788196563721,0.5333542227745056,0.29751622676849365,0.14689286053180695,63.51310729980469,0.3514988124370575,21.190162658691406,0.7392253875732422,1.0929826498031616
2018,2,30.595047234865014,103.85472429898861,4913.32,499.0,0.0,-0.0,20.098979949951172,29.638870239257812,1.256117820739746,6.887843608856201,48.215240478515625,0.28422513604164124,0.2955414950847626,0.4524211883544922,418.5030517578125,0.5746442675590515,0.5997824668884277,0.4212779104709625,0.11503001302480698,46.321571350097656,0.3570808470249176,13.064082145690918,0.3629654347896576,0.6282601356506348,0.21288587152957916,0.2535773515701294,10.462449073791504,418.4209289550781,0.2895066738128662,0.31524091958999634,0.14289674162864685,0.055358849465847015,53.22193908691406,0.30990666151046753,5.745893955230713,0.2930595874786377,0.5317667722702026,0.23977822065353394,0.24831423163414001,2.8559536933898926,391.36669921875,0.374942421913147,0.4613223969936371,0.18578755855560303,0.0817900225520134,39.17847442626953,0.28929030895233154,9.961813926696777,0.43234387040138245,0.7955944538116455,0.3080797493457794,0.3080797493457794,0.0,277.2209167480469,0.5169652104377747,0.5169652104377747,0.2675153911113739,0.12896598875522614,40.3196907043457,0.30438485741615295,16.307111740112305,0.61733078956604,1.0419039726257324,0.35629987716674805,0.35629987716674805,0.0,407.6614074707031,0.443648099899292,0.4749692976474762,0.1629646271467209,0.12673711776733398,78.3016586303711,0.3292205035686493,19.41244888305664,0.7586326003074646,1.184619665145874
2018,2,31.45931466014495,105.47277154364619,4914.0957,625.0,17.96438217163086,84.26930236816406,24.70234489440918,25.197656631469727,1.2862446308135986,7.032552242279053,31.626604080200195,0.2623862326145172,0.27893269062042236,0.0,456.70965576171875,0.43681925535202026,0.4708615839481354,0.0856984332203865,0.1063830554485321,34.252811431884766,0.3546588718891144,14.272176742553711,0.445313036441803,0.9951630234718323,0.21330295503139496,0.24523532390594482,0.0,495.795166015625,0.46870362758636475,0.5187138915061951,0.1810978502035141,0.11703996360301971,38.380149841308594,0.3007976710796356,6.983030319213867,0.3546704053878784,0.7528578042984009,0.2416890412569046,0.2465084046125412,0.0,431.06573486328125,0.5426689386367798,0.5426689386367798,0.1731727123260498,0.15072578191757202,16.166057586669922,0.26753395795822144,11.05296802520752,0.4837101399898529,0.9182360768318176,0.3272733986377716,0.3272733986377716,0.0,293.7307434082031,0.5417493581771851,0.5417493581771851,0.22894632816314697,0.15640129148960114,22.671430587768555,0.3098491430282593,17.278278350830078,0.6636937856674194,1.193099856376648,0.4302811324596405,0.4302811324596405,0.0,436.5336608886719,0.5650321245193481,0.5650321245193481,0.3282315135002136,0.19084975123405457,66.07086181640625,0.3137250542640686,20.787317276000977,0.8634717464447021,1.5059080123901367
2018,2,30.830046319482665,104.6101183129476,4931.751,452.0,2.8450496196746826,229.34767150878906,21.221599578857422,29.190837860107422,1.2899999618530273,7.099999904632568,31.245132446289062,0.2885998785495758,0.2912953794002533,0.0,457.4567565917969,0.5535304546356201,0.5743213891983032,0.422476589679718,0.11632537841796875,34.649906158447266,0.3434434235095978,14.295523643493652,0.4309571385383606,0.8242371082305908,0.23188713192939758,0.26321470737457275,0.0,487.8329162597656,0.46603673696517944,0.49292850494384766,0.17164570093154907,0.11344211548566818,43.1972541809082,0.29143667221069336,6.870886325836182,0.3320886492729187,0.5931042432785034,0.23635932803153992,0.24119515717029572,0.0,435.14569091796875,0.3369387090206146,0.3369387090206146,0.13343802094459534,0.08540590852499008,22.832767486572266,0.26649054884910583,11.15758228302002,0.4946522116661072,0.9362256526947021,0.30923333764076233,0.30923333764076233,0.0,296.7186279296875,0.4199311137199402,0.4199311137199402,0.18291547894477844,0.10807940363883972,27.3085994720459,0.2866140902042389,17.454036712646484,0.7048938274383545,1.293350100517273,0.3698129951953888,0.3698129951953888,0.0,436.4627380371094,0.35945573449134827,0.35945573449134827,0.07932762801647186,0.09266366809606552,63.628089904785156,0.3102295398712158,20.7839412689209,0.8855149745941162,1.4068502187728882
2018,2,31.65523864223125,105.62395736486329,4940.0093,503.0,2.9855027198791504,201.38502502441406,23.558286666870117,28.218629837036133,1.2592501640319824,6.981536865234375,29.742347717285156,0.2612423896789551,0.28154247999191284,0.0,423.6225280761719,0.434806227684021,0.4452449381351471,0.02501767873764038,0.09035187214612961,36.73157501220703,0.3631223440170288,13.238204002380371,0.4052441120147705,0.8814095258712769,0.2082642912864685,0.24091684818267822,11.238574981689453,433.5079650878906,0.44687995314598083,0.5931553840637207,0.11640615016222,0.12106559425592422,41.692771911621094,0.3145392835140228,5.947455883026123,0.3271750211715698,0.6957027316093445,0.23418040573596954,0.24112892150878906,2.8689956665039062,391.9437561035156,0.404800683259964,0.4116477072238922,0.11718961596488953,0.11019948124885559,19.93805694580078,0.2877366840839386,9.976276397705078,0.43723493814468384,0.8314053416252136,0.32209867238998413,0.32209867238998413,0.0,278.2064208984375,0.6370998024940491,0.6370998024940491,0.3358173668384552,0.18417523801326752,27.064435958862305,0.32207056879997253,16.365083694458008,0.6125195026397705,1.0991525650024414,0.4459732472896576,0.4459732472896576,0.0,414.6175842285156,0.6204800605773926,0.6204800605773926,0.3130992352962494,0.17974811792373657,69.1186752319336,0.32595449686050415,19.743694305419922,0.7811905145645142,1.3887592554092407
2018,2,30.62523088989579,103.59142775908579,4940.344,543.0,0.9274099469184875,180.0,23.950084686279297,23.156490325927734,1.2100000381469727,6.840818881988525,44.01572799682617,0.2788792550563812,0.2942878007888794,0.8389908671379089,390.70257568359375,0.5767887234687805,0.6083015203475952,0.4150359630584717,0.11301320791244507,55.25956726074219,0.3684827983379364,12.183237075805664,0.31885674595832825,0.5203520059585571,0.20367936789989471,0.24694253504276276,19.402053833007812,368.3948669433594,0.49553024768829346,0.49615514278411865,0.1564268320798874,0.12332285195589066,60.165401458740234,0.3245047330856323,4.91539192199707,0.2675311267375946,0.48948416113853455,0.23939494788646698,0.25012657046318054,5.296213626861572,358.26983642578125,0.6247618794441223,0.6714757680892944,0.2750242054462433,0.1868462711572647,47.66157150268555,0.30580031871795654,9.050605773925781,0.38819026947021484,0.6959027051925659,0.30694103240966797,0.30694103240966797,0.0,262.8038635253906,0.5115403532981873,0.5115403532981873,0.392711341381073,0.12082675844430923,46.60919952392578,0.3171514570713043,15.459051132202148,0.5620871186256409,0.8925731778144836,0.3548113703727722,0.3548113703727722,0.0,388.0278625488281,0.5381886959075928,0.5381886959075928,0.40190187096595764,0.14913514256477356,85.78495025634766,0.34004151821136475,18.47751808166504,0.6839844584465027,1.079359769821167
2018,2,30.507461571973227,103.70084072163418,4942.5586,494.0,1.4206726551055908,49.2530403137207,20.904590606689453,28.823022842407227,1.186083436012268,6.756162166595459,47.4493522644043,0.28990820050239563,0.3038691580295563,0.044707175344228745,424.3092041015625,0.5827556252479553,0.6097745299339294,0.4256891906261444,0.11686349660158157,46.75763702392578,0.35972943902015686,13.258265495300293,0.35679224133491516,0.5933122634887695,0.21164622902870178,0.2568608224391937,1.0338741540908813,425.79034423828125,0.37870553135871887,0.41246944665908813,0.14004342257976532,0.059799280017614365,53.357826232910156,0.3123818039894104,5.982485771179199,0.29289892315864563,0.5302184224128723,0.24696621298789978,0.2574528753757477,0.28221848607063293,399.1451110839844,0.358896404504776,0.39301908016204834,0.09813748300075531,0.061839427798986435,41.02798843383789,0.2908567488193512,10.227252960205078,0.43012505769729614,0.768168568611145,0.3155192732810974,0.3155192732810974,0.0,282.2184143066406,0.40267232060432434,0.40267232060432434,0.10584383457899094,0.07783304899930954,42.29950714111328,0.30430904030799866,16.601083755493164,0.6153151988983154,0.990251362323761,0.3543636202812195,0.3543636202812195,0.0,412.1597900390625,0.3892020285129547,0.38953322172164917,0.09599573910236359,0.08582198619842529,80.21444702148438,0.33027809858322144,19.626657485961914,0.7530767321586609,1.1745084524154663
2018,2,30.90873607577283,104.11721374160076,4948.6274,507.0,2.982388496398926,338.7685546875,23.56331443786621,28.662269592285156,1.1989450454711914,6.800000190734863,41.52432632446289,0.27383288741111755,0.2814854681491852,1.152302861213684,398.42852783203125,0.5540165901184082,0.5823604464530945,0.4071422815322876,0.11109201610088348,51.133544921875,0.36084479093551636,12.41488265991211,0.3534276783466339,0.6403868198394775,0.21531450748443604,0.24768170714378357,26.647537231445312,383.6240234375,0.3098250925540924,0.33484023809432983,0.02424376830458641,0.055873267352581024,56.38300704956055,0.3146786093711853,5.027837753295898,0.2833598852157593,0.511244535446167,0.2284533679485321,0.23544536530971527,7.274026870727539,364.75518798828125,0.42650550603866577,0.5117906332015991,0.11085623502731323,0.09549137949943542,37.872615814208984,0.2949310839176178,9.166183471679688,0.41681525111198425,0.7909702062606812,0.2985498905181885,0.2985498905181885,0.0,264.8591003417969,0.5513031482696533,0.5513031482696533,0.17011015117168427,0.1355203539133072,36.840206146240234,0.3074643909931183,15.579947471618652,0.6109045743942261,1.0827275514602661,0.36494967341423035,0.36494967341423035,0.0,394.6115417480469,0.5176684260368347,0.5176684260368347,0.10354815423488617,0.13276219367980957,75.12518310546875,0.32853055000305176,18.791025161743164,0.7551060318946838,1.2045836448669434
2018,2,31.648500940539495,105.61425436097099,4950.393,506.0,5.655145168304443,144.8230743408203,23.738798141479492,27.36833381652832,1.2776211500167847,7.056457042694092,27.306180953979492,0.26120802760124207,0.28138887882232666,0.0,425.0352783203125,0.4574838876724243,0.500921368598938,0.017941057682037354,0.10437265038490295,36.60380172729492,0.36273831129074097,13.282352447509766,0.4072531461715698,0.8876330852508545,0.20842194557189941,0.24104620516300201,10.764850616455078,436.1177062988281,0.37559396028518677,0.4227047562599182,-0.00908643938601017,0.08716442435979843,41.428466796875,0.3138200044631958,5.990885257720947,0.3286266028881073,0.6994128227233887,0.23452164232730865,0.24137483537197113,2.774538993835449,393.65911865234375,0.2762470245361328,0.3037051856517792,0.08097779005765915,0.07272317260503769,19.638471603393555,0.28660935163497925,10.02268123626709,0.4397366940975189,0.8365672826766968,0.3223762512207031,0.3223762512207031,0.0,278.87725830078125,0.5588231086730957,0.5588231086730957,0.1521805375814438,0.1499444544315338,26.680437088012695,0.32140466570854187,16.404542922973633,0.6153137683868408,1.1042741537094116,0.445480078458786,0.445480078458786,0.0,415.5888366699219,0.5655410885810852,0.5655410885810852,0.1420009732246399,0.15415479242801666,68.80528259277344,0.3251773416996002,19.78994369506836,0.785673975944519,1.395424723625183
2018,2,31.441527306042754,104.46513064219481,4959.032,547.0,2.1731696128845215,90.0,30.13334083557129,25.542009353637695,1.2751864194869995,6.8771891593933105,33.742401123046875,0.28394925594329834,0.2896760404109955,0.24262729287147522,409.85205078125,0.480094850063324,0.480094850063324,0.13171914219856262,0.16222701966762543,57.917564392089844,0.37554678320884705,12.800294876098633,0.3460664749145508,0.6156361103057861,0.23142831027507782,0.2599983215332031,5.610868453979492,386.8014831542969,0.5300782918930054,0.6311511993408203,0.2758079171180725,0.20473894476890564,57.90782165527344,0.3266032636165619,5.368882179260254,0.2877603769302368,0.49169477820396423,0.2374909520149231,0.24899789690971375,1.5316089391708374,374.0908203125,0.6244121193885803,0.6244121193885803,0.44439277052879333,0.2681138217449188,31.856576919555664,0.3003331124782562,9.552801132202148,0.4150797128677368,0.7418094873428345,0.31774312257766724,0.31774312257766724,0.0,277.7112121582031,0.6989656686782837,0.6989656686782837,0.49211418628692627,0.2711409032344818,27.014984130859375,0.29718855023384094,16.335954666137695,0.6651856899261475,1.1184313297271729,0.38713783025741577,0.38713783025741577,0.0,410.0072326660156,0.614193320274353,0.614193320274353,0.4691909849643707,0.22181978821754456,63.958499908447266,0.3151320219039917,19.524152755737305,0.8278670310974121,1.3880629539489746
2018,2,31.206260675361897,105.43827593789673,4962.697,420.0,8.658098220825195,276.1025085449219,28.34256362915039,22.59514617919922,1.2937543392181396,7.126458168029785,30.75885772705078,0.27053341269493103,0.2825765609741211,0.0,462.07421875,0.34646910429000854,0.3610221743583679,0.07826519757509232,0.07310440391302109,31.347896575927734,0.34972134232521057,14.4398193359375,0.4462352693080902,0.9764134883880615,0.21877139806747437,0.25074902176856995,0.0,508.3710632324219,0.5147637724876404,0.6480284929275513,0.20706838369369507,0.1300288438796997,38.459800720214844,0.29801616072654724,7.160155773162842,0.3494001030921936,0.7066330909729004,0.2397002875804901,0.24383248388767242,0.0,438.0639953613281,0.6795606017112732,0.6795606017112732,0.3617080748081207,0.2011467069387436,17.57865333557129,0.2674310803413391,11.232410430908203,0.4840753674507141,0.8959817290306091,0.320591002702713,0.320591002702713,0.0,294.2281494140625,0.5877211689949036,0.5877211689949036,0.33683931827545166,0.173280268907547,28.34726333618164,0.311099648475647,17.307538986206055,0.6479135751724243,1.1672471761703491,0.4099894165992737,0.4099894165992737,0.0,437.482666015625,0.4673742353916168,0.4673742353916168,0.23225943744182587,0.12998072803020477,70.00273132324219,0.31810933351516724,20.832508087158203,0.8457467555999756,1.4645971059799194
2018,2,30.984197442900292,104.11020403474473,4966.566,510.0,3.242131471633911,90.0,23.961149215698242,26.22614288330078,1.1699682474136353,6.699999809265137,44.74613571166992,0.2703734040260315,0.2782362699508667,1.3908575773239136,387.4730224609375,0.5065295696258545,0.5065295696258545,0.10171037912368774,0.1560218185186386,54.34809494018555,0.3644658327102661,12.065067291259766,0.34067249298095703,0.6166648864746094,0.21365544199943542,0.24486984312534332,32.16422653198242,364.12432861328125,0.6755324602127075,0.7276774048805237,0.3339923322200775,0.2285328209400177,58.743709564208984,0.319278359413147,4.67549467086792,0.27512580156326294,0.4965602159500122,0.2259969711303711,0.23321230709552765,8.779927253723145,351.121826171875,0.6680477261543274,0.7205885052680969,0.3565216660499573,0.22609707713127136,39.63241195678711,0.3001539707183838,8.777997016906738,0.4028021991252899,0.7656025886535645,0.2963290214538574,0.2963290214538574,0.0,258.791015625,0.6479333639144897,0.6479333639144897,0.32092201709747314,0.2065810114145279,37.59269714355469,0.3111763000488281,15.223000526428223,0.5963408946990967,1.0552574396133423,0.3665046691894531,0.3665046691894531,0.0,387.1411437988281,0.5274568796157837,0.5274568796157837,0.2166624367237091,0.1468506157398224,76.22649383544922,0.33096006512641907,18.435291290283203,0.7365164160728455,1.183960199356079
2018,2,31.195750574178923,107.14740923977305,4982.7744,266.0,2.851337432861328,49.45625686645508,29.355850219726562,32.23223114013672,1.2940583229064941,6.400000095367432,30.539024353027344,0.27508342266082764,0.30224305391311646,0.0,444.8905029296875,0.5411971807479858,0.598682701587677,0.4383779466152191,0.11520292609930038,38.2923583984375,0.3847358524799347,13.902828216552734,0.3721112608909607,0.6561800837516785,0.20296616852283478,0.22684691846370697,0.0,483.3194580078125,0.21377700567245483,0.21377700567245483,0.14963337779045105,0.10682204365730286,73.09426879882812,0.37091806530952454,6.807316303253174,0.272626668214798,0.5143898725509644,0.23203282058238983,0.24552659690380096,0.0,391.9640197753906,0.48271825909614563,0.4911397397518158,0.30835583806037903,0.08782745152711868,64.79698181152344,0.377743661403656,10.050358772277832,0.29862266778945923,0.5300465822219849,0.3233315944671631,0.3233315944671631,0.0,280.93988037109375,0.6642928123474121,0.6644154191017151,0.33388158679008484,0.2780757248401642,74.0975341796875,0.3868502974510193,16.525875091552734,0.4816422760486603,0.9442447423934937,0.4360767602920532,0.4360767602920532,0.0,415.63201904296875,0.30375078320503235,0.30375078320503235,0.19911180436611176,0.0700656846165657,117.1313705444336,0.3979818820953369,19.792001724243164,0.5720493197441101,1.0796911716461182
2018,2,30.30022039141328,104.17811614378873,4989.6177,721.0,23.380273818969727,72.56974029541016,32.565513610839844,22.40188980102539,1.26478111743927,7.006950378417969,48.74005889892578,0.28904464840888977,0.29559171199798584,0.0,458.17730712890625,0.5866994857788086,0.5866994857788086,0.12177475541830063,0.14597316086292267,33.24083709716797,0.3465937077999115,14.31804084777832,0.41695520281791687,0.7642838954925537,0.21970179677009583,0.25614920258522034,0.0,496.5902404785156,0.40925341844558716,0.40925341844558716,0.23768043518066406,0.06773443520069122,47.47314453125,0.29925695061683655,6.994228839874268,0.3222031891345978,0.5843536853790283,0.23608992993831635,0.24127060174942017,0.0,439.5249328613281,0.43384024500846863,0.4456299841403961,0.003031764179468155,0.08310023695230484,28.90254020690918,0.27583274245262146,11.269869804382324,0.4862139821052551,0.9155702590942383,0.3030625581741333,0.3030625581741333,0.0,295.8994140625,0.5202257037162781,0.5202257037162781,0.11404163390398026,0.12885893881320953,39.109745025634766,0.3005330562591553,17.40584945678711,0.6655653119087219,1.1897963285446167,0.3593301773071289,0.3593301773071289,0.0,433.2208557128906,0.605226993560791,0.605226993560791,0.14761881530284882,0.16888763010501862,71.25452423095703,0.3261924386024475,20.62956428527832,0.8263582587242126,1.2560906410217285
2018,2,31.135115718054163,105.11784493619611,4991.5454,481.0,9.195145606994629,-0.0,17.66018295288086,22.777647018432617,1.3130764961242676,7.356812000274658,35.273529052734375,0.2779737710952759,0.28645744919776917,0.0,454.69384765625,0.4392467737197876,0.4392467737197876,0.27229616045951843,0.06506041437387466,35.71185302734375,0.3518904447555542,14.209182739257812,0.4281066656112671,0.8867027163505554,0.22462260723114014,0.2559914290904999,0.0,488.2971496582031,0.58463454246521,0.6399155855178833,0.2276424765586853,0.12090543657541275,42.3724250793457,0.3007507920265198,6.877424240112305,0.33604252338409424,0.6436530947685242,0.23881033062934875,0.2442447692155838,0.0,429.56866455078125,0.4832638204097748,0.49192148447036743,0.3307536542415619,0.08954031765460968,20.884626388549805,0.2721947133541107,11.014580726623535,0.476250022649765,0.8769775032997131,0.3174865245819092,0.3174865245819092,0.0,292.9085693359375,0.6332966685295105,0.6332966685295105,0.3397617042064667,0.17082025110721588,28.528820037841797,0.3036876618862152,17.229915618896484,0.661879301071167,1.1832268238067627,0.39563465118408203,0.39563465118408203,0.0,433.9268493652344,0.5751955509185791,0.5751955509185791,0.2621174454689026,0.15904444456100464,68.05958557128906,0.31626975536346436,20.663183212280273,0.8509936928749084,1.439713954925537
2018,2,31.61966393402686,105.53556014557977,4993.7344,445.0,2.9853498935699463,158.62246704101562,30.856874465942383,24.472553253173828,1.2783355712890625,7.008451461791992,29.589176177978516,0.26105961203575134,0.28072527050971985,0.0,431.34539794921875,0.35265469551086426,0.37251415848731995,0.011973104439675808,0.05684587359428406,35.98451614379883,0.36066633462905884,13.479543685913086,0.4180886447429657,0.9239209890365601,0.20910301804542542,0.24160504341125488,8.745683670043945,447.2539367675781,0.5606276988983154,0.6450914740562439,0.21974332630634308,0.1436227560043335,39.437705993652344,0.30936941504478455,6.176172256469727,0.3368580639362335,0.7225964665412903,0.2359958440065384,0.2424371838569641,2.42659592628479,401.8430480957031,0.5502474308013916,0.5998276472091675,0.2227722406387329,0.17087532579898834,17.364612579345703,0.279386430978775,10.241447448730469,0.45543259382247925,0.8702160716056824,0.32357537746429443,0.32357537746429443,0.0,281.9859924316406,0.6793407201766968,0.6793407201766968,0.2971799373626709,0.1955600380897522,23.57740020751953,0.3171265721321106,16.587411880493164,0.6326854825019836,1.1351906061172485,0.44334954023361206,0.44334954023361206,0.0,420.257568359375,0.6822364926338196,0.6822364926338196,0.3003609776496887,0.19396059215068817,65.84530639648438,0.3196265399456024,20.012264251708984,0.8138628602027893,1.4382853507995605
2018,2,31.316213189137763,104.31421236704094,4994.304,555.0,0.9274099469184875,-0.0,26.60285758972168,27.274450302124023,1.2358770370483398,6.774591445922852,35.099178314208984,0.2727852165699005,0.27929115295410156,1.1173900365829468,386.5861511230469,0.11767805367708206,0.11767805367708206,0.1296638548374176,0.054394226521253586,59.48411560058594,0.37352919578552246,12.0458984375,0.3312220573425293,0.5975185036659241,0.22135525941848755,0.24918997287750244,25.84016227722168,354.1769104003906,0.4886614680290222,0.4886614680290222,0.1932338923215866,0.12379645556211472,60.75562286376953,0.3274487257003784,4.6244611740112305,0.27309203147888184,0.47895148396492004,0.22811155021190643,0.2374395728111267,7.053636074066162,347.3896789550781,0.4829825460910797,0.48598712682724,0.32927215099334717,0.0864320695400238,37.113258361816406,0.3054323196411133,8.72656536102295,0.3949033319950104,0.7315965890884399,0.3037889301776886,0.3037889301776886,0.0,261.36676025390625,0.5982063412666321,0.5982063412666321,0.25931116938591003,0.19074304401874542,32.54392623901367,0.3078199326992035,15.37451457977295,0.6171603202819824,1.068444013595581,0.37917327880859375,0.37917327880859375,0.0,390.384521484375,0.44604501128196716,0.44604501128196716,0.15422463417053223,0.11788326501846313,70.67809295654297,0.3251068890094757,18.589738845825195,0.7654221653938293,1.270009160041809
2018,2,31.84603911720715,105.6754287683232,5000.3433,533.0,3.271975040435791,90.0,23.589990615844727,28.265453338623047,1.2773648500442505,6.995239734649658,33.817787170410156,0.26221412420272827,0.28588661551475525,0.0,384.6700439453125,0.405225932598114,0.45268988609313965,0.11105161905288696,0.07182232290506363,39.89629364013672,0.3715812861919403,12.020938873291016,0.3611050248146057,0.7606794834136963,0.2038058340549469,0.23725862801074982,24.85235595703125,358.4201354980469,0.36539170145988464,0.429119348526001,0.10752476751804352,0.06143048405647278,44.02267074584961,0.3269585072994232,4.6981377601623535,0.29762327671051025,0.633076548576355,0.2245299220085144,0.2341744750738144,6.017435550689697,347.7474365234375,0.3822959065437317,0.3829651474952698,0.1517304629087448,0.0748072937130928,22.497241973876953,0.30565765500068665,8.762307167053223,0.39532098174095154,0.7526916265487671,0.3142487108707428,0.3142487108707428,0.0,260.33001708984375,0.489554226398468,0.489554226398468,0.20072293281555176,0.1163623183965683,29.279314041137695,0.33253613114356995,15.313530921936035,0.5648320913314819,1.0062506198883057,0.4599202275276184,0.4599202275276184,0.0,389.7635803222656,0.38572704792022705,0.38572704792022705,0.11093880981206894,0.08765272051095963,68.41454315185547,0.3348570466041565,18.560171127319336,0.7064588069915771,1.2832229137420654
2018,2,30.641667136378793,105.41860238404894,5002.1577,307.0,8.518576622009277,149.8372344970703,25.21967124938965,29.435455322265625,1.2987555265426636,7.148015975952148,29.62196159362793,0.2868531346321106,0.2896730601787567,0.0,477.00244140625,0.5790006518363953,0.5790006518363953,0.22353798151016235,0.1466347575187683,23.18057632446289,0.33697500824928284,14.906326293945312,0.45564863085746765,0.9618277549743652,0.229411318898201,0.2617177963256836,0.0,543.5034790039062,0.6012555956840515,0.6314751505851746,0.3042987883090973,0.2048468440771103,37.23015594482422,0.28963547945022583,7.6549787521362305,0.3425445854663849,0.6233922243118286,0.2353772670030594,0.23742610216140747,0.0,457.3660583496094,0.3934439420700073,0.6578652262687683,0.19961239397525787,0.1450989693403244,19.64212417602539,0.2645932734012604,11.727334976196289,0.49038344621658325,0.8628007769584656,0.30610719323158264,0.30610719323158264,0.0,296.3376159667969,0.6915947794914246,0.6915947794914246,0.4657336175441742,0.24665728211402893,40.48966598510742,0.31439265608787537,17.431625366210938,0.613897979259491,1.119539499282837,0.3678129315376282,0.3678129315376282,0.0,441.27069091796875,0.6004776358604431,0.6004776358604431,0.37093159556388855,0.20097944140434265,78.73136138916016,0.327567458152771,21.012889862060547,0.8097195625305176,1.3797097206115723
2018,2,31.913144128960464,105.76678683070621,5004.2744,613.0,17.382247924804688,158.5606231689453,21.43547248840332,31.69174575805664,1.2663533687591553,6.866361141204834,36.27180099487305,0.262557715177536,0.2874227464199066,0.0,371.84844970703125,0.6354308128356934,0.6643685102462769,0.22595563530921936,0.12465223670005798,41.36874008178711,0.37484830617904663,11.620264053344727,0.34331658482551575,0.7084451913833618,0.20222929120063782,0.2359650582075119,29.336572647094727,334.5495300292969,0.5335695147514343,0.5637542605400085,0.21678103506565094,0.09809017181396484,46.53463363647461,0.33284831047058105,4.298774242401123,0.2853270173072815,0.6024513244628906,0.22111745178699493,0.2317153364419937,6.405282497406006,332.5907897949219,0.5433256030082703,0.5454480648040771,0.1761576384305954,0.08690520375967026,25.223690032958984,0.31507307291030884,8.363731384277344,0.37499868869781494,0.7103803157806396,0.31147292256355286,0.31147292256355286,0.0,254.5670623779297,0.5785630345344543,0.5785630345344543,0.19773319363594055,0.1064729392528534,32.36015701293945,0.33834773302078247,14.974533081054688,0.5416567921638489,0.9630945920944214,0.464851975440979,0.464851975440979,0.0,381.395263671875,0.5800647735595703,0.5800647735595703,0.21328036487102509,0.11139983683824539,70.46780395507812,0.34120869636535645,18.161678314208984,0.6699697375297546,1.2301299571990967
2018,2,31.877301874692858,105.8023615389106,5004.2744,649.0,11.152864456176758,119.51504516601562,25.2982234954834,33.24673843383789,1.2707637548446655,6.85832405090332,34.732540130615234,0.2623749077320099,0.2866055369377136,0.0,379.2999572753906,0.4921790659427643,0.49681031703948975,0.09558162838220596,0.09761202335357666,40.91712188720703,0.37361380457878113,11.853123664855957,0.3495517075061798,0.7221292853355408,0.20306800305843353,0.23665323853492737,26.6655330657959,349.51251220703125,0.4492247402667999,0.4892880916595459,0.08387476950883865,0.09589721262454987,47.14079284667969,0.3318392038345337,4.547140598297119,0.2890435755252838,0.6070239543914795,0.2229328751564026,0.23302359879016876,5.570896625518799,340.51092529296875,0.5054916143417358,0.5273878574371338,0.08453439176082611,0.1104939728975296,25.91240882873535,0.31415241956710815,8.588205337524414,0.3780403137207031,0.7134701609611511,0.31294965744018555,0.31294965744018555,0.0,257.94189453125,0.669852614402771,0.669852614402771,0.27691563963890076,0.18805092573165894,33.560935974121094,0.3379155397415161,15.173052787780762,0.5452795624732971,0.9717468023300171,0.46222829818725586,0.46222829818725586,0.0,385.8664855957031,0.6852656602859497,0.6852656602859497,0.2924630641937256,0.19862964749336243,72.32886505126953,0.3419111371040344,18.37459373474121,0.6752510070800781,1.2360625267028809
2018,2,31.938476282045077,105.83497094491443,5004.2744,603.0,22.162519454956055,220.96737670898438,24.84854507446289,32.44715118408203,1.2378042936325073,6.852141857147217,35.61326217651367,0.26268690824508667,0.28800031542778015,0.0,367.5553894042969,0.5335804224014282,0.5576381683349609,0.12818707525730133,0.11614540964365005,42.099876403808594,0.3761692941188812,11.486105918884277,0.33575502038002014,0.6849790811538696,0.20163650810718536,0.23547866940498352,30.852508544921875,326.9683532714844,0.44679757952690125,0.45527079701423645,0.10080593824386597,0.08242177963256836,48.2597541809082,0.3356804847717285,4.170645713806152,0.2799813151359558,0.5873836278915405,0.2198343575000763,0.23079070448875427,6.17677116394043,327.2388610839844,0.3881492614746094,0.40654686093330383,0.05759695544838905,0.06694567203521729,27.08303451538086,0.3199341893196106,8.232361793518066,0.3650842010974884,0.688295304775238,0.3104292154312134,0.3104292154312134,0.0,252.72103881835938,0.46791112422943115,0.46791112422943115,0.1353718787431717,0.09171084314584732,34.544227600097656,0.34146568179130554,14.86594295501709,0.5302948951721191,0.9425628185272217,0.4667063355445862,0.4667063355445862,0.0,378.5303649902344,0.5256915092468262,0.553472638130188,0.16863049566745758,0.12592262029647827,72.24727630615234,0.3450040817260742,18.02525520324707,0.6520757675170898,1.2036545276641846
2018,2,31.584093684923523,105.35904217127806,5008.7124,514.0,0.0,-0.0,24.576784133911133,26.50808334350586,1.3100248575210571,7.135873794555664,29.531089782714844,0.2640175223350525,0.28137633204460144,0.3878619968891144,431.7629699707031,0.36382150650024414,0.36382150650024414,0.018434472382068634,0.08139751851558685,38.752532958984375,0.3614824116230011,13.480472564697266,0.41413360834121704,0.9020830988883972,0.21253472566604614,0.2442956119775772,10.473556518554688,447.0293884277344,0.36611175537109375,0.5091906785964966,0.08895427733659744,0.08832690119743347,41.00819778442383,0.3094120919704437,6.148674011230469,0.33441320061683655,0.7020719647407532,0.2372559756040573,0.2440803050994873,2.897108554840088,402.3680114746094,0.42384961247444153,0.42384961247444153,0.24052253365516663,0.10418995469808578,18.429258346557617,0.27859732508659363,10.242843627929688,0.457370400428772,0.8681409955024719,0.3235885500907898,0.3235885500907898,0.0,282.7404479980469,0.5313864946365356,0.5313864946365356,0.24579142034053802,0.15255750715732574,22.70994758605957,0.3123498558998108,16.631792068481445,0.6456224918365479,1.1484553813934326,0.43457987904548645,0.43457987904548645,0.0,421.1075744628906,0.47845667600631714,0.47845667600631714,0.17595992982387543,0.13261310756206512,64.62403106689453,0.3164703845977783,20.05274200439453,0.82977294921875,1.4525175094604492
2018,2,30.32150813984243,103.73884118081165,5011.689,500.0,13.784834861755371,136.533935546875,32.65753173828125,27.53540802001953,1.23037588596344,6.811614513397217,44.37485885620117,0.2896064817905426,0.30214154720306396,0.0,431.0902404785156,0.5863258838653564,0.6102194786071777,0.4320691227912903,0.11725696921348572,45.780643463134766,0.3650437891483307,13.471570014953613,0.358643501996994,0.6000610589981079,0.21269790828227997,0.25701263546943665,0.0,442.2950134277344,0.4172827899456024,0.5016633868217468,0.07395250350236893,0.09920644015073776,58.09176254272461,0.320986807346344,6.2295074462890625,0.29154106974601746,0.5251616835594177,0.242649644613266,0.2522561252117157,0.0,407.4324035644531,0.4043391942977905,0.45179304480552673,0.06057565286755562,0.10100465267896652,40.49385452270508,0.2994418442249298,10.44698429107666,0.430505633354187,0.7644188404083252,0.30990177392959595,0.30990177392959595,0.0,284.51324462890625,0.4600430727005005,0.4600430727005005,0.09251029044389725,0.12664461135864258,48.1811408996582,0.31516364216804504,16.736074447631836,0.604931652545929,0.9814878106117249,0.36034172773361206,0.36034172773361206,0.0,415.01983642578125,0.4022543430328369,0.4022543430328369,0.046527184545993805,0.10244004428386688,83.06749725341797,0.3397371172904968,19.762847900390625,0.7382568120956421,1.147262692451477
2018,2,31.44368551095262,104.37889162782116,5018.8325,568.0,0.9274099469184875,-0.0,28.731597900390625,24.99515724182129,1.241774320602417,6.800000190734863,31.45729637145996,0.2759530246257782,0.2823834717273712,0.8427051305770874,389.548583984375,0.5282462239265442,0.5721425414085388,0.39020511507987976,0.11006882786750793,61.51095962524414,0.3779299557209015,12.147058486938477,0.32747775316238403,0.5842145085334778,0.2251378744840622,0.2526034712791443,19.487947463989258,354.6468811035156,0.2564438283443451,0.32420220971107483,0.05312996730208397,0.07773248106241226,61.33836364746094,0.33119064569473267,4.720548152923584,0.2735747694969177,0.4726647734642029,0.2313062697649002,0.24209100008010864,5.319660186767578,349.92010498046875,0.4020911753177643,0.6147310733795166,0.23162880539894104,0.1520911008119583,35.9942741394043,0.3074272572994232,8.835908889770508,0.39308953285217285,0.7131034731864929,0.3096180856227875,0.3096180856227875,0.0,264.9327087402344,0.7291520833969116,0.7291520833969116,0.4211539924144745,0.2787788510322571,30.40249252319336,0.3054741621017456,15.584277153015137,0.6295620799064636,1.067700982093811,0.38463202118873596,0.38463202118873596,0.0,394.4173583984375,0.6661401391029358,0.6661401391029358,0.36210858821868896,0.21437481045722961,68.21176147460938,0.3220435678958893,18.78177833557129,0.7816857099533081,1.313554048538208
2018,2,31.45176986116253,105.35176491835882,5021.583,537.0,24.258411407470703,117.8383560180664,24.67799186706543,25.521625518798828,1.2785059213638306,6.9049601554870605,37.40235900878906,0.2656545042991638,0.28072044253349304,0.0,451.9775390625,0.5036931037902832,0.5690665245056152,0.42521142959594727,0.10909631103277206,36.97486877441406,0.3570726811885834,14.124298095703125,0.4338114857673645,0.948907196521759,0.21600186824798584,0.24756918847560883,0.0,484.051025390625,0.47011274099349976,0.5470914840698242,0.11024542152881622,0.10977877676486969,40.655845642089844,0.3037719130516052,6.817620277404785,0.3468804955482483,0.7201218008995056,0.2414371818304062,0.247118279337883,0.0,425.28863525390625,0.49346065521240234,0.5019541382789612,0.340853750705719,0.090978242456913,17.951860427856445,0.2713095545768738,10.904836654663086,0.4761520326137543,0.896791934967041,0.3263598084449768,0.3263598084449768,0.0,292.3663024902344,0.5857278108596802,0.5857278108596802,0.21362373232841492,0.15735788643360138,23.185495376586914,0.3079335391521454,17.19801902770996,0.6651491522789001,1.18527090549469,0.42460259795188904,0.42460259795188904,0.0,434.0088806152344,0.5427387952804565,0.5427387952804565,0.15521594882011414,0.15235066413879395,65.70076751708984,0.31367868185043335,20.667089462280273,0.8607925176620483,1.494032382965088
2018,2,31.485186364457036,105.31349691311817,5025.591,484.0,4.439327239990234,282.034912109375,22.963306427001953,24.980484008789062,1.287049651145935,7.134958267211914,33.76142883300781,0.26576921343803406,0.2808998227119446,0.0,449.3729248046875,0.48200735449790955,0.48200735449790955,0.07841933518648148,0.09812489151954651,38.44405746459961,0.3587607741355896,14.042903900146484,0.42911383509635925,0.9337040781974792,0.2162773162126541,0.24769476056098938,0.0,477.75677490234375,0.44546619057655334,0.6013128161430359,0.19921661913394928,0.11340763419866562,41.53704071044922,0.30540648102760315,6.728968620300293,0.3445329964160919,0.7137621641159058,0.2416236251592636,0.24774184823036194,0.0,422.0279235839844,0.4943285286426544,0.5023669004440308,0.34180954098701477,0.09105107933282852,18.45277214050293,0.2728726863861084,10.821228981018066,0.4729326665401459,0.8906530141830444,0.32695987820625305,0.32695987820625305,0.0,291.7235107421875,0.5691302418708801,0.5691302418708801,0.2203984409570694,0.1416805237531662,22.653942108154297,0.3071809709072113,17.160205841064453,0.6673743724822998,1.1844843626022339,0.42528384923934937,0.42528384923934937,0.0,432.8604736328125,0.513003945350647,0.513003945350647,0.1942308247089386,0.1320481300354004,65.08097076416016,0.3131433129310608,20.612403869628906,0.8617230653762817,1.4950991868972778
2018,2,31.802919610020332,105.57841210670338,5027.7954,538.0,7.775465965270996,213.91586303710938,23.115243911743164,28.11467170715332,1.262945532798767,7.125466823577881,31.367589950561523,0.26199421286582947,0.28490352630615234,0.0,392.990966796875,0.46395623683929443,0.4663725197315216,0.07573699951171875,0.10222964733839035,38.86700439453125,0.3690982758998871,12.280967712402344,0.3745923340320587,0.8032798171043396,0.2048148214817047,0.2380865216255188,22.03165054321289,373.3730773925781,0.42528805136680603,0.5153928399085999,0.1466657519340515,0.10007165372371674,41.52528381347656,0.32186877727508545,4.9484710693359375,0.30739447474479675,0.6597471833229065,0.22671391069889069,0.2357483208179474,5.877455234527588,358.1083984375,0.39767903089523315,0.41977447271347046,0.1069529801607132,0.08628107607364655,19.735061645507812,0.29728543758392334,9.031562805175781,0.41313520073890686,0.7910608649253845,0.3160252273082733,0.3160252273082733,0.0,264.16619873046875,0.42032620310783386,0.42032620310783386,0.10974852740764618,0.10258013755083084,25.8369197845459,0.32739847898483276,15.539188385009766,0.5849037766456604,1.0425480604171753,0.4567639231681824,0.4567639231681824,0.0,395.513427734375,0.4037463665008545,0.4037463665008545,0.08963343501091003,0.11272058635950089,65.48377227783203,0.32857975363731384,18.833972930908203,0.7384977340698242,1.3310329914093018
2018,2,31.3711894460257,104.39748607921405,5031.552,560.0,2.1486406326293945,210.35357666015625,27.33574676513672,26.965015411376953,1.25,6.999743938446045,31.940086364746094,0.2786860764026642,0.28465843200683594,0.6584450006484985,399.7088623046875,0.3432677686214447,0.3432677686214447,0.019875172525644302,0.1082390621304512,58.18650817871094,0.3738773465156555,12.470325469970703,0.3408893346786499,0.6117077469825745,0.22672025859355927,0.254912793636322,15.226845741271973,373.24444580078125,0.3292083740234375,0.3870219588279724,0.0868009626865387,0.08826280385255814,58.957862854003906,0.3262161612510681,5.042501449584961,0.2817278206348419,0.4876667261123657,0.2328997403383255,0.24320672452449799,4.15649938583374,362.56610107421875,0.542070746421814,0.542070746421814,0.2888602912425995,0.1488812118768692,34.12644577026367,0.3020056188106537,9.189990043640137,0.40727683901786804,0.741754949092865,0.31082823872566223,0.31082823872566223,0.0,270.29779052734375,0.7428621649742126,0.7428621649742126,0.4123777747154236,0.27757206559181213,29.569334030151367,0.30191460251808167,15.899869918823242,0.6435968279838562,1.0999091863632202,0.3830156922340393,0.3830156922340393,0.0,401.1977233886719,0.6182507276535034,0.6182507276535034,0.3711675703525543,0.2090304046869278,67.05482482910156,0.31968069076538086,19.10465431213379,0.799865186214447,1.3328828811645508
2018,2,31.06477339893605,104.31906386898709,5031.847,482.0,1.8543341159820557,180.0,22.97734260559082,30.183372497558594,1.27044677734375,6.900000095367432,35.72357940673828,0.2785974144935608,0.2841745913028717,0.7529432773590088,411.2852783203125,0.37698808312416077,0.37766873836517334,0.08276625722646713,0.10210216045379639,50.141483306884766,0.361372709274292,12.82913589477539,0.36647114157676697,0.6708369851112366,0.22345784306526184,0.2536378502845764,17.412160873413086,401.5152587890625,0.41628554463386536,0.553989827632904,0.21608765423297882,0.1330852061510086,54.46796798706055,0.3132634460926056,5.409903049468994,0.2934644818305969,0.5197752118110657,0.23113957047462463,0.23870611190795898,4.7530293464660645,378.724609375,0.6761263012886047,0.6800958514213562,0.36919984221458435,0.21871966123580933,33.06052017211914,0.29088491201400757,9.589015007019043,0.43148043751716614,0.8108739256858826,0.3046071529388428,0.3046071529388428,0.0,273.5936279296875,0.7287116646766663,0.7319602370262146,0.4183040261268616,0.24306516349315643,31.605531692504883,0.29993516206741333,16.09374237060547,0.6465727090835571,1.1464592218399048,0.37233594059944153,0.37233594059944153,0.0,405.9303894042969,0.6376343965530396,0.6529874205589294,0.3261941075325012,0.182780459523201,69.07139587402344,0.32067373394966125,19.33001708984375,0.8032098412513733,1.2973315715789795
2018,2,31.338580040021842,104.4551600922393,5032.177,582.0,4.925110816955566,318.71343994140625,30.636152267456055,24.110925674438477,1.299460530281067,7.020695209503174,33.95934295654297,0.28388240933418274,0.2891971170902252,0.2776679992675781,414.68243408203125,0.5920852422714233,0.5920852422714233,0.17764073610305786,0.1329251080751419,54.77524185180664,0.3706750273704529,12.950148582458496,0.3568838834762573,0.6417715549468994,0.2307206243276596,0.2596777081489563,6.421201229095459,398.190185546875,0.519948422908783,0.6232191324234009,0.1955290585756302,0.12464657425880432,56.08180236816406,0.3214588761329651,5.517873287200928,0.29281559586524963,0.504487931728363,0.2365875542163849,0.24697928130626678,1.7528069019317627,380.62261962890625,0.5108786821365356,0.5108786821365356,0.20769773423671722,0.12578101456165314,31.07512664794922,0.295784056186676,9.714611053466797,0.42525237798690796,0.7707364559173584,0.3153217136859894,0.3153217136859894,0.0,279.1971740722656,0.6351675987243652,0.6351675987243652,0.33057770133018494,0.1902366727590561,27.382923126220703,0.296007364988327,16.423362731933594,0.6684730052947998,1.1425890922546387,0.38360127806663513,0.38360127806663513,0.0,412.2151794433594,0.6123059988021851,0.6123059988021851,0.2511988878250122,0.17988544702529907,64.27559661865234,0.3150022327899933,19.629295349121094,0.8321990370750427,1.380397915840149
2018,2,31.33130724620367,105.70830572039026,5044.257,468.0,15.386483192443848,180.0,26.686126708984375,27.405092239379883,1.2683932781219482,7.181926727294922,29.034183502197266,0.26456359028816223,0.28002360463142395,0.0,459.0579528808594,0.5584803223609924,0.5693984627723694,0.15657112002372742,0.11960382014513016,32.4725456237793,0.3555390536785126,14.345561027526855,0.4358431398868561,0.9430435299873352,0.2137896567583084,0.24580444395542145,0.0,505.3642578125,0.5402180552482605,0.5533926486968994,0.11068841814994812,0.11027385294437408,42.72501754760742,0.3087455928325653,7.117806434631348,0.34160229563713074,0.6993126273155212,0.2404436320066452,0.24503356218338013,0.0,430.581298828125,0.4713057577610016,0.5657179951667786,0.1415046900510788,0.0977855771780014,21.899105072021484,0.282223641872406,11.040546417236328,0.45523467659950256,0.8465908765792847,0.3239560127258301,0.3239560127258301,0.0,292.6178283691406,0.6091693043708801,0.6091693043708801,0.23371611535549164,0.15978211164474487,34.3607177734375,0.3216525912284851,17.212814331054688,0.6228628158569336,1.1343224048614502,0.42288902401924133,0.42288902401924133,0.0,434.4847717285156,0.6549771428108215,0.6549771428108215,0.3010789752006531,0.19549977779388428,78.67818450927734,0.32986176013946533,20.68975257873535,0.8017255663871765,1.4057440757751465
2018,2,31.672214439941726,105.47923724017369,5046.8975,593.0,10.371580123901367,69.28074645996094,25.547630310058594,25.474857330322266,1.2707316875457764,7.099999904632568,33.135704040527344,0.2616994082927704,0.28204357624053955,0.11731778085231781,419.07757568359375,0.3913766145706177,0.4051201343536377,0.05773019790649414,0.0653143972158432,37.16485595703125,0.3630076050758362,13.092507362365723,0.4059317111968994,0.8923605680465698,0.20817777514457703,0.24079090356826782,13.943742752075195,423.27862548828125,0.4347195625305176,0.4755169451236725,0.07117363065481186,0.09908401221036911,39.28900909423828,0.311918705701828,5.765279769897461,0.3290606737136841,0.7071037888526917,0.2332114428281784,0.24049557745456696,3.960466146469116,388.425048828125,0.3833421468734741,0.3916774392127991,0.06428564339876175,0.09325460344552994,17.14830780029297,0.28242185711860657,9.85806655883789,0.4472135305404663,0.8568253517150879,0.3211115598678589,0.3211115598678589,0.0,276.34320068359375,0.49180418252944946,0.49180418252944946,0.13697299361228943,0.13397406041622162,22.586400985717773,0.3182006776332855,16.255481719970703,0.6246389746665955,1.1167590618133545,0.446294903755188,0.446294903755188,0.0,412.6695251464844,0.4954473674297333,0.4954473674297333,0.14016269147396088,0.14314362406730652,63.89698791503906,0.3196716010570526,19.650928497314453,0.8010114431381226,1.420027494430542
2018,2,31.716413049583476,105.51265374346822,5046.8975,456.0,17.997806549072266,110.41340637207031,21.701509475708008,24.55374526977539,1.2813711166381836,7.117818355560303,33.57783126831055,0.26155439019203186,0.28293728828430176,0.0,410.9113464355469,0.47090473771095276,0.4795396327972412,0.11113765835762024,0.11368481814861298,37.3651008605957,0.3647724986076355,12.84097957611084,0.3971385955810547,0.8691195845603943,0.20683279633522034,0.23974229395389557,15.891092300415039,407.2896728515625,0.5246499180793762,0.5676153302192688,0.1733766794204712,0.13927941024303436,39.490692138671875,0.3146531581878662,5.512656211853027,0.3231099843978882,0.6965683698654175,0.23108187317848206,0.23889601230621338,4.499212265014648,379.0804443359375,0.435795396566391,0.5055988430976868,0.21747973561286926,0.10976261645555496,17.44110107421875,0.2863982915878296,9.604646682739258,0.4379064738750458,0.8400910496711731,0.31957826018333435,0.31957826018333435,0.0,272.5370788574219,0.5456952452659607,0.5456952452659607,0.1750112920999527,0.15791760385036469,23.1458740234375,0.32101866602897644,16.031593322753906,0.6127645969390869,1.09501314163208,0.4504512846469879,0.4504512846469879,0.0,407.3594970703125,0.4918285012245178,0.4918285012245178,0.1532389372587204,0.13845409452915192,63.91511917114258,0.32197508215904236,19.3980712890625,0.7827838659286499,1.395492672920227
2018,2,31.390055902582827,105.33020516476543,5051.743,543.0,8.508198738098145,229.51463317871094,22.362245559692383,28.765125274658203,1.2978712320327759,7.307041168212891,34.199581146240234,0.2677965760231018,0.2816949486732483,0.0,453.0010681152344,0.42990830540657043,0.42990830540657043,0.4002171456813812,0.053848206996917725,36.43507385253906,0.35594475269317627,14.156283378601074,0.4335325062274933,0.9415692090988159,0.2174651324748993,0.24902503192424774,0.0,486.3072814941406,0.5563256144523621,0.7446855902671814,0.3177415132522583,0.17076022922992706,40.79216384887695,0.30313682556152344,6.849398136138916,0.345280259847641,0.7074715495109558,0.2409418225288391,0.24649962782859802,0.0,426.67431640625,0.4915114641189575,0.5001170635223389,0.3389054536819458,0.09071243554353714,18.38129234313965,0.27136802673339844,10.940366744995117,0.47618433833122253,0.8918011784553528,0.3246920108795166,0.3246920108795166,0.0,292.47637939453125,0.731819748878479,0.731819748878479,0.46610814332962036,0.2436244934797287,24.45586585998535,0.3078458607196808,17.204492568969727,0.6623961329460144,1.180935025215149,0.4193916320800781,0.4193916320800781,0.0,434.1453552246094,0.645327627658844,0.645327627658844,0.38503962755203247,0.20278869569301605,66.48881530761719,0.31455641984939575,20.6735897064209,0.8572761416435242,1.4837301969528198
2018,2,29.959308738574173,103.70650377997208,5052.0376,444.0,2.140733242034912,150.0101318359375,24.935449600219727,31.080827713012695,1.2377828359603882,6.454069137573242,44.08914566040039,0.2878159284591675,0.2989679276943207,0.0,434.964599609375,0.5957398414611816,0.6158474087715149,0.44345906376838684,0.11768307536840439,47.59881591796875,0.3811308443546295,13.592643737792969,0.34481239318847656,0.568332314491272,0.2122904509305954,0.25626039505004883,0.0,457.1827392578125,0.4532198905944824,0.4984714686870575,0.1213393360376358,0.09872974455356598,70.9377212524414,0.34494948387145996,6.4391937255859375,0.27889135479927063,0.4967638850212097,0.23441387712955475,0.24326194822788239,0.0,412.4107666015625,0.3988078832626343,0.42663589119911194,0.058006491512060165,0.07859871536493301,42.7626953125,0.32407546043395996,10.574634552001953,0.413824200630188,0.7141558527946472,0.29897111654281616,0.29897111654281616,0.0,284.39483642578125,0.4600009620189667,0.4600009620189667,0.06513182073831558,0.10330989956855774,62.73992919921875,0.3421792685985565,16.729108810424805,0.5638262033462524,0.9049252271652222,0.3728736937046051,0.3728736937046051,0.0,413.98712158203125,0.43006977438926697,0.44056615233421326,0.06763740628957748,0.11225459724664688,92.14209747314453,0.36326277256011963,19.713672637939453,0.6801323890686035,1.055992603302002
2018,2,30.96290523537008,104.15709594142277,5056.8633,491.0,1.4245365858078003,310.6131591796875,24.69681167602539,26.845300674438477,1.1690787076950073,6.709834575653076,40.26332092285156,0.273414671421051,0.2806576192378998,1.1691244840621948,397.1806945800781,0.09639118611812592,0.09639118611812592,0.04171932861208916,0.0788082405924797,51.91241455078125,0.361931711435318,12.375361442565918,0.3521350026130676,0.6400013566017151,0.21631357073783875,0.24776552617549896,27.03654670715332,380.62774658203125,0.4133664667606354,0.43286505341529846,0.14325079321861267,0.08810875564813614,56.750484466552734,0.3157218098640442,4.980157375335693,0.2826769948005676,0.5083827972412109,0.22790931165218353,0.23499543964862823,7.380214691162109,362.8186340332031,0.49687960743904114,0.6251087188720703,0.23343420028686523,0.12156511843204498,37.47462463378906,0.2957288324832916,9.113805770874023,0.41527724266052246,0.787912130355835,0.2986687421798706,0.2986687421798706,0.0,264.38641357421875,0.5668676495552063,0.5668676495552063,0.25150540471076965,0.17122219502925873,36.0568962097168,0.3072474002838135,15.552142143249512,0.6129392385482788,1.0877960920333862,0.3668135106563568,0.3668135106563568,0.0,394.1949768066406,0.5572249293327332,0.5572249293327332,0.21978288888931274,0.17712120711803436,74.30390930175781,0.32782286405563354,18.771188735961914,0.7582788467407227,1.2152835130691528
2018,2,31.667634943159833,105.08739373510213,5073.8374,514.0,5.157383441925049,237.44869995117188,27.141618728637695,23.493667602539062,1.3147763013839722,7.202786922454834,29.34075927734375,0.26874274015426636,0.2842916250228882,2.2601823806762695,396.6443176269531,0.5223935842514038,0.5843517780303955,0.41518834233283997,0.10958258807659149,46.24290084838867,0.3693641424179077,12.324503898620605,0.3685472309589386,0.7583295106887817,0.21406936645507812,0.24462924897670746,37.28843688964844,385.437255859375,0.3836985230445862,0.5083587169647217,0.12925486266613007,0.10153327137231827,45.93698501586914,0.32040610909461975,4.903504371643066,0.3022620677947998,0.6040614247322083,0.23117171227931976,0.24028614163398743,10.086441993713379,362.2077941894531,0.4879470467567444,0.495523065328598,0.3158712685108185,0.08694592863321304,23.644800186157227,0.29376792907714844,9.028752326965332,0.41901925206184387,0.7882710099220276,0.31576788425445557,0.31576788425445557,0.0,265.6264953613281,0.6929988861083984,0.6929988861083984,0.3936675190925598,0.22455106675624847,24.715726852416992,0.3142942488193512,15.62508773803711,0.6195088624954224,1.0854803323745728,0.42905423045158386,0.42905423045158386,0.0,397.9881591796875,0.6573578715324402,0.6573578715324402,0.3202664256095886,0.19862742722034454,64.88980102539062,0.32101523876190186,18.95181655883789,0.7817435264587402,1.362581729888916
2018,2,31.952219231491807,104.9421340591851,5079.645,624.0,2.152088165283203,30.510093688964844,28.921405792236328,25.76418685913086,1.2733012437820435,7.0,27.27827262878418,0.2647906541824341,0.2833925187587738,8.233999252319336,311.4276428222656,0.4119024872779846,0.4119024872779846,0.0013883202336728573,0.09429546445608139,52.85725021362305,0.37895071506500244,9.474801063537598,0.2920456826686859,0.574418306350708,0.20253348350524902,0.23164479434490204,124.1495590209961,256.90936279296875,0.4519193470478058,0.45375916361808777,0.09954149276018143,0.10440444201231003,47.45289611816406,0.33681628108024597,1.869856595993042,0.24542583525180817,0.484754353761673,0.21208599209785461,0.22320328652858734,33.398399353027344,267.38568115234375,0.15170373022556305,0.15170373022556305,0.04705433174967766,0.07835043966770172,29.39638900756836,0.3193870186805725,5.999673843383789,0.3421783745288849,0.6650561690330505,0.29462870955467224,0.29462870955467224,0.0,218.24208068847656,0.6432402729988098,0.6432402729988098,0.3404829204082489,0.20531588792800903,28.337844848632812,0.3322223722934723,12.837769508361816,0.5248308181762695,0.9323049783706665,0.4448297619819641,0.4448297619819641,0.0,338.0538330078125,0.5840839743614197,0.5840839743614197,0.2799454927444458,0.18741878867149353,67.88937377929688,0.3363812267780304,16.097801208496094,0.6399872899055481,1.1351051330566406
2018,2,31.806964014675803,105.08523553019226,5081.476,586.0,2.181722640991211,90.0,25.63277244567871,27.261089324951172,1.2716095447540283,7.2218403816223145,30.335779190063477,0.2665700912475586,0.28447529673576355,4.158829689025879,361.0420227050781,0.4314648509025574,0.4314648509025574,0.10265537351369858,0.08448385447263718,47.99174880981445,0.37361782789230347,11.152599334716797,0.33742642402648926,0.6866580843925476,0.20828011631965637,0.23872609436511993,68.49436950683594,329.0423278808594,0.5537887215614319,0.5767678022384644,0.24859382212162018,0.15240578353405,45.839054107666016,0.3275091052055359,3.669689416885376,0.27959099411964417,0.5628678798675537,0.22270047664642334,0.23280544579029083,18.525726318359375,322.6214904785156,0.515438973903656,0.515438973903656,0.34500446915626526,0.15440569818019867,25.148029327392578,0.30471187829971313,7.797327041625977,0.38720184564590454,0.7387445569038391,0.30730918049812317,0.30730918049812317,0.0,246.2740478515625,0.6536005139350891,0.6536005139350891,0.4004381000995636,0.21722374856472015,25.931150436401367,0.32306233048439026,14.486708641052246,0.5772436857223511,1.017145037651062,0.4396108388900757,0.4396108388900757,0.0,373.265625,0.5607842803001404,0.5607842803001404,0.2772534489631653,0.17110556364059448,65.51969909667969,0.3277904987335205,17.774553298950195,0.7193050980567932,1.2684106826782227
2018,2,30.73383675515352,104.20883935004697,5085.4907,493.0,1.4225820302963257,229.3192901611328,12.613546371459961,35.1767463684082,1.2989857196807861,6.900000095367432,43.358741760253906,0.28316938877105713,0.28919580578804016,0.501930296421051,430.8706359863281,0.5620940327644348,0.5836417078971863,0.41902539134025574,0.1146254613995552,41.47175216674805,0.349641889333725,13.449021339416504,0.39431625604629517,0.723554790019989,0.22172480821609497,0.25593820214271545,11.60737133026123,441.392578125,0.6149105429649353,0.637569785118103,0.3119622468948364,0.17391137778759003,49.15639114379883,0.3003661632537842,6.0533127784729,0.3090026080608368,0.555869460105896,0.2341461032629013,0.24005818367004395,3.168485164642334,404.6736755371094,0.5413656234741211,0.6071490049362183,0.29663020372390747,0.17811593413352966,31.511856079101562,0.27863794565200806,10.295004844665527,0.46058419346809387,0.8753678202629089,0.3039986789226532,0.3039986789226532,0.0,282.60321044921875,0.5403681993484497,0.5403681993484497,0.2559206485748291,0.16527961194515228,33.3255500793457,0.29549315571784973,16.62371826171875,0.6594120264053345,1.1862977743148804,0.36203381419181824,0.36203381419181824,0.0,416.9778747558594,0.4790366590023041,0.4790366590023041,0.2108730673789978,0.1398855447769165,70.48443603515625,0.31995952129364014,19.856088638305664,0.818199098110199,1.2815873622894287
2018,2,31.647421838084565,104.91896011101032,5100.9717,592.0,5.156577110290527,122.55705261230469,30.328006744384766,27.000673294067383,1.2911863327026367,7.320849418640137,34.162174224853516,0.27227506041526794,0.28545016050338745,2.794020652770996,392.1680908203125,0.5262421369552612,0.5838212966918945,0.4095238447189331,0.11016805469989777,49.94240951538086,0.3716796934604645,12.167939186096191,0.35652896761894226,0.70903080701828,0.21756334602832794,0.24730360507965088,41.677669525146484,376.6014404296875,0.46192318201065063,0.49232274293899536,0.11010274291038513,0.10998623818159103,48.882015228271484,0.3232364356517792,4.717236042022705,0.2938247621059418,0.5649677515029907,0.23152615129947662,0.24136723577976227,11.204288482666016,356.64215087890625,0.4878879487514496,0.49410921335220337,0.3174024820327759,0.08697108924388885,26.206823348999023,0.29728469252586365,8.857380867004395,0.41127973794937134,0.7650592923164368,0.31479009985923767,0.31479009985923767,0.0,263.9940185546875,0.5447413325309753,0.5447413325309753,0.22967761754989624,0.1536356508731842,25.432626724243164,0.3113015592098236,15.529060363769531,0.6235812306404114,1.0813252925872803,0.42018720507621765,0.42018720507621765,0.0,395.3774719238281,0.5052019953727722,0.5052019953727722,0.22342048585414886,0.1463390290737152,65.09368896484375,0.3205867111682892,18.827497482299805,0.782487690448761,1.351840615272522
2018,2,30.618221183039775,103.85472429898861,5109.252,507.0,0.9274099469184875,-0.0,21.026247024536133,27.314727783203125,1.257230520248413,6.900000095367432,47.6666374206543,0.2826928496360779,0.293990820646286,0.5613052248954773,414.4173278808594,0.5732665061950684,0.5989108681678772,0.4196993112564087,0.11448907852172852,47.307464599609375,0.35801470279693604,12.933000564575195,0.35900744795799255,0.6220308542251587,0.21218441426753998,0.25233957171440125,12.980443000793457,411.4812316894531,0.4024912714958191,0.4911891520023346,0.1555175483226776,0.09450852870941162,53.99536895751953,0.3112119138240814,5.612687110900879,0.2902316749095917,0.5271067023277283,0.23853373527526855,0.24700789153575897,3.543294906616211,386.31744384765625,0.48714303970336914,0.5517312288284302,0.21737675368785858,0.12437715381383896,39.76660919189453,0.29092320799827576,9.814722061157227,0.4277249574661255,0.78878253698349,0.3067820370197296,0.3067820370197296,0.0,274.8036193847656,0.6177788972854614,0.6177788972854614,0.3528110682964325,0.22219246625900269,40.60776138305664,0.30576565861701965,16.164918899536133,0.6118437647819519,1.0343927145004272,0.35664090514183044,0.35664090514183044,0.0,404.76104736328125,0.46906161308288574,0.46906161308288574,0.1558607965707779,0.12972381711006165,78.7265625,0.3301573693752289,19.274335861206055,0.7517140507698059,1.1758767366409302
2018,2,30.39508330722429,104.05684643153921,5113.0415,489.0,7.484121799468994,90.0,22.002635955810547,31.144643783569336,1.25075101852417,6.8949151039123535,41.52361297607422,0.2898836135864258,0.2979735732078552,0.0,449.5097961425781,0.5766582489013672,0.5943291187286377,0.4316573143005371,0.11722948402166367,36.719181060791016,0.3486356735229492,14.047181129455566,0.4038255214691162,0.7246834635734558,0.2192404717206955,0.25832945108413696,0.0,477.2098388671875,0.518359363079071,0.5394119620323181,0.14054356515407562,0.10469284653663635,48.3991813659668,0.3004172742366791,6.7212653160095215,0.31618621945381165,0.5718108415603638,0.23959341645240784,0.24603809416294098,0.0,429.058349609375,0.5236778855323792,0.5532764196395874,0.12049014121294022,0.10243992507457733,31.77399444580078,0.27776241302490234,11.001496315002441,0.47387075424194336,0.8831736445426941,0.30727237462997437,0.30727237462997437,0.0,292.7085876464844,0.4408111572265625,0.4408111572265625,-0.0015309591544792056,0.09880515187978745,38.63751220703125,0.29877328872680664,17.21815299987793,0.6585323810577393,1.1537554264068604,0.3578389883041382,0.3578389883041382,0.0,428.1745910644531,0.40093985199928284,0.41375842690467834,0.034582290798425674,0.1230563297867775,73.35492706298828,0.3250742554664612,20.389266967773438,0.8143641948699951,1.249637246131897
2018,2,31.83822677216151,105.474925289455,5113.8027,493.0,9.403973579406738,66.98567199707031,20.611225128173828,33.32658767700195,1.26474130153656,7.046353816986084,35.07908248901367,0.2624123990535736,0.2856416404247284,0.27830201387405396,383.1241149902344,0.5175881385803223,0.5175881385803223,0.15497072041034698,0.0939209833741188,39.67498016357422,0.3704172968864441,11.963932037353516,0.3673493266105652,0.7879339456558228,0.20416410267353058,0.23740310966968536,27.943145751953125,354.5379943847656,0.42997634410858154,0.42997634410858154,0.18327826261520386,0.08855494111776352,40.288814544677734,0.32239654660224915,4.5999274253845215,0.30299675464630127,0.6538483500480652,0.22466252744197845,0.2342481017112732,7.925541400909424,347.8148193359375,0.5337944030761719,0.5419878363609314,0.22531093657016754,0.10940147936344147,18.433929443359375,0.2970103323459625,8.715109825134277,0.4114183187484741,0.7924938201904297,0.31400439143180847,0.31400439143180847,0.0,259.3832092285156,0.6579544544219971,0.6579544544219971,0.3638559877872467,0.19802553951740265,23.459590911865234,0.32647860050201416,15.257835388183594,0.5840588808059692,1.0378494262695312,0.4583130478858948,0.4583130478858948,0.0,389.4552307128906,0.6062688231468201,0.6062688231468201,0.30270352959632874,0.18902307748794556,62.470245361328125,0.32617682218551636,18.545486450195312,0.7372710704803467,1.329383373260498
2018,2,30.347651849318783,104.11990703863702,5114.5728,471.0,6.679634094238281,73.9516830444336,22.289690017700195,29.577550888061523,1.220107913017273,7.198362827301025,42.325965881347656,0.2894830107688904,0.2967182993888855,0.0,454.0138854980469,0.5748896598815918,0.5910980105400085,0.43268632888793945,0.117058664560318,34.93196105957031,0.3475588858127594,14.187933921813965,0.4107729196548462,0.745481014251709,0.21964633464813232,0.2573935389518738,0.0,487.21533203125,0.6013999581336975,0.6013999581336975,0.2887458801269531,0.15262340009212494,47.96027755737305,0.2997683584690094,6.86218786239624,0.31935837864875793,0.5782262086868286,0.2377678006887436,0.24353602528572083,0.0,434.4840087890625,0.6246541142463684,0.6355829238891602,0.3177475929260254,0.18425352871418,30.275474548339844,0.2767530083656311,11.140615463256836,0.4803497791290283,0.9001956582069397,0.3050896227359772,0.3050896227359772,0.0,294.3783874511719,0.6362478733062744,0.6362478733062744,0.38654398918151855,0.199794739484787,38.858001708984375,0.299614816904068,17.316375732421875,0.6624616980552673,1.1735347509384155,0.3586918115615845,0.3586918115615845,0.0,430.80303955078125,0.6435332894325256,0.6435332894325256,0.33421212434768677,0.1930091232061386,72.31427764892578,0.3256117105484009,20.514429092407227,0.8208346366882324,1.2537822723388672
2018,2,30.31692864306054,104.08244613068703,5114.5728,459.0,1.4190837144851685,49.19771957397461,21.463441848754883,29.3387393951416,1.2213510274887085,6.975689888000488,43.469566345214844,0.28927183151245117,0.2970803380012512,0.0,452.1282958984375,0.5759281516075134,0.5928512811660767,0.43302786350250244,0.11697562783956528,35.985843658447266,0.35022398829460144,14.129009246826172,0.4046911299228668,0.7293449640274048,0.2184513807296753,0.25668826699256897,0.0,484.1788635253906,0.5730549097061157,0.5730549097061157,0.15242630243301392,0.1287161111831665,49.5598258972168,0.30336228013038635,6.81942081451416,0.3158538043498993,0.5718756914138794,0.2377270758152008,0.24386629462242126,0.0,432.3261413574219,0.5311369299888611,0.5578758120536804,0.15653541684150696,0.1336529552936554,31.383176803588867,0.2804003953933716,11.085286140441895,0.47449246048927307,0.8839091658592224,0.304844468832016,0.304844468832016,0.0,293.4195556640625,0.5621899962425232,0.5621899962425232,0.2205522060394287,0.15282171964645386,40.70117950439453,0.3029572367668152,17.259973526000977,0.653718113899231,1.1476737260818481,0.3593730032444,0.3593730032444,0.0,429.256591796875,0.43819063901901245,0.43819063901901245,0.15418733656406403,0.11103451251983643,73.71135711669922,0.32851362228393555,20.4407901763916,0.808833658695221,1.2357606887817383
2018,2,31.89778252583134,105.7031866723809,5123.7725,494.0,8.895584106445312,158.5639190673828,21.509437561035156,33.2781867980957,1.2564915418624878,6.799967288970947,34.72679901123047,0.2624779939651489,0.28706637024879456,0.0,374.3780212402344,0.46633702516555786,0.5014111995697021,0.048273347318172455,0.09176131337881088,40.839508056640625,0.37388765811920166,11.699313163757324,0.3488727807998657,0.7268133163452148,0.2025950402021408,0.236265167593956,28.46575927734375,338.7221984863281,0.4683697521686554,0.530224084854126,0.08002462238073349,0.09370113909244537,44.97331619262695,0.3305213749408722,4.369808673858643,0.28941109776496887,0.6149230003356934,0.22190913558006287,0.23228585720062256,6.68831205368042,335.991455078125,0.4843812584877014,0.4894629716873169,0.11295155435800552,0.10943952947854996,23.52536392211914,0.3109787404537201,8.443670272827148,0.3832332193851471,0.7292231917381287,0.31211692094802856,0.31211692094802856,0.0,255.65711975097656,0.5970486402511597,0.5970486402511597,0.2532666325569153,0.1552659571170807,30.26850700378418,0.33572283387184143,15.038653373718262,0.5510242581367493,0.9796432256698608,0.4637078046798706,0.4637078046798706,0.0,383.1998291015625,0.580413281917572,0.580413281917572,0.20684607326984406,0.1488538533449173,68.58699035644531,0.3377872705459595,18.24761199951172,0.6848549246788025,1.2525479793548584
2018,2,30.11939046639289,103.8859870564743,5124.313,430.0,2.979243040084839,158.9250946044922,38.56354904174805,25.03483772277832,1.2536892890930176,6.823571681976318,37.873443603515625,0.2882039546966553,0.2983068525791168,0.0,443.0630798339844,0.5842375159263611,0.6036353707313538,0.437303364276886,0.11694374680519104,41.82666778564453,0.3662063777446747,13.845721244812012,0.3724391460418701,0.6436296105384827,0.2136191874742508,0.25456276535987854,0.0,470.3701477050781,0.4901256561279297,0.5097418427467346,0.20860610902309418,0.14259523153305054,60.06046676635742,0.3250598609447479,6.624931335449219,0.2963393032550812,0.5341740846633911,0.23621845245361328,0.2439824342727661,0.0,421.92694091796875,0.40171948075294495,0.41274741291999817,0.10976988822221756,0.10722929984331131,37.35174560546875,0.30279386043548584,10.818639755249023,0.4424692392349243,0.7943288087844849,0.3019573390483856,0.3019573390483856,0.0,288.5854797363281,0.39336857199668884,0.39336857199668884,0.05776181444525719,0.09968777745962143,52.16512680053711,0.32361429929733276,16.975616455078125,0.6048828363418579,1.0120526552200317,0.3654114603996277,0.3654114603996277,0.0,421.2279968261719,0.3292989134788513,0.3292989134788513,-0.0053989822044968605,0.07858981192111969,82.66758728027344,0.3466191291809082,20.0584774017334,0.7404124140739441,1.1359362602233887
2018,2,31.410808558885567,104.3648766732102,5124.3955,564.0,1.428433895111084,49.52082443237305,29.89858627319336,25.397174835205078,1.2599999904632568,6.900000095367432,35.72911071777344,0.27521875500679016,0.2816320061683655,0.9073668718338013,389.0990905761719,0.6121754050254822,0.6121754050254822,0.3489066958427429,0.07131316512823105,60.905879974365234,0.3767029643058777,12.13099193572998,0.3288689851760864,0.5886225700378418,0.2242719531059265,0.2518148124217987,20.983278274536133,355.0625915527344,0.39930447936058044,0.4685816764831543,0.16291141510009766,0.11336524039506912,61.119140625,0.3300970792770386,4.7053422927856445,0.27371639013290405,0.47469183802604675,0.23051723837852478,0.24091461300849915,5.727843761444092,349.6394348144531,0.4864917993545532,0.48861193656921387,0.3330737054347992,0.08719338476657867,36.19419479370117,0.306754469871521,8.818245887756348,0.39400115609169006,0.7187584042549133,0.308169960975647,0.308169960975647,0.0,264.1899108886719,0.6396999955177307,0.6396999955177307,0.29763150215148926,0.18835780024528503,30.884479522705078,0.30593615770339966,15.540582656860352,0.6269872188568115,1.069317102432251,0.38325992226600647,0.38325992226600647,0.0,393.609130859375,0.5901333689689636,0.5901333689689636,0.28455910086631775,0.1810067743062973,68.76355743408203,0.3227100968360901,18.7432918548584,0.7783251404762268,1.303587794303894
2018,2,31.274172784405874,104.11613463914581,5129.6455,607.0,2.3588953018188477,113.13921356201172,26.909486770629883,25.666383743286133,1.2604289054870605,6.705706596374512,38.79497146606445,0.2586575746536255,0.2669198513031006,2.189774751663208,350.3868713378906,0.4281436800956726,0.44196614623069763,0.11506368219852448,0.09694437682628632,65.54325103759766,0.3772394359111786,10.881158828735352,0.29756930470466614,0.5379202365875244,0.20891344547271729,0.23565706610679626,50.639556884765625,297.5297546386719,0.3071519434452057,0.35345280170440674,0.0753779262304306,0.06472732126712799,66.8128662109375,0.33525100350379944,3.4773266315460205,0.24742600321769714,0.4459376931190491,0.2175055295228958,0.2255348265171051,13.823171615600586,304.68798828125,0.341470330953598,0.4727954566478729,0.1302618831396103,0.09356330335140228,45.15504837036133,0.31799936294555664,7.458072185516357,0.35537630319595337,0.679466187953949,0.2891079783439636,0.2891079783439636,0.0,238.41758728027344,0.4508020877838135,0.45648324489593506,0.14988118410110474,0.11558276414871216,39.50334930419922,0.3232734203338623,14.024563789367676,0.5497475862503052,0.968124508857727,0.3730160593986511,0.3730160593986511,0.0,362.1766662597656,0.43767446279525757,0.444366455078125,0.14352411031723022,0.11533506214618683,79.26072692871094,0.3384619653224945,17.24650764465332,0.677460253238678,1.123755693435669
2018,2,31.100348107140448,104.10292678182552,5129.9775,534.0,1.425724983215332,229.4278106689453,24.866451263427734,27.19127082824707,1.1894006729125977,6.699999809265137,37.574546813964844,0.26507076621055603,0.2731980085372925,1.7565926313400269,370.88995361328125,0.5439631342887878,0.5780114531517029,0.39563611149787903,0.10775817185640335,59.183799743652344,0.36987948417663574,11.535417556762695,0.3215887248516083,0.5816054940223694,0.21119900047779083,0.24058932065963745,40.62201690673828,334.6466979980469,0.7170555591583252,0.7244614958763123,0.37234020233154297,0.3007259964942932,62.294891357421875,0.3261650800704956,4.14119291305542,0.26274338364601135,0.47447362542152405,0.22217412292957306,0.2296932488679886,11.088665962219238,330.46990966796875,0.4276222288608551,0.5208359360694885,0.0811353549361229,0.11836837977170944,42.2392578125,0.30798885226249695,8.189262390136719,0.38175666332244873,0.7278997302055359,0.29286623001098633,0.29286623001098633,0.0,249.57887268066406,0.5986700654029846,0.5997331142425537,0.21860042214393616,0.2014039009809494,38.677459716796875,0.316752552986145,14.681110382080078,0.5745204091072083,1.014936089515686,0.36890387535095215,0.36890387535095215,0.0,375.83099365234375,0.5649689435958862,0.572711169719696,0.18854780495166779,0.18337154388427734,77.83602905273438,0.33458203077316284,17.896713256835938,0.7087240815162659,1.1533070802688599
2018,2,31.827444665814276,105.01840252360323,5132.1035,591.0,9.403055191040039,293.0167541503906,28.57499885559082,25.600614547729492,1.2965576648712158,7.230441570281982,30.67762565612793,0.2669093906879425,0.2843444049358368,5.1508307456970215,350.7488098144531,0.28572380542755127,0.28572380542755127,0.1073760986328125,0.11601901054382324,49.73744583129883,0.37497466802597046,10.79993724822998,0.3265470266342163,0.6559308171272278,0.20793823897838593,0.2378947138786316,80.95354461669922,314.2356872558594,0.6472057700157166,0.6629804372787476,0.3253227174282074,0.18885016441345215,46.778076171875,0.3297163248062134,3.2856643199920654,0.27141204476356506,0.5396894812583923,0.22081248462200165,0.2312006801366806,21.83450698852539,311.06097412109375,0.4819002151489258,0.4904881417751312,0.2898620665073395,0.08302298933267593,26.56573486328125,0.30806711316108704,7.41606330871582,0.3772023022174835,0.7203567624092102,0.3046310842037201,0.3046310842037201,0.0,240.516357421875,0.6915348172187805,0.6915348172187805,0.46620020270347595,0.23648425936698914,26.571762084960938,0.3240823745727539,14.14802074432373,0.5683516263961792,1.0009839534759521,0.43837299942970276,0.43837299942970276,0.0,365.98968505859375,0.659512996673584,0.659512996673584,0.43988606333732605,0.2259531021118164,66.13429260253906,0.3293047547340393,17.42807960510254,0.7047847509384155,1.240791916847229
2018,2,31.40029845770259,105.72743972301059,5132.854,505.0,19.674177169799805,205.10935974121094,26.547698974609375,24.975505828857422,1.260483741760254,6.72481632232666,36.40007400512695,0.262825071811676,0.2791825830936432,0.0,457.17572021484375,0.33948788046836853,0.38054370880126953,0.03516725078225136,0.08000029623508453,33.30927658081055,0.35668712854385376,14.286741256713867,0.43392500281333923,0.9401847720146179,0.21293488144874573,0.24494075775146484,0.0,501.3031921386719,0.5057215690612793,0.697555661201477,0.21400493383407593,0.12913107872009277,43.17070007324219,0.30964747071266174,7.060608386993408,0.34178802371025085,0.7052545547485352,0.24108481407165527,0.24576131999492645,0.0,428.0337219238281,0.2681375741958618,0.3728005290031433,0.09940412640571594,0.09292176365852356,22.123865127563477,0.28309473395347595,10.975223541259766,0.45246458053588867,0.8450927734375,0.3258070647716522,0.3258070647716522,0.0,292.2934265136719,0.525161623954773,0.525161623954773,0.21270428597927094,0.15834903717041016,33.42455291748047,0.3211258053779602,17.1937313079834,0.624457836151123,1.1345584392547607,0.42775294184684753,0.42775294184684753,0.0,433.7640686035156,0.5773913860321045,0.5773913860321045,0.2414257526397705,0.17026659846305847,78.121337890625,0.3295332193374634,20.655431747436523,0.8014629483222961,1.4073123931884766
2018,2,30.49075332032597,103.69491457633416,5142.585,487.0,2.1516623497009277,90.0,22.141300201416016,30.323856353759766,1.2033956050872803,6.699999809265137,43.211647033691406,0.29048287868499756,0.30451256036758423,0.0,425.65374755859375,0.5835766792297363,0.6104922890663147,0.42649751901626587,0.1170804351568222,46.59880065917969,0.3600492477416992,13.301679611206055,0.3571421802043915,0.5925912261009216,0.2117975801229477,0.2573002576828003,0.0,428.14385986328125,0.43665775656700134,0.531263530254364,0.20771411061286926,0.08853180706501007,53.501922607421875,0.3127957880496979,6.030195236206055,0.2932712137699127,0.5305243134498596,0.24736568331718445,0.2579365372657776,0.0,400.82281494140625,0.4965255558490753,0.605853796005249,0.26255473494529724,0.11986314505338669,40.99921798706055,0.29115524888038635,10.277508735656738,0.4307335317134857,0.7673542499542236,0.315900057554245,0.315900057554245,0.0,283.0301818847656,0.5758579969406128,0.5758579969406128,0.38576820492744446,0.14268669486045837,42.647666931152344,0.3046242594718933,16.648834228515625,0.615671694278717,0.988209068775177,0.35457688570022583,0.35457688570022583,0.0,413.0528259277344,0.4834405779838562,0.4834405779838562,0.2641243636608124,0.11513637751340866,80.38471221923828,0.33064910769462585,19.66918182373047,0.7532625794410706,1.1744071245193481
2018,2,31.144814262845408,104.3047813683129,5144.4526,500.0,1.4261077642440796,310.55902099609375,25.18311309814453,31.244489669799805,1.2549874782562256,6.842398643493652,36.75074768066406,0.2759664058685303,0.28197935223579407,0.9274924993515015,401.1867980957031,0.38592973351478577,0.39031538367271423,0.0648559108376503,0.07264582812786102,53.575809478759766,0.3656383454799652,12.508103370666504,0.35286945104599,0.6428478956222534,0.22206582129001617,0.2514629065990448,21.448694229125977,382.81109619140625,0.4740326702594757,0.47923916578292847,0.10671448707580566,0.1297113597393036,56.88556671142578,0.318423330783844,5.089611530303955,0.28530457615852356,0.5044155120849609,0.2296423316001892,0.23774544894695282,5.854888916015625,366.0941162109375,0.5847374200820923,0.5869510769844055,0.20169119536876678,0.16843999922275543,34.866085052490234,0.2964143455028534,9.236903190612793,0.41716495156288147,0.7814074158668518,0.3036230206489563,0.3036230206489563,0.0,268.3452453613281,0.6276573538780212,0.6280308365821838,0.47308480739593506,0.17626558244228363,32.32081604003906,0.30339330434799194,15.785014152526855,0.6331115961074829,1.114486575126648,0.3742434084415436,0.3742434084415436,0.0,399.2880554199219,0.5052303671836853,0.5168771147727966,0.26822152733802795,0.12446928769350052,70.09618377685547,0.32288628816604614,19.013717651367188,0.7858060002326965,1.2801576852798462
2018,2,31.965155083647847,104.98390691785377,5153.5425,621.0,2.864983081817627,229.68966674804688,30.029027938842773,21.72995948791504,1.2846202850341797,7.0,28.03829002380371,0.2643667459487915,0.2837081849575043,7.835559368133545,311.70684814453125,0.4303082525730133,0.4303082525730133,0.07041309773921967,0.10926318913698196,52.10291290283203,0.37902015447616577,9.495978355407715,0.2930592894554138,0.5794246196746826,0.2018442153930664,0.23128879070281982,120.70076751708984,255.71075439453125,0.339954137802124,0.4646800458431244,0.10763560235500336,0.09089497476816177,46.90641784667969,0.33685773611068726,1.9015491008758545,0.2464447170495987,0.49151965975761414,0.211797833442688,0.2229858636856079,32.51461410522461,267.73193359375,0.3907301425933838,0.3907301425933838,0.12398599833250046,0.10646174103021622,28.74909782409668,0.3193882405757904,6.031213283538818,0.34271883964538574,0.6671762466430664,0.2949265241622925,0.2949265241622925,0.0,218.6486358642578,0.5530207753181458,0.5530207753181458,0.2647123634815216,0.17242135107517242,28.124547958374023,0.33307793736457825,12.86168384552002,0.5231812000274658,0.9299841523170471,0.447540283203125,0.447540283203125,0.0,338.4319152832031,0.4987410008907318,0.4987410008907318,0.24933262169361115,0.15402263402938843,67.48956298828125,0.3365894854068756,16.11580467224121,0.6382028460502625,1.1363539695739746
2018,2,31.654431544940575,104.87341485285043,5163.1343,502.0,4.752805709838867,193.22207641601562,30.50385093688965,26.20098304748535,1.2874443531036377,7.191542625427246,30.691505432128906,0.2729494869709015,0.28569963574409485,3.161830186843872,387.538330078125,0.2255159467458725,0.2255159467458725,0.09732983261346817,0.08986315131187439,51.08995056152344,0.37263932824134827,12.011765480041504,0.35046637058258057,0.6896094083786011,0.2179049849510193,0.24739596247673035,46.273868560791016,369.0752258300781,0.28867170214653015,0.3701367676258087,0.0027271874714642763,0.06422518193721771,49.64030456542969,0.3246043026447296,4.546497821807861,0.28944575786590576,0.5507466197013855,0.23080693185329437,0.2409084141254425,12.424418449401855,351.3506164550781,0.4874100089073181,0.4933893084526062,0.31575560569763184,0.08667349070310593,27.0472354888916,0.2992013990879059,8.690415382385254,0.4062208831310272,0.7543792724609375,0.31367939710617065,0.31367939710617065,0.0,261.63232421875,0.6180545687675476,0.6180545687675476,0.23716852068901062,0.19115985929965973,25.75102996826172,0.31135186553001404,15.390135765075684,0.6205648183822632,1.073867678642273,0.41878101229667664,0.41878101229667664,0.0,392.2553405761719,0.608941376209259,0.608941376209259,0.31101733446121216,0.1927518993616104,65.25780487060547,0.3211306929588318,18.67882537841797,0.7767002582550049,1.3397855758666992
2018,2,31.75441350876094,104.93970830821202,5163.214,544.0,4.753073215484619,193.23583984375,32.346744537353516,26.760498046875,1.3051211833953857,6.999913692474365,31.32989501953125,0.2693881392478943,0.2846238613128662,4.656292915344238,364.453125,0.4241543412208557,0.4241543412208557,0.10971812158823013,0.08377942442893982,50.67127227783203,0.37400949001312256,11.243650436401367,0.3350808918476105,0.6662009954452515,0.21206536889076233,0.24164357781410217,70.12474060058594,335.76507568359375,0.473126620054245,0.5615097284317017,0.14525113999843597,0.11511287093162537,48.155941009521484,0.32771801948547363,3.741413116455078,0.2776670753955841,0.5401251912117004,0.2247452288866043,0.23496578633785248,18.863380432128906,326.054931640625,0.48410335183143616,0.49153390526771545,0.3002079725265503,0.08445581793785095,27.123706817626953,0.3046739399433136,7.876706600189209,0.38788026571273804,0.7321639657020569,0.3078487813472748,0.3078487813472748,0.0,248.20285034179688,0.6159361004829407,0.6159361004829407,0.23612792789936066,0.17206329107284546,26.39052391052246,0.31879961490631104,14.600167274475098,0.5889503955841064,1.0299334526062012,0.429407000541687,0.429407000541687,0.0,375.6454162597656,0.560051679611206,0.560051679611206,0.23505015671253204,0.1573808342218399,66.06426239013672,0.3261089324951172,17.88787841796875,0.7329269051551819,1.2773164510726929
2018,2,31.3711894460257,104.68880806923778,5163.658,476.0,4.336867809295654,90.0,26.517391204833984,28.381103515625,1.2699999809265137,7.099999904632568,37.526161193847656,0.28309744596481323,0.2901163399219513,0.0,429.4309997558594,0.541570246219635,0.541570246219635,0.1502055674791336,0.13570302724838257,50.0230827331543,0.36752182245254517,13.419718742370605,0.378436803817749,0.7151594758033752,0.2301805168390274,0.25997066497802734,0.0,427.0009460449219,0.4771687686443329,0.48166847229003906,0.22779245674610138,0.12117716670036316,51.81984329223633,0.31680986285209656,6.014098167419434,0.3084973096847534,0.553754985332489,0.2398492842912674,0.24962180852890015,0.0,398.0926513671875,0.3441368341445923,0.3441368341445923,0.33296993374824524,0.047376640141010284,26.906705856323242,0.28877440094947815,10.207504272460938,0.4422346353530884,0.801618218421936,0.3206952214241028,0.3206952214241028,0.0,286.316162109375,0.42484936118125916,0.42484936118125916,0.3171411156654358,0.0742385983467102,25.49563980102539,0.29608678817749023,16.842126846313477,0.6786451935768127,1.163759469985962,0.39319735765457153,0.39319735765457153,0.0,422.1387023925781,0.3314396142959595,0.3314396142959595,0.2255767583847046,0.05710059031844139,63.24164962768555,0.31254950165748596,20.101842880249023,0.8529600501060486,1.431514024734497
2018,2,30.441435662674856,103.32974987286536,5175.216,523.0,3.3541736602783203,73.96630859375,19.906932830810547,29.611818313598633,1.182140827178955,6.555820465087891,42.27263259887695,0.27205994725227356,0.287728488445282,1.53164541721344,368.9897766113281,0.5744265913963318,0.606326162815094,0.40628331899642944,0.11123570054769516,56.14652633666992,0.3749721944332123,11.48306655883789,0.2957336902618408,0.4729250371456146,0.1991867870092392,0.24311277270317078,30.7301025390625,339.912353515625,0.5002362132072449,0.5359629988670349,0.13517983257770538,0.09397830069065094,63.855709075927734,0.3346182107925415,4.354679584503174,0.25173884630203247,0.46423977613449097,0.23279841244220734,0.24395295977592468,9.824524879455566,332.7606201171875,0.5399418473243713,0.5778176784515381,0.22473041713237762,0.12795241177082062,50.824607849121094,0.31845182180404663,8.280412673950195,0.36195340752601624,0.641697347164154,0.296427458524704,0.296427458524704,0.0,248.63662719726562,0.4954075217247009,0.4954075217247009,0.4062633514404297,0.12090049684047699,53.83540344238281,0.32974183559417725,14.625683784484863,0.5201385617256165,0.8121454119682312,0.3398917615413666,0.3398917615413666,0.0,368.84124755859375,0.5188246965408325,0.5188246965408325,0.40355604887008667,0.1462540179491043,93.40751647949219,0.3514258563518524,17.563867568969727,0.6234139800071716,0.9915119409561157
2018,2,32.10960766227423,106.52325994712014,5175.5176,448.0,13.905195236206055,135.9925537109375,29.700328826904297,27.062774658203125,1.2172082662582397,6.51288366317749,32.37334060668945,0.263579398393631,0.2921817898750305,0.0,346.6997375488281,0.5437003374099731,0.6167435646057129,0.42616692185401917,0.11008834093809128,48.787288665771484,0.3837709128856659,10.834366798400879,0.2868482768535614,0.5357055068016052,0.1978110671043396,0.23190926015377045,39.08070755004883,292.6534118652344,0.44163912534713745,0.5874096155166626,0.20908471941947937,0.11498510837554932,64.72360229492188,0.35454779863357544,3.571446418762207,0.24661697447299957,0.48370832204818726,0.21107536554336548,0.22469785809516907,0.15927796065807343,300.2838134765625,0.47525525093078613,0.48799142241477966,0.2607704699039459,0.07939835637807846,44.70438003540039,0.355526864528656,7.695501327514648,0.2989293038845062,0.5303292870521545,0.303806871175766,0.303806871175766,0.0,245.73414611816406,0.5773399472236633,0.5773399472236633,0.4082314670085907,0.1255161613225937,53.477760314941406,0.36608225107192993,14.454949378967285,0.452487587928772,0.8026976585388184,0.4798651933670044,0.4798651933670044,0.0,365.8331604003906,0.712993860244751,0.712993860244751,0.5777614116668701,0.23155052959918976,86.9570541381836,0.37518614530563354,17.420625686645508,0.5327273011207581,1.0290956497192383
2018,2,31.29034148482567,104.08244613068703,5178.0864,630.0,1.8543341159820557,-0.0,26.505884170532227,26.137115478515625,1.2322063446044922,6.636019706726074,34.87657165527344,0.2553881108760834,0.2639946937561035,2.4307913780212402,341.37579345703125,0.5338374972343445,0.5734091997146606,0.38373002409935,0.10415045917034149,67.4654541015625,0.3789125978946686,10.592031478881836,0.2884123921394348,0.5213401913642883,0.20644214749336243,0.23267295956611633,56.21317672729492,282.72314453125,0.3277982175350189,0.34639227390289307,0.07138598710298538,0.07344740629196167,68.47940826416016,0.3378657102584839,3.1902811527252197,0.24089321494102478,0.43631070852279663,0.2150961309671402,0.2229880541563034,15.344613075256348,293.84716796875,0.4199015498161316,0.4742312729358673,0.17338827252388,0.11914438009262085,46.95881652832031,0.32155540585517883,7.141091346740723,0.344915509223938,0.6635875105857849,0.28612253069877625,0.28612253069877625,0.0,232.96827697753906,0.4650305211544037,0.47140052914619446,0.1796020269393921,0.1306765228509903,40.8346061706543,0.326834499835968,13.70401668548584,0.5346972346305847,0.9439452886581421,0.372501403093338,0.372501403093338,0.0,355.47344970703125,0.4278165400028229,0.42867380380630493,0.14320629835128784,0.11326834559440613,80.95369720458984,0.3413081765174866,16.92730712890625,0.6579425930976868,1.0943751335144043
2018,2,31.65981813901314,104.86910290213176,5188.7363,502.0,5.110403060913086,205.17050170898438,30.69007682800293,26.629770278930664,1.2799999713897705,7.109923362731934,26.217632293701172,0.27289286255836487,0.28567707538604736,3.289050340652466,385.8700256347656,0.35909977555274963,0.35909977555274963,0.10710267722606659,0.11657680571079254,51.24675750732422,0.37282904982566833,11.955656051635742,0.3489287793636322,0.6857951283454895,0.21770823001861572,0.24716053903102875,48.05500030517578,366.59521484375,0.5089712738990784,0.5350310802459717,0.22435207664966583,0.14460259675979614,49.691162109375,0.3249281346797943,4.4864821434021,0.2882978320121765,0.548163890838623,0.2304457277059555,0.2405860275030136,12.901217460632324,349.49188232421875,0.48720258474349976,0.49320584535598755,0.3148629367351532,0.08653643727302551,27.181699752807617,0.2997063100337982,8.63053035736084,0.40469974279403687,0.751880407333374,0.3132600486278534,0.3132600486278534,0.0,260.7004089355469,0.6973826289176941,0.6973826289176941,0.44028592109680176,0.2359391152858734,25.828445434570312,0.31166937947273254,15.335318565368652,0.6187846064567566,1.070951223373413,0.41899433732032776,0.41899433732032776,0.0,391.0787048339844,0.5963529944419861,0.5963529944419861,0.39044424891471863,0.19432319700717926,65.32664489746094,0.32142174243927,18.6227970123291,0.7740035653114319,1.335322380065918
2018,2,31.24426113453936,105.71989492402815,5189.527,498.0,26.240890502929688,53.76511764526367,26.094087600708008,26.396757125854492,1.2503187656402588,6.9580583572387695,34.94055938720703,0.26660260558128357,0.2810487747192383,0.0,461.1053771972656,0.521221399307251,0.6018394231796265,0.19855959713459015,0.09460046887397766,31.51009750366211,0.3547668755054474,14.40954303741455,0.43596696853637695,0.9368177652359009,0.21463902294635773,0.24665699899196625,0.0,510.3668518066406,0.40998682379722595,0.5168706178665161,0.16775710880756378,0.07142727077007294,43.0176887512207,0.3093165159225464,7.188265800476074,0.3392024338245392,0.6849486827850342,0.23958875238895416,0.2441287636756897,0.0,432.7940673828125,0.5368874073028564,0.6505993604660034,0.22712543606758118,0.1301807463169098,22.56924819946289,0.28380319476127625,11.097283363342285,0.4534870684146881,0.837242603302002,0.32159581780433655,0.32159581780433655,0.0,292.7314758300781,0.6712944507598877,0.6712944507598877,0.3288722634315491,0.1715489774942398,37.043121337890625,0.3240385949611664,17.219497680664062,0.6154835820198059,1.1261006593704224,0.4169512391090393,0.4169512391090393,0.0,434.82940673828125,0.6603869199752808,0.6603869199752808,0.2945920526981354,0.17495064437389374,81.13606262207031,0.3326095938682556,20.70616340637207,0.7930298447608948,1.3895783424377441
2018,2,29.573123832739448,104.89658880102519,5196.062,349.0,3.3272433280944824,106.16731262207031,29.345172882080078,27.341474533081055,1.2799999713897705,7.0,30.059370040893555,0.28093385696411133,0.28926849365234375,0.0,486.396240234375,0.5423511862754822,0.5574065446853638,0.4324169158935547,0.11057130247354507,21.282379150390625,0.3512852191925049,15.199882507324219,0.4257829189300537,0.8477227091789246,0.19882260262966156,0.22343796491622925,0.0,574.7316284179688,0.5139150023460388,0.5688028931617737,0.11043988913297653,0.09570907056331635,44.394676208496094,0.316770076751709,8.094812393188477,0.31902778148651123,0.5899128317832947,0.22197431325912476,0.22569850087165833,0.0,475.4527893066406,0.419262170791626,0.42288628220558167,0.11503776162862778,0.09376947581768036,22.35260009765625,0.2857089936733246,12.191097259521484,0.49128228425979614,0.922084391117096,0.2840578258037567,0.2840578258037567,0.0,301.30023193359375,0.6017798185348511,0.6048341393470764,0.24664634466171265,0.16898572444915771,59.78789138793945,0.33799251914024353,17.723543167114258,0.5918814539909363,1.0685350894927979,0.3605509400367737,0.3605509400367737,0.0,445.7054443359375,0.5598163604736328,0.5609266757965088,0.19011114537715912,0.14664286375045776,64.45451354980469,0.3489780128002167,21.22406768798828,0.7641714215278625,1.125488042831421
2018,2,31.35151589217789,104.53789425318494,5196.6313,517.0,0.9274099469184875,-0.0,26.735836029052734,27.639482498168945,1.2487770318984985,6.900000095367432,30.228086471557617,0.2866774797439575,0.2920341193675995,0.0,424.926025390625,0.5424203276634216,0.5424203276634216,0.17061591148376465,0.16485758125782013,52.64613342285156,0.3693893253803253,13.278938293457031,0.3676607310771942,0.6672747731208801,0.23307403922080994,0.2625119686126709,0.0,415.314453125,0.49757516384124756,0.6292492151260376,0.2856416404247284,0.16169646382331848,54.04341125488281,0.3190666437149048,5.849499225616455,0.3009912073612213,0.5206419825553894,0.23950552940368652,0.25008055567741394,0.0,392.7366943359375,0.6152054071426392,0.6152054071426392,0.39023637771606445,0.22159002721309662,28.69572639465332,0.2919566333293915,10.070171356201172,0.43636754155158997,0.7863600254058838,0.31947481632232666,0.31947481632232666,0.0,285.2763671875,0.6802857518196106,0.6802857518196106,0.49009957909584045,0.24324455857276917,25.682796478271484,0.29297125339508057,16.780961990356445,0.6837599277496338,1.1653074026107788,0.38667112588882446,0.38667112588882446,0.0,419.8843994140625,0.5917399525642395,0.5917399525642395,0.3656662702560425,0.19282004237174988,62.41847610473633,0.31190019845962524,19.994495391845703,0.853592574596405,1.41936457157135
2018,2,29.864717827927436,104.82059234177132,5201.545,379.0,3.7010281085968018,120.03373718261719,22.11269760131836,30.903560638427734,1.2899999618530273,7.121932506561279,40.52532196044922,0.28405389189720154,0.28993916511535645,0.0,483.453369140625,0.5505158305168152,0.5630051493644714,0.4330509901046753,0.11294641345739365,21.999065399169922,0.3445042371749878,15.107917785644531,0.43863630294799805,0.8685471415519714,0.20926164090633392,0.23632638156414032,0.0,561.6818237304688,0.42648229002952576,0.42648229002952576,0.11585608869791031,0.056024763733148575,42.379703521728516,0.3045104444026947,7.911011695861816,0.32878535985946655,0.6035909652709961,0.22585250437259674,0.22887685894966125,0.0,470.59515380859375,0.433505117893219,0.49803557991981506,0.07887225598096848,0.08388915657997131,21.620067596435547,0.2759377062320709,12.06654167175293,0.5017514824867249,0.944780707359314,0.2898605167865753,0.2898605167865753,0.0,301.7362060546875,0.489963173866272,0.489963173866272,0.18775352835655212,0.12174222618341446,50.146060943603516,0.3221021294593811,17.749189376831055,0.6271170377731323,1.1481105089187622,0.3595595061779022,0.3595595061779022,0.0,445.59014892578125,0.6289703249931335,0.6289703249931335,0.2887670397758484,0.1939622163772583,65.64385986328125,0.33808833360671997,21.218578338623047,0.8041943907737732,1.2063195705413818
2018,2,31.6468822868571,105.49298018962041,5201.977,550.0,17.126937866210938,3.537806272506714,23.5913143157959,25.697092056274414,1.2787729501724243,7.233978271484375,28.066593170166016,0.26133471727371216,0.28139635920524597,0.03421199321746826,425.2940673828125,0.5879939198493958,0.6249961853027344,0.1515359729528427,0.11263252794742584,36.47477722167969,0.36164581775665283,13.2893705368042,0.4130992591381073,0.9129490256309509,0.2085782140493393,0.24115923047065735,11.164091110229492,435.0821228027344,0.4321301579475403,0.4709959924221039,0.05434276908636093,0.07611965388059616,38.90711212158203,0.31001779437065125,5.970676422119141,0.3339419662952423,0.718726396560669,0.2345796376466751,0.24144314229488373,3.1864399909973145,395.480712890625,0.3243413269519806,0.3572206199169159,0.06154105067253113,0.08604736626148224,16.737747192382812,0.2797986567020416,10.05882740020752,0.45362502336502075,0.8690014481544495,0.32236024737358093,0.32236024737358093,0.0,279.26123046875,0.5988144278526306,0.5988144278526306,0.1656935065984726,0.15132160484790802,22.385154724121094,0.3170762360095978,16.4271297454834,0.6309664845466614,1.1298763751983643,0.4450323283672333,0.4450323283672333,0.0,416.6770935058594,0.6357147097587585,0.6357147097587585,0.2007177472114563,0.18345847725868225,64.0959701538086,0.318639874458313,19.841766357421875,0.8113534450531006,1.4356971979141235
2018,2,30.883943473915668,104.069510278531,5204.2856,515.0,3.5189263820648193,217.84046936035156,22.460472106933594,30.702360153198242,1.1800341606140137,6.800000190734863,41.5102424621582,0.2730502486228943,0.2812933027744293,1.217218279838562,395.3744201660156,0.5556751489639282,0.5840060710906982,0.40725722908973694,0.11089317500591278,51.71942138671875,0.3613913059234619,12.317412376403809,0.34918510913848877,0.6295827031135559,0.21361827850341797,0.24658165872097015,28.14873695373535,378.814208984375,0.5370940566062927,0.592828631401062,0.240944504737854,0.12782685458660126,57.0030403137207,0.3156619369983673,4.938950061798096,0.2806321978569031,0.507914662361145,0.22826585173606873,0.2353389710187912,7.683811664581299,361.34759521484375,0.5494959354400635,0.6299895644187927,0.26491063833236694,0.13706010580062866,39.055213928222656,0.29636967182159424,9.068302154541016,0.41245582699775696,0.7823793292045593,0.29782965779304504,0.29782965779304504,0.0,263.02996826171875,0.6426419019699097,0.6426419019699097,0.32716795802116394,0.1896148920059204,37.98651885986328,0.3091944456100464,15.47235107421875,0.6028795838356018,1.0644338130950928,0.36370962858200073,0.36370962858200073,0.0,392.13201904296875,0.5688878297805786,0.5688878297805786,0.26921817660331726,0.15972232818603516,76.44857025146484,0.33025434613227844,18.672954559326172,0.7441842555999756,1.185375452041626
2018,2,31.235904779165196,104.61443026366628,5205.9614,504.0,1.8543341159820557,180.0,26.663257598876953,28.123516082763672,1.260530948638916,6.900000095367432,28.422826766967773,0.2857499122619629,0.29112008213996887,0.0,434.34381103515625,0.48218250274658203,0.48218250274658203,0.14790035784244537,0.11115758866071701,47.38459396362305,0.36255860328674316,13.573244094848633,0.3867327868938446,0.7228502631187439,0.23167791962623596,0.2616974115371704,0.0,436.96380615234375,0.43503421545028687,0.4556024670600891,0.17194528877735138,0.11652464419603348,50.627071380615234,0.31169918179512024,6.154419898986816,0.3112083673477173,0.5504665970802307,0.23889605700969696,0.24780786037445068,0.0,404.809326171875,0.39085057377815247,0.39085057377815247,0.17190448939800262,0.06546661257743835,26.62339210510254,0.2847420275211334,10.37972640991211,0.4523189961910248,0.8273228406906128,0.3175300061702728,0.3175300061702728,0.0,288.36572265625,0.5366836190223694,0.5366836190223694,0.19250760972499847,0.13010165095329285,26.018207550048828,0.2927270829677582,16.962688446044922,0.6865895986557007,1.194487452507019,0.38521239161491394,0.38521239161491394,0.0,424.6581115722656,0.5171034932136536,0.5171034932136536,0.1494309902191162,0.12481184303760529,63.04808044433594,0.31178998947143555,20.22181510925293,0.860710859298706,1.4210410118103027
2018,2,31.654159539776323,105.02514022529499,5220.285,493.0,5.156849384307861,122.55511474609375,26.189208984375,25.231550216674805,1.2946884632110596,7.099999904632568,27.443777084350586,0.270119309425354,0.2846892476081848,2.392178535461426,396.447265625,0.3861881196498871,0.3861881196498871,0.07083545625209808,0.104925237596035,47.53560256958008,0.37002524733543396,12.314221382141113,0.3654240369796753,0.743241012096405,0.2155875563621521,0.24584351480007172,37.755523681640625,384.5610656738281,0.462384432554245,0.5557823181152344,0.1398123800754547,0.10811419785022736,47.02363967895508,0.3211396038532257,4.884584903717041,0.30009031295776367,0.5913589596748352,0.23165030777454376,0.24098406732082367,10.185905456542969,361.77520751953125,0.44407176971435547,0.44407176971435547,0.29250669479370117,0.11436624825000763,24.53326416015625,0.29459643363952637,9.015110969543457,0.4174843728542328,0.7818085551261902,0.3157428205013275,0.3157428205013275,0.0,265.7978210449219,0.6783829927444458,0.6783829927444458,0.3689174950122833,0.22086535394191742,24.933752059936523,0.31283074617385864,15.63516616821289,0.6227352619171143,1.0868135690689087,0.42532914876937866,0.42532914876937866,0.0,398.0233459472656,0.6213393211364746,0.6213393211364746,0.27855440974235535,0.18686799705028534,64.95381927490234,0.3205810785293579,18.953493118286133,0.7845845222473145,1.362436294555664
2018,2,31.39867980402019,104.45462054101185,5223.4663,537.0,0.0,-0.0,28.3360595703125,27.103843688964844,1.240027666091919,6.865036964416504,31.131439208984375,0.28333455324172974,0.28894248604774475,0.3012275695800781,410.3656005859375,0.6122170686721802,0.6122170686721802,0.22613610327243805,0.20328380167484283,56.87723922729492,0.3736998438835144,12.8145112991333,0.3491896092891693,0.6241700649261475,0.23067167401313782,0.25932204723358154,6.96602725982666,389.166748046875,0.5534477829933167,0.7267870306968689,0.379190057516098,0.2032933384180069,57.4019775390625,0.3248051702976227,5.383109092712402,0.28881603479385376,0.4956066310405731,0.23666241765022278,0.24765357375144958,1.90152907371521,375.0267639160156,0.5225583910942078,0.5225583910942078,0.41630521416664124,0.20442859828472137,31.836746215820312,0.2989663779735565,9.567313194274902,0.41768577694892883,0.7517035007476807,0.31614166498184204,0.31614166498184204,0.0,277.389404296875,0.6912091970443726,0.6912091970443726,0.5067850947380066,0.25083839893341064,27.41722297668457,0.29730740189552307,16.31702423095703,0.6639305353164673,1.1247211694717407,0.38548487424850464,0.38548487424850464,0.0,409.7783508300781,0.5569040775299072,0.5569040775299072,0.3746584951877594,0.17832788825035095,64.40328216552734,0.3155865967273712,19.513254165649414,0.8262685537338257,1.3793995380401611
2018,2,31.002524348229947,103.72428667497321,5225.3394,662.0,2.3531973361968994,293.1985778808594,23.846389770507812,23.624719619750977,1.1909505128860474,6.785843372344971,39.46898651123047,0.2505173981189728,0.2630884647369385,2.8721485137939453,325.7977294921875,0.550661027431488,0.5863265991210938,0.38894182443618774,0.10332968831062317,68.34611511230469,0.37798574566841125,10.091423988342285,0.2694244384765625,0.4694104492664337,0.19381020963191986,0.2250744104385376,66.41976165771484,261.8829650878906,0.44046512246131897,0.5333294868469238,0.2812650501728058,0.11751668155193329,70.91769409179688,0.33966967463493347,2.753002882003784,0.22715191543102264,0.4261969029903412,0.21365986764431,0.22118285298347473,18.13072395324707,277.7846984863281,0.5591729879379272,0.5622043013572693,0.3600514531135559,0.17449551820755005,54.563331604003906,0.32702961564064026,6.65779447555542,0.3248903453350067,0.6307129859924316,0.27945706248283386,0.27945706248283386,0.0,222.35911560058594,0.5218475461006165,0.5218475461006165,0.3841964304447174,0.11387836933135986,49.38393020629883,0.33761316537857056,13.079947471618652,0.48218417167663574,0.8361794352531433,0.36004769802093506,0.36004769802093506,0.0,341.0400390625,0.5788831114768982,0.5788831114768982,0.4407691955566406,0.15906406939029694,90.6717300415039,0.35325002670288086,16.240001678466797,0.5860174298286438,0.9521229267120361
2018,2,31.494349817121865,105.05882427465271,5228.1113,494.0,12.037818908691406,117.09494018554688,21.508806228637695,25.07959747314453,1.2830455303192139,7.20061731338501,32.80929183959961,0.2722475826740265,0.28452521562576294,0.0,438.3353576660156,0.509892463684082,0.5702779293060303,0.4143806993961334,0.11028139293193817,44.76642990112305,0.3647339344024658,13.697979927062988,0.4032093584537506,0.8330821990966797,0.22175365686416626,0.2523514926433563,0.0,450.6160888671875,0.4456888735294342,0.5049902200698853,0.06388606876134872,0.08917884528636932,46.606407165527344,0.3125138580799103,6.346705436706543,0.3275478184223175,0.6449445486068726,0.24126118421554565,0.24937251210212708,0.0,408.4617004394531,0.4936177134513855,0.499536395072937,0.3415699601173401,0.09071149677038193,22.30394744873047,0.2814948558807373,10.473376274108887,0.45546862483024597,0.8424766659736633,0.3255917429924011,0.3255917429924011,0.0,288.5282287597656,0.6563043594360352,0.6563043594360352,0.18992334604263306,0.17733460664749146,23.45709800720215,0.3032783269882202,16.972248077392578,0.6705063581466675,1.1656402349472046,0.414644718170166,0.414644718170166,0.0,427.0709228515625,0.65928715467453,0.65928715467453,0.2160494327545166,0.19357837736606598,64.10989379882812,0.3129114508628845,20.33670997619629,0.8559595942497253,1.4721885919570923
2018,2,31.594064234879028,105.02001671818456,5235.804,482.0,0.9274099469184875,180.0,26.96600341796875,26.810346603393555,1.3010693788528442,7.240644454956055,25.861236572265625,0.2713671028614044,0.28485357761383057,1.4761730432510376,411.85186767578125,0.5185491442680359,0.5785371661186218,0.41291263699531555,0.11006826162338257,46.94594955444336,0.3684334456920624,12.824240684509277,0.3781767189502716,0.7709187269210815,0.21835069358348846,0.24867181479930878,23.22365951538086,408.1968078613281,0.3392765522003174,0.5152773261070251,0.12188617140054703,0.07361304014921188,47.23583984375,0.31833183765411377,5.422156810760498,0.3095136284828186,0.6072916984558105,0.2353660613298416,0.24437014758586884,6.264187812805176,378.8450927734375,0.4902579188346863,0.4966934025287628,0.32677212357521057,0.0884750634431839,23.952577590942383,0.2901477813720703,9.553356170654297,0.4309007525444031,0.8017845153808594,0.3194914758205414,0.3194914758205414,0.0,274.35382080078125,0.7484900951385498,0.7484900951385498,0.42641809582710266,0.29511159658432007,24.406579971313477,0.308858186006546,16.138460159301758,0.6414790749549866,1.1159465312957764,0.420483261346817,0.420483261346817,0.0,408.8426208496094,0.7225813269615173,0.7225813269615173,0.44229310750961304,0.27135246992111206,64.5624771118164,0.3175842761993408,19.46869468688965,0.8118626475334167,1.4034876823425293
2018,2,31.239949183820677,104.20075499983707,5250.448,546.0,0.0,-0.0,23.41876983642578,26.602346420288086,1.2200000286102295,6.800000190734863,35.286766052246094,0.26621994376182556,0.27358728647232056,1.6317445039749146,371.505126953125,0.2183891385793686,0.22809770703315735,0.003743051318451762,0.06327510625123978,60.99991226196289,0.3732278347015381,11.55854320526123,0.31936806440353394,0.5780903100967407,0.21480706334114075,0.24262067675590515,37.73484802246094,332.2755126953125,0.3695766031742096,0.4714449942111969,0.07866750657558441,0.08372725546360016,62.8754768371582,0.3290177285671234,4.1484599113464355,0.26286259293556213,0.4686916172504425,0.22299039363861084,0.23129121959209442,10.300549507141113,330.0648498535156,0.482485830783844,0.5682317614555359,0.19366157054901123,0.14476241171360016,40.83238220214844,0.30956220626831055,8.199084281921387,0.3801422119140625,0.717722475528717,0.29595863819122314,0.29595863819122314,0.0,251.15145874023438,0.5468582510948181,0.5491918325424194,0.19814904034137726,0.1632205694913864,36.287628173828125,0.31485357880592346,14.773614883422852,0.5854170918464661,1.0268189907073975,0.37431812286376953,0.37431812286376953,0.0,377.8897399902344,0.49050432443618774,0.49777474999427795,0.22378244996070862,0.1338912695646286,75.19114685058594,0.3316921293735504,17.994749069213867,0.7238087058067322,1.1936732530593872
2018,2,31.24587532912071,104.19913634615467,5250.448,547.0,1.0847222805023193,270.0,23.89608383178711,25.689393997192383,1.221256136894226,6.800000190734863,34.38341522216797,0.2659052312374115,0.27330282330513,1.6537007093429565,370.4999694824219,0.5365617275238037,0.5742796659469604,0.39140015840530396,0.1075865849852562,61.28702926635742,0.37354788184165955,11.526446342468262,0.3181871473789215,0.5758370757102966,0.21462777256965637,0.2423548847436905,38.24259567260742,330.5017395019531,0.4865424335002899,0.5079472661018372,0.15692269802093506,0.12338899821043015,63.0906867980957,0.3294311463832855,4.116325855255127,0.2620990574359894,0.4673651158809662,0.22277405858039856,0.23109501600265503,10.4391508102417,328.82269287109375,0.5478583574295044,0.583050549030304,0.24650707840919495,0.17096999287605286,41.0084228515625,0.31003937125205994,8.163680076599121,0.37884995341300964,0.715376079082489,0.2957502603530884,0.2957502603530884,0.0,250.59095764160156,0.5205625295639038,0.5281922221183777,0.2643071115016937,0.1492028832435608,36.37692642211914,0.31520915031433105,14.740644454956055,0.5839950442314148,1.0240832567214966,0.37442341446876526,0.37442341446876526,0.0,377.1951904296875,0.5368167757987976,0.5440669059753418,0.21622984111309052,0.1491783708333969,75.314208984375,0.3319377899169922,17.9616756439209,0.7219793796539307,1.191485047340393
2018,2,30.33498354322594,103.75851473465946,5250.909,503.0,3.856630325317383,343.8459167480469,30.98476791381836,25.35232925415039,1.2300000190734863,6.984766960144043,47.0853385925293,0.2896634042263031,0.30198484659194946,0.0,432.07476806640625,0.5854566693305969,0.609101414680481,0.4317149519920349,0.11723477393388748,45.190982818603516,0.36364156007766724,13.502336502075195,0.3616620898246765,0.608241081237793,0.2130587100982666,0.2570667862892151,0.0,443.9717712402344,0.5445036888122559,0.5485039949417114,0.253164142370224,0.10764127969741821,57.16143035888672,0.31913211941719055,6.2531232833862305,0.2933307886123657,0.5287120342254639,0.24269287288188934,0.25213730335235596,0.0,408.5796813964844,0.5490443110466003,0.633436918258667,0.27756115794181824,0.13211336731910706,39.91817092895508,0.2974945604801178,10.476402282714844,0.4335072338581085,0.7727605700492859,0.3100409507751465,0.3100409507751465,0.0,284.99853515625,0.6636102795600891,0.6636102795600891,0.36744025349617004,0.21066199243068695,47.228309631347656,0.3134795129299164,16.764619827270508,0.609152615070343,0.9935128688812256,0.3598371744155884,0.3598371744155884,0.0,415.82440185546875,0.5826427340507507,0.5826427340507507,0.31266412138938904,0.1667734980583191,82.23613739013672,0.3382430672645569,19.801162719726562,0.7442776560783386,1.1556100845336914
2018,2,31.177963220076727,105.65845297061274,5260.111,409.0,18.97919464111328,124.38969421386719,28.654605865478516,27.718704223632812,1.3144758939743042,7.298398494720459,26.72076988220215,0.2687680125236511,0.2819720208644867,0.0,463.2983093261719,0.5593827962875366,0.5593827962875366,0.20932015776634216,0.13495482504367828,30.495704650878906,0.3524041771888733,14.478072166442871,0.44057363271713257,0.9510473608970642,0.2161940038204193,0.24824631214141846,0.0,514.462158203125,0.5417307019233704,0.5988651514053345,0.2679890990257263,0.1595507562160492,41.49869155883789,0.30581003427505493,7.245945453643799,0.3417593836784363,0.6862376928329468,0.2391194999217987,0.24338647723197937,0.0,436.5614318847656,0.7125923037528992,0.7125923037528992,0.4529423713684082,0.28523290157318115,21.22428321838379,0.27926164865493774,11.193882942199707,0.46264100074768066,0.851094126701355,0.31989607214927673,0.31989607214927673,0.0,293.3930358886719,0.6572872996330261,0.6572872996330261,0.40918686985969543,0.20872744917869568,36.04790115356445,0.32188180088996887,17.25841522216797,0.6200385689735413,1.1328108310699463,0.4116399586200714,0.4116399586200714,0.0,436.1507568359375,0.668315589427948,0.668315589427948,0.47931504249572754,0.23828087747097015,79.33810424804688,0.3299321234226227,20.769084930419922,0.8036363124847412,1.4038639068603516
2018,2,31.290073938762458,104.40422378090581,5263.4707,526.0,1.0852299928665161,270.0,25.67528533935547,27.604841232299805,1.2710037231445312,7.0311784744262695,32.20819091796875,0.28033357858657837,0.28589901328086853,0.5581203699111938,407.55877685546875,0.46432310342788696,0.46432310342788696,0.12023835629224777,0.11321484297513962,55.07419967651367,0.36972397565841675,12.718770980834961,0.3527573347091675,0.6373238563537598,0.227410227060318,0.25620216131210327,12.906791687011719,388.5030517578125,0.4562743604183197,0.5791509747505188,0.18500564992427826,0.13483090698719025,56.87948989868164,0.3214115500450134,5.290088176727295,0.28842034935951233,0.5012192130088806,0.233573779463768,0.2432074397802353,3.5231902599334717,372.5248718261719,0.4840557873249054,0.4875223934650421,0.33151042461395264,0.08787401765584946,32.73767852783203,0.297139972448349,9.461581230163574,0.41940245032310486,0.769103467464447,0.3107324540615082,0.3107324540615082,0.0,274.0740661621094,0.6681933999061584,0.6681933999061584,0.4248572289943695,0.23180879652500153,29.211820602416992,0.29935768246650696,16.12200355529785,0.6531769633293152,1.1275548934936523,0.38077419996261597,0.38077419996261597,0.0,406.07769775390625,0.6152955293655396,0.6152955293655396,0.3057531714439392,0.18959207832813263,66.48458099365234,0.31822288036346436,19.337032318115234,0.8122842907905579,1.3416881561279297
2018,2,31.315134086682832,104.36730242418326,5264.361,545.0,1.0855146646499634,90.0,26.200000762939453,29.12441062927246,1.2699999809265137,6.800000190734863,36.400001525878906,0.27705323696136475,0.28306591510772705,0.797244668006897,397.8468933105469,0.2838144600391388,0.2838144600391388,-0.04016208276152611,0.05833475664258003,57.38154220581055,0.3719816505908966,12.407801628112793,0.3420892059803009,0.6169254779815674,0.22488944232463837,0.25319716334342957,18.43665313720703,372.17047119140625,0.3188543915748596,0.3657054007053375,0.0639837384223938,0.09090099483728409,58.788604736328125,0.3246697783470154,4.982166290283203,0.2811467945575714,0.489959716796875,0.23129557073116302,0.24093124270439148,5.032686233520508,360.7863464355469,0.48399409651756287,0.48711925745010376,0.3309456706047058,0.08728831261396408,34.720787048339844,0.3013007938861847,9.121889114379883,0.4075177311897278,0.7493058443069458,0.3080075681209564,0.3080075681209564,0.0,268.36767578125,0.7695587873458862,0.7695587873458862,0.45135697722435,0.27873942255973816,30.595823287963867,0.3031674027442932,15.786334037780762,0.6371962428092957,1.0991421937942505,0.38054484128952026,0.38054484128952026,0.0,398.9903259277344,0.6855975389480591,0.6855975389480591,0.37628480792045593,0.22239923477172852,68.24775695800781,0.3212102949619293,18.99953842163086,0.7914977669715881,1.311734676361084
2018,2,31.35960470148885,104.33199972114315,5264.5264,560.0,2.8541972637176514,49.505428314208984,30.88568687438965,27.349184036254883,1.2479790449142456,6.874736309051514,33.70386505126953,0.27332234382629395,0.2798232436180115,1.064544916152954,386.31890869140625,0.5065538287162781,0.5065538287162781,0.12996061146259308,0.14198322594165802,60.37398147583008,0.37512385845184326,12.039198875427246,0.3289090692996979,0.5914740562438965,0.22225716710090637,0.2498650699853897,24.61809539794922,352.3544921875,0.4032081067562103,0.5663052201271057,0.20408110320568085,0.11828971654176712,61.15447235107422,0.32895568013191223,4.6160054206848145,0.2724083662033081,0.47572240233421326,0.2287534475326538,0.23851029574871063,6.720046043395996,346.73065185546875,0.4844837188720703,0.4870796799659729,0.33077913522720337,0.08665964752435684,36.97013854980469,0.30651113390922546,8.718220710754395,0.3930014967918396,0.7239139676094055,0.30519548058509827,0.30519548058509827,0.0,261.7574768066406,0.7548959255218506,0.7548959255218506,0.4480312466621399,0.2877867817878723,32.012447357177734,0.3075292706489563,15.397499084472656,0.6192052364349365,1.0655925273895264,0.3808683156967163,0.3808683156967163,0.0,390.7679748535156,0.6447310447692871,0.6447310447692871,0.3624705970287323,0.2078058421611786,70.08999633789062,0.32448452711105347,18.60799789428711,0.7681597471237183,1.280232548713684
2018,2,31.3905954538103,104.27837011277335,5265.3477,595.0,1.8543341159820557,-0.0,30.55202293395996,26.341779708862305,1.2824180126190186,6.769381999969482,31.779298782348633,0.268009215593338,0.27507951855659485,1.4547350406646729,371.465087890625,0.4678807258605957,0.4678807258605957,0.15190669894218445,0.0646967887878418,63.63877487182617,0.3780612051486969,11.562824249267578,0.31356877088546753,0.5634580850601196,0.2182900756597519,0.2450340986251831,33.641422271728516,327.7882995605469,0.5921592712402344,0.6349289417266846,0.24589066207408905,0.1767333298921585,63.94261932373047,0.33343255519866943,4.142913341522217,0.26157885789871216,0.45951083302497864,0.22486957907676697,0.2344512641429901,9.183159828186035,328.8236083984375,0.7106550931930542,0.7391782402992249,0.44108662009239197,0.24533699452877045,39.92507553100586,0.31248781085014343,8.195908546447754,0.3755667209625244,0.6968768239021301,0.3004502058029175,0.3004502058029175,0.0,252.8391876220703,0.7665377855300903,0.7665377855300903,0.4820561110973358,0.28902506828308105,34.14596176147461,0.3133573532104492,14.872893333435059,0.5946628451347351,1.0254088640213013,0.38021034002304077,0.38021034002304077,0.0,379.784423828125,0.6364601850509644,0.6364601850509644,0.34922006726264954,0.20038928091526031,72.81237030029297,0.32909995317459106,18.084972381591797,0.7363386154174805,1.2330187559127808
2018,2,29.835608816250538,104.49288854625253,5269.602,476.0,16.37070083618164,187.29917907714844,31.9787654876709,21.48311996459961,1.2905728816986084,7.300000190734863,40.210670471191406,0.2837710678577423,0.2899431586265564,0.0,482.09674072265625,0.5501395463943481,0.5629405975341797,0.43311843276023865,0.11275377124547958,22.750965118408203,0.34542641043663025,15.065523147583008,0.4399370849132538,0.8474032878875732,0.20824766159057617,0.23521919548511505,0.0,556.2496337890625,0.419920951128006,0.48159828782081604,0.3340379595756531,0.08093615621328354,44.262603759765625,0.30426281690597534,7.83450174331665,0.3324030935764313,0.6201956868171692,0.22551630437374115,0.2286602407693863,0.0,469.47857666015625,0.49025341868400574,0.5022903680801392,0.1372171938419342,0.10024590790271759,22.146461486816406,0.2759290337562561,12.037912368774414,0.511073887348175,0.978291928768158,0.28932878375053406,0.28932878375053406,0.0,303.5202331542969,0.6137887835502625,0.6137887835502625,0.20062512159347534,0.15152527391910553,45.069461822509766,0.3159826695919037,17.854129791259766,0.6555956602096558,1.1916487216949463,0.3598187267780304,0.3598187267780304,0.0,446.0466003417969,0.5627753734588623,0.6269826889038086,0.22547274827957153,0.18953992426395416,63.53086471557617,0.3370271325111389,21.240314483642578,0.829173743724823,1.195677399635315
2018,2,30.99847994357448,104.21503750051124,5270.1104,489.0,2.3531105518341064,66.8005142211914,24.85813331604004,29.204133987426758,1.219778060913086,6.777031421661377,38.576412200927734,0.27491775155067444,0.2815280258655548,1.046901822090149,401.60687255859375,0.5488876104354858,0.5786935091018677,0.4051665961742401,0.11120088398456573,51.3103141784668,0.3616465628147125,12.517498970031738,0.3570522367954254,0.6513051986694336,0.21868455410003662,0.2495725005865097,24.21009063720703,387.23614501953125,0.43820109963417053,0.5632786154747009,0.07829295098781586,0.1021404042840004,55.995357513427734,0.31482160091400146,5.113042831420898,0.2862189710140228,0.5121917724609375,0.22872261703014374,0.2358974814414978,6.608672142028809,367.7726135253906,0.5475595593452454,0.549211859703064,0.23632539808750153,0.13862605392932892,35.97006607055664,0.2940818667411804,9.260613441467285,0.42067083716392517,0.7964048981666565,0.300353080034256,0.300353080034256,0.0,267.2306213378906,0.6924809217453003,0.7003828287124634,0.37331050634384155,0.21676960587501526,34.53935623168945,0.304859459400177,15.719449043273926,0.6239947080612183,1.1087313890457153,0.3686695694923401,0.3686695694923401,0.0,397.8831787109375,0.611501157283783,0.6219978928565979,0.2818985879421234,0.18101228773593903,72.53345489501953,0.3254537880420685,18.946819305419922,0.7731426358222961,1.242377519607544
2018,2,28.643905141515017,103.93152785553315,5270.857,672.0,18.42400550842285,129.17752075195312,19.589191436767578,28.66596031188965,1.27854585647583,6.296112537384033,39.99705505371094,0.27197203040122986,0.2926363945007324,0.0,391.26715087890625,0.4916628301143646,0.4916628301143646,0.1594974845647812,0.12705780565738678,57.24380874633789,0.41018185019493103,12.22709846496582,0.25942131876945496,0.4245404899120331,0.19727978110313416,0.23160922527313232,7.212672233581543,393.43408203125,0.4403977692127228,0.4403977692127228,0.15052366256713867,0.10559143871068954,110.55695343017578,0.3985665440559387,5.4397382736206055,0.20308610796928406,0.36807990074157715,0.21170173585414886,0.21532832086086273,0.0,360.95599365234375,0.5354624390602112,0.5354624390602112,0.19037564098834991,0.12426919490098953,58.76653289794922,0.3843027651309967,9.255282402038574,0.3177558481693268,0.5725858807563782,0.28724756836891174,0.28724756836891174,0.0,255.88290405273438,0.59186190366745,0.59186190366745,0.20883376896381378,0.14072896540164948,76.8955078125,0.4008822739124298,15.051936149597168,0.40521255135536194,0.7425694465637207,0.422222375869751,0.422222375869751,0.0,377.9084167480469,0.5386956930160522,0.5386956930160522,0.17800834774971008,0.13157233595848083,97.3040542602539,0.40373024344444275,17.99563980102539,0.4901423752307892,0.7544428706169128
2018,2,31.46362661086363,104.29696456416622,5278.142,611.0,1.8543341159820557,180.0,30.16399383544922,25.62480354309082,1.2709723711013794,6.70861291885376,31.895977020263672,0.26790666580200195,0.2750594913959503,1.4416210651397705,368.4847717285156,0.5049148201942444,0.5049148201942444,0.19727660715579987,0.13277168571949005,65.56804656982422,0.38101258873939514,11.470098495483398,0.30739060044288635,0.5494409203529358,0.21899989247322083,0.24523353576660156,33.33815383911133,320.7411193847656,0.561779260635376,0.5735622644424438,0.2825948894023895,0.1690898835659027,65.0351791381836,0.3365139663219452,4.047928810119629,0.2586662173271179,0.4517599046230316,0.22516955435276031,0.2353755384683609,9.10037612915039,324.71002197265625,0.5220327377319336,0.5535851120948792,0.24336041510105133,0.15662960708141327,40.20734786987305,0.31517064571380615,8.092555046081543,0.36965009570121765,0.6804853677749634,0.3017781674861908,0.3017781674861908,0.0,251.89373779296875,0.4653273820877075,0.4653273820877075,0.25066956877708435,0.13463439047336578,33.689029693603516,0.3139117956161499,14.817278861999512,0.5935981273651123,1.0142621994018555,0.38271138072013855,0.38271138072013855,0.0,378.4742736816406,0.42108452320098877,0.42108452320098877,0.16234156489372253,0.11254381388425827,72.36969757080078,0.3289322555065155,18.022584915161133,0.7350991368293762,1.240667462348938
2018,2,31.543127923545516,104.33711876915248,5278.142,639.0,2.175537347793579,270.0,30.098642349243164,26.084383010864258,1.271628499031067,6.940244674682617,36.71920394897461,0.268982470035553,0.2765458822250366,3.464043378829956,362.1063232421875,0.519019365310669,0.519019365310669,0.1041775792837143,0.1272543966770172,65.23641967773438,0.38208478689193726,11.207571983337402,0.30318668484687805,0.5405417084693909,0.2190777212381363,0.24517618119716644,48.297149658203125,315.0458984375,0.4341852366924286,0.491423636674881,0.14853481948375702,0.10825031250715256,63.472991943359375,0.33753833174705505,3.7570247650146484,0.2559641897678375,0.44512614607810974,0.22478602826595306,0.23551863431930542,14.07738971710205,318.71893310546875,0.4046702980995178,0.4306815266609192,0.1683965027332306,0.11760132759809494,39.04433059692383,0.3160749077796936,7.811321258544922,0.365402489900589,0.6692885160446167,0.30202537775039673,0.30202537775039673,0.49892324209213257,248.38644409179688,0.5549261569976807,0.5549261569976807,0.18454676866531372,0.1625526249408722,32.36764144897461,0.3140586018562317,14.581619262695312,0.591458797454834,1.0061156749725342,0.38703593611717224,0.38703593611717224,0.11478796601295471,373.9477844238281,0.514801025390625,0.514801025390625,0.16892272233963013,0.15135394036769867,71.1485595703125,0.3286631107330322,17.801570892333984,0.7312051653862,1.2399871349334717
2018,2,31.464705713318565,104.30936086509479,5278.142,605.0,1.0872464179992676,270.0,30.70482635498047,26.850080490112305,1.283775806427002,6.868751525878906,32.15309524536133,0.2690470218658447,0.2761072814464569,1.3555467128753662,371.29473876953125,0.44434234499931335,0.44434234499931335,0.11828014999628067,0.11420252919197083,65.10922241210938,0.38075536489486694,11.560599327087402,0.3098537027835846,0.5534672737121582,0.21990641951560974,0.24629193544387817,31.347644805908203,325.12847900390625,0.5247555375099182,0.5281669497489929,0.1876208782196045,0.15724967420101166,64.5775146484375,0.33594760298728943,4.137758255004883,0.26060038805007935,0.45425406098365784,0.2260664850473404,0.23639433085918427,8.557023048400879,328.04241943359375,0.590842068195343,0.6184655427932739,0.30070990324020386,0.18409904837608337,39.632102966308594,0.31423744559288025,8.191933631896973,0.3726089596748352,0.6840807199478149,0.3029765784740448,0.3029765784740448,0.0,253.68850708007812,0.5774293541908264,0.5774293541908264,0.3104490637779236,0.18681596219539642,33.201412200927734,0.31275251507759094,14.922853469848633,0.5986116528511047,1.0210645198822021,0.3831263482570648,0.3831263482570648,0.0,380.65692138671875,0.454694002866745,0.454694002866745,0.19752967357635498,0.1296219676733017,71.75971984863281,0.3279512822628021,18.12652015686035,0.7415965795516968,1.251394271850586
2018,2,31.239949183820684,104.22258229949368,5280.731,534.0,1.4269367456436157,310.530517578125,24.015403747558594,29.51020050048828,1.2399790287017822,6.800000190734863,33.35877227783203,0.26780542731285095,0.27495628595352173,1.5127626657485962,375.7965393066406,0.23796862363815308,0.24127723276615143,0.05198484659194946,0.09125422686338425,60.174930572509766,0.3725878894329071,11.696367263793945,0.3236471712589264,0.5859885215759277,0.21617403626441956,0.2441278100013733,34.98333740234375,339.1660461425781,0.5233081579208374,0.5508129596710205,0.19263562560081482,0.1273076981306076,62.11084747314453,0.32790514826774597,4.284263610839844,0.26597997546195984,0.47298887372016907,0.22414153814315796,0.2325373739004135,9.54946517944336,335.1651611328125,0.5599856972694397,0.6354454755783081,0.26128020882606506,0.1524208039045334,39.892189025878906,0.3079410195350647,8.349120140075684,0.38505232334136963,0.7249079346656799,0.2974987328052521,0.2974987328052521,0.0,253.8000030517578,0.5836436748504639,0.5839124321937561,0.2762153446674347,0.15942025184631348,35.52165603637695,0.3130616843700409,14.929411888122559,0.5931488275527954,1.0392073392868042,0.3748491406440735,0.3748491406440735,0.0,381.1626892089844,0.5214967727661133,0.5326559543609619,0.2516457736492157,0.1456584483385086,74.24030303955078,0.3301841914653778,18.150604248046875,0.7338993549346924,1.209771752357483
2018,2,31.349094600305868,104.37969872511185,5286.614,551.0,3.743833303451538,240.3453369140625,25.397817611694336,28.160850524902344,1.2390520572662354,6.889803409576416,31.44303321838379,0.27750852704048157,0.2835465371608734,0.7531898617744446,397.6054992675781,0.49815288186073303,0.49815288186073303,0.3299877345561981,0.12228978425264359,58.116172790527344,0.37329989671707153,12.40163516998291,0.34009069204330444,0.6115859746932983,0.2255757451057434,0.2537418305873871,17.417863845825195,370.6452331542969,0.4433804154396057,0.6189291477203369,0.23977939784526825,0.1563735008239746,59.124874114990234,0.32592496275901794,4.975033283233643,0.2805365025997162,0.4872692823410034,0.23185768723487854,0.24185454845428467,4.754586219787598,360.2336730957031,0.4470326602458954,0.4470326602458954,0.3117944002151489,0.16039817035198212,34.64152526855469,0.30221322178840637,9.114848136901855,0.4058750867843628,0.742736279964447,0.3091787099838257,0.3091787099838257,0.0,268.678466796875,0.5704495310783386,0.5704495310783386,0.29639244079589844,0.1793535053730011,30.20256805419922,0.3029675781726837,15.80461597442627,0.6386711001396179,1.0961214303970337,0.38187745213508606,0.38187745213508606,0.0,399.2785339355469,0.5337120294570923,0.5337120294570923,0.22962281107902527,0.15667779743671417,67.81193542480469,0.3207494616508484,19.013263702392578,0.7934499382972717,1.3195401430130005
2018,2,31.42158620613174,104.34628222181732,5291.0728,573.0,1.086747169494629,270.0,30.823915481567383,25.346921920776367,1.2561200857162476,6.820064067840576,34.87529754638672,0.273354172706604,0.2799629271030426,1.044334888458252,383.90545654296875,0.24501079320907593,0.24501079320907593,3.2139834365807474E-4,0.047663260251283646,62.04228973388672,0.3777197003364563,11.964409828186035,0.3235279619693756,0.578904926776886,0.22288496792316437,0.25012117624282837,24.150728225708008,346.480712890625,0.32908695936203003,0.32908695936203003,0.05512923002243042,0.06530184298753738,62.09122085571289,0.3316519856452942,4.539858818054199,0.2699371576309204,0.46904391050338745,0.2291494905948639,0.23948168754577637,6.59246826171875,343.3783874511719,0.23768013715744019,0.23768013715744019,0.15672793984413147,0.10342326015233994,37.22425842285156,0.3088357746601105,8.635537147521973,0.3879222273826599,0.7093788385391235,0.30649837851524353,0.30649837851524353,0.0,261.0677185058594,0.7195166349411011,0.7195166349411011,0.428194135427475,0.23700252175331116,31.62889862060547,0.3079725503921509,15.356925010681152,0.6184118986129761,1.0553603172302246,0.3830266296863556,0.3830266296863556,0.0,389.7663879394531,0.5990148782730103,0.5990148782730103,0.311874657869339,0.1719566136598587,69.71389770507812,0.32432276010513306,18.560304641723633,0.767210066318512,1.287076473236084
2018,2,31.334807640530634,104.40422378090581,5292.5444,540.0,3.704791784286499,-0.0,24.920181274414062,25.493738174438477,1.2571146488189697,7.0,29.542842864990234,0.2797439694404602,0.28550097346305847,0.5895269513130188,404.05780029296875,0.5491382479667664,0.5491382479667664,0.2224263995885849,0.1736246943473816,56.63899230957031,0.3719070553779602,12.608384132385254,0.3469944894313812,0.6245624423027039,0.2272873967885971,0.2557883560657501,13.633084297180176,381.4071350097656,0.6730402112007141,0.6730402112007141,0.3552359640598297,0.22967587411403656,57.88290786743164,0.32386359572410583,5.1799163818359375,0.28531602025032043,0.49454185366630554,0.23344387114048004,0.24347425997257233,3.721447706222534,368.0185241699219,0.5367518663406372,0.5367518663406372,0.36454319953918457,0.17500588297843933,33.33100891113281,0.29952529072761536,9.340950012207031,0.41363030672073364,0.7552694082260132,0.3111039698123932,0.3111039698123932,0.0,272.5088195800781,0.6388767957687378,0.6388767957687378,0.39749088883399963,0.2097339779138565,29.268444061279297,0.3004278242588043,16.029932022094727,0.6493560671806335,1.1144826412200928,0.3821105659008026,0.3821105659008026,0.0,404.020263671875,0.5555339455604553,0.5555339455604553,0.32919302582740784,0.17289774119853973,66.62317657470703,0.31874290108680725,19.23906135559082,0.8073351383209229,1.3398791551589966
2018,2,31.490037866403192,104.29885076391183,5294.9365,619.0,3.3883228302001953,105.86742401123047,29.926424026489258,28.650808334350586,1.2498618364334106,6.848024845123291,34.289207458496094,0.26745665073394775,0.27468350529670715,1.467783808708191,366.3217468261719,0.30471307039260864,0.30471307039260864,0.018665429204702377,0.06267234683036804,66.46976470947266,0.3822309374809265,11.401686668395996,0.3041148781776428,0.5425321459770203,0.2189231663942337,0.24492095410823822,33.943180084228516,316.4554748535156,0.4446876049041748,0.4966821074485779,0.12659583985805511,0.10875909775495529,65.61985778808594,0.33789706230163574,3.979046583175659,0.2568397521972656,0.4478931725025177,0.22496752440929413,0.23536920547485352,9.265531539916992,321.9290771484375,0.5861483216285706,0.6079485416412354,0.32404986023902893,0.14883540570735931,40.53572463989258,0.3165384531021118,8.017014503479004,0.36629873514175415,0.672865629196167,0.30185145139694214,0.30185145139694214,0.0,250.87762451171875,0.5947035551071167,0.5947035551071167,0.2693590223789215,0.18184953927993774,33.705963134765625,0.3145565092563629,14.75750732421875,0.591305673122406,1.0073418617248535,0.3834931254386902,0.3834931254386902,0.0,377.1732482910156,0.47162988781929016,0.47162988781929016,0.2086956948041916,0.11918181926012039,72.43779754638672,0.32924097776412964,17.960630416870117,0.7321721911430359,1.239490270614624
2018,2,31.436408258033396,104.3325392723706,5294.974,586.0,4.278900623321533,229.52862548828125,31.507476806640625,25.345497131347656,1.2699999809265137,6.800000190734863,32.57936096191406,0.27181199193000793,0.27858781814575195,1.1559301614761353,379.39117431640625,0.4140787720680237,0.4140787720680237,0.047110799700021744,0.1094808354973793,63.134159088134766,0.37879636883735657,11.81985092163086,0.3186330497264862,0.5697756409645081,0.22180289030075073,0.24874457716941833,26.731420516967773,338.84832763671875,0.48644372820854187,0.48644372820854187,0.1614372581243515,0.12740352749824524,62.97965621948242,0.333181768655777,4.396012783050537,0.2665921747684479,0.4637674391269684,0.2280484437942505,0.23837777972221375,7.296924114227295,337.8937072753906,0.1088850274682045,0.1088850274682045,0.031513236463069916,0.058469437062740326,38.093875885009766,0.3107658922672272,8.47684097290039,0.3824414014816284,0.7003322839736938,0.3052314817905426,0.3052314817905426,0.0,258.4228820800781,0.7603691816329956,0.7603691816329956,0.49466121196746826,0.3005729913711548,32.20325469970703,0.30969202518463135,15.201346397399902,0.611275315284729,1.042983055114746,0.3830395042896271,0.3830395042896271,0.0,386.49945068359375,0.6483956575393677,0.6483956575393677,0.39530661702156067,0.21400611102581024,70.45872497558594,0.3256346881389618,18.404735565185547,0.7579717040061951,1.2741289138793945
2018,2,31.2995049374905,104.38185693002171,5298.613,542.0,0.9274099469184875,180.0,26.868450164794922,30.038618087768555,1.25,6.800000190734863,36.62953186035156,0.27845385670661926,0.2842693626880646,0.6965135335922241,402.17724609375,0.4810193181037903,0.4810193181037903,0.16498234868049622,0.1202247366309166,56.2705078125,0.37082257866859436,12.546272277832031,0.3470454514026642,0.6265601515769958,0.22591589391231537,0.2544616162776947,16.10719871520996,379.589599609375,0.5385559797286987,0.5385559797286987,0.23452049493789673,0.13336952030658722,57.90299606323242,0.32307618856430054,5.119470119476318,0.2844374477863312,0.4952702820301056,0.23224201798439026,0.24183431267738342,4.396811008453369,366.0540466308594,0.45266789197921753,0.45266789197921753,0.27412620186805725,0.1258031576871872,33.85684585571289,0.29934993386268616,9.273262023925781,0.4129725694656372,0.7588393688201904,0.30907556414604187,0.30907556414604187,0.0,270.85760498046875,0.5174544453620911,0.5174544453620911,0.24782176315784454,0.14636899530887604,30.036121368408203,0.3015086054801941,15.93280029296875,0.6440714597702026,1.112005591392517,0.38047677278518677,0.38047677278518677,0.0,402.09271240234375,0.4962362051010132,0.4962362051010132,0.2172306925058365,0.13828185200691223,67.52571105957031,0.3199491500854492,19.14727210998535,0.8004322648048401,1.3239816427230835
2018,2,30.779110008149154,103.61810656068856,5301.494,595.0,0.9274099469184875,-0.0,24.221338272094727,24.452678680419922,1.201544165611267,7.022499084472656,41.47209930419922,0.26539361476898193,0.27992379665374756,1.8122130632400513,358.98583984375,0.566087007522583,0.5994526743888855,0.4032514989376068,0.10846026241779327,61.615966796875,0.3731636703014374,11.161676406860352,0.2933994233608246,0.48967796564102173,0.19797194004058838,0.23619042336940765,41.908267974853516,316.51715087890625,0.42357975244522095,0.4802863895893097,0.11431854218244553,0.07680828124284744,65.4923324584961,0.33207443356513977,3.8677308559417725,0.2472289353609085,0.4583730399608612,0.22752204537391663,0.2368394285440445,11.439775466918945,319.2130126953125,0.456546813249588,0.5261227488517761,0.09990763664245605,0.08510102331638336,51.64015197753906,0.3164622485637665,7.8916215896606445,0.35632264614105225,0.6603240370750427,0.29388105869293213,0.29388105869293213,0.0,243.08018493652344,0.514700710773468,0.514700710773468,0.38776278495788574,0.11732249706983566,48.68971252441406,0.32769694924354553,14.298834800720215,0.5199967622756958,0.8540886640548706,0.35629135370254517,0.35629135370254517,0.0,364.8659362792969,0.5551677346229553,0.5551677346229553,0.4182274341583252,0.1530776023864746,88.9534683227539,0.3472842276096344,17.374568939208984,0.6316136121749878,1.0076749324798584
2018,2,31.3369658454405,104.15601683896783,5313.7183,606.0,2.1484432220458984,149.65542602539062,26.47797966003418,25.707942962646484,1.2530654668807983,6.779630184173584,36.58942413330078,0.259333997964859,0.2673390209674835,2.1214561462402344,350.7059631347656,0.3516174554824829,0.3516174554824829,0.05025418847799301,0.09106104075908661,66.44866180419922,0.3789374530315399,10.893265724182129,0.29613250494003296,0.5347204208374023,0.21051673591136932,0.23666895925998688,49.05965805053711,296.3893127441406,0.481693834066391,0.5127717852592468,0.17450159788131714,0.12946505844593048,67.12250518798828,0.3367283046245575,3.483516216278076,0.24735021591186523,0.4429817795753479,0.2180951088666916,0.22655747830867767,13.391902923583984,304.5619201660156,0.509967029094696,0.6746333241462708,0.28880414366722107,0.14062777161598206,44.59413528442383,0.31886205077171326,7.465897560119629,0.3543380796909332,0.6734153628349304,0.29076433181762695,0.29076433181762695,0.0,239.22666931152344,0.5921164155006409,0.5921164155006409,0.28400835394859314,0.17259541153907776,38.47623825073242,0.32244762778282166,14.07215690612793,0.5545039772987366,0.9714226126670837,0.3754809498786926,0.3754809498786926,0.0,363.1723327636719,0.5174562931060791,0.5174562931060791,0.21983122825622559,0.14409494400024414,78.11844635009766,0.33719679713249207,17.293920516967773,0.6839728951454163,1.141791582107544
2018,2,31.32025759379324,104.23067110880463,5313.7183,576.0,1.8543341159820557,-0.0,28.905826568603516,25.006940841674805,1.253551721572876,6.646427154541016,33.33099365234375,0.26596739888191223,0.2732544541358948,1.6280698776245117,368.5359191894531,0.21792928874492645,0.21792928874492645,0.1210283562541008,0.08092968910932541,62.89457321166992,0.3760824501514435,11.465869903564453,0.31372857093811035,0.5662477016448975,0.21575184166431427,0.24280406534671783,37.64986801147461,325.26580810546875,0.519333004951477,0.5658363699913025,0.2460012435913086,0.13895434141159058,63.92392349243164,0.3319682478904724,4.050929069519043,0.2601674199104309,0.46116960048675537,0.22302936017513275,0.23188209533691406,10.277353286743164,325.8949279785156,0.5456225872039795,0.5560973286628723,0.31085333228111267,0.15180400013923645,40.9283447265625,0.3120960593223572,8.092758178710938,0.374624103307724,0.702932596206665,0.2970912456512451,0.2970912456512451,0.0,250.1702117919922,0.6612420082092285,0.6612420082092285,0.3812014162540436,0.21590618789196014,35.62690734863281,0.3152492940425873,14.71589469909668,0.5852153897285461,1.0193259716033936,0.3770746886730194,0.3770746886730194,0.0,376.62109375,0.5753849148750305,0.5753849148750305,0.3073205053806305,0.17732617259025574,74.5298843383789,0.3313056230545044,17.934337615966797,0.7238603234291077,1.2038179636001587
2018,2,31.268781731232266,107.17058764704888,5322.1587,370.0,21.02819061279297,132.3562469482422,30.605682373046875,27.257671356201172,1.303367018699646,6.143303871154785,39.21104049682617,0.2752881348133087,0.3018920123577118,0.0,442.4219055175781,0.5449135899543762,0.6014975309371948,0.4400660991668701,0.11536724120378494,38.430686950683594,0.38460561633110046,13.825684547424316,0.3690374493598938,0.6475895047187805,0.20612235367298126,0.2269212007522583,0.0,477.4005432128906,0.4233382046222687,0.43737363815307617,0.012292382307350636,0.10032086074352264,73.2301025390625,0.37016409635543823,6.72395133972168,0.2725422978401184,0.5114040970802307,0.23211808502674103,0.24623596668243408,0.0,389.03436279296875,0.48414117097854614,0.4922342896461487,0.30817911028862,0.0879223421216011,65.42779541015625,0.3775571882724762,9.975239753723145,0.29706627130508423,0.5224862098693848,0.32496964931488037,0.32496964931488037,0.0,280.3409729003906,0.48483583331108093,0.4854077696800232,0.054019104689359665,0.12276721000671387,72.63472747802734,0.38487178087234497,16.490644454956055,0.4831728935241699,0.9285675287246704,0.4404110312461853,0.4404110312461853,0.0,414.4878845214844,0.6846128106117249,0.6846128106117249,0.5638758540153503,0.20556536316871643,114.18535614013672,0.39718589186668396,19.737518310546875,0.5716031789779663,1.0857166051864624
2018,2,31.25935073250422,104.21476995444804,5323.0176,540.0,1.8543341159820557,-0.0,25.805009841918945,29.435522079467773,1.2503163814544678,6.85925817489624,35.417335510253906,0.2666217088699341,0.27389949560165405,1.596139907836914,372.0658874511719,0.5235046148300171,0.5339659452438354,0.2350212037563324,0.11860675364732742,61.20561981201172,0.3737139105796814,11.577179908752441,0.3193115293979645,0.5776928663253784,0.2154446542263031,0.24310840666294098,36.911476135253906,332.6435241699219,0.4666728079319,0.4866451323032379,0.12841443717479706,0.11480074375867844,62.89737319946289,0.32938575744628906,4.165240287780762,0.2631504237651825,0.46818023920059204,0.22332881391048431,0.23178599774837494,10.07579231262207,330.5760498046875,0.41431400179862976,0.4686606824398041,0.10764256119728088,0.11303932964801788,40.57020568847656,0.30968034267425537,8.217955589294434,0.3802950978279114,0.7163906097412109,0.29667457938194275,0.29667457938194275,0.0,251.69827270507812,0.5939485430717468,0.6025402545928955,0.18671348690986633,0.18345412611961365,35.89621353149414,0.3144124746322632,14.805780410766602,0.587685763835907,1.0288407802581787,0.3751406967639923,0.3751406967639923,0.0,378.55560302734375,0.5325701236724854,0.5347033143043518,0.16029848158359528,0.16414406895637512,74.74444580078125,0.33114635944366455,18.026456832885742,0.7268511056900024,1.2009375095367432
2018,2,30.745153953627163,103.84152090076935,5323.032,553.0,3.8578920364379883,16.218833923339844,21.037458419799805,24.66115379333496,1.2290090322494507,6.767648696899414,47.93852996826172,0.2738811671733856,0.2852690815925598,1.1884801387786865,390.3669128417969,0.5657845735549927,0.5944781303405762,0.4106728434562683,0.11138025671243668,53.17617416381836,0.36367562413215637,12.161826133728027,0.3350006639957428,0.5825566053390503,0.20780204236507416,0.24510113894939423,27.484153747558594,370.564453125,0.5500323176383972,0.5888214707374573,0.25928184390068054,0.11564727872610092,58.61041259765625,0.3190958797931671,4.832117080688477,0.27331414818763733,0.49931856989860535,0.2315530925989151,0.23976528644561768,7.502399444580078,356.6700134277344,0.5448392033576965,0.6317412853240967,0.2574731707572937,0.12315451353788376,43.4476203918457,0.3007422387599945,8.953015327453613,0.4000149965286255,0.7465263605117798,0.2994329631328583,0.2994329631328583,0.0,260.6434631347656,0.6453995108604431,0.6453995108604431,0.30658668279647827,0.20712916553020477,42.53291702270508,0.31407010555267334,15.3319673538208,0.5785895586013794,0.9856809377670288,0.3583897352218628,0.3583897352218628,0.0,387.66546630859375,0.5293124318122864,0.5293124318122864,0.1688147783279419,0.1432260274887085,81.47260284423828,0.33591341972351074,18.46026039123535,0.7095417380332947,1.1217490434646606
2018,2,30.306958093105038,103.69275637142428,5330.8276,486.0,1.4190030097961426,310.8050842285156,28.77134895324707,25.156768798828125,1.2382253408432007,6.907057762145996,37.19231414794922,0.28957653045654297,0.30267077684402466,0.0,428.5086669921875,0.5880654454231262,0.6127120852470398,0.4324107766151428,0.11731091886758804,47.13095474243164,0.36763373017311096,13.39089584350586,0.3520779013633728,0.5819190740585327,0.21193107962608337,0.25702324509620667,0.0,437.4498596191406,0.4716678261756897,0.5105334520339966,0.13464878499507904,0.08391545712947845,59.72956466674805,0.32426509261131287,6.161265850067139,0.2878553867340088,0.5179130434989929,0.24295324087142944,0.25298038125038147,0.0,404.3939208984375,0.5149136781692505,0.5986360907554626,0.17157475650310516,0.10529175400733948,41.77363967895508,0.3029320240020752,10.369074821472168,0.4240918457508087,0.7467929124832153,0.3101124167442322,0.3101124167442322,0.0,283.3482360839844,0.5927262902259827,0.5927262902259827,0.18045325577259064,0.1390664428472519,49.75240707397461,0.317861407995224,16.667543411254883,0.5968905687332153,0.9566977024078369,0.3609813451766968,0.3609813451766968,0.0,413.12298583984375,0.5319851040840149,0.5319851040840149,0.1571161448955536,0.12793314456939697,84.65802764892578,0.34216368198394775,19.672523498535156,0.7266797423362732,1.1319901943206787
2018,2,31.304623985499852,104.1875516016178,5337.651,568.0,2.359529495239258,66.86737823486328,-9999.0,-9999.0,-9999.0,-9999.0,-9999.0,0.26304468512535095,0.2706906795501709,1.8519959449768066,361.30767822265625,1.3842897415161133,1.3842897415161133,0.024058697745203972,0.3440723419189453,63.96489334106445,0.3765656054019928,11.232990264892578,0.3073352575302124,0.5552099943161011,0.21309465169906616,0.2399735450744629,42.82826232910156,314.1875915527344,0.5506685376167297,0.5704572796821594,0.21512958407402039,0.14111195504665375,65.07586669921875,0.3332892060279846,3.821962356567383,0.25511792302131653,0.45506712794303894,0.22080029547214508,0.2293231040239334,11.690908432006836,317.4277648925781,0.5782514214515686,0.6484476327896118,0.28012824058532715,0.1723482459783554,42.57375717163086,0.3144460618495941,7.839406490325928,0.36698681116104126,0.6936862468719482,0.29391416907310486,0.29391416907310486,0.0,245.49594116210938,0.6730695366859436,0.6730695366859436,0.3510758876800537,0.21044571697711945,37.120059967041016,0.3184073567390442,14.440937995910645,0.571304202079773,0.9995282888412476,0.3755474090576172,0.3755474090576172,0.0,370.88909912109375,0.5955278873443604,0.5955278873443604,0.27199074625968933,0.1776399165391922,76.35903930664062,0.33409926295280457,17.66138458251953,0.7056917548179626,1.1726542711257935
2018,2,28.644177146679283,103.96898876348317,5349.64,450.0,24.558443069458008,255.64227294921875,18.28072166442871,30.016864776611328,1.2766004800796509,6.54508113861084,34.35332107543945,0.27193933725357056,0.2926007807254791,0.0,396.1636657714844,0.5883179306983948,0.6331209540367126,0.39838066697120667,0.11598515510559082,55.91775894165039,0.4078383147716522,12.380114555358887,0.2649218440055847,0.43324217200279236,0.19717228412628174,0.2313746064901352,6.73537015914917,403.4502868652344,0.42699941992759705,0.42699941992759705,0.0585317499935627,0.08670233190059662,108.76498413085938,0.39588409662246704,5.587533950805664,0.2071022093296051,0.3737742006778717,0.21168899536132812,0.21529214084148407,0.0,366.99658203125,0.50905442237854,0.50905442237854,0.1650027185678482,0.11327115446329117,57.42536544799805,0.38081851601600647,9.410168647766113,0.3239956796169281,0.583705484867096,0.2872335612773895,0.2872335612773895,0.0,258.4490661621094,0.48528870940208435,0.48528870940208435,0.10513834655284882,0.09990643709897995,75.88690948486328,0.39806732535362244,15.202886581420898,0.41246193647384644,0.7525562644004822,0.4220195710659027,0.4220195710659027,0.0,381.3807678222656,0.37555813789367676,0.37555813789367676,0.06427706778049469,0.07899817824363708,95.37117004394531,0.40110304951667786,18.16098976135254,0.5003392100334167,0.7667642831802368
2018,2,29.79680571888345,104.43063503644537,5354.8584,495.0,17.125782012939453,183.47073364257812,32.95145034790039,24.651599884033203,1.2930548191070557,6.995518207550049,39.460262298583984,0.2836487591266632,0.2904438078403473,0.0,478.93603515625,0.5530722141265869,0.5665993094444275,0.434278666973114,0.11287219077348709,24.63762664794922,0.34974074363708496,14.966751098632812,0.43060341477394104,0.8219156265258789,0.20731398463249207,0.23530247807502747,0.0,550.7194213867188,0.47880709171295166,0.47880709171295166,0.07768061757087708,0.14364399015903473,47.174949645996094,0.30991652607917786,7.756611347198486,0.32686764001846313,0.6089962720870972,0.22543630003929138,0.22907666862010956,0.0,465.7749328613281,0.5221991539001465,0.542342483997345,0.16527189314365387,0.12911324203014374,23.951400756835938,0.28192174434661865,11.942947387695312,0.5017406940460205,0.9523930549621582,0.28897708654403687,0.28897708654403687,0.0,301.9928283691406,0.5924562811851501,0.5924562811851501,0.2542518973350525,0.16789546608924866,47.954933166503906,0.32103607058525085,17.764284133911133,0.6428401470184326,1.1553350687026978,0.3614247739315033,0.3614247739315033,0.0,443.50396728515625,0.540283739566803,0.540283739566803,0.2350727766752243,0.15499235689640045,66.16852569580078,0.34154045581817627,21.11923599243164,0.8107799887657166,1.1708438396453857
2018,2,31.823939812386275,104.9949565702642,5361.7563,627.0,9.402749061584473,246.98245239257812,29.78949737548828,24.191781997680664,1.2829610109329224,7.094513893127441,31.424095153808594,0.26721957325935364,0.2843027710914612,5.339315414428711,349.9627685546875,0.48329976201057434,0.48329976201057434,0.1390846222639084,0.12095503509044647,50.21826934814453,0.3751310706138611,10.769482612609863,0.32515478134155273,0.6506330370903015,0.2082912176847458,0.23808811604976654,82.75748443603516,313.4530334472656,0.6008603572845459,0.6200630068778992,0.23590593039989471,0.1643468737602234,47.12379837036133,0.3299461007118225,3.2492332458496094,0.2703198492527008,0.5347338914871216,0.22082369029521942,0.23124000430107117,22.301950454711914,310.142578125,0.48190468549728394,0.49032798409461975,0.2900165617465973,0.08301734179258347,26.944847106933594,0.30839625000953674,7.380529403686523,0.3761962950229645,0.7177451848983765,0.30437031388282776,0.30437031388282776,0.0,240.04624938964844,0.6298330426216125,0.6298330426216125,0.329834908246994,0.1995563954114914,26.698745727539062,0.32373762130737305,14.120368003845215,0.5686056613922119,1.0006892681121826,0.43709853291511536,0.43709853291511536,0.0,365.408447265625,0.6078133583068848,0.6078133583068848,0.3076423704624176,0.19204194843769073,66.28929138183594,0.32929542660713196,17.400402069091797,0.7046496868133545,1.238599419593811
2018,2,31.591638483905953,105.15557339020933,5364.991,486.0,6.55436897277832,350.47943115234375,23.903594970703125,26.648653030395508,1.3015625476837158,7.300000190734863,22.692996978759766,0.26845023036003113,0.28351303935050964,1.0321038961410522,419.5099792480469,0.25881534814834595,0.25881534814834595,-0.05640459805727005,0.05041313171386719,43.694358825683594,0.36573415994644165,13.077433586120605,0.39218926429748535,0.8223088383674622,0.21600079536437988,0.24690739810466766,18.141948699951172,423.0761413574219,0.33297494053840637,0.5222707986831665,0.08464071154594421,0.07522346079349518,44.75971984863281,0.3148723244667053,5.703298568725586,0.3192329704761505,0.6446818709373474,0.23604926466941833,0.24420857429504395,4.924869537353516,387.9045715332031,0.49093741178512573,0.4983593821525574,0.3280799984931946,0.08882881700992584,21.752933502197266,0.2856723368167877,9.819992065429688,0.4411624073982239,0.8276959657669067,0.32107803225517273,0.32107803225517273,0.0,277.5788879394531,0.744887113571167,0.744887113571167,0.4233894348144531,0.25921839475631714,23.733341217041016,0.3103219270706177,16.328170776367188,0.6428030729293823,1.128220796585083,0.42623186111450195,0.42623186111450195,0.0,413.5609130859375,0.6910989880561829,0.6910989880561829,0.3649323880672455,0.21640770137310028,64.56304931640625,0.3171921670436859,19.693376541137695,0.8184799551963806,1.4223530292510986
2018,2,31.46066130866308,104.37484722316569,5365.0093,571.0,1.0871981382369995,90.0,30.96320152282715,26.563201904296875,1.25,6.800000190734863,33.672393798828125,0.27530959248542786,0.28183987736701965,0.8862205743789673,387.2000427246094,0.41869330406188965,0.41869330406188965,0.07869750261306763,0.08971525728702545,62.27048873901367,0.3788488507270813,12.072307586669922,0.3244166076183319,0.5779926776885986,0.22477194666862488,0.2520618736743927,20.494260787963867,350.361572265625,0.44788897037506104,0.44788897037506104,0.15136079490184784,0.10325188934803009,61.8837890625,0.33232244849205017,4.6460185050964355,0.27170270681381226,0.4692324995994568,0.23092132806777954,0.24180972576141357,5.594355583190918,346.9974670410156,0.4880082309246063,0.4896221458911896,0.33459845185279846,0.0873589813709259,36.42082977294922,0.3086659610271454,8.753926277160645,0.3898395299911499,0.706607460975647,0.3093169927597046,0.3093169927597046,0.0,263.6858825683594,0.7080625891685486,0.7080625891685486,0.42154574394226074,0.22592821717262268,30.5926513671875,0.306294709444046,15.510933876037598,0.6263271570205688,1.0604137182235718,0.384999543428421,0.384999543428421,0.0,392.8459777832031,0.602719247341156,0.602719247341156,0.3383432626724243,0.17941845953464508,68.47683715820312,0.3225880563259125,18.706951141357422,0.7775011658668518,1.309077501296997
2018,2,31.470096766492176,104.44141268369154,5366.603,556.0,1.4289581775665283,229.5387725830078,30.372724533081055,22.822965621948242,1.2680329084396362,6.800000190734863,34.596771240234375,0.28148308396339417,0.2875348627567291,0.41952162981033325,402.248291015625,0.4402182698249817,0.4402182698249817,0.12915398180484772,0.14119480550289154,59.88146209716797,0.37760162353515625,12.557148933410645,0.3373894989490509,0.598881185054779,0.22967585921287537,0.25779128074645996,9.701632499694824,373.748046875,0.5585845708847046,0.5585845708847046,0.2748955488204956,0.17905130982398987,59.46466827392578,0.3294144868850708,5.127414226531982,0.2819991111755371,0.4823371171951294,0.23580977320671082,0.2473924607038498,2.6482722759246826,364.82525634765625,0.4853549897670746,0.4853549897670746,0.40958890318870544,0.18499022722244263,33.345863342285156,0.3037600815296173,9.286588668823242,0.40551823377609253,0.7251244783401489,0.3158729374408722,0.3158729374408722,0.0,273.344970703125,0.6966609358787537,0.6966609358787537,0.5184245705604553,0.26080960035324097,27.96001434326172,0.30007320642471313,16.079116821289062,0.6532732248306274,1.0962666273117065,0.38732537627220154,0.38732537627220154,0.0,404.5759582519531,0.601233184337616,0.601233184337616,0.42970192432403564,0.2090444564819336,65.18535614013672,0.31730422377586365,19.265522003173828,0.8124100565910339,1.367103099822998
2018,2,31.205988670197634,104.19078444988156,5368.043,543.0,2.3574488162994385,246.8457489013672,26.159984588623047,29.963838577270508,1.2330451011657715,6.800000190734863,38.05113983154297,0.2666625380516052,0.2740492522716522,1.608119010925293,373.5639953613281,0.04503714665770531,0.04503714665770531,0.09108918905258179,0.03247023746371269,60.06800079345703,0.37195053696632385,11.623620986938477,0.32242318987846375,0.5841047763824463,0.2146475464105606,0.24284538626670837,37.188499450683594,336.4956970214844,0.5221220850944519,0.5557900667190552,0.18709421157836914,0.13933096826076508,62.30355453491211,0.3276141881942749,4.215594291687012,0.26454105973243713,0.4725763499736786,0.2232479602098465,0.2313545197248459,10.151412010192871,332.78668212890625,0.5656311511993408,0.6620776653289795,0.2779226303100586,0.1831342726945877,40.641231536865234,0.30823227763175964,8.272699356079102,0.38329702615737915,0.7249055504798889,0.29583340883255005,0.29583340883255005,0.0,252.08131408691406,0.6340769529342651,0.6355045437812805,0.3165767788887024,0.20130042731761932,36.44368362426758,0.31436702609062195,14.828311920166016,0.5868683457374573,1.031672716140747,0.3732486069202423,0.3732486069202423,0.0,379.0464172363281,0.5779277086257935,0.5899427533149719,0.2541630268096924,0.16388000547885895,75.31365203857422,0.3315924406051636,18.049829483032227,0.7255443930625916,1.1922451257705688
2018,2,31.499201319068018,104.3532874695723,5374.687,585.0,1.8543341159820557,-0.0,30.783897399902344,26.658470153808594,1.2599999904632568,6.85061502456665,35.99184036254883,0.2725723087787628,0.27942100167274475,1.080703854560852,378.6861572265625,0.3205752372741699,0.3205752372741699,-0.01193512137979269,0.07261717319488525,64.54704284667969,0.3812841475009918,11.800169944763184,0.31463202834129333,0.5592390894889832,0.22297346591949463,0.24966444075107574,24.991777420043945,335.6075134277344,0.4944436550140381,0.4944436550140381,0.17418397963047028,0.1422385275363922,63.651824951171875,0.33558377623558044,4.3748698234558105,0.26525768637657166,0.4585084319114685,0.22904148697853088,0.24003994464874268,6.82205057144165,336.5690002441406,0.4886016249656677,0.48979103565216064,0.3346378803253174,0.08690531551837921,38.01824951171875,0.3125649094581604,8.455050468444824,0.379072904586792,0.687605619430542,0.307324081659317,0.307324081659317,0.0,258.8427734375,0.7620901465415955,0.7620901465415955,0.513805091381073,0.30706822872161865,31.536996841430664,0.3094418942928314,15.226045608520508,0.6134751439094543,1.0363543033599854,0.3854556381702423,0.3854556381702423,0.0,386.83392333984375,0.5921220779418945,0.5921220779418945,0.3384529948234558,0.17601832747459412,69.72588348388672,0.32488885521888733,18.42066192626953,0.7608801126480103,1.2874231338500977
2018,2,31.485993461747707,104.41500142815197,5382.074,570.0,5.651829719543457,168.94140625,30.864578247070312,25.483379364013672,1.2400000095367432,6.800000190734863,33.18881607055664,0.2787807881832123,0.2851068675518036,0.6180400848388672,394.7540588378906,0.432847261428833,0.432847261428833,0.13101322948932648,0.15223300457000732,61.5140495300293,0.37905368208885193,12.316750526428223,0.3297221064567566,0.5850013494491577,0.22767917811870575,0.2553412914276123,14.292463302612305,361.37506103515625,0.6030026078224182,0.6030026078224182,0.2625806927680969,0.20002414286136627,60.86293029785156,0.3316422700881958,4.888487339019775,0.27655935287475586,0.47421789169311523,0.23381850123405457,0.24530068039894104,3.901439666748047,355.78973388671875,0.4894942045211792,0.4908783435821533,0.33678868412971497,0.08815719187259674,34.8245735168457,0.30674973130226135,9.02277660369873,0.39677610993385315,0.711715817451477,0.31344109773635864,0.31344109773635864,0.0,268.8340148925781,0.6564481854438782,0.6564481854438782,0.36333945393562317,0.23942147195339203,29.028207778930664,0.3030068278312683,15.813765525817871,0.6409236788749695,1.0763182640075684,0.3869895339012146,0.3869895339012146,0.0,399.02874755859375,0.5916475653648376,0.5916475653648376,0.3310913145542145,0.20005223155021667,66.55044555664062,0.31962552666664124,19.001367568969727,0.7964106798171997,1.3433226346969604
2018,2,30.14202486334018,104.04498522273704,5388.3916,494.0,2.979330539703369,201.07928466796875,33.23926544189453,26.960399627685547,1.2409948110580444,7.300000190734863,36.4698371887207,0.28800153732299805,0.29644331336021423,0.0,452.22491455078125,0.388750284910202,0.388750284910202,0.07032918184995651,0.10858762264251709,37.063331604003906,0.35795748233795166,14.132028579711914,0.39392900466918945,0.7041007280349731,0.21518804132938385,0.2532047629356384,0.0,488.3146667480469,0.47592926025390625,0.5500614047050476,0.10882772505283356,0.09364932030439377,54.61481857299805,0.3149409294128418,6.877671241760254,0.30835774540901184,0.5589182376861572,0.2348465472459793,0.2412407398223877,0.0,432.815185546875,0.37885868549346924,0.4140806198120117,0.04310748726129532,0.09071175754070282,33.027740478515625,0.2917073965072632,11.097825050354004,0.4637005031108856,0.8524315357208252,0.3007313013076782,0.3007313013076782,0.0,292.56512451171875,0.4571276903152466,0.4571276903152466,0.08337463438510895,0.11828472465276718,47.463287353515625,0.31582388281822205,17.209712982177734,0.6293864846229553,1.0883718729019165,0.3631991147994995,0.3631991147994995,0.0,427.7563781738281,0.45120540261268616,0.4564431607723236,0.08488805592060089,0.13594795763492584,77.17240142822266,0.3394353687763214,20.36935043334961,0.7767674922943115,1.180155873298645
2018,2,31.487344569366908,104.41985293009812,5388.4272,553.0,0.9274099469184875,-0.0,29.207622528076172,24.31031608581543,1.242210865020752,6.800000190734863,35.238807678222656,0.2792305052280426,0.28552675247192383,0.5837748050689697,395.8011474609375,0.2613059878349304,0.2613059878349304,-0.13065500557422638,0.0635402724146843,61.37023162841797,0.37900930643081665,12.350543022155762,0.3305591642856598,0.586259126663208,0.22804021835327148,0.2557602822780609,13.500062942504883,362.9659423828125,0.3118193745613098,0.3118193745613098,-0.033709459006786346,0.07432335615158081,60.704689025878906,0.33148011565208435,4.922054767608643,0.2772580683231354,0.4750480353832245,0.23418349027633667,0.24572695791721344,3.6851367950439453,357.02313232421875,0.4631463289260864,0.4631463289260864,0.26225745677948,0.142492413520813,34.609893798828125,0.3064371347427368,9.059947967529297,0.3978165090084076,0.7127791047096252,0.3139408826828003,0.3139408826828003,0.0,269.521484375,0.6975750923156738,0.6975750923156738,0.403390109539032,0.22881093621253967,28.835006713867188,0.3025673031806946,15.854205131530762,0.6428432464599609,1.0786710977554321,0.38718974590301514,0.38718974590301514,0.0,399.8592834472656,0.5965543985366821,0.5965543985366821,0.2721722424030304,0.16607174277305603,66.30999755859375,0.3192446231842041,19.040918350219727,0.7988956570625305,1.3475898504257202
2018,2,31.484107262002098,104.30019741242995,5388.445,615.0,1.429078459739685,49.542884826660156,31.03409194946289,27.44092559814453,1.2564367055892944,6.800000190734863,32.61038589477539,0.26773253083229065,0.27492842078208923,1.4488307237625122,367.2526550292969,0.5254366397857666,0.5254366397857666,0.21067650616168976,0.15737155079841614,66.18669128417969,0.38190197944641113,11.43136978149414,0.30525946617126465,0.5447716116905212,0.21907444298267365,0.2451515793800354,33.504878997802734,318.1261291503906,0.5551975965499878,0.586127758026123,0.2868340313434601,0.18290796875953674,65.41278076171875,0.337483286857605,4.008749961853027,0.25756072998046875,0.449184387922287,0.2251485288143158,0.23552154004573822,9.145888328552246,323.0848388671875,0.6017833352088928,0.6781031489372253,0.21956413984298706,0.16713359951972961,40.37295150756836,0.3160743713378906,8.04971694946289,0.3675347566604614,0.6752130389213562,0.3020108938217163,0.3020108938217163,0.0,251.38494873046875,0.5214295387268066,0.5214295387268066,0.1999034583568573,0.1520053744316101,33.63059616088867,0.3142320215702057,14.787349700927734,0.5925900340080261,1.0099893808364868,0.38336673378944397,0.38336673378944397,0.0,377.80560302734375,0.34212008118629456,0.34212008118629456,0.12527059018611908,0.0710754469037056,72.33221435546875,0.32902324199676514,17.99074363708496,0.73382568359375,1.2413454055786133
2018,2,31.51105806876913,104.43278878225416,5401.372,567.0,1.8543341159820557,-0.0,30.585872650146484,27.304946899414062,1.268168330192566,6.900000095367432,36.9647331237793,0.2798396944999695,0.2862645983695984,0.9522331357002258,394.5924072265625,0.42066487669944763,0.42066487669944763,0.06165095418691635,0.0968945175409317,61.328006744384766,0.37939924001693726,12.301255226135254,0.32953009009361267,0.5836244225502014,0.2282663732767105,0.2560083270072937,16.513153076171875,361.8829040527344,0.47419190406799316,0.47419190406799316,0.142508864402771,0.11872805655002594,60.300331115722656,0.33183103799819946,4.864362716674805,0.276753306388855,0.47332388162612915,0.23434880375862122,0.246103897690773,4.585277557373047,355.8887939453125,0.38275280594825745,0.4522407054901123,0.1853056699037552,0.12416547536849976,34.265174865722656,0.30668777227401733,9.007782936096191,0.396932452917099,0.7096489071846008,0.31441158056259155,0.31441158056259155,0.05331959202885628,268.9816589355469,0.4502522945404053,0.4502522945404053,0.2599655091762543,0.12379994988441467,28.434162139892578,0.30243542790412903,15.819313049316406,0.6431575417518616,1.0769696235656738,0.388732373714447,0.388732373714447,0.012267312966287136,399.15216064453125,0.4521668553352356,0.4521668553352356,0.35732585191726685,0.11238839477300644,65.90843963623047,0.31898069381713867,19.00666046142578,0.7989256978034973,1.3495866060256958
2018,2,28.674088796545796,103.8889478995738,5407.141,622.0,13.683988571166992,43.0009765625,20.581764221191406,27.89810562133789,1.233830451965332,6.140080451965332,39.64537811279297,0.27244582772254944,0.29269298911094666,0.0,388.0741271972656,0.5893492102622986,0.6330844163894653,0.40062054991722107,0.11611168086528778,58.171112060546875,0.4120066463947296,12.12731647491455,0.25677353143692017,0.4215414822101593,0.19780480861663818,0.23242101073265076,7.479421615600586,386.3197021484375,0.3005847930908203,0.3005847930908203,0.0556030347943306,0.06909440457820892,111.33704376220703,0.40016353130340576,5.335778713226318,0.20139195024967194,0.3665630519390106,0.21211202442646027,0.21587185561656952,0.0,356.9324645996094,0.47343942523002625,0.4914233088493347,0.2917420566082001,0.07857424765825272,59.555335998535156,0.3864794671535492,9.152114868164062,0.3146110773086548,0.5659867525100708,0.2871496081352234,0.2871496081352234,0.0,254.26376342773438,0.4840717911720276,0.4840717911720276,0.06577266752719879,0.10533010214567184,77.90911102294922,0.40272000432014465,14.95669174194336,0.40207621455192566,0.7367672920227051,0.42102062702178955,0.42102062702178955,0.0,375.6595153808594,0.5068598985671997,0.5068598985671997,0.10833162814378738,0.12631893157958984,99.29346466064453,0.4058602750301361,17.888547897338867,0.4848017692565918,0.749101996421814
2018,2,29.92319447914233,104.50043334523494,5409.2676,390.0,11.07577133178711,221.90496826171875,28.735145568847656,25.843469619750977,1.31268310546875,7.31433629989624,36.17533874511719,0.28467676043510437,0.290073037147522,0.0,481.62322998046875,1.0826976299285889,1.6510154008865356,0.14105306565761566,0.23509758710861206,22.800418853759766,0.3426782786846161,15.050725936889648,0.4444698095321655,0.8567334413528442,0.2113455832004547,0.23889929056167603,0.0,553.0557250976562,0.42546430230140686,0.489429235458374,0.3344610929489136,0.08270921558141708,43.075992584228516,0.29978305101394653,7.789516925811768,0.3352203667163849,0.6227704882621765,0.2266267091035843,0.22951136529445648,0.0,468.6177978515625,0.43971335887908936,0.4855031967163086,0.09726458042860031,0.06691116839647293,21.649456024169922,0.2720540463924408,12.015841484069824,0.5149315595626831,0.9896942973136902,0.29101890325546265,0.29101890325546265,0.0,303.7905578613281,0.4368269443511963,0.4368269443511963,0.19632716476917267,0.08864951133728027,42.42247009277344,0.3105921447277069,17.870033264160156,0.6668884754180908,1.2228140830993652,0.35936158895492554,0.35936158895492554,0.0,446.3794250488281,0.4773486852645874,0.4773486852645874,0.13509024679660797,0.10518687963485718,63.05942153930664,0.33268678188323975,21.256162643432617,0.8424367904663086,1.2240171432495117
2018,2,30.088127708907184,103.71539522747263,5411.3965,435.0,4.661463737487793,66.60540008544922,26.745847702026367,29.438112258911133,1.2316162586212158,6.881242752075195,40.408939361572266,0.2884407043457031,0.3001561462879181,0.0,433.4101867675781,0.5923343896865845,0.6138975024223328,0.43930989503860474,0.11750927567481995,47.01141357421875,0.37548398971557617,13.544068336486816,0.34934350848197937,0.5785800814628601,0.21229657530784607,0.2564200162887573,0.0,451.5516357421875,0.45386040210723877,0.49306297302246094,0.12561793625354767,0.09256597608327866,66.37135314941406,0.33651629090309143,6.359882354736328,0.2832137644290924,0.5066459774971008,0.23740999400615692,0.246568500995636,0.0,410.437744140625,0.3802157938480377,0.49198031425476074,0.10687502473592758,0.08310798555612564,42.023529052734375,0.31539013981819153,10.52404499053955,0.4194282293319702,0.7311481833457947,0.30292946100234985,0.30292946100234985,0.0,284.3610534667969,0.45899727940559387,0.45899727940559387,0.09115184098482132,0.10461989790201187,57.58930587768555,0.3326238691806793,16.72711944580078,0.5780353546142578,0.9304938912391663,0.36834049224853516,0.36834049224853516,0.0,414.24285888671875,0.43355876207351685,0.43355876207351685,0.09613201022148132,0.10690025985240936,88.93036651611328,0.35493502020835876,19.72585105895996,0.7002983689308167,1.08759343624115
2018,2,30.12693526537532,103.70892953094514,5411.3965,444.0,1.417515754699707,310.8570251464844,26.100831985473633,28.94127655029297,1.2075616121292114,6.7342963218688965,36.01249313354492,0.28865283727645874,0.300626277923584,0.0,432.40020751953125,0.5917290449142456,0.613856852054596,0.4381312429904938,0.11748999357223511,47.111141204833984,0.37421903014183044,13.512506484985352,0.349521666765213,0.5782809257507324,0.21224485337734222,0.25659218430519104,0.0,448.7619323730469,0.48003458976745605,0.5516440272331238,0.23731015622615814,0.10367473214864731,65.289794921875,0.33449456095695496,6.320590496063232,0.28385889530181885,0.5082328915596008,0.23841141164302826,0.24774055182933807,0.0,409.1957702636719,0.43275371193885803,0.47950485348701477,0.18134444952011108,0.0998307392001152,42.045040130615234,0.31335562467575073,10.492198944091797,0.41993847489356995,0.7330568432807922,0.30422109365463257,0.30422109365463257,0.0,284.12255859375,0.5336974263191223,0.5336974263191223,0.20711348950862885,0.13424672186374664,56.26952362060547,0.3301153779029846,16.713090896606445,0.5810540318489075,0.9341828227043152,0.36708971858024597,0.36708971858024597,0.0,413.944580078125,0.5056824684143066,0.5056824684143066,0.17543740570545197,0.13838379085063934,88.27091217041016,0.3527761399745941,19.711647033691406,0.7044568657875061,1.0949431657791138
2018,2,31.046718498770648,104.21207219831071,5420.309,487.0,2.8487565517425537,49.411766052246094,24.937862396240234,31.442773818969727,1.2307968139648438,6.800000190734863,33.4870491027832,0.27323660254478455,0.2800038754940033,1.159554362297058,395.7059020996094,0.5465152859687805,0.5778703689575195,0.4025287926197052,0.11052000522613525,53.23186111450195,0.36395972967147827,12.329572677612305,0.3495860695838928,0.6366986632347107,0.21793538331985474,0.24822938442230225,26.81523323059082,376.4272155761719,0.4683598577976227,0.5088626146316528,0.21764270961284637,0.13638731837272644,57.354923248291016,0.3176463544368744,4.924112319946289,0.28161683678627014,0.503580629825592,0.22763080894947052,0.23504094779491425,7.319802284240723,360.376220703125,0.6677443385124207,0.6700701117515564,0.3369368016719818,0.20302122831344604,36.928611755371094,0.2971482276916504,9.052728652954102,0.41266584396362305,0.780717670917511,0.2995389699935913,0.2995389699935913,0.0,264.0943298339844,0.7286374568939209,0.7289854288101196,0.4473273456096649,0.24027889966964722,34.87932586669922,0.30681750178337097,15.534961700439453,0.6164462566375732,1.0924220085144043,0.3698044419288635,0.3698044419288635,0.0,393.9761047363281,0.6604633331298828,0.6611724495887756,0.3397964537143707,0.19538438320159912,73.05085754394531,0.32667139172554016,18.760766983032227,0.7634823322296143,1.232964277267456
2018,2,31.65254534519498,104.93027730948397,5420.338,610.0,5.954859733581543,338.615478515625,30.018970489501953,26.443496704101562,1.2912499904632568,7.299195766448975,34.535865783691406,0.27193161845207214,0.28533366322517395,2.8398585319519043,391.3611145019531,0.5263208150863647,0.5842097401618958,0.4099138677120209,0.1101033091545105,49.7377815246582,0.37161576747894287,12.141289710998535,0.35646265745162964,0.7105373740196228,0.21712374687194824,0.24690614640712738,42.57998275756836,375.5932922363281,0.43413251638412476,0.49967849254608154,0.14858479797840118,0.07172008603811264,48.66616439819336,0.3232240676879883,4.690328121185303,0.29372861981391907,0.5664716958999634,0.23123835027217865,0.24104446172714233,11.450657844543457,355.7927551269531,0.48774537444114685,0.49409958720207214,0.31663548946380615,0.08687126636505127,26.08387565612793,0.2973426580429077,8.82928466796875,0.41085806488990784,0.7652671337127686,0.3145740330219269,0.3145740330219269,0.0,263.4679870605469,0.6053348183631897,0.6053348183631897,0.31754010915756226,0.16963732242584229,25.426715850830078,0.31178390979766846,15.498117446899414,0.6219631433486938,1.079605221748352,0.4210963845252991,0.4210963845252991,0.0,394.7608947753906,0.5967909693717957,0.5967909693717957,0.30989107489585876,0.18488015234470367,65.12622833251953,0.32083097100257874,18.798137664794922,0.7805017828941345,1.349574327468872
2018,2,29.036288197814038,104.52765169806518,5421.8296,335.0,16.667695999145508,53.50580978393555,40.4827880859375,24.270971298217773,1.2846544981002808,6.191819190979004,31.792844772338867,0.2756243646144867,0.29096224904060364,0.0,475.1840515136719,0.563412606716156,0.5946528911590576,0.4131096601486206,0.1128610372543335,29.850261688232422,0.3650509715080261,14.849501609802246,0.3814626634120941,0.6812964677810669,0.19542329013347626,0.22414901852607727,0.0,558.7537841796875,0.41559064388275146,0.490970641374588,0.3044397234916687,0.0757962092757225,66.59107208251953,0.34009116888046265,7.869771480560303,0.29130223393440247,0.5270127058029175,0.21569979190826416,0.2192295640707016,0.0,463.2587890625,0.4870595633983612,0.4897836446762085,0.02422751672565937,0.07908757030963898,31.33807945251465,0.3114747703075409,11.878430366516113,0.45246511697769165,0.8348121047019958,0.2850132882595062,0.2850132882595062,0.0,298.7125549316406,0.5975286364555359,0.5975286364555359,0.05204172804951668,0.11397732049226761,58.62535095214844,0.3477936387062073,17.571327209472656,0.560522198677063,0.9809715747833252,0.39210695028305054,0.39210695028305054,0.0,437.9074401855469,0.6488105654716492,0.6488105654716492,0.15622690320014954,0.15457475185394287,65.88882446289062,0.35817617177963257,20.85273551940918,0.7086792588233948,1.0125861167907715
2018,2,30.09432585937147,103.63993831944623,5422.794,454.0,0.9274099469184875,180.0,19.75722312927246,33.67378234863281,1.2002663612365723,6.601796627044678,43.57712173461914,0.28866085410118103,0.301155686378479,0.0,428.83233642578125,0.595582902431488,0.6182946562767029,0.43965092301368713,0.11776137351989746,49.27006530761719,0.37881073355674744,13.401010513305664,0.33969196677207947,0.5509453415870667,0.21179808676242828,0.257394015789032,0.0,442.20159912109375,0.38416001200675964,0.5511771440505981,0.04437126964330673,0.0712810754776001,68.55687713623047,0.3403913378715515,6.228191375732422,0.27797436714172363,0.49566465616226196,0.23839004337787628,0.2482113391160965,0.0,404.9630432128906,0.36285731196403503,0.3714464604854584,0.09309197217226028,0.08052808791399002,44.0131721496582,0.31976357102394104,10.383667945861816,0.4099266231060028,0.7053413391113281,0.30395984649658203,0.30395984649658203,0.0,282.460693359375,0.36886098980903625,0.36886098980903625,0.03472196310758591,0.08019997924566269,59.249637603759766,0.33521437644958496,16.61533546447754,0.5682234764099121,0.8981899619102478,0.36902889609336853,0.36902889609336853,0.0,411.13946533203125,0.3536435663700104,0.3536435663700104,0.038890596479177475,0.08153527230024338,91.30101013183594,0.357413113117218,19.57806968688965,0.6853795051574707,1.0709937810897827
2018,2,31.17715612278606,104.25249840846125,5424.413,512.0,1.4263900518417358,49.45069122314453,21.330659866333008,28.26732635498047,1.257635235786438,6.900000095367432,35.833404541015625,0.2717406153678894,0.2784128785133362,1.2351969480514526,388.3485107421875,0.3598267436027527,0.3598267436027527,0.08176851272583008,0.0601806603372097,56.698638916015625,0.3687725365161896,12.097290992736816,0.3383977711200714,0.6145716905593872,0.21870377659797668,0.2475530207157135,28.564502716064453,361.11468505859375,0.47262975573539734,0.47319892048835754,0.10620007663965225,0.11718710511922836,59.45192337036133,0.32288604974746704,4.683805465698242,0.27556562423706055,0.4892304837703705,0.22679375112056732,0.23496107757091522,7.797304153442383,350.5826110839844,0.6479418277740479,0.6611014604568481,0.3180566728115082,0.22999578714370728,37.55211639404297,0.30204516649246216,8.789366722106934,0.4011772871017456,0.7540518045425415,0.300211638212204,0.300211638212204,0.0,260.8591003417969,0.7085595726966858,0.7090270519256592,0.38879749178886414,0.23329530656337738,34.19607162475586,0.3084671199321747,15.344653129577637,0.611802875995636,1.0752317905426025,0.3739526867866516,0.3739526867866516,0.0,389.94622802734375,0.6346877813339233,0.6410035490989685,0.29231998324394226,0.18974587321281433,72.4740219116211,0.32687708735466003,18.568866729736328,0.7580229043960571,1.240299105644226
2018,2,31.236711876455875,104.31367281581346,5430.2476,527.0,0.9274099469184875,-0.0,25.24146270751953,31.845232009887695,1.2661709785461426,6.765810012817383,33.8939323425293,0.274498850107193,0.28073418140411377,1.0114598274230957,394.0372619628906,0.3443467319011688,0.3474736511707306,0.04073333367705345,0.06822500377893448,56.60458755493164,0.36975038051605225,12.28205680847168,0.3419822156429291,0.6199432611465454,0.221903994679451,0.2504752576351166,23.390478134155273,368.56097412109375,0.43016135692596436,0.4328770339488983,0.09096674621105194,0.1045403853058815,58.83464813232422,0.3230682909488678,4.861556053161621,0.2792639136314392,0.49147751927375793,0.2289850115776062,0.2377527803182602,6.384941101074219,356.8717041015625,0.6435896158218384,0.6435896158218384,0.35472315549850464,0.17989511787891388,35.9150390625,0.3009779155254364,8.98684024810791,0.4060376286506653,0.755973756313324,0.3039334714412689,0.3039334714412689,0.0,265.015869140625,0.6857995986938477,0.6877681016921997,0.37727120518684387,0.23327279090881348,32.31438064575195,0.30547916889190674,15.5891695022583,0.625801682472229,1.091951608657837,0.37696847319602966,0.37696847319602966,0.0,395.0287170410156,0.6283199787139893,0.6283199787139893,0.3191177248954773,0.18313099443912506,70.25275421142578,0.32383400201797485,18.81089210510254,0.7765059471130371,1.2772876024246216
2018,2,29.99811629504232,104.24980511142498,5436.619,422.0,4.6273674964904785,180.0,23.382394790649414,30.100494384765625,1.3015505075454712,7.18666934967041,49.07443618774414,0.28627917170524597,0.2931203842163086,0.0,466.18463134765625,0.5771054029464722,0.5771054029464722,0.23455743491649628,0.1232760101556778,30.757843017578125,0.35291510820388794,14.568269729614258,0.41549304127693176,0.7703450918197632,0.2134815901517868,0.24667654931545258,0.0,519.7941284179688,0.4420725405216217,0.513753354549408,0.340218186378479,0.08315575867891312,50.927696228027344,0.3109014630317688,7.321043491363525,0.31915631890296936,0.5846598744392395,0.23006144165992737,0.23474019765853882,0.0,449.839599609375,0.6225310564041138,0.6461648344993591,0.33095768094062805,0.19778935611248016,28.083486557006836,0.2857136130332947,11.53434944152832,0.4851965010166168,0.9093546867370605,0.2949368953704834,0.2949368953704834,0.0,297.70782470703125,0.5772792100906372,0.5772792100906372,0.3633188307285309,0.18523529171943665,46.92092514038086,0.3166923224925995,17.512224197387695,0.6417289972305298,1.141330361366272,0.36302804946899414,0.36302804946899414,0.0,436.17578125,0.44337713718414307,0.44337713718414307,0.1978595107793808,0.1308698058128357,71.84496307373047,0.3392004668712616,20.770275115966797,0.7999144792556763,1.1895686388015747
2018,2,31.388169702837224,104.26597381184477,5439.3706,601.0,2.1487412452697754,149.64183044433594,31.49342155456543,26.190149307250977,1.2607831954956055,6.699999809265137,35.092987060546875,0.26699143648147583,0.2741599678993225,1.531876564025879,368.941162109375,0.4790533185005188,0.4790533185005188,0.16846303641796112,0.09948360174894333,64.04381561279297,0.3782823383808136,11.481539726257324,0.3113325834274292,0.5597107410430908,0.21744278073310852,0.24407604336738586,35.42535400390625,323.8624267578125,0.5081167221069336,0.5345014333724976,0.19316183030605316,0.13074800372123718,64.35334777832031,0.33393576741218567,4.062493801116943,0.25982823967933655,0.4572860896587372,0.22407959401607513,0.23355327546596527,9.670123100280762,325.84088134765625,0.5485071539878845,0.590378999710083,0.24652841687202454,0.16532133519649506,40.46103286743164,0.3133275508880615,8.106942176818848,0.372892826795578,0.6935890913009644,0.2993740737438202,0.2993740737438202,0.0,251.224365234375,0.5633705854415894,0.5633705854415894,0.26877573132514954,0.1662566363811493,34.6093864440918,0.3144175708293915,14.77790355682373,0.5900521278381348,1.0189919471740723,0.37979358434677124,0.37979358434677124,0.0,377.81390380859375,0.45456215739250183,0.45456215739250183,0.15059016644954681,0.12517347931861877,73.38783264160156,0.330009400844574,17.991138458251953,0.7303462624549866,1.2230242490768433
2018,2,31.552830927437814,105.78349508235345,5439.77,497.0,25.219507217407227,184.62689208984375,22.39216423034668,33.008033752441406,1.2495779991149902,6.512823581695557,35.24042892456055,0.2607201039791107,0.27920758724212646,0.0,443.658935546875,0.5941782593727112,0.6056172847747803,0.17024855315685272,0.1387777477502823,35.397884368896484,0.36061638593673706,13.864341735839844,0.4182294011116028,0.8994766473770142,0.2106606364250183,0.2428830862045288,3.7513108253479004,474.8395080566406,0.6021589040756226,0.6410019397735596,0.1979578286409378,0.14004634320735931,44.76148986816406,0.3145691454410553,6.635045051574707,0.3333108127117157,0.693588376045227,0.23936736583709717,0.24486680328845978,0.8024963140487671,411.98748779296875,0.49373629689216614,0.5035170316696167,0.33559635281562805,0.0903446152806282,23.534469604492188,0.28989943861961365,10.543204307556152,0.4353587329387665,0.8168608546257019,0.3263178765773773,0.3263178765773773,0.0,286.85223388671875,0.6697432994842529,0.6697432994842529,0.2857474684715271,0.16582009196281433,33.159698486328125,0.3235020041465759,16.873661041259766,0.6116486191749573,1.1051496267318726,0.4384769797325134,0.4384769797325134,0.0,425.72222900390625,0.691189706325531,0.691189706325531,0.2992401719093323,0.16979236900806427,77.57135772705078,0.3322027921676636,20.272485733032227,0.7773059606552124,1.3752676248550415
2018,2,31.277138086606417,104.17704150043484,5442.23,561.0,0.0,-0.0,27.54233741760254,26.500606536865234,1.2300000190734863,6.800000190734863,38.21880340576172,0.2631796896457672,0.2708638608455658,1.8495022058486938,362.38287353515625,0.0815417617559433,0.0815417617559433,0.0889185220003128,0.0388767309486866,63.32560729980469,0.37562087178230286,11.266668319702148,0.30923527479171753,0.5590678453445435,0.212790846824646,0.23994943499565125,42.77059555053711,316.6502685546875,0.38642314076423645,0.5054764151573181,0.08488844335079193,0.10362476110458374,64.71759033203125,0.33230552077293396,3.8574602603912354,0.25605469942092896,0.45761924982070923,0.2208407074213028,0.22919140756130219,11.675167083740234,318.923828125,0.5925015211105347,0.7482647895812988,0.3347107172012329,0.21035455167293549,42.539676666259766,0.31358975172042847,7.878170967102051,0.36887574195861816,0.6985569596290588,0.29359668493270874,0.29359668493270874,0.0,245.8835906982422,0.7063278555870056,0.7063395380973816,0.41125035285949707,0.24428656697273254,37.340938568115234,0.31825217604637146,14.463741302490234,0.5714597105979919,1.0019052028656006,0.37462571263313293,0.37462571263313293,0.0,371.3777770996094,0.6114256381988525,0.611464262008667,0.3212129473686218,0.1778266429901123,76.57736206054688,0.33421432971954346,17.684656143188477,0.705774188041687,1.1694276332855225
2018,2,31.458775108917482,104.21665615419364,5444.4263,651.0,1.8543341159820557,180.0,28.89859962463379,26.754037857055664,1.2843095064163208,6.8735761642456055,35.16791534423828,0.26047563552856445,0.2682456076145172,2.0013701915740967,349.990478515625,0.401252806186676,0.401252806186676,0.053914625197649,0.08631099760532379,68.67574310302734,0.3828706443309784,10.874659538269043,0.2909378111362457,0.5222420692443848,0.21312062442302704,0.23834748566150665,46.28261184692383,291.7209167480469,0.3800892233848572,0.4467589855194092,0.07877018302679062,0.08568169921636581,68.08589935302734,0.3403966426849365,3.4568777084350586,0.24587339162826538,0.43502750992774963,0.2193552851676941,0.2288082093000412,12.633848190307617,302.74652099609375,0.5156122446060181,0.5887544751167297,0.18469275534152985,0.1373949944972992,43.98383712768555,0.32142162322998047,7.43878698348999,0.34998905658721924,0.6559849381446838,0.29405680298805237,0.29405680298805237,0.0,240.14065551757812,0.6135349869728088,0.6135349869728088,0.27754417061805725,0.18557246029376984,36.85120391845703,0.32150986790657043,14.125921249389648,0.5608087778091431,0.9690597653388977,0.38014188408851624,0.38014188408851624,0.0,364.1670837402344,0.541044294834137,0.541044294834137,0.20651140809059143,0.1553002893924713,76.33106994628906,0.33532842993736267,17.341289520263672,0.6926037073135376,1.1710690259933472
2018,2,31.438834009006463,104.3390049688981,5445.1616,579.0,4.437232494354248,77.95928955078125,32.264610290527344,25.397764205932617,1.260599136352539,6.800000190734863,31.175874710083008,0.2723581790924072,0.27909064292907715,1.1141958236694336,380.6734313964844,0.35503268241882324,0.35503268241882324,0.07306279987096786,0.10171157866716385,62.95917892456055,0.37874269485473633,11.861227035522461,0.3196740448474884,0.5713893175125122,0.22225762903690338,0.2492591291666031,25.76629638671875,340.7931823730469,0.4749348759651184,0.4749348759651184,0.16835620999336243,0.14210154116153717,62.78515625,0.3329821228981018,4.43699836730957,0.267455130815506,0.46478432416915894,0.22848650813102722,0.2388891726732254,7.033472537994385,339.40020751953125,0.21990779042243958,0.21990779042243958,0.20276783406734467,0.09082625061273575,37.822696685791016,0.3103799521923065,8.522223472595215,0.3837268352508545,0.7016788721084595,0.3058396875858307,0.3058396875858307,0.0,259.2646484375,0.5846021175384521,0.5846021175384521,0.33288857340812683,0.19207800924777985,31.956506729125977,0.3091461658477783,15.250862121582031,0.6136687397956848,1.0460094213485718,0.38330042362213135,0.38330042362213135,0.0,387.5196533203125,0.5116479992866516,0.5116479992866516,0.20164799690246582,0.15174242854118347,70.15331268310547,0.32515713572502136,18.453317642211914,0.7610777020454407,1.27949059009552
2018,2,31.20033007096081,104.33981652528982,5455.198,515.0,2.167617082595825,270.0,22.925983428955078,31.95829200744629,1.2641923427581787,6.87130880355835,35.094242095947266,0.27709969878196716,0.28294000029563904,0.8266953229904175,402.4490661621094,0.4034040570259094,0.4034040570259094,0.11511259526014328,0.056472647935152054,54.304195404052734,0.36723199486732483,12.550698280334473,0.35199862718582153,0.63978111743927,0.22375565767288208,0.2528019845485687,19.117712020874023,383.2058410644531,0.5560643672943115,0.5591426491737366,0.21870827674865723,0.15952159464359283,57.0521125793457,0.3197222054004669,5.128001689910889,0.28575679659843445,0.5023052096366882,0.23068048059940338,0.23928506672382355,5.218596935272217,367.15447998046875,0.4804210364818573,0.4846663475036621,0.32756003737449646,0.08698032796382904,34.253143310546875,0.2970125675201416,9.280406951904297,0.41693463921546936,0.7758410573005676,0.3057401776313782,0.3057401776313782,0.0,269.7564392089844,0.756440281867981,0.7622048854827881,0.4557044506072998,0.2701456844806671,31.304460525512695,0.3023093640804291,15.868024826049805,0.6388162970542908,1.1176215410232544,0.3765731453895569,0.3765731453895569,0.0,400.96075439453125,0.674788236618042,0.6762850284576416,0.35153189301490784,0.21241092681884766,68.93745422363281,0.3214830458164215,19.09337043762207,0.793420672416687,1.2994434833526611
2018,2,31.18119606834048,104.25276595452446,5461.6504,513.0,0.0,-0.0,22.08606719970703,29.495820999145508,1.2603932619094849,6.900000095367432,32.025142669677734,0.2716527283191681,0.2783331274986267,1.2407259941101074,387.99774169921875,0.41581350564956665,0.41581350564956665,0.15852318704128265,0.10530681908130646,56.829627990722656,0.36894094944000244,12.086156845092773,0.3379153907299042,0.6136025190353394,0.21868041157722473,0.2474886178970337,28.692365646362305,360.44415283203125,0.48789092898368835,0.49160414934158325,0.1325644850730896,0.10032828152179718,59.53961181640625,0.3230823576450348,4.672560691833496,0.2752832770347595,0.48865994811058044,0.22674190998077393,0.23493161797523499,7.832206726074219,350.1357116699219,0.4481351673603058,0.5082823634147644,0.19706091284751892,0.1282307654619217,37.60405349731445,0.30224642157554626,8.777012825012207,0.40067124366760254,0.752981424331665,0.30019256472587585,0.30019256472587585,0.0,260.6836853027344,0.6561281085014343,0.6609447598457336,0.27818071842193604,0.20078498125076294,34.203521728515625,0.3085745573043823,15.334335327148438,0.6114096641540527,1.0742392539978027,0.3740563988685608,0.3740563988685608,0.0,389.7260437011719,0.5488016605377197,0.5502134561538696,0.2181852012872696,0.15700913965702057,72.49057006835938,0.3269338607788086,18.558382034301758,0.7575232982635498,1.2399792671203613
2018,2,31.15209151576463,104.15224443947663,5466.029,537.0,1.4261728525161743,49.44322204589844,27.000810623168945,28.293079376220703,1.2102009057998657,6.800000190734863,35.25611877441406,0.2660222351551056,0.27369803190231323,1.6710561513900757,372.8993835449219,0.4893215596675873,0.4893215596675873,0.010325541719794273,0.133081316947937,59.42536163330078,0.3706721365451813,11.600885391235352,0.3229847550392151,0.5851457715034485,0.21313436329364777,0.24189108610153198,38.64394760131836,336.759033203125,0.461875855922699,0.4857527017593384,0.14886942505836487,0.1203947365283966,62.14101028442383,0.32657143473625183,4.198803901672363,0.26422935724258423,0.4744809567928314,0.2227599322795868,0.23053400218486786,10.54870891571045,332.4316711425781,0.5650919079780579,0.6867790222167969,0.26692646741867065,0.1624954342842102,41.252628326416016,0.3077413737773895,8.253409385681152,0.3835289776325226,0.728533923625946,0.29442110657691956,0.29442110657691956,0.0,251.1915283203125,0.6098949909210205,0.6100330352783203,0.28953054547309875,0.19468919932842255,37.42259216308594,0.3152623772621155,14.775972366333008,0.5819730162620544,1.026483416557312,0.3711087703704834,0.3711087703704834,0.0,377.9183349609375,0.5216611623764038,0.5405519008636475,0.178990438580513,0.1522321105003357,76.40859985351562,0.33283913135528564,17.996110916137695,0.7188472747802734,1.1752099990844727
2018,2,31.221350273326756,104.30532091954036,5468.846,522.0,1.8543341159820557,-0.0,23.673423767089844,31.48771095275879,1.2599999904632568,6.800000190734863,35.900733947753906,0.27424687147140503,0.28051331639289856,1.0347415208816528,393.88507080078125,0.2669297754764557,0.2748348116874695,7.618327072123066E-5,0.057599909603595734,56.35763931274414,0.3692646026611328,12.276572227478027,0.3424570560455322,0.6212865710258484,0.22150176763534546,0.25016745924949646,23.928878784179688,368.7792053222656,0.41463425755500793,0.41477060317993164,0.11230692267417908,0.09491508454084396,58.74909210205078,0.32264184951782227,4.857046604156494,0.2792944014072418,0.4922897219657898,0.22873419523239136,0.23736129701137543,6.531908988952637,356.81207275390625,0.6659446954727173,0.6676988005638123,0.3857915997505188,0.2062109261751175,36.0351448059082,0.3007246255874634,8.981542587280273,0.4063549041748047,0.7579640746116638,0.30339890718460083,0.30339890718460083,0.0,264.74114990234375,0.7617451548576355,0.7621939182281494,0.4583609998226166,0.27840477228164673,32.55611801147461,0.30569323897361755,15.57300853729248,0.6245954632759094,1.0918217897415161,0.37634631991386414,0.37634631991386414,0.0,394.7132568359375,0.6780414581298828,0.6800858974456787,0.3595237731933594,0.21980740129947662,70.5252914428711,0.32414916157722473,18.795869827270508,0.7748913168907166,1.2727123498916626
2018,2,31.19547856901466,104.33846541767062,5472.2393,513.0,1.8543341159820557,180.0,23.336824417114258,31.254268646240234,1.2595309019088745,6.900000095367432,35.73296356201172,0.277102530002594,0.28293877840042114,0.827868640422821,402.6336669921875,0.3112189471721649,0.3112189471721649,0.020071612671017647,0.09947565197944641,54.17909240722656,0.3670389950275421,12.55643081665039,0.3523924648761749,0.6406754851341248,0.22370357811450958,0.2527844309806824,19.144845962524414,383.65185546875,0.5010384321212769,0.502987265586853,0.165675088763237,0.12145324051380157,56.98225402832031,0.3195221424102783,5.133901119232178,0.28593939542770386,0.5028045177459717,0.23065845668315887,0.23922179639339447,5.226003170013428,367.4120178222656,0.17160172760486603,0.17160172760486603,0.10312046110630035,0.09635048359632492,34.23809051513672,0.29684045910835266,9.286821365356445,0.4173099398612976,0.7768973708152771,0.30564865469932556,0.30564865469932556,0.0,269.8114013671875,0.7594435811042786,0.7597702145576477,0.4683924615383148,0.2759679853916168,31.337900161743164,0.30227866768836975,15.871258735656738,0.6388600468635559,1.1183059215545654,0.37640488147735596,0.37640488147735596,0.0,401.0376892089844,0.643053412437439,0.6518253684043884,0.36077260971069336,0.20059944689273834,68.97056579589844,0.3214995861053467,19.09703254699707,0.7934670448303223,1.2988783121109009
2018,2,31.026777398859643,104.2233938558854,5475.9033,488.0,2.848416805267334,130.59410095214844,25.092824935913086,32.360591888427734,1.235203742980957,6.800000190734863,40.18622970581055,0.2744530439376831,0.28103598952293396,1.0738946199417114,399.7279052734375,0.12473089247941971,0.12473089247941971,0.08050080388784409,0.053309421986341476,52.09225845336914,0.3626827895641327,12.457937240600586,0.3544619679450989,0.6464025378227234,0.21876785159111023,0.24930524826049805,24.83431053161621,383.4962463378906,0.3909338712692261,0.4551554322242737,0.08646173775196075,0.12427683919668198,56.48664855957031,0.31598004698753357,5.051576614379883,0.2847401797771454,0.5088956356048584,0.22841309010982513,0.23572589457035065,6.779067039489746,365.31085205078125,0.5690281391143799,0.5716521739959717,0.2802662253379822,0.1813846081495285,36.14791488647461,0.2952083945274353,9.193122863769531,0.4179442822933197,0.7905297875404358,0.3003349304199219,0.3003349304199219,0.0,266.33514404296875,0.7751243114471436,0.7775287628173828,0.48164132237434387,0.301606684923172,34.428977966308594,0.30532482266426086,15.666773796081543,0.6225279569625854,1.1047134399414062,0.36952629685401917,0.36952629685401917,0.0,396.78338623046875,0.6714524030685425,0.6751237511634827,0.3839680254459381,0.22643613815307617,72.4581069946289,0.3255867660045624,18.894447326660156,0.771378755569458,1.2429604530334473
2018,2,31.176616571558586,104.20506695055573,5484.09,527.0,0.9274099469184875,-0.0,23.87948226928711,29.754735946655273,1.2269995212554932,6.699999809265137,37.491371154785156,0.2686039209365845,0.27577295899391174,1.4706192016601562,379.6258239746094,0.5400371551513672,0.5755506753921509,0.3953491747379303,0.1086525246500969,58.42815399169922,0.3701833188533783,11.817350387573242,0.3294122815132141,0.597480297088623,0.21589148044586182,0.2445344477891922,34.008750915527344,347.03375244140625,0.5705978274345398,0.6007022261619568,0.20647117495536804,0.17780959606170654,61.03829574584961,0.32526347041130066,4.4088029861450195,0.2691308557987213,0.4802732765674591,0.2245827317237854,0.23260407149791718,9.283430099487305,340.2237548828125,0.6462167501449585,0.6834016442298889,0.3307287096977234,0.2204502373933792,39.51856994628906,0.3054398000240326,8.485649108886719,0.3909817337989807,0.7385294437408447,0.29722583293914795,0.29722583293914795,0.0,255.5181121826172,0.5907148122787476,0.5907917618751526,0.3172685205936432,0.1703660935163498,35.79625701904297,0.31214430928230286,15.030477523803711,0.5959120392799377,1.048662781715393,0.3728678226470947,0.3728678226470947,0.0,383.31072998046875,0.5589362382888794,0.5856116414070129,0.23916561901569366,0.1447688788175583,74.45172119140625,0.32998332381248474,18.252891540527344,0.7372285723686218,1.2072563171386719
2018,2,30.96371679176181,104.24090920482334,5487.1567,476.0,1.081503987312317,90.0,23.695293426513672,29.97538948059082,1.234951138496399,6.800000190734863,42.431129455566406,0.2772022485733032,0.28340086340904236,0.8855267763137817,409.3268737792969,0.36991095542907715,0.36991095542907715,0.07166467607021332,0.061550211161375046,49.1173095703125,0.3591727316379547,12.763792037963867,0.36658453941345215,0.6706587672233582,0.22037182748317719,0.25163590908050537,20.47821617126465,400.8017883300781,0.4926756024360657,0.5978749990463257,0.2654426097869873,0.15940995514392853,54.31624984741211,0.3115878403186798,5.356670379638672,0.29228508472442627,0.5224500894546509,0.2301352173089981,0.2371004968881607,5.589975833892822,377.2171325683594,0.6407942175865173,0.6407942175865173,0.36993035674095154,0.21842388808727264,34.404666900634766,0.29031386971473694,9.528902053833008,0.4309285581111908,0.8157509565353394,0.3018205165863037,0.3018205165863037,0.0,271.5204772949219,0.7441843152046204,0.7441843152046204,0.47371602058410645,0.2764407694339752,33.59897994995117,0.3019365966320038,15.971793174743652,0.6359862685203552,1.133598804473877,0.3682384192943573,0.3682384192943573,0.0,403.2875061035156,0.627501904964447,0.627501904964447,0.373582661151886,0.1946369707584381,71.31416320800781,0.32329031825065613,19.204166412353516,0.7887735366821289,1.262518048286438
2018,2,30.318275291578683,103.60113076297809,5493.334,515.0,3.704791784286499,-0.0,22.295734405517578,27.985857009887695,1.2242624759674072,6.8758111000061035,43.96088409423828,0.28971460461616516,0.3041260242462158,0.0,422.7318115234375,0.5905807018280029,0.6172192692756653,0.43181926012039185,0.11737098544836044,49.71544647216797,0.3711678981781006,13.210369110107422,0.3400588929653168,0.5479832887649536,0.21037845313549042,0.2571147382259369,0.0,425.7500915527344,0.48969918489456177,0.5229259133338928,0.17053458094596863,0.0937938541173935,61.65749740600586,0.328332781791687,5.9964799880981445,0.2816637456417084,0.50614994764328,0.24451439082622528,0.2554987668991089,0.0,397.5482482910156,0.49977606534957886,0.5446702241897583,0.14124609529972076,0.10718804597854614,44.16336441040039,0.3073587417602539,10.193544387817383,0.412714421749115,0.7160263061523438,0.31178581714630127,0.31178581714630127,0.0,280.9517517089844,0.5146146416664124,0.5146146416664124,0.13353128731250763,0.12954621016979218,51.354068756103516,0.32038506865501404,16.526573181152344,0.5848985314369202,0.9140281081199646,0.36087802052497864,0.36087802052497864,0.0,409.3173828125,0.44700703024864197,0.44700703024864197,0.08411185443401337,0.11040149629116058,86.91474914550781,0.34451955556869507,19.491304397583008,0.7093072533607483,1.1106873750686646
2018,2,30.28135393485615,103.62403716508963,5493.334,466.0,6.025876998901367,117.39035034179688,24.777612686157227,27.474220275878906,1.1936472654342651,6.800000190734863,38.534385681152344,0.28952905535697937,0.30338627099990845,0.0,424.7541809082031,0.5909485220909119,0.6165871024131775,0.4331856667995453,0.11742933839559555,49.176143646240234,0.3717292249202728,13.273568153381348,0.3422214984893799,0.5546979308128357,0.21091805398464203,0.2571788728237152,0.0,430.4825134277344,0.5042752623558044,0.5749913454055786,0.2094147652387619,0.0990138128399849,62.40553283691406,0.3294902443885803,6.06313419342041,0.28221994638442993,0.5066210627555847,0.24325810372829437,0.2538796067237854,0.0,399.9717102050781,0.5064815878868103,0.5614444613456726,0.2006462961435318,0.11123284697532654,43.70146179199219,0.30851271748542786,10.255684852600098,0.4143652021884918,0.7199942469596863,0.31024134159088135,0.31024134159088135,0.0,281.6310729980469,0.48797059059143066,0.48797059059143066,0.17836804687976837,0.12370236217975616,52.307029724121094,0.3222586512565613,16.5665340423584,0.5845013856887817,0.9195168614387512,0.3622022867202759,0.3622022867202759,0.0,410.30291748046875,0.4190843105316162,0.4328392446041107,0.10904063284397125,0.10791511088609695,87.20624542236328,0.346122682094574,19.538232803344727,0.7087383270263672,1.1084431409835815
2018,2,31.864633568600027,105.92875475827051,5517.286,685.0,14.558366775512695,175.7911834716797,26.811172485351562,27.347740173339844,1.2620242834091187,6.626187801361084,33.147151947021484,0.2623089551925659,0.286310613155365,0.0,382.83837890625,0.6380882859230042,0.7061105966567993,0.1950918734073639,0.14454391598701477,41.20142364501953,0.3738480508327484,11.963699340820312,0.34744492173194885,0.708031952381134,0.20337070524692535,0.23690159618854523,25.316755294799805,357.9643249511719,0.4967138469219208,0.5834453105926514,0.11764790862798691,0.09546764940023422,49.980045318603516,0.334341824054718,4.685176849365234,0.2865718901157379,0.5928583145141602,0.22358807921409607,0.23349575698375702,4.423093318939209,343.1741943359375,0.47379976511001587,0.49368539452552795,0.058428432792425156,0.08057858794927597,29.0468807220459,0.3193369209766388,8.685925483703613,0.36865246295928955,0.6883801817893982,0.3134826123714447,0.3134826123714447,0.0,259.57568359375,0.6224702000617981,0.6224702000617981,0.20286589860916138,0.14826492965221405,37.82575225830078,0.3413480222225189,15.269158363342285,0.5348379015922546,0.9555625915527344,0.4612813889980316,0.4612813889980316,0.0,387.50482177734375,0.6923325061798096,0.6969357132911682,0.2704305946826935,0.2057460993528366,76.98553466796875,0.347671777009964,18.452611923217773,0.6580871343612671,1.2080918550491333
2018,2,31.404610408421277,104.19967589738214,5519.421,636.0,2.3616561889648438,113.11055755615234,31.067428588867188,23.718603134155273,1.258636474609375,6.7288970947265625,36.28728103637695,0.2606710195541382,0.2684451937675476,2.0019755363464355,352.222412109375,0.23764730989933014,0.23764730989933014,-0.03490964695811272,0.04265018552541733,67.31620788574219,0.3808330297470093,10.944388389587402,0.2951697111129761,0.5313670635223389,0.21257711946964264,0.23827223479747772,46.29661178588867,296.8710632324219,0.38723912835121155,0.42357850074768066,0.10194886475801468,0.08267568051815033,67.31529998779297,0.3382653295993805,3.5292177200317383,0.2479255199432373,0.44048798084259033,0.21930165588855743,0.22835448384284973,12.637669563293457,305.826904296875,0.34489133954048157,0.5715579986572266,0.20060066878795624,0.12735335528850555,43.8317756652832,0.31955644488334656,7.517672538757324,0.35412269830703735,0.6669818758964539,0.2932738959789276,0.2932738959789276,0.0,240.91400146484375,0.5117483139038086,0.5117483139038086,0.26316556334495544,0.1631893366575241,37.22789001464844,0.32112443447113037,14.171412467956543,0.5614712238311768,0.9757210612297058,0.378310889005661,0.378310889005661,0.0,365.1847229003906,0.5093210339546204,0.5093210339546204,0.2032492309808731,0.14850372076034546,76.69721221923828,0.33548223972320557,17.389747619628906,0.6932930946350098,1.1652792692184448
2018,2,30.50611492345509,105.07149258074554,5522.8374,377.0,15.788899421691895,216.72816467285156,29.076980590820312,27.078598022460938,1.2863056659698486,7.070380210876465,36.255958557128906,0.2907310426235199,0.2913556396961212,0.0,478.70452880859375,0.36680886149406433,0.36680886149406433,0.034251533448696136,0.08220784366130829,22.547407150268555,0.33140063285827637,14.959516525268555,0.46177807450294495,0.9367631673812866,0.23193387687206268,0.26432281732559204,0.0,542.1808471679688,0.5937233567237854,0.7032546401023865,0.2614731788635254,0.1571180820465088,37.01837158203125,0.28225642442703247,7.636350154876709,0.3444623351097107,0.6144093871116638,0.23434385657310486,0.23588478565216064,0.0,461.0186767578125,0.6693075299263,0.6693075299263,0.35382598638534546,0.2046065777540207,19.95005226135254,0.25868284702301025,11.820991516113281,0.5077345967292786,0.9274317026138306,0.30264556407928467,0.30264556407928467,0.0,299.67926025390625,0.6635555624961853,0.6635555624961853,0.45266884565353394,0.22436630725860596,36.94264602661133,0.3009156882762909,17.628190994262695,0.6543922424316406,1.221362590789795,0.3577631115913391,0.3577631115913391,0.0,443.83099365234375,0.5827840566635132,0.5827840566635132,0.34349045157432556,0.18709833920001984,73.67293548583984,0.32091307640075684,21.134809494018555,0.8457586169242859,1.3751288652420044
2018,2,31.519414424143285,105.43827593789673,5522.9443,526.0,4.292985916137695,149.60684204101562,22.67947006225586,29.392024993896484,1.3021886348724365,7.052144527435303,32.3546142578125,0.2621276080608368,0.2792919874191284,0.03946204483509064,449.93475341796875,0.48337361216545105,0.48337361216545105,0.0796303004026413,0.10942769050598145,35.941898345947266,0.35715293884277344,14.05922794342041,0.43681997060775757,0.9709610342979431,0.21276211738586426,0.24463190138339996,1.8724801540374756,481.6911926269531,0.4348508417606354,0.4999612867832184,0.1146056205034256,0.10212433338165283,39.22728729248047,0.3034743070602417,6.758009910583496,0.34991446137428284,0.7436875700950623,0.24092549085617065,0.24640758335590363,0.5256971716880798,423.1162414550781,0.49460163712501526,0.5037080645561218,0.33985480666160583,0.09089867025613785,16.672494888305664,0.2705058455467224,10.835655212402344,0.4769046902656555,0.9073823094367981,0.32724881172180176,0.32724881172180176,0.0,291.1382751464844,0.5819432139396667,0.5819432139396667,0.26621004939079285,0.1586417555809021,21.983089447021484,0.3100030720233917,17.125782012939453,0.661980390548706,1.1855597496032715,0.43328794836997986,0.43328794836997986,0.0,432.7433776855469,0.6126641631126404,0.6126641631126404,0.2895013093948364,0.1868503838777542,65.13341522216797,0.3137451112270355,20.606826782226562,0.8579914569854736,1.498160481452942
2018,2,30.169243216170408,103.98650857152214,5526.9644,479.0,7.735103607177734,326.5369567871094,35.772987365722656,26.261720657348633,1.259515404701233,7.129905700683594,39.88118362426758,0.2883191704750061,0.2973967492580414,0.0,448.3511657714844,0.4648302495479584,0.4648302495479584,0.10345025360584259,0.12446709722280502,38.79273223876953,0.35970810055732727,14.010973930358887,0.3871287405490875,0.6840289235115051,0.2150121033191681,0.25426220893859863,0.0,479.9379577636719,0.5790004730224609,0.6395819783210754,0.20639312267303467,0.12375200539827347,55.70226287841797,0.31665778160095215,6.759689807891846,0.3049238622188568,0.5515872836112976,0.23607949912548065,0.24302184581756592,0.0,428.1473693847656,0.4646398425102234,0.4988558888435364,0.1308034509420395,0.10088656097650528,34.48506164550781,0.29383280873298645,10.978137969970703,0.4571058750152588,0.8348075151443481,0.3021654784679413,0.3021654784679413,0.0,291.066650390625,0.4432303309440613,0.4432303309440613,0.10233365744352341,0.09645558893680573,47.955238342285156,0.3163125216960907,17.121566772460938,0.6241474747657776,1.0680484771728516,0.3631500005722046,0.3631500005722046,0.0,425.340087890625,0.4422629773616791,0.4422629773616791,0.14202569425106049,0.10699233412742615,78.62669372558594,0.34006252884864807,20.254289627075195,0.7683429718017578,1.1728878021240234
2018,2,31.660090144177403,104.9294702121933,5543.5396,578.0,4.752821445465088,346.7771301269531,31.586292266845703,25.55887794494629,1.3083813190460205,7.300000190734863,30.05143928527832,0.27176761627197266,0.2852872610092163,2.984442710876465,389.27252197265625,0.4843313694000244,0.4843313694000244,0.1238744929432869,0.12405183166265488,49.841766357421875,0.37181633710861206,12.071501731872559,0.35473230481147766,0.7067427635192871,0.21676889061927795,0.24652768671512604,44.73112487792969,372.49176025390625,0.5237153768539429,0.5270346999168396,0.1537257730960846,0.12235701084136963,48.65312194824219,0.3235889971256256,4.616346836090088,0.2924322783946991,0.564121663570404,0.23074735701084137,0.24059049785137177,12.02885627746582,353.4794006347656,0.4874681532382965,0.49389225244522095,0.3153995871543884,0.08668772131204605,26.186460494995117,0.2979295551776886,8.755142211914062,0.409042090177536,0.7625491619110107,0.3140520751476288,0.3140520751476288,0.0,262.2891540527344,0.5344852209091187,0.5344852209091187,0.2477291375398636,0.15724463760852814,25.50687599182129,0.3122912049293518,15.428772926330566,0.6194856762886047,1.0757954120635986,0.4216473400592804,0.4216473400592804,0.0,393.28082275390625,0.5965087413787842,0.5965087413787842,0.2631104290485382,0.18177488446235657,65.20122528076172,0.32122910022735596,18.727657318115234,0.7768881320953369,1.3439735174179077
2018,2,31.648500940539495,105.07580453146421,5544.9287,497.0,0.0,-0.0,25.089988708496094,27.960132598876953,1.2961574792861938,7.300000190734863,27.442773818969727,0.2692644000053406,0.2843467891216278,2.058629274368286,400.84368896484375,0.5212094187736511,0.5828102827072144,0.4148097038269043,0.10967539250850677,46.28102493286133,0.36898496747016907,12.46203327178955,0.37165367603302,0.7639750838279724,0.2150479108095169,0.2455638349056244,33.65647888183594,391.97705078125,0.40187397599220276,0.4916975498199463,0.109890878200531,0.09358841180801392,46.15583038330078,0.3197017014026642,5.046768665313721,0.3045455813407898,0.6065422296524048,0.23227088153362274,0.24130970239639282,9.099184036254883,366.8362121582031,0.48857080936431885,0.4958994686603546,0.31871479749679565,0.08735182881355286,23.63484764099121,0.2926246225833893,9.172744750976562,0.4225122034549713,0.7929295897483826,0.3167703449726105,0.3167703449726105,0.0,267.96319580078125,0.745665967464447,0.745665967464447,0.41429027915000916,0.24773918092250824,24.6124210357666,0.31297212839126587,15.762540817260742,0.6251533627510071,1.0938622951507568,0.42708975076675415,0.42708975076675415,0.0,400.93768310546875,0.7053356766700745,0.7053356766700745,0.3681061267852783,0.2243756353855133,64.82617950439453,0.3201262056827545,19.092269897460938,0.7897142767906189,1.373762845993042
2018,2,30.376756401894625,103.61433416119735,5545.472,477.0,2.7802884578704834,180.0,21.971508026123047,29.52558135986328,1.209670901298523,6.699999809265137,38.76382064819336,0.289958119392395,0.304575115442276,0.0,422.552001953125,0.5884672403335571,0.6157000660896301,0.4297678470611572,0.11723263561725616,49.15528106689453,0.3681289553642273,13.204750061035156,0.3432621359825134,0.5559660792350769,0.2103320062160492,0.2569432258605957,0.0,424.2733154296875,0.4586805999279022,0.5128756761550903,0.16228696703910828,0.09706272184848785,59.22447967529297,0.32394036650657654,5.975680351257324,0.2842912971973419,0.512173056602478,0.24580597877502441,0.2568693161010742,0.0,397.2884521484375,0.4879511594772339,0.5165652632713318,0.18295684456825256,0.11739358305931091,43.58180618286133,0.30276235938072205,10.186882972717285,0.4164423644542694,0.726975679397583,0.31351640820503235,0.31351640820503235,0.0,281.1563720703125,0.5184773802757263,0.5184773802757263,0.19750270247459412,0.1433759182691574,48.75410461425781,0.31563800573349,16.538610458374023,0.5925638675689697,0.9292146563529968,0.3586169183254242,0.3586169183254242,0.0,409.80596923828125,0.3976914882659912,0.4845251441001892,0.13029663264751434,0.1161254346370697,85.08958435058594,0.34034278988838196,19.514570236206055,0.7204053401947021,1.1269893646240234
2018,2,30.6271170896414,104.99953606704608,5552.738,344.0,7.7460432052612305,146.41322326660156,27.737375259399414,25.228849411010742,1.281020998954773,7.113811492919922,34.943538665771484,0.2886696457862854,0.2906312346458435,0.0,473.0872802734375,0.5610617995262146,0.5746086835861206,0.43159663677215576,0.11715805530548096,25.700075149536133,0.33519870042800903,14.783977508544922,0.4545227289199829,0.9170247912406921,0.23085640370845795,0.2630016803741455,0.0,528.373046875,0.5823689699172974,0.699378490447998,0.2148522138595581,0.1309281885623932,38.36277389526367,0.28519412875175476,7.441873550415039,0.34251585602760315,0.6179916262626648,0.2351779043674469,0.23758195340633392,0.0,453.9985046386719,0.6607407927513123,0.6607407927513123,0.2912822961807251,0.19422440230846405,20.323707580566406,0.2607840299606323,11.640987396240234,0.5036953091621399,0.9287925362586975,0.30540719628334045,0.30540719628334045,0.0,298.73492431640625,0.723399817943573,0.723399817943573,0.4619445204734802,0.24508124589920044,34.14271926879883,0.29848000407218933,17.572643280029297,0.6653321981430054,1.2346290349960327,0.3643890917301178,0.3643890917301178,0.0,441.9046936035156,0.6727476716041565,0.6727476716041565,0.4062807559967041,0.2254471629858017,71.17025756835938,0.31830114126205444,21.043081283569336,0.8549739718437195,1.3891440629959106
2018,2,28.882409079560677,104.12125368715519,5556.3604,818.0,38.21900177001953,122.30870819091797,24.238006591796875,28.056835174560547,1.25,6.124077320098877,40.44609832763672,0.2748302221298218,0.2922176718711853,0.0,429.67047119140625,0.5824195146560669,0.6189810633659363,0.4107222259044647,0.11523976922035217,46.07255554199219,0.3921003043651581,13.427202224731445,0.3135540187358856,0.5301581621170044,0.1987389177083969,0.2322249412536621,3.4668691158294678,467.65350341796875,0.43889835476875305,0.5198994874954224,0.3003125488758087,0.07804843038320541,91.62075805664062,0.37389785051345825,6.537839889526367,0.2436314821243286,0.43790745735168457,0.21455015242099762,0.21863925457000732,0.0,407.65826416015625,0.49395525455474854,0.49395525455474854,0.13296502828598022,0.10517283529043198,46.8067512512207,0.35349056124687195,10.452775955200195,0.3777425289154053,0.6797536015510559,0.28615862131118774,0.28615862131118774,0.0,276.0420227050781,0.46273601055145264,0.46273601055145264,0.13945218920707703,0.10644431412220001,70.36979675292969,0.3776157796382904,16.237764358520508,0.477298378944397,0.8401674628257751,0.4081212878227234,0.4081212878227234,0.0,405.3385925292969,0.5379046201705933,0.5379046201705933,0.15455499291419983,0.1425916850566864,86.08790588378906,0.3850548565387726,19.301837921142578,0.5868220925331116,0.8748500943183899
2018,2,29.191790428850855,103.76471288512374,5557.926,786.0,10.30863094329834,11.764837265014648,35.798851013183594,24.027097702026367,1.2309281826019287,5.76768159866333,37.58609390258789,0.28044232726097107,0.2935366630554199,0.0,418.21563720703125,0.5977004170417786,0.6231325268745422,0.43568557500839233,0.11712165921926498,52.63431930541992,0.40511631965637207,13.069238662719727,0.3020271062850952,0.5000492930412292,0.20641571283340454,0.2454945594072342,3.3576154708862305,437.8208923339844,0.46396419405937195,0.5261447429656982,0.33470675349235535,0.08065269887447357,96.00906372070312,0.384098082780838,6.119201183319092,0.23954059183597565,0.42893800139427185,0.2190914750099182,0.22505022585391998,0.0,392.7007751464844,0.4451688230037689,0.4451688230037689,0.008988012559711933,0.06694675236940384,50.80131149291992,0.36681464314460754,10.06925106048584,0.3639499247074127,0.6270444989204407,0.28542324900627136,0.28542324900627136,0.0,271.4664611816406,0.6730988621711731,0.6730988621711731,0.2580696642398834,0.1987130343914032,79.47147369384766,0.38692507147789,15.968615531921387,0.47021836042404175,0.7932565808296204,0.3997330665588379,0.3997330665588379,0.0,397.201171875,0.5213335156440735,0.5213335156440735,0.10824652016162872,0.1479274332523346,101.93726348876953,0.3984072208404541,18.914342880249023,0.5617282390594482,0.8672711253166199
2018,2,31.26986083368719,104.1519768934134,5576.5464,578.0,2.852628469467163,130.5215301513672,25.11572265625,24.966577529907227,1.2200000286102295,6.786002159118652,40.25968551635742,0.26154395937919617,0.2694537341594696,1.9743187427520752,358.1923828125,1.015084981918335,1.031479835510254,0.03370016813278198,0.2540326714515686,64.00385284423828,0.37601205706596375,11.131814002990723,0.30533623695373535,0.55206298828125,0.211287260055542,0.23836027085781097,45.65703582763672,310.1357727050781,0.4812440872192383,0.5727429986000061,0.1405578851699829,0.11377250403165817,65.41289520263672,0.33317866921424866,3.72505259513855,0.2530716359615326,0.45386555790901184,0.21962478756904602,0.22782059013843536,12.463083267211914,314.0010986328125,0.579232394695282,0.6093776822090149,0.2678211033344269,0.16383244097232819,43.50179672241211,0.3150317966938019,7.731743812561035,0.36430084705352783,0.6925481557846069,0.2918745279312134,0.2918745279312134,0.0,243.21441650390625,0.6827682852745056,0.6860418319702148,0.32174426317214966,0.21774020791053772,38.19254684448242,0.3200748860836029,14.306730270385742,0.5634603500366211,0.989876389503479,0.37382227182388306,0.37382227182388306,0.0,368.08868408203125,0.6198105812072754,0.6249100565910339,0.27611812949180603,0.19086474180221558,77.62102508544922,0.3358125686645508,17.528032302856445,0.6953120231628418,1.1518006324768066
2018,2,31.591638483905946,105.10086913848563,5578.869,513.0,1.088724970817566,270.0,24.110071182250977,25.034143447875977,1.3000227212905884,7.238807201385498,28.63916778564453,0.26964616775512695,0.284056156873703,1.1959807872772217,416.67510986328125,0.16209101676940918,0.16209101676940918,0.07343032211065292,0.07435857504606247,44.99507522583008,0.36679619550704956,12.983722686767578,0.3867499828338623,0.8020491003990173,0.21699288487434387,0.247664675116539,19.951486587524414,417.464599609375,0.5611291527748108,0.6408340334892273,0.26063641905784607,0.155496284365654,45.76104736328125,0.31622087955474854,5.598775863647461,0.31546977162361145,0.6298738121986389,0.2358345091342926,0.24432897567749023,5.400294303894043,384.5320739746094,0.4906982183456421,0.49771296977996826,0.32770684361457825,0.08870888501405716,22.629823684692383,0.28740355372428894,9.721327781677246,0.4372456967830658,0.8175790905952454,0.3204999268054962,0.3204999268054962,0.0,276.4189453125,0.7177887558937073,0.7177887558937073,0.464295893907547,0.26153579354286194,23.99601173400879,0.30966731905937195,16.259937286376953,0.6425751447677612,1.1237486600875854,0.42383652925491333,0.42383652925491333,0.0,411.8360595703125,0.6477375626564026,0.6477375626564026,0.44930964708328247,0.22161433100700378,64.55628204345703,0.31730130314826965,19.611242294311523,0.816257894039154,1.415420413017273
2018,2,31.281717583388303,104.27917721006402,5604.8535,550.0,1.4273006916046143,49.481971740722656,28.753454208374023,31.835853576660156,1.2557966709136963,6.800000190734863,37.968772888183594,0.27085912227630615,0.27757927775382996,1.2718254327774048,382.71392822265625,0.53510981798172,0.5735952854156494,0.39310142397880554,0.10902775824069977,59.570682525634766,0.3728877007961273,11.920065879821777,0.32895466685295105,0.5946968793869019,0.21934032440185547,0.2472265213727951,29.41155242919922,349.0534973144531,0.33712339401245117,0.33712339401245117,0.0373656302690506,0.06712954491376877,61.170753479003906,0.32732662558555603,4.5019989013671875,0.2706581652164459,0.4773946702480316,0.22651925683021545,0.23542194068431854,8.028524398803711,343.0575866699219,0.5083222389221191,0.5083222389221191,0.24545428156852722,0.15456444025039673,38.124881744384766,0.3061308264732361,8.590489387512207,0.39171651005744934,0.7307549118995667,0.30122432112693787,0.30122432112693787,0.0,258.5415344238281,0.45354482531547546,0.45354482531547546,0.1174553707242012,0.109132319688797,33.69538497924805,0.3097568452358246,15.208325386047363,0.6081770658493042,1.0588042736053467,0.37732991576194763,0.37732991576194763,0.0,386.9690856933594,0.397186815738678,0.397186815738678,0.08644013851881027,0.09822870045900345,72.05025482177734,0.3270358741283417,18.427099227905273,0.7536396980285645,1.2465999126434326
2018,2,31.70239809497249,105.09790383628511,5623.101,502.0,2.1505908966064453,329.5577392578125,28.296775817871094,25.323701858520508,1.300642728805542,7.231751441955566,30.846757888793945,0.2680279314517975,0.2842938303947449,2.655513048171997,388.53289794921875,0.5999746918678284,0.5999746918678284,0.3097437918186188,0.13932402431964874,46.42083740234375,0.37024828791618347,12.05866813659668,0.36191526055336,0.7443146109580994,0.21249230206012726,0.243086576461792,44.18918228149414,372.5828552246094,0.697172224521637,0.7083272337913513,0.3480257987976074,0.21844437718391418,45.73201370239258,0.3219310939311981,4.62526273727417,0.29743075370788574,0.5967804789543152,0.22914868593215942,0.23846258223056793,11.959027290344238,353.2207946777344,0.4867769479751587,0.494721919298172,0.31067270040512085,0.08619120717048645,23.829364776611328,0.29615703225135803,8.7503023147583,0.41197794675827026,0.7779546976089478,0.31384971737861633,0.31384971737861633,0.0,261.1911926269531,0.7210068106651306,0.7210068106651306,0.4933438003063202,0.2625289559364319,24.952054977416992,0.3165544867515564,15.364188194274902,0.6092855930328369,1.0695195198059082,0.4321414530277252,0.4321414530277252,0.0,392.34075927734375,0.6795648336410522,0.6795648336410522,0.47912344336509705,0.2507646381855011,65.00411987304688,0.3226393759250641,18.682893753051758,0.7669475674629211,1.341099739074707
2018,2,31.6778774982796,105.60051141152425,5625.738,492.0,2.859825611114502,130.398193359375,24.69099998474121,25.757713317871094,1.2899421453475952,7.102877140045166,27.550642013549805,0.261357843875885,0.28205862641334534,0.0,418.9755859375,0.5962446928024292,0.6314100027084351,0.18845416605472565,0.13595940172672272,37.0236701965332,0.3638695180416107,13.092987060546875,0.401446670293808,0.8733781576156616,0.20773456990718842,0.24048221111297607,12.91541862487793,424.14886474609375,0.5686416625976562,0.5789706110954285,0.1807267963886261,0.13234667479991913,41.28732681274414,0.31509461998939514,5.792020320892334,0.3249608278274536,0.693231999874115,0.23303380608558655,0.2403026521205902,3.3736908435821533,387.0414123535156,0.4575130045413971,0.5160158276557922,0.19478455185890198,0.11569034308195114,19.472002029418945,0.28819239139556885,9.837634086608887,0.4356103837490082,0.8300749659538269,0.3211660087108612,0.3211660087108612,0.0,276.11907958984375,0.6761424541473389,0.6761424541473389,0.3260173797607422,0.2019481211900711,26.24496078491211,0.32227957248687744,16.242298126220703,0.6105392575263977,1.0942049026489258,0.4476303160190582,0.4476303160190582,0.0,411.8598937988281,0.6680775284767151,0.6680775284767151,0.35738593339920044,0.21695606410503387,67.8653564453125,0.3254067897796631,19.612375259399414,0.7783846259117126,1.3858675956726074
2018,2,30.550041527932585,103.68386492392372,5632.525,504.0,2.3438823223114014,293.29632568359375,20.731840133666992,27.327987670898438,1.200899362564087,6.84666633605957,44.1806526184082,0.28633055090904236,0.30047371983528137,0.3016342520713806,414.31256103515625,0.5802959203720093,0.6084839105606079,0.42225131392478943,0.11562038213014603,49.158180236816406,0.36204126477241516,12.937841415405273,0.34651243686676025,0.5754488110542297,0.20954079926013947,0.2538078725337982,6.975431442260742,408.8779602050781,0.4769093692302704,0.4847109317779541,0.1358024775981903,0.087550587952137,55.285030364990234,0.3156561553478241,5.660599231719971,0.2857215106487274,0.518714189529419,0.2442404329776764,0.2546473741531372,1.9040961265563965,386.9109802246094,0.5396798849105835,0.6056792140007019,0.2205219566822052,0.12879511713981628,42.73666763305664,0.2949872612953186,9.871971130371094,0.4183949828147888,0.7497887015342712,0.31251978874206543,0.31251978874206543,0.0,276.3256530761719,0.7637187242507935,0.7637187242507935,0.4129529893398285,0.26889654994010925,43.3245849609375,0.30792930722236633,16.25444984436035,0.6005449891090393,0.9669724702835083,0.3547269403934479,0.3547269403934479,0.0,404.9775085449219,0.6506941914558411,0.6506941914558411,0.31897738575935364,0.20548246800899506,81.59886169433594,0.33291807770729065,19.284643173217773,0.7341594099998474,1.148938536643982
2018,2,31.199255427606932,104.2118046522475,5636.1753,527.0,3.378668785095215,105.91407775878906,23.110273361206055,31.48203468322754,1.2400000095367432,6.900000095367432,37.406009674072266,0.2683263123035431,0.27548158168792725,1.485108494758606,378.3009033203125,0.5389187932014465,0.5750991106033325,0.39442160725593567,0.10849461704492569,59.0384635925293,0.3710247278213501,11.775493621826172,0.3274233043193817,0.59355229139328,0.21600838005542755,0.24439963698387146,34.34382247924805,344.3001708984375,0.42949584126472473,0.5569040179252625,0.1026446521282196,0.09876266866922379,61.41059112548828,0.32618439197540283,4.365582466125488,0.2680457830429077,0.47773662209510803,0.22442448139190674,0.23257595300674438,9.374895095825195,338.46734619140625,0.6031327247619629,0.7543084621429443,0.31872084736824036,0.19176362454891205,39.63777160644531,0.306307315826416,8.438267707824707,0.3889335095882416,0.7338240146636963,0.2973245084285736,0.2973245084285736,0.0,254.9266357421875,0.7450057864189148,0.7470378875732422,0.4356950521469116,0.26344114542007446,35.687042236328125,0.31245121359825134,14.995684623718262,0.5950162410736084,1.0455361604690552,0.37358006834983826,0.37358006834983826,0.0,382.5741882324219,0.6392994523048401,0.6526327133178711,0.35136574506759644,0.19530260562896729,74.36312103271484,0.33003681898117065,18.217819213867188,0.7361633777618408,1.208336353302002
2018,2,29.34027849393061,104.23525060558653,5647.6045,360.0,11.928836822509766,5.042852878570557,31.265527725219727,26.29341697692871,1.2809611558914185,6.485545635223389,31.258405685424805,0.2800215482711792,0.2911282181739807,0.0,463.8138732910156,0.3881000876426697,0.3881000876426697,0.0707474872469902,0.06517758220434189,33.53583526611328,0.373453825712204,14.494183540344238,0.3783753216266632,0.6865863800048828,0.20065000653266907,0.2314905971288681,0.6274908781051636,529.4215087890625,0.35652217268943787,0.39179253578186035,0.03746304661035538,0.060900066047906876,67.05191802978516,0.3446904420852661,7.447803020477295,0.2917238175868988,0.5376922488212585,0.2198852002620697,0.22466669976711273,0.0,448.4565734863281,0.3339749872684479,0.33516642451286316,0.0029076472856104374,0.05774907022714615,33.568572998046875,0.31854480504989624,11.498886108398438,0.4480718970298767,0.8170931935310364,0.2839653193950653,0.2839653193950653,0.0,293.44012451171875,0.5023342967033386,0.5023342967033386,0.08288425952196121,0.11230355501174927,64.01889038085938,0.35396695137023926,17.261184692382812,0.5612792372703552,0.9666546583175659,0.3795450031757355,0.3795450031757355,0.0,430.03985595703125,0.5662827491760254,0.5662827491760254,0.1775638312101364,0.1457308828830719,77.72872924804688,0.36856913566589355,20.47808837890625,0.6994701027870178,1.0105981826782227
2018,2,31.30893593621854,104.62736611582233,5652.887,519.0,0.9274099469184875,180.0,28.752872467041016,26.756288528442383,1.2796319723129272,7.008248329162598,29.482114791870117,0.2849684953689575,0.2909386157989502,0.0,430.6439208984375,0.1552305519580841,0.1552305519580841,0.10626091808080673,0.08683229237794876,49.411800384521484,0.36576834321022034,13.457622528076172,0.3798159956932068,0.7088431715965271,0.2314138263463974,0.2612314522266388,0.0,428.9652099609375,0.4722696542739868,0.5666283965110779,0.274793803691864,0.1737097054719925,51.75596237182617,0.315082311630249,6.0417633056640625,0.3081310987472534,0.5455772280693054,0.23936820030212402,0.2489321529865265,0.0,399.907958984375,0.6647690534591675,0.6647690534591675,0.44024819135665894,0.26507964730262756,27.14810562133789,0.2876994013786316,10.254050254821777,0.44533708691596985,0.8093452453613281,0.31908175349235535,0.31908175349235535,0.0,286.9790954589844,0.719281017780304,0.719281017780304,0.5179902911186218,0.2625170052051544,25.78305435180664,0.29405784606933594,16.881122589111328,0.682930588722229,1.1769130229949951,0.3884274363517761,0.3884274363517761,0.0,422.76239013671875,0.634689450263977,0.634689450263977,0.46451684832572937,0.2232387363910675,63.017635345458984,0.3121231198310852,20.131542205810547,0.8562672734260559,1.424471378326416
2018,2,30.276774438074252,103.51623839712258,5661.5894,553.0,0.0,-0.0,15.204360008239746,34.38869857788086,1.1250708103179932,6.771390914916992,42.81045913696289,0.2896387577056885,0.304871529340744,0.0,418.2806396484375,0.5946425795555115,0.6222752332687378,0.43326255679130554,0.11757798492908478,52.296329498291016,0.3766869604587555,13.071269989013672,0.3277159333229065,0.5139631628990173,0.2093268483877182,0.25751447677612305,0.0,417.6702575683594,0.48214033246040344,0.5793734192848206,0.16090695559978485,0.08480127155780792,65.40475463867188,0.3354586958885193,5.882679462432861,0.27441656589508057,0.4912949502468109,0.24460375308990479,0.25626450777053833,0.0,392.3034973144531,0.47843363881111145,0.5299113392829895,0.16115106642246246,0.09323566406965256,46.5843505859375,0.3149878978729248,10.059063911437988,0.40036284923553467,0.6818608641624451,0.3115818500518799,0.3115818500518799,0.0,278.86639404296875,0.5162398219108582,0.5162398219108582,0.39882153272628784,0.1217372789978981,54.93059158325195,0.32657110691070557,16.403905868530273,0.5687278509140015,0.8673409819602966,0.36288177967071533,0.36288177967071533,0.0,405.848876953125,0.5400683283805847,0.5400683283805847,0.4005095660686493,0.15194430947303772,90.38961029052734,0.35008862614631653,19.32613754272461,0.6857459545135498,1.0798332691192627
2018,2,31.1313388594619,107.95373510596453,5690.4917,654.0,22.833818435668945,81.15380096435547,29.13391876220703,28.870386123657227,1.2804672718048096,6.349852085113525,44.23038101196289,0.27908939123153687,0.3148534297943115,0.0,425.65289306640625,0.576160192489624,0.6312976479530334,0.4389705955982208,0.11869344860315323,39.87472152709961,0.40017327666282654,13.301652908325195,0.3677530288696289,0.6568574905395508,0.19835405051708221,0.238533616065979,0.26535937190055847,436.6358642578125,0.4498807489871979,0.4516226351261139,0.01452527567744255,0.08412037044763565,86.76347351074219,0.397889107465744,6.146063327789307,0.256619930267334,0.48630326986312866,0.21358393132686615,0.23719774186611176,0.0,366.81109619140625,0.47206413745880127,0.4973199665546417,0.28262656927108765,0.08321822434663773,91.6531982421875,0.4124469459056854,9.405412673950195,0.2732281982898712,0.5095943212509155,0.30196642875671387,0.30196642875671387,0.0,270.1490478515625,0.6649898886680603,0.6683865785598755,0.19910523295402527,0.18330340087413788,75.76676940917969,0.41258081793785095,15.891120910644531,0.4661928713321686,0.9407280087471008,0.46256181597709656,0.46256181597709656,0.0,402.1417236328125,0.6944350600242615,0.6944350600242615,0.5717424750328064,0.2186516970396042,115.91145324707031,0.4172174632549286,19.14960479736328,0.5590349435806274,1.045214295387268
2018,2,31.304356439436646,104.17946725140791,5691.2476,569.0,2.148252487182617,210.3358917236328,26.100000381469727,27.600000381469727,1.2599999904632568,6.599999904632568,36.0,0.2624066472053528,0.2701279819011688,1.8998984098434448,359.6238708496094,0.35699304938316345,0.35699304938316345,0.1824314296245575,0.060555487871170044,64.27787780761719,0.3767947256565094,11.178874015808105,0.30570948123931885,0.5522989630699158,0.2125619649887085,0.23937295377254486,43.936031341552734,311.49969482421875,0.4887635409832001,0.5776088237762451,0.15618132054805756,0.1423056423664093,65.36967468261719,0.33370301127433777,3.7685022354125977,0.2539125084877014,0.4534250497817993,0.22032523155212402,0.22880183160305023,11.993298530578613,315.4259033203125,0.6390461325645447,0.7055967450141907,0.35533976554870605,0.22305382788181305,42.93366622924805,0.3150632381439209,7.780323028564453,0.3651001751422882,0.6910379528999329,0.293282151222229,0.293282151222229,0.0,244.44834899902344,0.7027249932289124,0.7027249932289124,0.4355383813381195,0.2402915358543396,37.414466857910156,0.319105327129364,14.379315376281738,0.5682950019836426,0.9949078559875488,0.3753363788127899,0.3753363788127899,0.0,369.6007385253906,0.5000758171081543,0.5000758171081543,0.2747240662574768,0.14300160109996796,76.72582244873047,0.33468544483184814,17.600034713745117,0.7017737627029419,1.1663687229156494
2018,2,31.775433711126883,105.54472359824459,5693.647,706.0,15.031792640686035,96.92439270019531,24.674692153930664,30.257726669311523,1.2480541467666626,6.732845783233643,38.175106048583984,0.2618553936481476,0.284282922744751,0.0,398.5435485839844,0.36522671580314636,0.45124581456184387,0.04148254916071892,0.09892470389604568,38.34092712402344,0.36765825748443604,12.454485893249512,0.3821941614151001,0.8261825442314148,0.20545174181461334,0.23860912024974823,20.13873863220215,383.7184143066406,0.35014694929122925,0.4830583930015564,0.06723079085350037,0.07555487751960754,40.584678649902344,0.3192707300186157,5.120840549468994,0.31277865171432495,0.6731412410736084,0.22809255123138428,0.2367418110370636,5.541906833648682,364.7398376464844,0.47471868991851807,0.4823806881904602,0.1749279499053955,0.12518569827079773,18.682998657226562,0.2932289242744446,9.210203170776367,0.4221266508102417,0.8094798922538757,0.3171466588973999,0.3171466588973999,0.0,266.7560119628906,0.6724310517311096,0.6724310517311096,0.37577909231185913,0.21151019632816315,24.55408477783203,0.3249795734882355,15.691530227661133,0.595014214515686,1.0612702369689941,0.454771488904953,0.454771488904953,0.0,399.2427062988281,0.6780667304992676,0.6780667304992676,0.3615958094596863,0.21613222360610962,64.53929138183594,0.3258737623691559,19.011558532714844,0.7546098828315735,1.3547463417053223
2018,2,30.594775229700755,103.82723394099412,5701.58,503.0,2.144212007522583,329.84930419921875,21.2154483795166,29.281217575073242,1.2605105638504028,6.991899013519287,40.261863708496094,0.28399625420570374,0.2957506775856018,0.4690193235874176,416.41192626953125,0.5751147866249084,0.6008593440055847,0.42091819643974304,0.11493117362260818,47.083824157714844,0.35813358426094055,12.99821662902832,0.3590644299983978,0.6179746985435486,0.21208050847053528,0.2531528174877167,10.846288681030273,414.53643798828125,0.4975001811981201,0.5353668928146362,0.2557481825351715,0.10259435325860977,53.80503845214844,0.31121760606765747,5.685776710510254,0.2909323573112488,0.5281850099563599,0.24001768231391907,0.24881073832511902,2.960731029510498,388.9077453613281,0.5510085821151733,0.6347174644470215,0.3280211091041565,0.13878408074378967,39.95042419433594,0.2907238006591797,9.896077156066895,0.4285886287689209,0.7862627506256104,0.30826982855796814,0.30826982855796814,0.0,276.2132568359375,0.6621751189231873,0.6621751189231873,0.3887617290019989,0.20519046485424042,40.91254425048828,0.30543962121009827,16.24783706665039,0.6126832365989685,1.0275758504867554,0.35611286759376526,0.35611286759376526,0.0,406.2023620605469,0.5216909050941467,0.5216909050941467,0.21804112195968628,0.1377311646938324,78.99076080322266,0.3301544189453125,19.34296989440918,0.7522469162940979,1.175562858581543
2018,2,31.168532221348684,104.16760604260574,5714.167,540.0,1.426315188407898,49.4481201171875,25.525476455688477,29.549047470092773,1.2382843494415283,6.800000190734863,33.620094299316406,0.2664085924625397,0.2739541530609131,1.637526273727417,373.675048828125,0.2787354290485382,0.2787354290485382,0.10096370428800583,0.10764855146408081,59.49814987182617,0.37094947695732117,11.62617301940918,0.3234536945819855,0.5861294269561768,0.21378527581691742,0.24237219989299774,37.868553161621094,337.6175537109375,0.41588303446769714,0.5098311901092529,0.1237289309501648,0.11068221181631088,62.08066940307617,0.32671254873275757,4.2218170166015625,0.2647639811038971,0.4745284616947174,0.22303183376789093,0.2309086173772812,10.337047576904297,333.2193908691406,0.5964593887329102,0.669296383857727,0.3030748665332794,0.19700098037719727,40.927940368652344,0.3076505661010742,8.279034614562988,0.3841654062271118,0.7286069989204407,0.2950223982334137,0.2950223982334137,0.0,251.80612182617188,0.7110536098480225,0.7120006084442139,0.4142035245895386,0.25850123167037964,37.01226806640625,0.3147422969341278,14.812124252319336,0.5845366716384888,1.0300450325012207,0.37183189392089844,0.37183189392089844,0.0,378.69482421875,0.6356790065765381,0.6361028552055359,0.3151196241378784,0.20261278748512268,75.9378662109375,0.332248717546463,18.0330867767334,0.7222998738288879,1.1826186180114746
2018,2,31.28198958855257,104.17676949527058,5721.147,561.0,3.5244815349578857,217.9568634033203,25.592496871948242,26.533674240112305,1.2300000190734863,6.736522197723389,38.73186492919922,0.2629871368408203,0.27068451046943665,1.8625972270965576,361.7461242675781,0.7469754219055176,0.8633403778076172,-0.04070834442973137,0.17391899228096008,63.52239990234375,0.37585005164146423,11.246359825134277,0.3084662854671478,0.5576086640357971,0.212704136967659,0.23979505896568298,43.073421478271484,315.5006103515625,0.43587902188301086,0.503305971622467,0.11075392365455627,0.11322030425071716,64.85918426513672,0.3325904607772827,3.837002754211426,0.25556889176368713,0.45672979950904846,0.22070817649364471,0.22907742857933044,11.757830619812012,318.12799072265625,0.5709314346313477,0.6770338416099548,0.3110455870628357,0.17825183272361755,42.640995025634766,0.3139057159423828,7.855645179748535,0.36803990602493286,0.6969869136810303,0.29348647594451904,0.29348647594451904,0.0,245.5376434326172,0.6152808666229248,0.6235378980636597,0.36338889598846436,0.20015043020248413,37.37947463989258,0.31846439838409424,14.443390846252441,0.5706362128257751,1.0002574920654297,0.37473422288894653,0.37473422288894653,0.0,370.95013427734375,0.5613024830818176,0.5777583122253418,0.28696194291114807,0.16721343994140625,76.63549041748047,0.3343488574028015,17.66429328918457,0.7047232389450073,1.1683405637741089
2018,2,31.949797939619785,105.51750524541437,5724.5728,502.0,11.31882381439209,310.31494140625,20.802091598510742,34.25728988647461,1.2418580055236816,6.9660139083862305,37.741912841796875,0.26274463534355164,0.2882584035396576,0.0,361.60809326171875,0.5491651296615601,0.5882730484008789,0.1281953752040863,0.10660265386104584,40.826358795166016,0.3752475380897522,11.300252914428711,0.3435195982456207,0.7232372164726257,0.20137163996696472,0.23526135087013245,32.99699020385742,311.71246337890625,0.4964939057826996,0.5026781558990479,0.12662945687770844,0.08642841130495071,41.0019416809082,0.32939019799232483,3.925570011138916,0.2871273458003998,0.6230903267860413,0.2192610651254654,0.23037756979465485,9.302871704101562,323.3418273925781,0.47534269094467163,0.47980618476867676,0.09399406611919403,0.08866935223340988,19.20435905456543,0.3068786561489105,8.05228042602539,0.3883645832538605,0.7502482533454895,0.3099628984928131,0.3099628984928131,0.0,249.59938049316406,0.6752838492393494,0.6752838492393494,0.30693814158439636,0.18597260117530823,24.38207244873047,0.33257168531417847,14.682316780090332,0.5567908883094788,0.9850311279296875,0.4675348699092865,0.4675348699092865,0.0,375.75054931640625,0.7051526308059692,0.7051526308059692,0.300576776266098,0.2143947184085846,61.76609420776367,0.3310390114784241,17.89288330078125,0.6946824789047241,1.2713192701339722
2018,2,31.421853752194952,105.64147271380122,5727.445,467.0,20.499591827392578,197.72360229492188,23.92838478088379,27.884033203125,1.2794889211654663,6.819207191467285,37.70951461791992,0.2625110447406769,0.2789748013019562,0.0,457.44256591796875,0.44876864552497864,0.4736645817756653,0.09492465108633041,0.09393911808729172,33.3831672668457,0.35555416345596313,14.295080184936523,0.4392397701740265,0.9647932648658752,0.21300095319747925,0.24501566588878632,0.0,500.3355712890625,0.5111551880836487,0.5905655026435852,0.16611751914024353,0.11432373523712158,41.143985748291016,0.3058609068393707,7.046979904174805,0.34734225273132324,0.7254688143730164,0.2413487285375595,0.2459665834903717,0.0,429.75921630859375,0.11635322868824005,0.11635322868824005,0.05450607091188431,0.07127411663532257,19.72936248779297,0.27674606442451477,11.019466400146484,0.46499165892601013,0.8741694092750549,0.3264138400554657,0.3264138400554657,0.0,292.957275390625,0.6907356381416321,0.6907356381416321,0.3599291741847992,0.20279313623905182,29.3240909576416,0.31687071919441223,17.23278045654297,0.638964831829071,1.1564866304397583,0.42896732687950134,0.42896732687950134,0.0,435.0230712890625,0.6805350184440613,0.6805350184440613,0.3527635633945465,0.19234801828861237,73.55949401855469,0.3235350549221039,20.715383529663086,0.8248904347419739,1.445014238357544
2018,2,30.944582789141478,104.2411812099876,5732.56,476.0,1.4243814945220947,130.61849975585938,19.79547119140625,35.89503860473633,1.2675105333328247,6.860240459442139,44.59183883666992,0.2777727544307709,0.28391459584236145,0.8481154441833496,411.4384460449219,0.5514129400253296,0.5791677832603455,0.40880057215690613,0.11228097230195999,48.39029312133789,0.35827159881591797,12.830947875976562,0.3693564832210541,0.6761641502380371,0.22059595584869385,0.2520804703235626,19.61306381225586,404.73480224609375,0.5530586838722229,0.6521495580673218,0.3019947111606598,0.19055484235286713,53.8129768371582,0.3105087876319885,5.42425012588501,0.2939566373825073,0.525671660900116,0.23049022257328033,0.23735035955905914,5.353813171386719,379.879150390625,0.6716466546058655,0.6716466546058655,0.36198869347572327,0.21351021528244019,34.06940841674805,0.28916966915130615,9.6032133102417,0.43387100100517273,0.8217163681983948,0.3020399212837219,0.3020399212837219,0.0,272.616455078125,0.7424501776695251,0.7424501776695251,0.4632234573364258,0.27407243847846985,33.50252151489258,0.3012533187866211,16.03626251220703,0.6385771036148071,1.1395647525787354,0.3677539825439453,0.3677539825439453,0.0,404.6584777832031,0.6598291993141174,0.6598291993141174,0.3855518698692322,0.20787467062473297,71.15726470947266,0.32288607954978943,19.269451141357422,0.7920847535133362,1.2653849124908447
2018,2,31.391942102328425,104.97258971938011,5750.4175,470.0,2.361384630203247,293.1133728027344,24.013553619384766,29.678857803344727,1.2898063659667969,7.307673931121826,33.932334899902344,0.27620184421539307,0.28636404871940613,0.0,439.1960144042969,0.6264792084693909,0.6264792084693909,0.2589989900588989,0.16989928483963013,44.37665557861328,0.36294737458229065,13.724875450134277,0.4016064405441284,0.8126599192619324,0.22451664507389069,0.25505387783050537,0.0,451.7706604003906,0.6372136473655701,0.7369693517684937,0.3237987160682678,0.18288692831993103,47.142826080322266,0.311323881149292,6.362967491149902,0.3242371082305908,0.6208872199058533,0.24041356146335602,0.24843645095825195,0.0,409.8693542480469,0.4903244078159332,0.4963054060935974,0.33830586075782776,0.09024813026189804,23.22948455810547,0.28156614303588867,10.509469985961914,0.4561145603656769,0.8387513756752014,0.3227291703224182,0.3227291703224182,0.0,288.8138122558594,0.705664336681366,0.705664336681366,0.48809725046157837,0.2565523684024811,24.96076774597168,0.3014351725578308,16.98904800415039,0.6710964441299438,1.1689245700836182,0.4053264558315277,0.4053264558315277,0.0,427.1252136230469,0.6331221461296082,0.6331221461296082,0.42867863178253174,0.23865032196044922,64.63250732421875,0.3134455978870392,20.33929443359375,0.8543407917022705,1.4552624225616455
2018,2,31.23374657425533,104.13904104125737,5755.2495,585.0,1.4268810749053955,310.5324401855469,26.59825325012207,25.198253631591797,1.2501287460327148,6.699999809265137,36.97071075439453,0.2619906961917877,0.26995813846588135,1.9509249925613403,360.19281005859375,0.4516189992427826,0.4724563956260681,0.11203727126121521,0.10381195694208145,63.080169677734375,0.3747454583644867,11.195058822631836,0.3082433342933655,0.5575700402259827,0.2110472023487091,0.2385595738887787,45.11604309082031,314.2745361328125,0.5551818609237671,0.5712331533432007,0.24856548011302948,0.14751240611076355,64.85630798339844,0.33180075883865356,3.7909646034240723,0.2546681761741638,0.4576800763607025,0.2199152708053589,0.22792604565620422,12.315407752990723,316.672607421875,0.5989385843276978,0.645877480506897,0.30834293365478516,0.16776366531848907,43.36566925048828,0.31374359130859375,7.804030895233154,0.3673243522644043,0.6993772983551025,0.29175347089767456,0.29175347089767456,0.0,244.1107635498047,0.610669732093811,0.6166032552719116,0.3132316768169403,0.18424704670906067,38.40964889526367,0.31965088844299316,14.359457015991211,0.5645935535430908,0.9938023090362549,0.3726698160171509,0.3726698160171509,0.0,369.1866149902344,0.5701368451118469,0.5765578746795654,0.24261057376861572,0.16771025955677032,77.8110122680664,0.3357885181903839,17.58031463623047,0.6965961456298828,1.1494876146316528
2018,2,31.04429274779758,104.31151907000465,5758.0537,478.0,2.354060411453247,113.18956756591797,22.63405418395996,29.792442321777344,1.2585774660110474,6.976373195648193,35.67818069458008,0.2786354720592499,0.28422921895980835,0.7558724880218506,411.9986877441406,0.28804537653923035,0.2880789637565613,0.04745993763208389,0.07248309999704361,49.65987777709961,0.36063721776008606,12.851338386535645,0.3678995966911316,0.6738964915275574,0.22320526838302612,0.2535697817802429,17.479900360107422,403.24261474609375,0.35779255628585815,0.47618386149406433,0.14310325682163239,0.1393011212348938,54.204429626464844,0.3125078082084656,5.433277606964111,0.2941313087940216,0.5216777324676514,0.23110295832157135,0.23852208256721497,4.771520137786865,379.7355651855469,0.6697818040847778,0.6726240515708923,0.3464878797531128,0.20742914080619812,33.039913177490234,0.2902431786060333,9.614462852478027,0.4328630566596985,0.8146815299987793,0.30428487062454224,0.30428487062454224,0.0,273.81146240234375,0.7367154955863953,0.7384247183799744,0.4440339505672455,0.26025477051734924,31.7779483795166,0.2998493015766144,16.106557846069336,0.6465608477592468,1.1483969688415527,0.37162578105926514,0.37162578105926514,0.0,406.21783447265625,0.6596499681472778,0.6828908920288086,0.36720457673072815,0.19874286651611328,69.24574279785156,0.32078421115875244,19.343706130981445,0.8031198978424072,1.2945996522903442
2018,2,31.84388537139834,105.03376412673235,5759.74,653.0,10.755098342895508,233.37648010253906,30.21283531188965,21.568620681762695,1.290496826171875,7.132229804992676,29.727100372314453,0.26645299792289734,0.28435641527175903,5.236826419830322,347.6438293457031,0.5386757850646973,0.599852442741394,0.413420170545578,0.10905719548463821,49.589019775390625,0.37527284026145935,10.70021915435791,0.3243728280067444,0.652468204498291,0.20709583163261414,0.23713916540145874,83.1114273071289,309.1290588378906,0.5807725191116333,0.6387154459953308,0.3029979169368744,0.16771532595157623,46.527618408203125,0.33025413751602173,3.18334698677063,0.2698593735694885,0.5388991832733154,0.21994206309318542,0.23039941489696503,22.429824829101562,307.64434814453125,0.4813991189002991,0.49022185802459717,0.2875686585903168,0.08270303905010223,26.46961212158203,0.30892789363861084,7.313192844390869,0.37466567754745483,0.7171888947486877,0.30392804741859436,0.30392804741859436,0.0,238.83099365234375,0.7120555639266968,0.7120555639266968,0.4822820723056793,0.26470282673835754,26.614864349365234,0.3252101242542267,14.048882484436035,0.5638566017150879,0.9943181276321411,0.4402804672718048,0.4402804672718048,0.0,363.83941650390625,0.6661160588264465,0.6661160588264465,0.4411977231502533,0.2393750101327896,66.11634826660156,0.3300045132637024,17.325685501098633,0.6985209584236145,1.2326093912124634
2018,2,31.195750574178923,104.24306740973321,5784.811,515.0,0.9274099469184875,180.0,23.35820960998535,29.191991806030273,1.2635375261306763,6.867397308349609,34.883514404296875,0.27057427167892456,0.27739784121513367,1.3174512386322021,384.59417724609375,0.37130188941955566,0.38505178689956665,0.0617825873196125,0.09200803935527802,57.74382400512695,0.3699255585670471,11.977397918701172,0.33394986391067505,0.6058881282806396,0.2179398387670517,0.24653300642967224,30.466670989990234,354.54254150390625,0.5299264192581177,0.5325134992599487,0.19211724400520325,0.14575448632240295,60.25093078613281,0.32440024614334106,4.564448833465576,0.2726857364177704,0.48434820771217346,0.2260170876979828,0.23425839841365814,8.316542625427246,345.97320556640625,0.6594794988632202,0.7025503516197205,0.37257084250450134,0.2336864173412323,38.26045227050781,0.3038203716278076,8.65786361694336,0.39632752537727356,0.7452219724655151,0.29941707849502563,0.29941707849502563,0.0,258.75238037109375,0.692992091178894,0.6939077973365784,0.36405834555625916,0.2394917607307434,34.600181579589844,0.309847354888916,15.220728874206543,0.6061920523643494,1.0642638206481934,0.3742157220840454,0.3742157220840454,0.0,387.3200378417969,0.5868892073631287,0.6197868585586548,0.26673489809036255,0.1818348914384842,73.01036834716797,0.32787391543388367,18.443811416625977,0.7507585287094116,1.231094479560852
2018,2,29.242994286247587,103.80809993837377,5788.0737,508.0,12.38219165802002,248.36593627929688,27.898910522460938,29.751657485961914,1.2074518203735352,6.092953205108643,34.105003356933594,0.28100115060806274,0.29339316487312317,0.0,426.125244140625,0.22497166693210602,0.22497166693210602,0.12433397769927979,0.06981846690177917,50.15013885498047,0.401112824678421,13.316413879394531,0.3137894570827484,0.5244519710540771,0.20656251907348633,0.2452678382396698,2.634392261505127,453.0971374511719,0.5464632511138916,0.5464632511138916,0.206293523311615,0.07887140661478043,91.80538940429688,0.37864232063293457,6.344545841217041,0.24823008477687836,0.4446728825569153,0.21967864036560059,0.22570015490055084,0.0,402.3114318847656,0.502524733543396,0.502524733543396,0.0994676724076271,0.08497755974531174,48.21690368652344,0.36005306243896484,10.315677642822266,0.37694251537323,0.6513803005218506,0.28516995906829834,0.28516995906829834,0.0,275.5640563964844,0.6616871356964111,0.6616871356964111,0.3138938844203949,0.18135002255439758,77.9450912475586,0.3819534480571747,16.20965003967285,0.4855979084968567,0.8154556155204773,0.3964206874370575,0.3964206874370575,0.0,402.8631896972656,0.5617743730545044,0.6602573990821838,0.23871782422065735,0.16973382234573364,99.4188003540039,0.3943931460380554,19.183961868286133,0.5827017426490784,0.8926717042922974
2018,2,29.361570701460813,103.93206740676064,5792.351,455.0,17.545276641845703,87.06517791748047,27.755659103393555,31.91969108581543,1.2312456369400024,6.319700717926025,36.46541213989258,0.28204345703125,0.292814701795578,0.0,444.5147705078125,0.5878275036811829,0.6074916124343872,0.44227272272109985,0.11588616669178009,43.60345458984375,0.39057019352912903,13.89108657836914,0.34337401390075684,0.5912673473358154,0.20613783597946167,0.24309417605400085,1.164236307144165,488.7455749511719,0.4600231349468231,0.4600231349468231,0.11920087784528732,0.09251756966114044,80.90145111083984,0.3644641637802124,6.867342948913574,0.26954853534698486,0.4861573874950409,0.22092647850513458,0.22692549228668213,0.0,424.6471862792969,0.43328922986984253,0.435529500246048,0.09303468465805054,0.08623255044221878,41.7364387512207,0.3426557779312134,10.888389587402344,0.40949246287345886,0.7170565128326416,0.28449392318725586,0.28449392318725586,0.0,284.8514099121094,0.6325430870056152,0.6325430870056152,0.28700947761535645,0.18794672191143036,73.54227447509766,0.3696568012237549,16.755966186523438,0.5230686068534851,0.8754658699035645,0.3874407410621643,0.3874407410621643,0.0,416.07379150390625,0.5730080604553223,0.5730080604553223,0.21406659483909607,0.1659800261259079,92.49185180664062,0.3842487931251526,19.813037872314453,0.6354312896728516,0.9533954858779907
2018,2,31.949797939619792,105.51804479664182,5793.3286,509.0,8.537549018859863,310.31494140625,20.881439208984375,34.36958694458008,1.2427496910095215,6.994809627532959,37.44924545288086,0.26274463534355164,0.2882584035396576,0.0,361.6144104003906,0.5597366094589233,0.5746778249740601,0.10682927072048187,0.10623650252819061,40.82884979248047,0.37524986267089844,11.300450325012207,0.3435024619102478,0.7231622934341431,0.20137163996696472,0.23526135087013245,32.99470138549805,311.7309875488281,0.4887964725494385,0.5034043788909912,0.11606306582689285,0.0908183604478836,41.014381408691406,0.32940182089805603,3.925863265991211,0.2871127128601074,0.6230249404907227,0.2192610651254654,0.23037756979465485,9.297835350036621,323.3442687988281,0.47137367725372314,0.4773203134536743,0.10323458164930344,0.09655672311782837,19.217844009399414,0.306902140378952,8.052473068237305,0.3883219063282013,0.750137448310852,0.3099628984928131,0.3099628984928131,0.0,249.60299682617188,0.6258502006530762,0.6258502006530762,0.2129845917224884,0.15913981199264526,24.3992919921875,0.3325875699520111,14.68252944946289,0.556742250919342,0.9849515557289124,0.4675348699092865,0.4675348699092865,0.0,375.7529602050781,0.6955842971801758,0.6955842971801758,0.2941809296607971,0.2170237898826599,61.78350830078125,0.3310632109642029,17.89299774169922,0.6946045756340027,1.2711968421936035
2018,2,31.25611788424047,104.1697642475156,5803.0977,567.0,3.3805477619171143,74.09502410888672,24.609622955322266,24.919246673583984,1.2259215116500854,6.800000190734863,34.36284255981445,0.26338452100753784,0.2710936367511749,1.8400112390518188,363.4519348144531,0.5359494090080261,0.5741328001022339,0.3895612061023712,0.10676265507936478,62.79435348510742,0.37487277388572693,11.300372123718262,0.3108992576599121,0.5623401403427124,0.21262940764427185,0.24002183973789215,42.55111312866211,318.9231872558594,0.4363682270050049,0.5243568420410156,0.13547156751155853,0.10977651178836823,64.40320587158203,0.33150166273117065,3.892564296722412,0.25693774223327637,0.45979490876197815,0.22095414996147156,0.22918415069580078,11.615254402160645,320.3634033203125,0.5620663166046143,0.6477521657943726,0.29532888531684875,0.18443265557289124,42.46806335449219,0.31285300850868225,7.916619300842285,0.37057656049728394,0.7025851011276245,0.2934587299823761,0.2934587299823761,0.0,246.3367919921875,0.6071588397026062,0.6126075387001038,0.34423282742500305,0.20892146229743958,37.47369384765625,0.31803661584854126,14.490400314331055,0.5719907879829407,1.0042428970336914,0.37394553422927856,0.37394553422927856,0.0,371.9404602050781,0.5518657565116882,0.5554707050323486,0.2745344042778015,0.17787176370620728,76.69798278808594,0.33422359824180603,17.711450576782227,0.7063669562339783,1.1678069829940796
2018,2,31.66278344121369,104.9529161655323,5803.5054,509.0,3.3941256999969482,74.16048431396484,31.00061798095703,24.948362350463867,1.30864417552948,7.017871379852295,28.517324447631836,0.2712754011154175,0.28512269258499146,2.909959316253662,389.92926025390625,0.3208129107952118,0.3208129107952118,0.19661030173301697,0.061939388513565063,49.32453918457031,0.37148717045783997,12.094352722167969,0.35644105076789856,0.7137013673782349,0.21628640592098236,0.24615870416164398,44.10675811767578,373.7857971191406,0.464004784822464,0.5769891142845154,0.19577960669994354,0.1284150928258896,48.24232482910156,0.3231852948665619,4.64336633682251,0.2936309576034546,0.5696123242378235,0.23070605099201202,0.24044592678546906,11.869465827941895,354.2921142578125,0.48748159408569336,0.4940934181213379,0.31520748138427734,0.08668731898069382,25.828676223754883,0.2974264919757843,8.780068397521973,0.41015276312828064,0.7658398151397705,0.31419485807418823,0.31419485807418823,0.0,262.5323181152344,0.7016026377677917,0.7016026377677917,0.48113641142845154,0.25885796546936035,25.406274795532227,0.31269994378089905,15.443077087402344,0.6189570426940918,1.0764474868774414,0.4228701591491699,0.4228701591491699,0.0,393.6659851074219,0.6604596376419067,0.6604596376419067,0.45896750688552856,0.24510234594345093,65.17414093017578,0.32128262519836426,18.746000289916992,0.7768443822860718,1.3455536365509033
2018,2,30.594775229700755,103.83559029636827,5804.141,503.0,1.0773624181747437,270.0,20.40621566772461,28.806978225708008,1.25,6.976228713989258,45.09611892700195,0.2840767800807953,0.2956981956958771,0.46319612860679626,417.0766906738281,0.5749816298484802,0.6005382537841797,0.42103880643844604,0.11496508121490479,46.84510803222656,0.3578069508075714,13.019171714782715,0.36027833819389343,0.6211451888084412,0.21233029663562775,0.25329068303108215,10.711625099182129,415.7666320800781,0.40700364112854004,0.4877109229564667,0.21449238061904907,0.09577101469039917,53.622291564941406,0.310809850692749,5.704999923706055,0.2915990948677063,0.5293068885803223,0.23995380103588104,0.24866917729377747,2.9239718914031982,389.6911926269531,0.48308536410331726,0.5848428606987,0.28484782576560974,0.12316383421421051,39.711605072021484,0.2902764678001404,9.917108535766602,0.42976295948028564,0.7891475558280945,0.30822134017944336,0.30822134017944336,0.0,276.5367736816406,0.6313377618789673,0.6313377618789673,0.3998885750770569,0.20291301608085632,40.73030471801758,0.3051091730594635,16.266868591308594,0.6141349673271179,1.0319842100143433,0.3561672568321228,0.3561672568321228,0.0,406.6665344238281,0.4779195487499237,0.4779195487499237,0.2702748775482178,0.12373081594705582,78.77828979492188,0.32986390590667725,19.365074157714844,0.754237174987793,1.1783778667449951
2018,2,31.208953972398177,104.22743380143983,5809.602,527.0,2.1476988792419434,149.68939208984375,23.26230812072754,29.719114303588867,1.2452600002288818,6.900000095367432,37.95567321777344,0.269111692905426,0.27613115310668945,1.423539400100708,380.2135009765625,0.3167511820793152,0.3332935571670532,0.005522947292774916,0.07145573198795319,58.812564849853516,0.3709946572780609,11.837185859680176,0.3290839195251465,0.5965639352798462,0.2168443650007248,0.24520352482795715,32.920005798339844,347.1278991699219,0.5247635841369629,0.5773394107818604,0.16541624069213867,0.1365194469690323,61.12287139892578,0.3259155750274658,4.4254631996154785,0.2693946361541748,0.4791739583015442,0.22500570118427277,0.2332606315612793,8.986233711242676,340.6643371582031,0.6849786043167114,0.7523632049560547,0.3697591722011566,0.22019919753074646,39.1421012878418,0.30572637915611267,8.504566192626953,0.3909238576889038,0.7360922694206238,0.2982335686683655,0.2982335686683655,0.0,256.1962890625,0.7860385179519653,0.7880957126617432,0.4780941903591156,0.3186623752117157,35.19795608520508,0.3115469515323639,15.070369720458984,0.5990980863571167,1.0514917373657227,0.3741801977157593,0.3741801977157593,0.0,384.14453125,0.6974858641624451,0.6980382204055786,0.381950318813324,0.23769977688789368,73.77635955810547,0.3291897773742676,18.2925968170166,0.7415394186973572,1.218050479888916
2018,2,31.20572112413442,104.02504412282602,5810.1787,619.0,0.0,-0.0,25.772109985351562,23.709095001220703,1.219984769821167,6.631329536437988,39.37132263183594,0.25517821311950684,0.2642613649368286,2.469721794128418,342.009521484375,0.5382403135299683,0.575800359249115,0.3862939178943634,0.10432960093021393,66.25074005126953,0.3768952190876007,10.610618591308594,0.2903794050216675,0.5239814519882202,0.20455621182918549,0.2318640649318695,57.11345672607422,285.6587829589844,0.5692598223686218,0.6152154803276062,0.24220700562000275,0.17085321247577667,67.99347686767578,0.3360425531864166,3.2189481258392334,0.24142567813396454,0.44049885869026184,0.21503843367099762,0.22254356741905212,15.590364456176758,295.2914123535156,0.5137020945549011,0.6794718503952026,0.2595607042312622,0.14969860017299652,47.65244674682617,0.3203592300415039,7.171821594238281,0.3467581272125244,0.6702073216438293,0.2848112881183624,0.2848112881183624,0.0,232.6979522705078,0.5767517685890198,0.5773669481277466,0.2738315463066101,0.17067565023899078,42.142738342285156,0.32759833335876465,13.688115119934082,0.529750406742096,0.9379629492759705,0.3693733513355255,0.3693733513355255,0.0,355.02557373046875,0.3671867847442627,0.37486061453819275,0.08160512149333954,0.091814324259758,82.37372589111328,0.34274011850357056,16.905981063842773,0.6508992910385132,1.073535680770874
2018,2,31.510790522705925,105.41375088210279,5810.9717,515.0,2.14945912361145,149.60914611816406,22.06803321838379,29.140287399291992,1.257176160812378,7.069051265716553,39.42213821411133,0.2627469301223755,0.27946966886520386,0.03079569712281227,450.75079345703125,0.470558226108551,0.470558226108551,0.073726125061512,0.0996057465672493,36.41357421875,0.35733020305633545,14.085000038146973,0.4363156855106354,0.9665684103965759,0.2135201096534729,0.24527835845947266,1.1429158449172974,482.6734619140625,0.46545061469078064,0.5877374410629272,0.1659873127937317,0.12743838131427765,39.66667175292969,0.3036099970340729,6.782120227813721,0.34960314631462097,0.7396231293678284,0.24132703244686127,0.24688048660755157,0.3191331624984741,423.9346618652344,0.35815930366516113,0.35815930366516113,0.12696297466754913,0.09195320308208466,16.983572006225586,0.2705843150615692,10.861936569213867,0.47707056999206543,0.9059692025184631,0.32746195793151855,0.32746195793151855,0.0,291.7109680175781,0.6319616436958313,0.6319616436958313,0.3170563876628876,0.1967540830373764,22.035961151123047,0.3092012107372284,17.159467697143555,0.6643300652503967,1.1877275705337524,0.43156328797340393,0.43156328797340393,0.0,433.3909606933594,0.618695855140686,0.618695855140686,0.2862894535064697,0.19380412995815277,65.12749481201172,0.3134012222290039,20.637664794921875,0.8606747388839722,1.5005004405975342
2018,2,29.270752190305284,103.91374496053203,5819.803,356.0,2.3186962604522705,246.4351348876953,26.209768295288086,27.60995864868164,1.23930823802948,6.300001621246338,33.22338104248047,0.28086423873901367,0.29288530349731445,0.0,436.410400390625,0.5891233086585999,0.6119470000267029,0.4371967017650604,0.11605195701122284,45.96177673339844,0.39412516355514526,13.637825012207031,0.3304513394832611,0.5643028616905212,0.2053062617778778,0.2422647476196289,1.9910180568695068,473.8466796875,0.5474086403846741,0.5474086403846741,0.27118179202079773,0.07348412275314331,85.54004669189453,0.37003687024116516,6.645854473114014,0.25963518023490906,0.46795210242271423,0.21980145573616028,0.22556374967098236,0.0,414.90521240234375,0.497560054063797,0.5130143761634827,0.07119713723659515,0.09427492320537567,44.42652130126953,0.34946906566619873,10.638594627380371,0.39534276723861694,0.6925744414329529,0.28487628698349,0.28487628698349,0.0,280.5509338378906,0.4740557074546814,0.4740557074546814,0.11517244577407837,0.10571938753128052,74.53763580322266,0.3746447265148163,16.50299644470215,0.5055440664291382,0.8530018925666809,0.392337828874588,0.392337828874588,0.0,410.25946044921875,0.5708945989608765,0.5708945989608765,0.14372026920318604,0.15286785364151,94.00270080566406,0.3877221643924713,19.536165237426758,0.6128469109535217,0.9242057204246521
2018,2,29.838034567223616,103.35588912324066,5821.1245,491.0,9.577457427978516,275.5052795410156,20.760786056518555,33.573585510253906,1.1884528398513794,5.900000095367432,42.74382019042969,0.27669885754585266,0.2897164821624756,0.48893705010414124,394.43792724609375,0.6039981245994568,0.6277574896812439,0.43869340419769287,0.11538679897785187,58.69774627685547,0.4002271592617035,12.310905456542969,0.29270926117897034,0.462373286485672,0.20975235104560852,0.2566627860069275,16.976287841796875,386.6691589355469,0.5581847429275513,0.5581847429275513,0.24687741696834564,0.10127215832471848,86.10722351074219,0.37087973952293396,5.206941604614258,0.24011914432048798,0.4263465106487274,0.22686493396759033,0.2366212010383606,4.856442928314209,363.90802001953125,0.5713877081871033,0.5991227626800537,0.3049083948135376,0.12897221744060516,52.986976623535156,0.3554491698741913,9.206450462341309,0.352212131023407,0.5989404320716858,0.29091694951057434,0.29091694951057434,0.0,261.76702880859375,0.5330960154533386,0.5330960154533386,0.4022255539894104,0.11724554747343063,76.18193054199219,0.36873409152030945,15.39806079864502,0.4865320324897766,0.7672711610794067,0.37747207283973694,0.37747207283973694,0.0,383.2664794921875,0.5745606422424316,0.5745606422424316,0.4295032322406769,0.16548368334770203,107.43468475341797,0.38612139225006104,18.250783920288086,0.5694990754127502,0.9121087193489075
2018,2,30.587502435882584,103.55477840752752,5833.2197,528.0,1.4213446378707886,229.27638244628906,23.35890769958496,27.16710662841797,1.2204210758209229,6.769864559173584,38.3766975402832,0.2820444107055664,0.29816147685050964,0.6101453900337219,396.36334228515625,0.579939603805542,0.611713171005249,0.4175611436367035,0.1140519306063652,54.53744888305664,0.3685320317745209,12.367286682128906,0.3208511471748352,0.5164234638214111,0.20425556600093842,0.24920590221881866,14.109893798828125,377.08685302734375,0.5507080554962158,0.6070053577423096,0.16079583764076233,0.14914444088935852,59.48556900024414,0.32410967350006104,5.112351417541504,0.2702585756778717,0.4932255744934082,0.24267825484275818,0.2540681064128876,3.8516032695770264,365.357666015625,0.5238892436027527,0.5874611139297485,0.11369457095861435,0.1405392289161682,47.51189422607422,0.30474627017974854,9.269386291503906,0.3919781446456909,0.6942115426063538,0.3104967176914215,0.3104967176914215,0.0,266.67010498046875,0.5101928114891052,0.5101928114891052,0.3944604694843292,0.12172558158636093,46.72463607788086,0.31565529108047485,15.686477661132812,0.5676044225692749,0.8862338662147522,0.35429227352142334,0.35429227352142334,0.0,392.2586364746094,0.533683717250824,0.533683717250824,0.39844152331352234,0.1479606032371521,85.73104858398438,0.3392314910888672,18.67898178100586,0.6901857256889343,1.087733507156372
2018,2,30.704999748640883,104.25141930600631,5834.666,475.0,1.0785915851593018,270.0,19.700101852416992,32.21213912963867,1.2853535413742065,6.900000095367432,42.65882110595703,0.2849711775779724,0.2902916371822357,0.3757396340370178,438.4035339355469,0.5629889965057373,0.5827959179878235,0.4213818311691284,0.11531901359558105,39.092655181884766,0.3467181324958801,13.688368797302246,0.40505295991897583,0.747706413269043,0.22360171377658844,0.25775086879730225,8.689153671264648,454.9618225097656,0.45188671350479126,0.5241289138793945,0.191363126039505,0.10891275852918625,47.36357116699219,0.29666316509246826,6.2855305671691895,0.3154231011867523,0.5669199824333191,0.234871968626976,0.24034951627254486,2.371893882751465,413.8294982910156,0.44598710536956787,0.4672166109085083,0.20598457753658295,0.10224393010139465,29.677871704101562,0.2744791507720947,10.55019474029541,0.47166407108306885,0.8987837433815002,0.3047337234020233,0.3047337234020233,0.0,286.5904235839844,0.6925985813140869,0.6925985813140869,0.38868603110313416,0.19495350122451782,32.147335052490234,0.2924336791038513,16.858261108398438,0.6721789836883545,1.2178815603256226,0.36172986030578613,0.36172986030578613,0.0,422.1896057128906,0.602714478969574,0.602714478969574,0.2707102298736572,0.15953867137432098,69.02128601074219,0.3175920248031616,20.104267120361328,0.8351408243179321,1.3035240173339844
2018,2,31.28198958855257,104.18916579619915,5857.0835,551.0,2.1481235027313232,210.3300018310547,26.860111236572266,26.8078670501709,1.2200000286102295,6.699999809265137,34.16282272338867,0.26393839716911316,0.27151769399642944,1.7911888360977173,364.2777099609375,0.4790063500404358,0.4790063500404358,0.14899255335330963,0.059057772159576416,63.04644775390625,0.3754945397377014,11.327703475952148,0.3109373450279236,0.5620797872543335,0.21350686252117157,0.24069339036941528,41.42207336425781,319.54974365234375,0.4747620224952698,0.5651895999908447,0.18080440163612366,0.1334541290998459,64.4143295288086,0.3319568932056427,3.9172911643981934,0.2573901414871216,0.4592207670211792,0.22141066193580627,0.22984489798545837,11.307058334350586,321.1374206542969,0.6211682558059692,0.7030821442604065,0.355116605758667,0.2187676578760147,42.09536361694336,0.31296831369400024,7.9443678855896,0.37089648842811584,0.7010545134544373,0.2944227457046509,0.2944227457046509,0.0,247.10845947265625,0.7287785410881042,0.7287785410881042,0.435268759727478,0.26632583141326904,36.933753967285156,0.31741243600845337,14.535792350769043,0.5751727223396301,1.0073250532150269,0.3750501573085785,0.3750501573085785,0.0,372.88507080078125,0.6266053318977356,0.6266053318977356,0.31816384196281433,0.1860785037279129,76.08086395263672,0.3334648013114929,17.756431579589844,0.7106346487998962,1.1778063774108887
2018,2,27.973403493411524,104.63814376306853,5870.7075,1062.0,28.45772933959961,189.73486328125,23.363643646240234,34.968116760253906,1.1992214918136597,5.8949456214904785,42.81005096435547,0.26323795318603516,0.2963774502277374,0.18983078002929688,361.1253662109375,0.5098332166671753,0.5727551579475403,0.08003052324056625,0.11313435435295105,45.00757598876953,0.3878893256187439,11.27923583984375,0.25880855321884155,0.4559473693370819,0.18840990960597992,0.21827250719070435,23.881315231323242,368.57672119140625,0.4284626245498657,0.50352543592453,0.015989618375897408,0.07466288655996323,99.72909545898438,0.38399216532707214,4.854865074157715,0.18915779888629913,0.36406171321868896,0.19577157497406006,0.20213906466960907,8.975417137145996,342.03314208984375,0.4291470944881439,0.4291470944881439,0.08058793097734451,0.07924879342317581,51.03048324584961,0.3651040196418762,8.539941787719727,0.32467490434646606,0.8485873341560364,0.27352404594421387,0.27352404594421387,0.0,235.16403198242188,0.39301857352256775,0.40695029497146606,0.07745461910963058,0.07513367384672165,72.79252624511719,0.386549711227417,13.833178520202637,0.3801439702510834,0.8416028618812561,0.4333741366863251,0.4333741366863251,0.0,358.919189453125,0.37241828441619873,0.4689898192882538,0.07926023006439209,0.08834520727396011,80.95144653320312,0.3849768340587616,17.091388702392578,0.4902636706829071,0.8050678372383118
2018,2,29.975749444158236,103.85121944556059,5874.9297,405.0,2.1404309272766113,270.0,31.162433624267578,29.527006149291992,1.2264657020568848,6.839024543762207,43.0339241027832,0.2874141037464142,0.2975035309791565,0.0,443.1575622558594,0.41753965616226196,0.41753965616226196,0.07147486507892609,0.10132292658090591,43.0745735168457,0.37331271171569824,13.848673820495605,0.36373722553253174,0.6223804950714111,0.21245774626731873,0.2535490393638611,0.0,473.52008056640625,0.5960527062416077,0.6382376551628113,0.32528454065322876,0.15548795461654663,65.31117248535156,0.33544138073921204,6.669296741485596,0.28980088233947754,0.5207870602607727,0.23344475030899048,0.2412225604057312,0.0,422.2384338378906,0.6019355058670044,0.6460998058319092,0.35521742701530457,0.2211950421333313,38.82704544067383,0.3133716881275177,10.82662582397461,0.43305131793022156,0.7668331861495972,0.298135906457901,0.298135906457901,0.0,287.9161682128906,0.6346085667610168,0.6346085667610168,0.3836611211299896,0.24498267471790314,58.250823974609375,0.3348998725414276,16.93624496459961,0.5851202011108398,0.9682849049568176,0.369915246963501,0.369915246963501,0.0,419.88702392578125,0.4978778660297394,0.5000912547111511,0.2331005334854126,0.15925349295139313,86.51383972167969,0.35640963912010193,19.994619369506836,0.7129375338554382,1.0926553010940552
2018,2,30.61526033994029,103.63805211970062,5907.3022,532.0,3.229729175567627,270.0,25.335433959960938,26.066068649291992,1.224336862564087,6.900000095367432,45.00920104980469,0.28034618496894836,0.2950539290904999,0.7326361536979675,396.84222412109375,0.5767503380775452,0.6070894002914429,0.41655638813972473,0.11354245245456696,53.44690704345703,0.36630794405937195,12.378424644470215,0.32763639092445374,0.5406585335731506,0.2055608034133911,0.24854324758052826,16.942550659179688,379.2184753417969,0.4758771061897278,0.5052646994590759,0.24387480318546295,0.09429687261581421,58.735660552978516,0.3216489553451538,5.10247802734375,0.27283358573913574,0.4981219172477722,0.23991627991199493,0.2503173351287842,4.624838829040527,365.618408203125,0.5737302303314209,0.6365067958831787,0.30594101548194885,0.1324189156293869,45.99217224121094,0.3024776875972748,9.256245613098145,0.39722397923469543,0.7148772478103638,0.30766037106513977,0.30766037106513977,0.0,266.1214599609375,0.6735706925392151,0.6735706925392151,0.3541889488697052,0.18842436373233795,45.392879486083984,0.314469575881958,15.654203414916992,0.5735814571380615,0.9206660389900208,0.3550656735897064,0.3550656735897064,0.0,392.4061279296875,0.6345806121826172,0.6345806121826172,0.3162720501422882,0.18365749716758728,84.31336975097656,0.337821364402771,18.686006546020508,0.6993499398231506,1.101104974746704
2018,2,31.21569167408993,104.18943780136341,5910.554,547.0,1.0843716859817505,90.0,25.024505615234375,26.176347732543945,1.2284777164459229,6.800000190734863,37.96754837036133,0.26623713970184326,0.2736600637435913,1.6373233795166016,372.1658020019531,0.5380657911300659,0.5748914480209351,0.39262261986732483,0.10778587311506271,60.48944091796875,0.37243545055389404,11.579014778137207,0.32074153423309326,0.5808887481689453,0.21443305909633636,0.24249619245529175,37.86386489868164,333.9905090332031,0.40517860651016235,0.48859235644340515,0.08066801726818085,0.09876774251461029,62.611209869384766,0.32822465896606445,4.170797824859619,0.26347240805625916,0.4706566631793976,0.22295792400836945,0.2311020940542221,10.335766792297363,331.04705810546875,0.5765359401702881,0.650931179523468,0.27071836590766907,0.1834132820367813,40.87445068359375,0.30891820788383484,8.223366737365723,0.3814682066440582,0.7214946150779724,0.29557833075523376,0.29557833075523376,0.0,251.31552124023438,0.5214404463768005,0.5267139673233032,0.2849406599998474,0.15873482823371887,36.545230865478516,0.31484538316726685,14.783266067504883,0.5849878191947937,1.0279301404953003,0.3734511435031891,0.3734511435031891,0.0,378.0975341796875,0.4880134165287018,0.505435585975647,0.19493503868579865,0.12564441561698914,75.4598159790039,0.3319072723388672,18.0046443939209,0.7231343984603882,1.1895922422409058
2018,2,31.215152122862463,105.47330663577262,5910.7314,398.0,4.329718589782715,270.0,31.350858688354492,24.9751033782959,1.2974711656570435,7.109694957733154,31.161640167236328,0.2696215510368347,0.2821006178855896,0.0,462.96142578125,0.4411287009716034,0.4435742199420929,0.07544177025556564,0.10009622573852539,30.826208114624023,0.349419504404068,14.467544555664062,0.4485166072845459,0.9871687293052673,0.21805378794670105,0.25010642409324646,0.0,510.7236328125,0.45388349890708923,0.49682119488716125,0.14213785529136658,0.11277657747268677,37.979347229003906,0.2976092994213104,7.1932902336120605,0.35108694434165955,0.7145005464553833,0.2398087978363037,0.2437802404165268,0.0,439.100830078125,0.5417776703834534,0.5417776703834534,0.25523483753204346,0.16921553015708923,17.17011833190918,0.26677775382995605,11.25899600982666,0.485241562128067,0.8992385864257812,0.32096967101097107,0.32096967101097107,0.0,294.4271545410156,0.5053498148918152,0.5053498148918152,0.2309730052947998,0.14660537242889404,28.245223999023438,0.3118298351764679,17.319244384765625,0.6468093991279602,1.166717290878296,0.41174617409706116,0.41174617409706116,0.0,437.9419860839844,0.4647325575351715,0.4647325575351715,0.2600903809070587,0.1418498307466507,70.15238952636719,0.3182238042354584,20.854379653930664,0.8456637859344482,1.4678397178649902
2018,2,30.52201161871063,104.12637273516452,5913.8423,522.0,3.3567240238189697,286.0211486816406,22.472280502319336,26.758028030395508,1.2375643253326416,6.909334659576416,46.19384765625,0.28981712460517883,0.29668381810188293,0.060221679508686066,449.608642578125,0.5741468071937561,0.5910314321517944,0.4293702244758606,0.11728845536708832,35.686920166015625,0.3431722819805145,14.048388481140137,0.4135492444038391,0.7518274188041687,0.22225026786327362,0.2604126036167145,1.392654299736023,475.4722900390625,0.46656161546707153,0.483626127243042,0.07458506524562836,0.10033144056797028,45.20752716064453,0.29253697395324707,6.677177906036377,0.32185882329940796,0.5812428593635559,0.2398342788219452,0.24562427401542664,0.3801553547382355,428.7149963378906,0.3243410885334015,0.36554598808288574,0.038898639380931854,0.06924247741699219,29.974599838256836,0.2701534926891327,10.98294448852539,0.48272502422332764,0.9116898775100708,0.3083174228668213,0.3083174228668213,0.0,292.94671630859375,0.4447956681251526,0.4447956681251526,0.11091326177120209,0.11043328046798706,33.878623962402344,0.29052433371543884,17.232160568237305,0.6765679717063904,1.2080624103546143,0.35643211007118225,0.35643211007118225,0.0,429.145751953125,0.46115249395370483,0.46115249395370483,0.11118660867214203,0.12471895664930344,70.58837890625,0.3178258538246155,20.435510635375977,0.8386257290840149,1.291866421699524
2018,2,31.519414424143285,104.95075796062244,5923.493,475.0,1.4293930530548096,229.55364990234375,26.13553810119629,27.062904357910156,1.2972670793533325,7.107865810394287,33.12516784667969,0.27456504106521606,0.28596293926239014,0.3505120873451233,428.28076171875,0.5145671367645264,0.5724993348121643,0.4104301631450653,0.11072663217782974,47.74088668823242,0.3678693175315857,13.372819900512695,0.38765764236450195,0.7804807424545288,0.22316280007362366,0.2533591389656067,5.307111740112305,430.9989318847656,0.2522262930870056,0.3848801553249359,0.0656416043639183,0.04713313654065132,48.741310119628906,0.31655827164649963,5.995659351348877,0.31698498129844666,0.6097543835639954,0.23986563086509705,0.2489381581544876,1.428087592124939,396.73394775390625,0.4926512539386749,0.4978386461734772,0.3383553624153137,0.09010398387908936,24.194692611694336,0.2867353558540344,10.13604736328125,0.44325491786003113,0.8145561814308167,0.3237343430519104,0.3237343430519104,0.0,284.1636657714844,0.6434893012046814,0.6434893012046814,0.35922640562057495,0.2194492667913437,24.004833221435547,0.3029901385307312,16.71550941467285,0.6653239727020264,1.1472249031066895,0.4116678237915039,0.4116678237915039,0.0,420.8286437988281,0.6976315379142761,0.6976315379142761,0.376225084066391,0.23993849754333496,63.88663101196289,0.31385496258735657,20.039459228515625,0.8440973162651062,1.4483433961868286
2018,2,31.268781731232266,104.24710735528762,5926.183,545.0,1.0849807262420654,270.0,26.90928840637207,30.872106552124023,1.2300000190734863,6.710150718688965,36.90004348754883,0.2687698304653168,0.2757588028907776,1.4323234558105469,377.5549011230469,0.5356074571609497,0.5738101005554199,0.39232155680656433,0.10841435194015503,60.31746292114258,0.3732033967971802,11.753829956054688,0.3243996500968933,0.5867865681648254,0.2174033224582672,0.2451898157596588,33.12314224243164,341.1776428222656,0.5587916970252991,0.6344753503799438,0.2348022311925888,0.16410616040229797,61.9879035949707,0.32824549078941345,4.3387956619262695,0.2670498192310333,0.47309190034866333,0.2249314785003662,0.23359400033950806,9.0416841506958,337.0274963378906,0.6854342222213745,0.7616193294525146,0.4061087369918823,0.2566415071487427,39.31781005859375,0.3077961504459381,8.409893035888672,0.3862737715244293,0.7242053747177124,0.2989366352558136,0.2989366352558136,0.0,255.19557189941406,0.7466669082641602,0.7538290023803711,0.46260643005371094,0.2782573103904724,34.7898063659668,0.3120318353176117,15.011504173278809,0.5981257557868958,1.0444501638412476,0.37618035078048706,0.37618035078048706,0.0,382.8617248535156,0.6707282066345215,0.6742039322853088,0.3607740104198456,0.21442382037639618,73.38715362548828,0.32906270027160645,18.23151206970215,0.740498423576355,1.2239104509353638
2018,2,31.192517725915174,104.0813670282321,5941.8203,597.0,1.426525354385376,49.45534133911133,27.772659301757812,25.053485870361328,1.2400000095367432,6.599999904632568,38.58509063720703,0.25967222452163696,0.2681616246700287,2.136190891265869,354.5455627441406,0.4839519262313843,0.4841963052749634,0.20662543177604675,0.1511680781841278,63.6240234375,0.3746311366558075,11.012792587280273,0.30331552028656006,0.5480865836143494,0.20823824405670166,0.23606586456298828,49.4004020690918,306.15472412109375,0.5381557941436768,0.570444643497467,0.2853360176086426,0.16555508971214294,65.67496490478516,0.33243581652641296,3.616257905960083,0.25061920285224915,0.45379623770713806,0.21826575696468353,0.22594763338565826,13.484917640686035,310.2958679199219,0.56036376953125,0.6688214540481567,0.3539031147956848,0.16566039621829987,44.99789810180664,0.3153928220272064,7.610537052154541,0.3614468574523926,0.6927975416183472,0.28895103931427,0.28895103931427,0.0,240.2956085205078,0.512246310710907,0.5126360654830933,0.23941344022750854,0.15231677889823914,40.10148239135742,0.32250308990478516,14.135035514831543,0.5514876842498779,0.9739543199539185,0.37041109800338745,0.37041109800338745,0.0,364.4231262207031,0.3015018701553345,0.30593985319137573,-0.03490499034523964,0.06390949338674545,79.81356048583984,0.3385707139968872,17.35348129272461,0.6792160272598267,1.1170603036880493
2018,2,32.17320782059952,105.94169061042656,5958.328,755.0,5.665830135345459,144.6690673828125,28.743398666381836,24.756601333618164,1.2680954933166504,6.589150428771973,33.07617950439453,0.263884037733078,0.2933521568775177,0.0,323.8144836425781,0.4916588068008423,0.5043461918830872,0.08921594172716141,0.11566442996263504,46.80070114135742,0.38528040051460266,10.119202613830566,0.2857814133167267,0.5553251504898071,0.19614382088184357,0.23097185790538788,46.685420989990234,242.54901123046875,0.4371498227119446,0.5001347661018372,0.07600726932287216,0.10182902216911316,52.12805938720703,0.34869810938835144,2.7586419582366943,0.24802595376968384,0.5207477807998657,0.20794528722763062,0.22222305834293365,7.989871501922607,278.4983215332031,0.3486252427101135,0.4510663151741028,0.0974682942032814,0.09895719587802887,30.971054077148438,0.3395099341869354,6.936114311218262,0.3215912878513336,0.6046150326728821,0.30075836181640625,0.30075836181640625,0.0,233.6678924560547,0.4491586685180664,0.45122843980789185,0.1687382012605667,0.1255711019039154,37.080711364746094,0.35378172993659973,13.745169639587402,0.4792325496673584,0.8414014577865601,0.48388853669166565,0.48388853669166565,0.0,351.8351745605469,0.350838303565979,0.36809036135673523,0.0663849413394928,0.09692797809839249,70.33290100097656,0.35473817586898804,16.75405502319336,0.574253499507904,1.0972505807876587
2018,2,31.26878173123226,104.17434374429752,5960.3145,561.0,1.4271864891052246,130.52194213867188,25.152667999267578,23.55107307434082,1.2300000190734863,6.699999809265137,36.99027633666992,0.26328200101852417,0.270973265171051,1.844238042831421,362.8733215332031,0.47297048568725586,0.47297048568725586,0.23170821368694305,0.0728013813495636,63.09709930419922,0.3753049969673157,11.282158851623535,0.3099725842475891,0.5605161190032959,0.21274134516716003,0.23999683558940887,42.648860931396484,317.6668701171875,0.420244425535202,0.5582773089408875,0.15993569791316986,0.10165398567914963,64.57903289794922,0.3319610357284546,3.873493194580078,0.2564556300640106,0.45856615900993347,0.22089986503124237,0.22920170426368713,11.641936302185059,319.5760192871094,0.6254164576530457,0.6896253824234009,0.3292807340621948,0.20230980217456818,42.49843978881836,0.3132668733596802,7.895745754241943,0.36963504552841187,0.7003057599067688,0.29355716705322266,0.29355716705322266,0.0,246.10105895996094,0.6103923916816711,0.6131394505500793,0.32666531205177307,0.19381681084632874,37.385807037353516,0.3181418180465698,14.476532936096191,0.5717723965644836,1.0030272006988525,0.37435293197631836,0.37435293197631836,0.0,371.64794921875,0.5866644978523254,0.5888462662696838,0.27103087306022644,0.16739247739315033,76.6150131225586,0.33419960737228394,17.697521209716797,0.7061415910720825,1.1689589023590088
2018,2,30.461376762585868,103.49791149179293,5969.904,517.0,2.83882999420166,130.76039123535156,20.46820831298828,28.320505142211914,1.2089462280273438,6.665753364562988,40.6790771484375,0.290075421333313,0.30707982182502747,0.02028336189687252,413.4378356933594,0.5882170796394348,0.6194459199905396,0.4255070388317108,0.11687452346086502,52.082340240478516,0.36933135986328125,12.919299125671387,0.3292311429977417,0.5162351727485657,0.20716796815395355,0.2557668387889862,0.40332552790641785,404.981689453125,0.5581994652748108,0.5695126056671143,0.16826778650283813,0.12494457513093948,58.64906692504883,0.3243218958377838,5.698286533355713,0.27831900119781494,0.5032139420509338,0.24955132603645325,0.2621634304523468,0.129233717918396,386.4739685058594,0.6184795498847961,0.6659368872642517,0.29024359583854675,0.1691621094942093,46.33036804199219,0.30327242612838745,9.906274795532227,0.40418651700019836,0.6957170963287354,0.31789278984069824,0.31789278984069824,0.0,277.5506591796875,0.5091310739517212,0.5091310739517212,0.3991152048110962,0.12369158118963242,47.81207275390625,0.31353920698165894,16.326509475708008,0.5833767652511597,0.8822677135467529,0.35491839051246643,0.35491839051246643,0.0,404.49017333984375,0.5259798169136047,0.5259798169136047,0.3918672502040863,0.14651337265968323,85.7819595336914,0.3385767340660095,19.261436462402344,0.7079225182533264,1.1126956939697266
2018,2,31.30732174163719,104.24225585334148,5971.72,565.0,1.0854283571243286,270.0,29.711698532104492,26.68297576904297,1.2400000095367432,6.699999809265137,37.98534393310547,0.26727592945098877,0.27442044019699097,1.5334855318069458,372.3811340332031,0.30196240544319153,0.30196240544319153,0.06390711665153503,0.05717293918132782,61.958187103271484,0.375153511762619,11.5889892578125,0.3179144561290741,0.574070155620575,0.21666666865348816,0.2439708411693573,35.462562561035156,331.7774963378906,0.5762126445770264,0.6208369135856628,0.2348913997411728,0.1693773865699768,63.16444396972656,0.33065417408943176,4.173449516296387,0.263020783662796,0.46568670868873596,0.22396132349967957,0.23281309008598328,9.680279731750488,330.56915283203125,0.7006916403770447,0.7775917053222656,0.4076409935951233,0.24250191450119019,40.188720703125,0.3104443848133087,8.227919578552246,0.3793053925037384,0.7106959223747253,0.2981586754322052,0.2981586754322052,0.0,252.4188232421875,0.7590571045875549,0.7590571045875549,0.48468106985092163,0.2929824888706207,35.141571044921875,0.3137873113155365,14.848165512084961,0.5912772417068481,1.029892086982727,0.37705132365226746,0.37705132365226746,0.0,379.3995361328125,0.6203861236572266,0.6203861236572266,0.36399632692337036,0.204161137342453,73.89982604980469,0.33019304275512695,18.0666446685791,0.7317070960998535,1.2147679328918457
2018,2,30.496679465626002,103.6827858214688,5977.363,493.0,2.1436667442321777,30.125572204589844,22.666927337646484,28.386388778686523,1.2044744491577148,6.7030720710754395,41.093116760253906,0.2905063033103943,0.30476871132850647,0.0,424.80523681640625,0.5836700201034546,0.6109588742256165,0.4261931777000427,0.11705806851387024,46.91474533081055,0.3603108525276184,13.275163650512695,0.35561808943748474,0.5882622003555298,0.21148991584777832,0.2572043836116791,0.0,426.3632507324219,0.36706602573394775,0.38738158345222473,0.09233153611421585,0.05974605306982994,53.55495834350586,0.3130349814891815,6.0051164627075195,0.29257732629776,0.5293835401535034,0.2477020025253296,0.2584270238876343,0.0,399.8197937011719,0.4073824882507324,0.415639728307724,0.10660963505506516,0.07406668365001678,41.298072814941406,0.2914102077484131,10.251790046691895,0.4293748438358307,0.76374751329422,0.31628477573394775,0.31628477573394775,0.0,282.6960754394531,0.4668560028076172,0.4668560028076172,0.13677766919136047,0.10148083418607712,42.6718635559082,0.3046238124370575,16.629180908203125,0.6144549250602722,0.9828271269798279,0.3543342351913452,0.3543342351913452,0.0,412.5419921875,0.4627056419849396,0.4656822979450226,0.12621188163757324,0.12009022384881973,80.5322494506836,0.3306584060192108,19.644855499267578,0.7515762448310852,1.172325849533081
2018,2,30.730331901725503,103.63346816381767,5991.1177,575.0,1.4225513935089111,49.3182258605957,24.187284469604492,24.121625900268555,1.2316268682479858,7.017307758331299,41.99913024902344,0.27013421058654785,0.2845856845378876,1.4693071842193604,371.37841796875,0.5691738724708557,0.6014771461486816,0.4074420928955078,0.11007092148065567,58.88306427001953,0.3707810044288635,11.559659957885742,0.30513039231300354,0.5083989500999451,0.20061564445495605,0.24018871784210205,33.97840881347656,337.1113586425781,0.46585583686828613,0.4850710928440094,0.17889851331710815,0.0929315984249115,63.23171615600586,0.32849961519241333,4.2694783210754395,0.25580647587776184,0.47167983651161194,0.23132912814617157,0.24092352390289307,9.275148391723633,334.35791015625,0.6219587922096252,0.6991156935691833,0.326751172542572,0.16438880562782288,49.642906188964844,0.3117252290248871,8.335454940795898,0.370098352432251,0.6797930598258972,0.29816699028015137,0.29816699028015137,0.0,250.5661163330078,0.5142472982406616,0.5142472982406616,0.3892844021320343,0.11853957176208496,47.460975646972656,0.32325124740600586,14.73918342590332,0.5381585955619812,0.8790299892425537,0.3560412526130676,0.3560412526130676,0.0,373.8876037597656,0.5499056577682495,0.5499056577682495,0.41260817646980286,0.15197235345840454,87.27539825439453,0.3440310060977936,17.804170608520508,0.6547344923019409,1.0399224758148193
2018,2,30.51527391701887,103.65341372282974,6001.4126,500.0,1.0764811038970947,90.0,19.034849166870117,29.007070541381836,1.201827883720398,6.800000190734863,44.50450897216797,0.2892010509967804,0.30393534898757935,0.09441567957401276,419.66241455078125,0.5831338763237,0.611455500125885,0.424600750207901,0.11656872183084488,48.40041732788086,0.3619309961795807,13.111499786376953,0.3488016426563263,0.5731886029243469,0.21012935042381287,0.25588271021842957,2.183406352996826,417.2008361816406,0.631338357925415,0.6674787402153015,0.3105415999889374,0.1930142492055893,54.59695816040039,0.31511810421943665,5.845315933227539,0.28843680024147034,0.5225667953491211,0.2471630722284317,0.25812557339668274,0.5960083603858948,393.5994567871094,0.6841697692871094,0.7590474486351013,0.384027898311615,0.21226462721824646,42.51902770996094,0.2938506603240967,10.077012062072754,0.4222775399684906,0.7494810819625854,0.3156757950782776,0.3156757950782776,0.0,279.9192810058594,0.756284236907959,0.756284236907959,0.44548654556274414,0.28183454275131226,43.37538528442383,0.3064679503440857,16.465839385986328,0.6059951782226562,0.9629100561141968,0.3542391061782837,0.3542391061782837,0.0,408.95062255859375,0.5027037262916565,0.6774048805236816,0.24081598222255707,0.14428450167179108,81.4874038696289,0.33209753036499023,19.473838806152344,0.7404041290283203,1.1572654247283936
2018,2,30.90011217433546,104.19806170280077,6007.064,488.0,1.4239981174468994,130.63172912597656,22.603967666625977,35.0830192565918,1.2415298223495483,6.800000190734863,44.60336685180664,0.27737730741500854,0.2839582562446594,0.8898196220397949,410.4650573730469,0.5539015531539917,0.5808306336402893,0.4099033772945404,0.11227624118328094,48.13196563720703,0.3576720952987671,12.799226760864258,0.36842745542526245,0.6727999448776245,0.21913261711597443,0.2513071894645691,20.577491760253906,403.9921875,0.35081472992897034,0.41310572624206543,0.092982217669487,0.0822889655828476,53.86635971069336,0.3101661205291748,5.400207042694092,0.2930654287338257,0.5260297060012817,0.23040129244327545,0.23713906109333038,5.617074966430664,379.0968017578125,0.5834240317344666,0.5834240317344666,0.26655885577201843,0.15194860100746155,34.83686828613281,0.28926730155944824,9.57640266418457,0.4328495264053345,0.8208916783332825,0.3012217581272125,0.3012217581272125,0.0,271.7698059082031,0.7656484842300415,0.7656484842300415,0.49367424845695496,0.2796938121318817,34.506935119628906,0.3022691309452057,15.986459732055664,0.6332870721817017,1.129601001739502,0.36596664786338806,0.36596664786338806,0.0,403.4740295410156,0.6761823892593384,0.6761823892593384,0.39187929034233093,0.21394263207912445,72.27935791015625,0.32417452335357666,19.213048934936523,0.7847536206245422,1.249031662940979
2018,2,28.231041434077518,105.25259451093021,6014.617,654.0,5.3292436599731445,279.99346923828125,27.29890251159668,29.761594772338867,1.2395766973495483,5.782007694244385,35.27780532836914,0.27843597531318665,0.3077280819416046,0.027835816144943237,431.9676208496094,0.5567614436149597,0.5625582337379456,0.08732521533966064,0.1390102505683899,37.928558349609375,0.3756115436553955,13.49811840057373,0.3117077648639679,0.561992883682251,0.17313848435878754,0.2151717096567154,9.275015830993652,497.7881774902344,0.4238317310810089,0.5017036199569702,0.0055292509496212006,0.07573821395635605,84.17020416259766,0.3672891855239868,6.880466938018799,0.2281799614429474,0.3825487494468689,0.19920986890792847,0.20211556553840637,2.3816418647766113,415.7059326171875,0.46983692049980164,0.4944274425506592,0.054000306874513626,0.09678280353546143,43.60939407348633,0.34262144565582275,10.598058700561523,0.36572179198265076,0.8145390152931213,0.28399771451950073,0.28399771451950073,0.0,273.14532470703125,0.5341634750366211,0.5341634750366211,0.3667023181915283,0.11122100800275803,77.01907348632812,0.3715061545372009,16.067371368408203,0.4466111958026886,0.8323895335197449,0.4192506670951843,0.4192506670951843,0.0,409.07830810546875,0.6222043633460999,0.6222043633460999,0.4738674759864807,0.1878001093864441,64.34369659423828,0.3613869547843933,19.47991943359375,0.5915071964263916,0.9215112924575806
2018,2,30.808214560725002,104.26112230989861,6051.151,468.0,2.9819793701171875,338.788818359375,20.31778907775879,37.61151885986328,1.2670953273773193,6.900000095367432,41.01321792602539,0.28236639499664307,0.2878488600254059,0.5422918796539307,428.59356689453125,0.5578955411911011,0.5808961391448975,0.41634029150009155,0.11417589336633682,42.633277893066406,0.35118597745895386,13.376603126525879,0.3920472264289856,0.722217857837677,0.22291487455368042,0.2558410167694092,12.540751457214355,436.3982849121094,0.5672521591186523,0.5679696202278137,0.260958731174469,0.14573872089385986,49.752784729003906,0.30191218852996826,5.969824314117432,0.3076770007610321,0.5514395833015442,0.23321914672851562,0.2392360419034958,3.423271656036377,401.34619140625,0.43336573243141174,0.44683101773262024,0.2956600487232208,0.1141257956624031,31.08072853088379,0.2799205482006073,10.20315170288086,0.45787885785102844,0.8704474568367004,0.30392155051231384,0.30392155051231384,0.0,281.59417724609375,0.5824899077415466,0.5824899077415466,0.3484555184841156,0.14718025922775269,32.347747802734375,0.29542768001556396,16.564363479614258,0.6612004041671753,1.191893458366394,0.3645099103450775,0.3645099103450775,0.0,415.9681091308594,0.449308842420578,0.449308842420578,0.24369293451309204,0.10703238844871521,69.47904205322266,0.3191845118999481,19.80800437927246,0.8212527632713318,1.2941285371780396
2018,2,29.27533168708717,103.76875728977923,6051.713,542.0,3.6849474906921387,300.1788024902344,25.742639541625977,30.42449378967285,1.2273740768432617,6.0,34.072635650634766,0.28168800473213196,0.29362908005714417,0.0,425.9384765625,0.5984956622123718,0.6209844350814819,0.44112899899482727,0.11721602082252502,50.894508361816406,0.40251991152763367,13.310577392578125,0.3127463757991791,0.5187285542488098,0.2076694220304489,0.24731133878231049,2.433659553527832,451.99420166015625,0.4664885103702545,0.5240025520324707,0.34227317571640015,0.08093761652708054,92.3853530883789,0.3798007071018219,6.331838607788086,0.24814212322235107,0.44277700781822205,0.2201978862285614,0.22648167610168457,0.0,401.9991149902344,0.5267144441604614,0.5267144441604614,0.08704561740159988,0.08279210329055786,48.56194305419922,0.36145102977752686,10.307669639587402,0.3757699728012085,0.6442353129386902,0.28512874245643616,0.28512874245643616,0.0,275.71826171875,0.5884655117988586,0.5884655117988586,0.11222852766513824,0.11605539172887802,79.05379486083984,0.38266390562057495,16.218721389770508,0.4856010675430298,0.8089835047721863,0.3960651755332947,0.3960651755332947,0.0,402.70904541015625,0.669189453125,0.669189453125,0.2169613093137741,0.18015015125274658,101.13277435302734,0.3955933749675751,19.176620483398438,0.5804604887962341,0.8936797976493835
2018,2,31.239409632593212,104.13553618782937,6075.2188,587.0,1.8543341159820557,-0.0,27.260778427124023,25.09406280517578,1.2516647577285767,6.6131205558776855,35.91155242919922,0.2615043520927429,0.2695174813270569,1.9857738018035889,358.7525329589844,0.42311960458755493,0.42471447587013245,0.1349509358406067,0.10951727628707886,63.44364547729492,0.37511545419692993,11.148962020874023,0.3066647946834564,0.5546439290046692,0.21073181927204132,0.23813468217849731,45.921939849853516,311.81280517578125,0.5616267323493958,0.5817456245422363,0.27085185050964355,0.17053377628326416,65.14481353759766,0.3323115110397339,3.7449417114257812,0.2536006569862366,0.4559478461742401,0.21956630051136017,0.22758150100708008,12.535394668579102,314.9128723144531,0.5744754076004028,0.6558140516281128,0.30074605345726013,0.18392764031887054,43.630916595458984,0.3143722116947174,7.753269195556641,0.36556142568588257,0.696418821811676,0.29137006402015686,0.29137006402015686,0.0,243.27601623535156,0.5943930745124817,0.5957300066947937,0.3223784565925598,0.2041909098625183,38.57243347167969,0.3201846480369568,14.310354232788086,0.5624042749404907,0.9899741411209106,0.3727194368839264,0.3727194368839264,0.0,368.1573791503906,0.3517763316631317,0.36482176184654236,0.039687421172857285,0.08552321791648865,78.02619934082031,0.3361833095550537,17.53130340576172,0.6937717199325562,1.1456881761550903
2018,2,30.747312158537028,104.55217675385913,6075.7764,431.0,2.157369375228882,270.0,22.583213806152344,30.877988815307617,1.269629716873169,6.900000095367432,37.2729606628418,0.28954365849494934,0.29153233766555786,0.0,461.344970703125,0.5576786398887634,0.5746147036552429,0.42495962977409363,0.11685322970151901,32.557411193847656,0.3395422101020813,14.417030334472656,0.43906086683273315,0.8366991281509399,0.2322337031364441,0.26378411054611206,0.0,495.5293884277344,0.43380215764045715,0.5420070290565491,0.20244887471199036,0.12783876061439514,41.967689514160156,0.28700751066207886,6.979287147521973,0.3358645737171173,0.599362313747406,0.23581893742084503,0.23992928862571716,0.0,440.4867248535156,0.5189733505249023,0.5189733505249023,0.28647950291633606,0.15939565002918243,22.247779846191406,0.2625764012336731,11.29453182220459,0.5043362379074097,0.9649329781532288,0.30745580792427063,0.30745580792427063,0.0,298.6073303222656,0.707828164100647,0.707828164100647,0.43641728162765503,0.2504509687423706,26.8116512298584,0.2833588719367981,17.565135955810547,0.7149020433425903,1.3267240524291992,0.3660646080970764,0.3660646080970764,0.0,438.7662048339844,0.6074651479721069,0.6074651479721069,0.3391004502773285,0.19325865805149078,62.799312591552734,0.30878186225891113,20.89362907409668,0.8958613276481628,1.4046237468719482
2018,2,29.503593070013068,104.6084996592652,6080.72,344.0,6.465176105499268,124.84793853759766,28.303386688232422,22.741294860839844,1.2899999618530273,6.587131023406982,32.388545989990234,0.2801898717880249,0.2891085743904114,0.0,486.1961669921875,0.35659047961235046,0.35659047961235046,0.06259556114673615,0.08578337728977203,21.369068145751953,0.35372692346572876,15.19363021850586,0.42594799399375916,0.8293953537940979,0.19633343815803528,0.2203647494316101,0.0,573.8331909179688,0.5392836332321167,0.6485100984573364,0.22116611897945404,0.16332200169563293,46.72687911987305,0.3192380964756012,8.082158088684082,0.32224684953689575,0.6083900928497314,0.22104957699775696,0.22494062781333923,0.0,475.5304260253906,0.5916069746017456,0.62923663854599,0.3103671371936798,0.17388521134853363,22.946025848388672,0.2880924642086029,12.19308853149414,0.49775782227516174,0.9394418001174927,0.2826741635799408,0.2826741635799408,0.0,302.7705993652344,0.6102116107940674,0.6113360524177551,0.39858105778694153,0.1882462352514267,56.210968017578125,0.33664625883102417,17.810035705566406,0.6085572838783264,1.077581524848938,0.3607873320579529,0.3607873320579529,0.0,446.07745361328125,0.4909878075122833,0.5578754544258118,0.2285115122795105,0.14333312213420868,63.96705627441406,0.3518301844596863,21.241783142089844,0.7780150771141052,1.0985976457595825
2018,2,30.152534964523145,103.67766677345942,6085.2285,457.0,0.9274099469184875,-0.0,25.490190505981445,28.6326847076416,1.2000000476837158,6.8614068031311035,37.089149475097656,0.2888457775115967,0.30128714442253113,0.0,430.12237548828125,0.5924296975135803,0.6153597235679626,0.43747517466545105,0.11754854768514633,47.97777557373047,0.3746439516544342,13.441324234008789,0.3460856080055237,0.5680109858512878,0.21194864809513092,0.2569504380226135,0.0,443.6925048828125,0.4806872010231018,0.588636577129364,0.22884148359298706,0.10404688864946365,65.3870620727539,0.33466389775276184,6.249190330505371,0.2823445796966553,0.5053048729896545,0.23938803374767303,0.24907201528549194,0.0,406.457275390625,0.5147339105606079,0.5561989545822144,0.1923593282699585,0.10793076455593109,42.7796630859375,0.31367701292037964,10.421981811523438,0.41679254174232483,0.724830687046051,0.3053906261920929,0.3053906261920929,0.0,283.2830505371094,0.52266925573349,0.52266925573349,0.10580255836248398,0.11971072107553482,56.06376647949219,0.32953327894210815,16.66370964050293,0.5792436599731445,0.9242766499519348,0.366523802280426,0.366523802280426,0.0,412.6366882324219,0.4816381633281708,0.4816381633281708,0.08350525796413422,0.12201718240976334,88.6921615600586,0.3523551821708679,19.64936637878418,0.7015281915664673,1.0931040048599243
2018,2,30.442514765129786,103.86200155190782,6088.3374,463.0,2.83851957321167,229.2342071533203,16.605731964111328,35.46235656738281,1.2052273750305176,6.924097537994385,49.024288177490234,0.2902427613735199,0.3013746440410614,0.0,436.7930603027344,0.580993115901947,0.6033792495727539,0.42934897541999817,0.11724670976400375,42.10511016845703,0.3550804555416107,13.64978313446045,0.3787401616573334,0.6535766124725342,0.21559874713420868,0.25818920135498047,0.0,451.0643005371094,0.3993612825870514,0.39964422583580017,0.16826392710208893,0.08937088400125504,51.51219177246094,0.3074873387813568,6.353018283843994,0.30370965600013733,0.5488070845603943,0.2435721606016159,0.25217172503471375,0.0,413.9867248535156,0.4328918755054474,0.48183944821357727,0.21794861555099487,0.1122983992099762,36.760650634765625,0.28547704219818115,10.615044593811035,0.4504958391189575,0.820321798324585,0.3116724193096161,0.3116724193096161,0.0,287.5376281738281,0.5149417519569397,0.5149417519569397,0.2903883159160614,0.15365883708000183,41.05567932128906,0.30234891176223755,16.913978576660156,0.6352247595787048,1.0655180215835571,0.3565336763858795,0.3565336763858795,0.0,420.05035400390625,0.38958749175071716,0.44238540530204773,0.14297688007354736,0.11365139484405518,77.43759155273438,0.3284887373447418,20.002397537231445,0.7808130383491516,1.2089792490005493
2018,2,31.020039697167885,104.39371367972284,6103.3228,466.0,1.0821434259414673,270.0,24.03645133972168,33.62646484375,1.270719051361084,6.864495754241943,36.2760124206543,0.28337639570236206,0.2879042327404022,0.4076617360115051,427.17205810546875,0.3894459307193756,0.40321084856987,0.09441357851028442,0.08936610072851181,45.93583679199219,0.3568098247051239,13.336387634277344,0.3858749568462372,0.7109543681144714,0.2276151031255722,0.25817766785621643,9.427366256713867,428.8799133300781,0.5432103276252747,0.5458254814147949,0.21632841229438782,0.14947952330112457,51.107078552246094,0.30704888701438904,5.907782554626465,0.30599674582481384,0.5399238467216492,0.23402464389801025,0.24125228822231293,2.5734052658081055,397.9358825683594,0.6706470251083374,0.695195198059082,0.3713237941265106,0.20707009732723236,29.53537940979004,0.28336095809936523,10.137499809265137,0.4523930549621582,0.8495963215827942,0.30800825357437134,0.30800825357437134,0.0,282.59991455078125,0.7944018840789795,0.7973787188529968,0.5106636881828308,0.3003658354282379,29.18922996520996,0.2935694456100464,16.623525619506836,0.6733037829399109,1.2011170387268066,0.37246695160865784,0.37246695160865784,0.0,417.3338928222656,0.7101520895957947,0.7330780029296875,0.4279654324054718,0.23198696970939636,66.03582000732422,0.31566813588142395,19.8730411529541,0.8382828235626221,1.3463565111160278
2018,2,30.261412834945144,104.65377737136188,6121.5737,373.0,1.0736911296844482,270.0,22.89683723449707,29.787418365478516,1.268959641456604,7.094465255737305,28.40982437133789,0.2882985472679138,0.29085156321525574,0.0,478.94244384765625,0.5319022536277771,0.5319022536277771,0.18771950900554657,0.15166154503822327,23.401227951049805,0.3342461585998535,14.966951370239258,0.4568386971950531,0.8916325569152832,0.22346335649490356,0.25386035442352295,0.0,541.2117309570312,0.7957035303115845,0.7957035303115845,0.4824092984199524,0.36412373185157776,39.32805252075195,0.28603804111480713,7.622700214385986,0.34224429726600647,0.621860921382904,0.23112855851650238,0.23320084810256958,0.0,463.8266906738281,0.6909478902816772,0.7849839925765991,0.49139270186424255,0.26650652289390564,20.485567092895508,0.26080724596977234,11.89299201965332,0.519856870174408,0.9968475103378296,0.29775476455688477,0.29775476455688477,0.0,303.0269470214844,0.738869309425354,0.738869309425354,0.5936248302459717,0.2931976020336151,35.86177444458008,0.29642152786254883,17.825115203857422,0.6874678730964661,1.2909321784973145,0.3582107424736023,0.3582107424736023,0.0,445.9411926269531,0.6222032904624939,0.6222032904624939,0.4776489734649658,0.22687998414039612,64.7829360961914,0.32008641958236694,21.235294342041016,0.869962751865387,1.323219895362854
2018,2,29.519761770432865,104.15305599586836,6129.2905,446.0,14.440688133239746,46.252601623535156,32.26353073120117,24.344972610473633,1.2711238861083984,6.73207426071167,34.563621520996094,0.2826540172100067,0.29150256514549255,0.0,466.6327819824219,0.5693374276161194,0.5845075845718384,0.44327783584594727,0.11364873498678207,33.392250061035156,0.3734469413757324,14.582274436950684,0.38643914461135864,0.7028943300247192,0.20370694994926453,0.23604696989059448,0.0,531.6235961914062,0.5760648846626282,0.6357254981994629,0.1799842119216919,0.14100980758666992,63.99431610107422,0.3418392837047577,7.487656593322754,0.299135684967041,0.5513512492179871,0.2223942130804062,0.22785525023937225,0.0,451.4583740234375,0.47262290120124817,0.5464546084403992,0.11258415132761002,0.10177719593048096,32.416526794433594,0.31564396619796753,11.575855255126953,0.4564584195613861,0.8254671096801758,0.2839230000972748,0.2839230000972748,0.0,295.4363708496094,0.5724473595619202,0.577742338180542,0.19639413058757782,0.13880974054336548,65.00125122070312,0.35129034519195557,17.378610610961914,0.5755874514579773,0.9779140949249268,0.3726497292518616,0.3726497292518616,0.0,432.274658203125,0.5998840928077698,0.6266101002693176,0.1356292963027954,0.1589210033416748,80.60787200927734,0.36843401193618774,20.58450698852539,0.713666558265686,1.0370714664459229
2018,2,31.172304620839906,103.98003841589359,6147.6772,600.0,2.983473300933838,158.7148895263672,24.15343475341797,26.517820358276367,1.2298022508621216,6.84822940826416,39.4962272644043,0.25388631224632263,0.2634179890155792,2.5756845474243164,338.6421203613281,0.14608630537986755,0.14608630537986755,0.10419090837240219,0.07973826676607132,66.55120086669922,0.3768121302127838,10.502076148986816,0.2871229946613312,0.516857385635376,0.20262694358825684,0.23034699261188507,59.563899993896484,280.88543701171875,0.5869273543357849,0.6144651770591736,0.1696951538324356,0.14388799667358398,68.49559020996094,0.3364410400390625,3.1172049045562744,0.2388654351234436,0.4381806552410126,0.2142328917980194,0.22157636284828186,16.259265899658203,291.5682067871094,0.42571669816970825,0.5187411308288574,0.04222546145319939,0.08960574120283127,48.79229736328125,0.3214045763015747,7.059203624725342,0.34302693605422974,0.6653963923454285,0.28321602940559387,0.28321602940559387,0.0,230.4249725341797,0.6372789144515991,0.6377649307250977,0.24766230583190918,0.19953696429729462,43.356178283691406,0.32945284247398376,13.554409980773926,0.5210742950439453,0.9232156276702881,0.3677079677581787,0.3677079677581787,0.0,352.1216735839844,0.6264535188674927,0.635675847530365,0.28941810131073,0.21500609815120697,83.7885971069336,0.34462305903434753,16.767698287963867,0.6392692923545837,1.0514564514160156
2018,2,30.50880822049137,103.65125551791986,6202.1455,497.0,0.9274099469184875,180.0,18.451627731323242,29.169063568115234,1.198461651802063,6.699999809265137,43.11725997924805,0.28973472118377686,0.3045216202735901,0.055904943495988846,420.85614013671875,0.583582878112793,0.6118539571762085,0.4250606298446655,0.11674802750349045,48.17478561401367,0.36178430914878845,13.150007247924805,0.34967195987701416,0.5740166902542114,0.21032732725143433,0.25629866123199463,1.2928277254104614,419.1349182128906,0.6066398024559021,0.6376199722290039,0.2668415606021881,0.17582078278064728,54.405643463134766,0.3148653507232666,5.8850998878479,0.2891697883605957,0.5236771106719971,0.24765031039714813,0.25867989659309387,0.3529055416584015,395.0740051269531,0.686202883720398,0.6960257887840271,0.3683648407459259,0.23029136657714844,42.389366149902344,0.2934782803058624,10.121053695678711,0.4234115779399872,0.750544011592865,0.31620892882347107,0.31620892882347107,0.0,280.6732177734375,0.7255386114120483,0.7255386114120483,0.41620364785194397,0.253548264503479,43.31500244140625,0.3060851991176605,16.510189056396484,0.607505738735199,0.9638932943344116,0.35417231917381287,0.35417231917381287,0.0,409.8251037597656,0.4419235289096832,0.6199538707733154,0.1950571984052658,0.13239020109176636,81.38703155517578,0.3318428695201874,19.515480041503906,0.7422598600387573,1.159793734550476
2018,2,31.24452868060257,104.12475854058319,6245.6494,599.0,1.4269779920578003,130.52911376953125,26.46656608581543,24.180540084838867,1.2599999904632568,6.6335062980651855,37.06850814819336,0.26051440834999084,0.26864326000213623,2.058642864227295,355.9718017578125,0.4752279818058014,0.47525838017463684,0.14550122618675232,0.13218465447425842,64.05158996582031,0.3756612539291382,11.059785842895508,0.3037760257720947,0.5493130683898926,0.2099703699350357,0.23722675442695618,47.60707092285156,307.2210998535156,0.5073789954185486,0.5385041832923889,0.19987426698207855,0.14699767529964447,65.66699981689453,0.3331480622291565,3.6565358638763428,0.251564621925354,0.45291867852211,0.2188495397567749,0.22683335840702057,12.995388984680176,311.56646728515625,0.5250728726387024,0.6264190077781677,0.2679429352283478,0.15296265482902527,44.195518493652344,0.31549325585365295,7.655668258666992,0.36228570342063904,0.6913130283355713,0.2904837131500244,0.2904837131500244,0.0,241.60546875,0.5326056480407715,0.5359592437744141,0.23397141695022583,0.16206611692905426,38.98652267456055,0.321286678314209,14.212085723876953,0.5577477812767029,0.9822631478309631,0.372571736574173,0.372571736574173,0.0,366.0957946777344,0.39753738045692444,0.40369951725006104,0.049782827496528625,0.10083462297916412,78.5517349243164,0.33706358075141907,17.433134078979492,0.6877241134643555,1.1366456747055054
2018,2,29.483379964937793,103.69652877091552,6248.54,397.0,2.7802884578704834,-0.0,31.610454559326172,27.45514678955078,1.2087379693984985,6.008902072906494,38.511226654052734,0.2853124737739563,0.294373482465744,0.0,440.2536315917969,0.6069723963737488,0.6220198273658752,0.45719876885414124,0.1182580441236496,49.401676177978516,0.4008166491985321,13.757925987243652,0.32950636744499207,0.5366846919059753,0.21238593757152557,0.2552762031555176,0.19952642917633057,476.9914245605469,0.3761485815048218,0.568713903427124,0.16871537268161774,0.08339240401983261,87.38661193847656,0.37472277879714966,6.715378761291504,0.2633165717124939,0.46185624599456787,0.22318357229232788,0.23062659800052643,0.0,419.1083068847656,0.5239680409431458,0.591831624507904,0.2258051484823227,0.12436408549547195,45.258663177490234,0.35487988591194153,10.746366500854492,0.39432331919670105,0.6580445766448975,0.2845834195613861,0.2845834195613861,0.0,284.19671630859375,0.47064998745918274,0.47064998745918274,0.1431397795677185,0.11698247492313385,80.68834686279297,0.3763240575790405,16.71745491027832,0.5132242441177368,0.821649968624115,0.38967955112457275,0.38967955112457275,0.0,412.84661865234375,0.4631241261959076,0.4631241261959076,0.10645844787359238,0.1198747530579567,103.1471176147461,0.3928016722202301,19.65936279296875,0.6090608835220337,0.9437234401702881
2018,2,29.507365469504283,103.67443392519567,6248.54,378.0,1.412513256072998,228.9671630859375,32.12047576904297,28.661205291748047,1.2296569347381592,6.0,36.854942321777344,0.2857581079006195,0.2946247160434723,0.0,440.51171875,0.6089378595352173,0.6234529614448547,0.4588262736797333,0.11851340532302856,49.82015609741211,0.4013102054595947,13.7659912109375,0.3291535973548889,0.53256756067276,0.21311329305171967,0.25669875741004944,0.0,476.98272705078125,0.5719711780548096,0.5750318765640259,0.2148127406835556,0.14071162045001984,87.53369140625,0.37496504187583923,6.718066692352295,0.2636008560657501,0.46075862646102905,0.2236538529396057,0.2312927097082138,0.0,419.385498046875,0.543263852596283,0.5872053503990173,0.22064363956451416,0.13649475574493408,45.39052963256836,0.3551979959011078,10.753474235534668,0.39401596784591675,0.6540613174438477,0.28481271862983704,0.28481271862983704,0.0,284.56536865234375,0.39273494482040405,0.39273494482040405,0.08942180871963501,0.08213356137275696,81.08446502685547,0.37607288360595703,16.739139556884766,0.5142410397529602,0.8184583783149719,0.38952434062957764,0.38952434062957764,0.0,413.0849914550781,0.3447771966457367,0.3447771966457367,0.030286280438303947,0.0741533488035202,103.9267578125,0.39290493726730347,19.670713424682617,0.6089787483215332,0.94666588306427
2018,2,30.107529257590723,103.7698319331331,6264.61,417.0,0.9274099469184875,180.0,23.852880477905273,33.02707290649414,1.1900886297225952,6.896346569061279,41.37318801879883,0.28840702772140503,0.2996639609336853,0.0,436.33819580078125,0.5894996523857117,0.6104995608329773,0.4383545517921448,0.11731191724538803,45.330047607421875,0.37214213609695435,13.635568618774414,0.3569425344467163,0.5998163819313049,0.21268868446350098,0.255816251039505,0.0,457.0768127441406,0.3418934643268585,0.35784250497817993,0.2830471694469452,0.07674676924943924,64.03621673583984,0.3322852849960327,6.43770170211792,0.2876659631729126,0.5160743594169617,0.23725749552249908,0.24600236117839813,0.0,413.9156799316406,0.3955135941505432,0.43029770255088806,0.3678431212902069,0.09691047668457031,40.49669647216797,0.3107750415802002,10.613222122192383,0.4270987808704376,0.7523007988929749,0.3029160499572754,0.3029160499572754,0.0,285.68865966796875,0.25629135966300964,0.25629135966300964,0.13261528313159943,0.04900039732456207,55.50061798095703,0.3290851414203644,16.805213928222656,0.5875127911567688,0.9579457640647888,0.3670686185359955,0.3670686185359955,0.0,416.4632263183594,0.5521656274795532,0.5521656274795532,0.4061732888221741,0.1557285189628601,86.70965576171875,0.35170164704322815,19.831581115722656,0.7144063115119934,1.10506010055542
2018,2,30.067914603831902,103.66230517033031,6267.454,454.0,1.417033076286316,130.87393188476562,22.108531951904297,33.15141296386719,1.2300000190734863,6.868905544281006,40.475955963134766,0.2884805500507355,0.30060017108917236,0.0,430.59539794921875,0.5952692031860352,0.6173074841499329,0.4403793513774872,0.11772766709327698,48.669883728027344,0.37884125113487244,13.456106185913086,0.3419318199157715,0.5578441023826599,0.21200938522815704,0.2571154832839966,0.0,446.2588195800781,0.35533076524734497,0.41450804471969604,0.10626465082168579,0.07831020653247833,68.76028442382812,0.34077855944633484,6.285335540771484,0.27882120013237,0.497216135263443,0.23749345541000366,0.24703660607337952,0.0,407.0893859863281,0.36979514360427856,0.4567083418369293,0.06701327860355377,0.08257953077554703,43.5197639465332,0.3200533390045166,10.438189506530762,0.4118909537792206,0.7103358507156372,0.3028634190559387,0.3028634190559387,0.0,283.0775146484375,0.4726746678352356,0.4726746678352356,0.06931173801422119,0.11408818513154984,59.71258544921875,0.33622094988822937,16.65161895751953,0.5686821341514587,0.9038690328598022,0.3697151243686676,0.3697151243686676,0.0,412.0821838378906,0.44179463386535645,0.44179463386535645,0.07464611530303955,0.11221643537282944,91.18484497070312,0.3582264184951782,19.622961044311523,0.6862987279891968,1.07040536403656
2018,2,30.502342523963875,103.50410964225722,6313.4253,524.0,3.513723373413086,322.2691650390625,19.841100692749023,31.218414306640625,1.2034941911697388,6.787879467010498,38.77121353149414,0.29020142555236816,0.30747437477111816,0.018150387331843376,412.9990539550781,0.5867512822151184,0.6185832619667053,0.424045205116272,0.11673644185066223,51.888389587402344,0.3674989342689514,12.90565299987793,0.3305782973766327,0.5195263028144836,0.2068803310394287,0.25543078780174255,0.4197361171245575,403.3086853027344,0.5478640794754028,0.6108938455581665,0.20560410618782043,0.13396862149238586,57.102783203125,0.3216289281845093,5.674492359161377,0.27967748045921326,0.5066751837730408,0.2505186200141907,0.2632485330104828,0.11457613110542297,385.9253234863281,0.7271406054496765,0.7575784921646118,0.40845462679862976,0.2362520694732666,46.09569549560547,0.3004187345504761,9.892582893371582,0.4059772789478302,0.7012853622436523,0.3191893994808197,0.3191893994808197,0.0,277.5613708496094,0.5080044865608215,0.5080044865608215,0.3987736999988556,0.12405062466859818,46.13745880126953,0.31053483486175537,16.32714080810547,0.5876449942588806,0.8892886638641357,0.3535284399986267,0.3535284399986267,0.0,404.6438903808594,0.5235323905944824,0.5235323905944824,0.39004549384117126,0.14548753201961517,84.59146118164062,0.33590489625930786,19.268756866455078,0.7143237590789795,1.121912956237793
2018,2,30.537105675776537,103.71674187599078,6319.511,499.0,1.0767241716384888,90.0,20.56941032409668,32.560306549072266,1.2192087173461914,6.800000190734863,46.083412170410156,0.2875441908836365,0.30117732286453247,0.21485167741775513,419.29443359375,0.5805594325065613,0.6077306270599365,0.42363181710243225,0.11606869846582413,47.65736389160156,0.3602333664894104,13.096237182617188,0.3535502254962921,0.5914350748062134,0.2109362930059433,0.25507575273513794,4.9685444831848145,417.7225646972656,0.5706123113632202,0.6330199837684631,0.2528204023838043,0.15521712601184845,54.12248992919922,0.31331324577331543,5.813436985015869,0.2899738550186157,0.5257923007011414,0.24472200870513916,0.25486499071121216,1.356272578239441,392.91546630859375,0.6852183938026428,0.7823183536529541,0.38750022649765015,0.21760199964046478,41.457435607910156,0.2922942638397217,10.039979934692383,0.42566704750061035,0.7649804949760437,0.3130999803543091,0.3130999803543091,0.0,279.00531005859375,0.7284101843833923,0.7284101843833923,0.39300188422203064,0.23673014342784882,42.43805694580078,0.3058278262615204,16.412076950073242,0.6094470024108887,0.9885830283164978,0.3547573685646057,0.3547573685646057,0.0,408.4893493652344,0.599940836429596,0.599940836429596,0.28384312987327576,0.15401118993759155,80.513671875,0.33122846484184265,19.451873779296875,0.746010959148407,1.1651548147201538
2018,2,30.315309989378147,103.6194532092067,6322.3037,496.0,4.250267028808594,130.80276489257812,24.06248664855957,27.888792037963867,1.2069522142410278,6.842669486999512,45.869720458984375,0.28968390822410583,0.30382272601127625,0.0,423.9047546386719,0.5901164412498474,0.6163380742073059,0.4319790005683899,0.11736296862363815,49.2027473449707,0.3705046772956848,13.247023582458496,0.3424420952796936,0.5547251105308533,0.21070076525211334,0.2571076452732086,0.0,428.14227294921875,0.4903724491596222,0.5335612297058105,0.08768390119075775,0.10174639523029327,61.31140899658203,0.32758384943008423,6.030172824859619,0.28287357091903687,0.508422315120697,0.2441754788160324,0.25496378540992737,0.0,398.9384460449219,0.48395848274230957,0.5121376514434814,0.09800919145345688,0.10105463117361069,43.68933868408203,0.30654236674308777,10.229190826416016,0.4149559736251831,0.7220731973648071,0.3114169239997864,0.3114169239997864,0.0,281.4339599609375,0.49434036016464233,0.49434036016464233,0.07373593002557755,0.12001456320285797,51.074092864990234,0.3199538588523865,16.55493927001953,0.5872047543525696,0.9224482774734497,0.3609417974948883,0.3609417974948883,0.0,410.0797424316406,0.46708226203918457,0.48318132758140564,0.06404279917478561,0.12731492519378662,86.49182891845703,0.3441135883331299,19.527606964111328,0.7126414179801941,1.1147502660751343
2018,2,30.098905356153356,102.85732595265699,6323.422,842.0,15.020795822143555,114.9787368774414,25.998685836791992,28.20269775390625,1.189997673034668,5.9670915603637695,46.981300354003906,0.23052853345870972,0.24588331580162048,3.734572172164917,268.8968505859375,0.5593209266662598,0.5949293375015259,0.3761390745639801,0.09929139167070389,70.67679595947266,0.40193766355514526,8.286321640014648,0.20855861902236938,0.3676384389400482,0.18812043964862823,0.2258775681257248,93.06495666503906,183.08462524414062,0.42594292759895325,0.4651806950569153,0.0751563236117363,0.07957571744918823,87.8707046508789,0.3774617910385132,1.2678825855255127,0.17368455231189728,0.34266847372055054,0.19758309423923492,0.20602382719516754,28.308313369750977,212.80154418945312,0.5030455589294434,0.5635699033737183,0.11870104819536209,0.12595124542713165,65.68254852294922,0.37395110726356506,4.730595588684082,0.24561884999275208,0.49694520235061646,0.25679877400398254,0.25679877400398254,0.0,185.75784301757812,0.5004830360412598,0.5004830360412598,0.4173220098018646,0.11581826210021973,78.57685852050781,0.38679659366607666,10.926931381225586,0.35265323519706726,0.6331271529197693,0.33390742540359497,0.33390742540359497,0.0,289.6797180175781,0.5429130792617798,0.5429130792617798,0.445728600025177,0.15749044716358185,118.41625213623047,0.3977433145046234,13.794273376464844,0.3962591290473938,0.6631833910942078
2018,2,30.067914603831902,103.56178365528247,6324.5073,496.0,9.260451316833496,66.60111999511719,18.868677139282227,34.293853759765625,1.2311921119689941,6.398024559020996,49.0693244934082,0.2887507975101471,0.3018231987953186,0.0,424.6499938964844,0.5999560952186584,0.6233546137809753,0.44120559096336365,0.11810274422168732,51.71769714355469,0.3836515545845032,13.270312309265137,0.3289078176021576,0.5206577181816101,0.21146626770496368,0.25853216648101807,0.0,434.2508850097656,0.46620887517929077,0.4950981140136719,0.13058890402317047,0.0757947713136673,72.02091217041016,0.34649932384490967,6.116209506988525,0.2715977132320404,0.4818759560585022,0.23856589198112488,0.24894966185092926,0.0,399.9782409667969,0.4773964583873749,0.520321786403656,0.14757139980793,0.09214741736650467,46.20384979248047,0.3264802098274231,10.255851745605469,0.39894402027130127,0.6750481128692627,0.3039383292198181,0.3039383292198181,0.0,280.5725402832031,0.5593300461769104,0.5593300461769104,0.1421501785516739,0.12821565568447113,62.27368927001953,0.3403051197528839,16.504268646240234,0.5548365712165833,0.8599557876586914,0.3710164725780487,0.3710164725780487,0.0,407.9592590332031,0.5531514286994934,0.5531514286994934,0.17466454207897186,0.14424782991409302,94.59642791748047,0.36209172010421753,19.426631927490234,0.6652259826660156,1.046653151512146
2018,2,31.005485191329438,104.65781731691631,6342.7314,475.0,5.650783538818359,191.0038299560547,22.92647933959961,31.8686466217041,1.3070673942565918,7.3166351318359375,36.96802520751953,0.2867673337459564,0.2908855080604553,0.0,448.57464599609375,0.5449426174163818,0.573732316493988,0.4169958233833313,0.1152418702840805,39.502540588378906,0.35134589672088623,14.01795768737793,0.4139183759689331,0.7909680604934692,0.23129209876060486,0.2621278464794159,0.0,468.91314697265625,0.41602250933647156,0.42508161067962646,0.062219250947237015,0.09455271810293198,45.94575119018555,0.2999175786972046,6.604410171508789,0.32437050342559814,0.5802574157714844,0.23749284446239471,0.24391283094882965,0.0,423.3056640625,0.47853055596351624,0.4860982596874237,0.3263194262981415,0.08874187618494034,24.133045196533203,0.27395012974739075,10.85399055480957,0.4768744707107544,0.888719379901886,0.3129574656486511,0.3129574656486511,0.0,293.2065124511719,0.5160633325576782,0.5168825387954712,0.11873862892389297,0.1405545473098755,27.095190048217773,0.2905549705028534,17.2474422454834,0.6934980154037476,1.244839072227478,0.3774712383747101,0.3774712383747101,0.0,431.7704162597656,0.4968368709087372,0.49758294224739075,0.10378403961658478,0.13459652662277222,63.931880950927734,0.3115086555480957,20.560495376586914,0.8723808526992798,1.4140956401824951
2018,2,29.210652426306943,103.92883455849687,6384.5503,417.0,4.267662525177002,150.19378662109375,28.151325225830078,28.11273193359375,1.2592819929122925,6.163658618927002,34.22719192504883,0.27994096279144287,0.29279226064682007,0.0,433.0723876953125,0.588215708732605,0.6131629347801208,0.4331502318382263,0.11594239622354507,46.58005142211914,0.39487847685813904,13.533512115478516,0.32532262802124023,0.5552228093147278,0.20432187616825104,0.24077989161014557,2.448579788208008,468.194580078125,0.5739417672157288,0.5739417672157288,0.2951239049434662,0.18495774269104004,87.28886413574219,0.3718509078025818,6.559803009033203,0.2553103566169739,0.46077510714530945,0.21899347007274628,0.22450384497642517,0.0,410.951904296875,0.5257498621940613,0.5910515785217285,0.2628137767314911,0.15492375195026398,45.410430908203125,0.35167908668518066,10.53722858428955,0.3897615075111389,0.685625433921814,0.2850784659385681,0.2850784659385681,0.0,278.6442565917969,0.6531141996383667,0.6531141996383667,0.4337979257106781,0.22188302874565125,74.34410858154297,0.3764040768146515,16.390838623046875,0.4978283941745758,0.8465632796287537,0.39483505487442017,0.39483505487442017,0.0,407.87176513671875,0.4904845654964447,0.5299475193023682,0.19867998361587524,0.14013542234897614,93.65840148925781,0.38852089643478394,19.422466278076172,0.6041525602340698,0.9108498096466064
2018,2,30.17112941591602,103.96279061301888,6403.6963,490.0,2.9794445037841797,201.08497619628906,33.11533737182617,27.02659034729004,1.246433973312378,7.188259601593018,41.517608642578125,0.2883787453174591,0.29772305488586426,0.0,446.903564453125,0.5805651545524597,0.5991000533103943,0.4357721209526062,0.11680004745721817,39.49339294433594,0.3607340455055237,13.965736389160156,0.38406869769096375,0.6753036975860596,0.21479599177837372,0.25449907779693604,0.0,476.9931945800781,0.6221657991409302,0.6259399652481079,0.19291161000728607,0.12903021275997162,56.353477478027344,0.31785401701927185,6.71821403503418,0.303279310464859,0.5482149720191956,0.23640364408493042,0.2435629814863205,0.0,426.4203796386719,0.5960603356361389,0.642521858215332,0.20351038873195648,0.12467369437217712,35.109893798828125,0.2951706647872925,10.933856010437012,0.45411935448646545,0.8267003297805786,0.3025064170360565,0.3025064170360565,0.0,290.46441650390625,0.6451207995414734,0.6451207995414734,0.23806104063987732,0.1624526083469391,48.46247100830078,0.31710898876190186,17.08614158630371,0.6210286021232605,1.057628870010376,0.363317608833313,0.363317608833313,0.0,424.3626403808594,0.6121891140937805,0.6121891140937805,0.2092590183019638,0.15453216433525085,79.33943939208984,0.3408188819885254,20.207744598388672,0.7636582851409912,1.1675300598144531
2018,2,31.955184533692343,105.10733483501313,6438.565,725.0,3.4040467739105225,74.20796203613281,29.0550594329834,23.79241943359375,1.2797892093658447,7.130975246429443,33.14088821411133,0.2641444206237793,0.2848547399044037,5.834221363067627,325.3404541015625,0.6162923574447632,0.6162923574447632,0.12899784743785858,0.1726398766040802,49.317420959472656,0.37795311212539673,9.984569549560547,0.3066430985927582,0.617266833782196,0.20205362141132355,0.23258091509342194,97.86896514892578,271.49859619140625,0.5441928505897522,0.6049574613571167,0.24257659912109375,0.15719671547412872,45.42631912231445,0.33469900488853455,2.4454879760742188,0.257335364818573,0.525266170501709,0.21399955451488495,0.22514761984348297,26.498741149902344,282.94354248046875,0.6578276753425598,0.6578276753425598,0.22598481178283691,0.14339257776737213,26.285358428955078,0.31574827432632446,6.575507640838623,0.3554530441761017,0.6900404095649719,0.29896602034568787,0.29896602034568787,0.0,227.02401733398438,0.6697574257850647,0.6697574257850647,0.38861510157585144,0.22064930200576782,27.03040313720703,0.3323902189731598,13.354353904724121,0.5337160229682922,0.9469269514083862,0.45182472467422485,0.45182472467422485,0.0,348.5868225097656,0.6239801049232483,0.6239801049232483,0.38153818249702454,0.20472286641597748,65.91523742675781,0.3347355127334595,16.59937286376953,0.6553686261177063,1.1742876768112183
2018,2,29.912684377959344,104.13203579350241,6440.4683,407.0,3.2067437171936035,270.0,29.60709571838379,30.21648406982422,1.2751431465148926,7.376862525939941,33.925296783447266,0.28596311807632446,0.2939664423465729,0.0,460.39056396484375,0.47887492179870605,0.47887492179870605,0.1604248732328415,0.10557614266872406,34.33826446533203,0.3615475296974182,14.387205123901367,0.397445946931839,0.7213574647903442,0.21159052848815918,0.24665595591068268,0.0,509.9766540527344,0.44539809226989746,0.5153332948684692,0.34346723556518555,0.081845223903656,56.780338287353516,0.32232922315597534,7.182769775390625,0.3083271086215973,0.5628063678741455,0.22964124381542206,0.2352401465177536,0.0,443.0751037597656,0.6573688983917236,0.696862518787384,0.33101922273635864,0.18073777854442596,31.546289443969727,0.2977687418460846,11.36090087890625,0.4671012759208679,0.8590043187141418,0.29391026496887207,0.29391026496887207,0.0,294.83258056640625,0.6406083703041077,0.6406083703041077,0.4655601382255554,0.1922735571861267,52.83192825317383,0.32711753249168396,17.343093872070312,0.616246223449707,1.0699234008789062,0.36639490723609924,0.36639490723609924,0.0,431.37188720703125,0.515998125076294,0.5952686071395874,0.22558359801769257,0.1446199119091034,77.05077362060547,0.3484748303890228,20.541519165039062,0.7633277177810669,1.1393847465515137
2018,2,30.95401378786951,104.34736132427224,6453.8345,463.0,0.9274099469184875,180.0,19.880475997924805,34.29387283325195,1.2697504758834839,6.8695387840271,36.356468200683594,0.28224650025367737,0.2870792746543884,0.5109559297561646,425.78668212890625,0.3428976237773895,0.3488039970397949,0.04927222058176994,0.05440070107579231,45.16495132446289,0.35513851046562195,13.28986644744873,0.38644158840179443,0.7127495408058167,0.2256019115447998,0.2567271590232849,11.816093444824219,428.4237060546875,0.281302809715271,0.3623957633972168,0.07718318700790405,0.06809073686599731,50.956573486328125,0.30572381615638733,5.86771297454834,0.3053480386734009,0.5420657396316528,0.23307794332504272,0.2398097664117813,3.2254602909088135,396.8194885253906,0.7289571166038513,0.7378023862838745,0.42237427830696106,0.24349075555801392,30.337827682495117,0.2828138768672943,10.092154502868652,0.4523606300354004,0.8545309901237488,0.30583634972572327,0.30583634972572327,0.0,281.0850524902344,0.8096498847007751,0.8100209832191467,0.5216373801231384,0.34144094586372375,30.444782257080078,0.29486629366874695,16.53441619873047,0.6664583086967468,1.1950823068618774,0.36974000930786133,0.36974000930786133,0.0,415.478271484375,0.6991875171661377,0.7135535478591919,0.3888716399669647,0.23854069411754608,67.4573974609375,0.31735676527023315,19.784679412841797,0.829045832157135,1.3235132694244385
2018,2,29.95445723662803,103.9129334041403,6460.548,425.0,11.982638359069824,52.398284912109375,27.692792892456055,29.122594833374023,1.244802713394165,6.8165693283081055,43.19398880004883,0.2870691120624542,0.2966369390487671,0.0,447.0755310058594,0.5861496925354004,0.5861496925354004,0.1606590747833252,0.1433570683002472,41.18381118774414,0.37105193734169006,13.971110343933105,0.3709815740585327,0.6437777280807495,0.21233969926834106,0.2520993649959564,0.0,481.9262390136719,0.07720176875591278,0.1579493284225464,0.2312997579574585,0.04814879223704338,63.72563552856445,0.33304333686828613,6.787693500518799,0.29365700483322144,0.5294358730316162,0.2324112057685852,0.23967768251895905,0.0,426.9755859375,0.5903903245925903,0.6133954524993896,0.1927681863307953,0.151014506816864,37.25651931762695,0.31045493483543396,10.948092460632324,0.4402771592140198,0.7862838506698608,0.29695284366607666,0.29695284366607666,0.0,289.45684814453125,0.602290689945221,0.602290689945221,0.1789613664150238,0.1642385721206665,57.36167907714844,0.3337417244911194,17.026872634887695,0.591251790523529,0.9896836280822754,0.36945441365242004,0.36945441365242004,0.0,422.4197998046875,0.5431093573570251,0.5431093573570251,0.12310643494129181,0.13969221711158752,84.64041900634766,0.35515379905700684,20.1152286529541,0.7229492664337158,1.1013861894607544
2018,2,30.273269584646247,104.10805028893591,6481.5913,482.0,4.278897762298584,329.9312438964844,22.715600967407227,30.199411392211914,1.2439762353897095,7.104097366333008,40.890716552734375,0.2889038026332855,0.29643818736076355,0.0,454.2637634277344,0.5750308036804199,0.5913679599761963,0.4337252676486969,0.11679840087890625,35.23771667480469,0.3505803048610687,14.1957426071167,0.4066498875617981,0.736145555973053,0.2180979996919632,0.2556428611278534,0.0,489.4259338378906,0.6061879992485046,0.6061879992485046,0.1985616534948349,0.14487269520759583,49.858367919921875,0.3043755888938904,6.8933234214782715,0.316478431224823,0.5735995769500732,0.23655612766742706,0.24242627620697021,0.0,434.95440673828125,0.5835684537887573,0.61808842420578,0.25412628054618835,0.132176473736763,30.86344337463379,0.28116950392723083,11.152676582336426,0.4762943983078003,0.8882824778556824,0.30335891246795654,0.30335891246795654,0.0,294.1005859375,0.6398816704750061,0.6398816704750061,0.3946108818054199,0.19079944491386414,41.57359313964844,0.3048451840877533,17.30003547668457,0.6525980234146118,1.1493266820907593,0.3601061999797821,0.3601061999797821,0.0,430.325439453125,0.5912519097328186,0.5912519097328186,0.31210604310035706,0.1672435998916626,73.54190063476562,0.3300120532512665,20.491687774658203,0.8081073760986328,1.230735182762146
2018,2,30.08462285547917,103.68763732341493,6488.6255,442.0,2.1414077281951904,329.9788513183594,26.201765060424805,28.629718780517578,1.2268518209457397,6.82995080947876,45.06987380981445,0.2884928584098816,0.3004606366157532,0.0,431.82568359375,0.5936848521232605,0.6155903339385986,0.4396367371082306,0.11761131882667542,47.858863830566406,0.3769570291042328,13.494552612304688,0.34563881158828735,0.56809401512146,0.2121257185935974,0.25677716732025146,0.0,448.4283447265625,0.4224925637245178,0.44887515902519226,0.1967725157737732,0.08532990515232086,67.38301849365234,0.33831876516342163,6.315892219543457,0.2811126410961151,0.5021911263465881,0.23762215673923492,0.24700480699539185,0.0,408.5474548339844,0.4499584138393402,0.47106584906578064,0.16332422196865082,0.10689717531204224,42.779136657714844,0.31738752126693726,10.475576400756836,0.41572317481040955,0.721001386642456,0.303114652633667,0.303114652633667,0.0,283.6748962402344,0.3252246379852295,0.3252246379852295,-0.054264385253190994,0.0695614442229271,58.434452056884766,0.3340127468109131,16.686758041381836,0.5738210082054138,0.917637288570404,0.36881035566329956,0.36881035566329956,0.0,413.10675048828125,0.3504997491836548,0.3504997491836548,-0.0034654424525797367,0.0869150310754776,89.94513702392578,0.35622650384902954,19.671751022338867,0.6939480900764465,1.0801234245300293
2018,2,31.247761528866313,104.1285309400744,6492.157,595.0,2.168699264526367,90.0,26.44207763671875,24.151042938232422,1.2535066604614258,6.69678258895874,36.77115249633789,0.26067104935646057,0.2687678039073944,2.0460638999938965,356.3350830078125,0.39920568466186523,0.41257476806640625,0.01772172376513481,0.10379858314990997,64.02474212646484,0.37568405270576477,11.071531295776367,0.30406856536865234,0.5498493909835815,0.21015788614749908,0.2373945415019989,47.3161735534668,307.73028564453125,0.4550139009952545,0.5210089087486267,0.10485602170228958,0.12580983340740204,65.61803436279297,0.3331218957901001,3.66780424118042,0.25181838870048523,0.45313870906829834,0.21896500885486603,0.22697477042675018,12.91598129272461,311.9742126464844,0.6497352719306946,0.6894185543060303,0.31544768810272217,0.20201075077056885,44.09052276611328,0.3153977394104004,7.668159484863281,0.3626450002193451,0.6916527152061462,0.29068002104759216,0.29068002104759216,0.0,241.85650634765625,0.5540047883987427,0.5618337392807007,0.3102661669254303,0.18056660890579224,38.87436294555664,0.32110103964805603,14.226853370666504,0.5586057305335999,0.9834834933280945,0.372730553150177,0.372730553150177,0.0,366.4073791503906,0.468716561794281,0.47453340888023376,0.16202333569526672,0.12731623649597168,78.41909790039062,0.3368801474571228,17.447969436645508,0.6888605356216431,1.1388111114501953
2018,2,31.13753700992619,103.77306924049792,6502.8125,1045.0,23.310789108276367,217.9143524169922,26.93378257751465,29.737289428710938,1.2326823472976685,6.6379594802856445,46.055721282958984,0.2428426742553711,0.2546118497848511,3.413100481033325,307.2589111328125,0.5420390963554382,0.5798208713531494,0.3807568848133087,0.10060462355613708,72.62459564208984,0.3817068636417389,9.495182037353516,0.25392913818359375,0.451035737991333,0.19159358739852905,0.21932271122932434,78.92952728271484,230.56597900390625,0.5587602853775024,0.65308678150177,0.1866702288389206,0.16148711740970612,74.21891021728516,0.34493720531463623,2.1357245445251465,0.21527878940105438,0.4061979055404663,0.2067989856004715,0.2136927843093872,21.545536041259766,254.58602905273438,0.6535487174987793,0.7189923524856567,0.2908371686935425,0.19725683331489563,56.42884826660156,0.33373725414276123,5.975397109985352,0.3057401180267334,0.6072641015052795,0.2725932002067566,0.2725932002067566,0.0,211.16775512695312,0.8097904920578003,0.8125695586204529,0.40533143281936646,0.31674787402153015,49.83136749267578,0.34321972727775574,12.421632766723633,0.46087148785591125,0.8182840943336487,0.36261695623397827,0.36261695623397827,0.0,327.99041748046875,0.5164028406143188,0.523659348487854,0.15929971635341644,0.14866189658641815,91.68064880371094,0.3565915822982788,15.61859130859375,0.5600290298461914,0.922653079032898
2018,2,30.4069400569254,104.49234899502505,6517.331,417.0,4.674163818359375,113.32697296142578,20.211925506591797,30.194381713867188,1.3071532249450684,7.394154071807861,37.47283935546875,0.28985774517059326,0.2913067042827606,0.0,476.22357177734375,0.6027507781982422,0.6027507781982422,0.20526699721813202,0.1544659286737442,24.574050903320312,0.3298877477645874,14.881986618041992,0.46347907185554504,0.8907051086425781,0.2285110056400299,0.26026251912117004,0.0,529.7081298828125,0.7128601670265198,0.7279071807861328,0.34639090299606323,0.24096158146858215,38.26823425292969,0.2778610289096832,7.4606781005859375,0.3473665714263916,0.6293960809707642,0.2331826239824295,0.23498860001564026,0.0,460.5141906738281,0.6576659679412842,0.6956867575645447,0.32769906520843506,0.20396333932876587,20.183305740356445,0.25388920307159424,11.808056831359863,0.5301606059074402,1.0361473560333252,0.30077239871025085,0.30077239871025085,0.0,304.1332702636719,0.6667590141296387,0.6667590141296387,0.43387484550476074,0.23226970434188843,29.059993743896484,0.2828025817871094,17.89019203186035,0.7230772376060486,1.3758628368377686,0.35771381855010986,0.35771381855010986,0.0,446.2756042480469,0.5841028094291687,0.5841028094291687,0.35955339670181274,0.17642806470394135,62.22964859008789,0.3106519281864166,21.251218795776367,0.9058492183685303,1.3699954748153687
2018,2,29.9256202301154,103.84529330026056,6517.5645,401.0,2.7802884578704834,-0.0,33.305755615234375,28.96446990966797,1.2307401895523071,6.699999809265137,37.33467483520508,0.2871306836605072,0.2971310019493103,0.0,443.57257080078125,0.58878093957901,0.607119083404541,0.4425501823425293,0.11697213351726532,43.332908630371094,0.3755309283733368,13.861642837524414,0.3615246117115021,0.6172856092453003,0.21215130388736725,0.2531830966472626,0.0,475.38458251953125,0.46796074509620667,0.5508729815483093,0.28256773948669434,0.0953429639339447,66.99263000488281,0.33875566720962524,6.695557594299316,0.2879529297351837,0.5169531106948853,0.23238486051559448,0.24010507762432098,0.0,422.79974365234375,0.5215241312980652,0.5642285943031311,0.2632228434085846,0.14487214386463165,39.17809295654297,0.316727876663208,10.841018676757812,0.4305523633956909,0.7593753933906555,0.2967066466808319,0.2967066466808319,0.0,287.84332275390625,0.438326895236969,0.438326895236969,0.20485803484916687,0.09185007959604263,60.245391845703125,0.3386296033859253,16.931961059570312,0.5790826082229614,0.955957293510437,0.37147170305252075,0.37147170305252075,0.0,419.6760559082031,0.40301814675331116,0.40301814675331116,0.18009509146213531,0.08947616070508957,87.68861389160156,0.3596332371234894,19.984573364257812,0.7045976519584656,1.079094648361206
2018,2,30.543036280177624,103.80809993837377,6519.2686,491.0,1.4209710359573364,229.26341247558594,21.527435302734375,29.961946487426758,1.2398563623428345,6.900000095367432,40.65054702758789,0.2874892055988312,0.2996118366718292,0.22001300752162933,424.50537109375,0.578585684299469,0.6036868095397949,0.42429614067077637,0.11613886058330536,45.380916595458984,0.3568195700645447,13.258917808532715,0.3653666377067566,0.624644935131073,0.21320632100105286,0.2558137774467468,5.087903022766113,427.9389343261719,0.45871442556381226,0.6303929090499878,0.258764386177063,0.1176975816488266,52.43674087524414,0.3092104494571686,5.955647945404053,0.2959940433502197,0.5363195538520813,0.243184894323349,0.25234562158584595,1.3888540267944336,398.9794616699219,0.493357390165329,0.5764589905738831,0.32147228717803955,0.12900656461715698,39.1219596862793,0.2880021333694458,10.19463062286377,0.4365917146205902,0.7949023246765137,0.3115807771682739,0.3115807771682739,0.0,281.2111511230469,0.5554075241088867,0.5554075241088867,0.3552127182483673,0.14881300926208496,40.633262634277344,0.30293554067611694,16.541833877563477,0.6223588585853577,1.0345056056976318,0.35528820753097534,0.35528820753097534,0.0,412.0074462890625,0.36808133125305176,0.40559327602386475,0.16228094696998596,0.09471412748098373,78.4552230834961,0.328587144613266,19.619401931762695,0.7640681266784668,1.190250277519226
2018,2,30.53845232429468,103.80136223668202,6543.2563,489.0,3.720046281814575,240.13592529296875,22.625078201293945,29.17230224609375,1.2200000286102295,6.868075370788574,45.04314041137695,0.287788450717926,0.3000275194644928,0.19857774674892426,424.8936462402344,0.578985869884491,0.6041529774665833,0.4245409369468689,0.11623691022396088,45.36780548095703,0.35690516233444214,13.271720886230469,0.36522573232650757,0.6233177781105042,0.21317514777183533,0.25599825382232666,4.592202663421631,428.489013671875,0.4708254039287567,0.6053387522697449,0.28258365392684937,0.10669296979904175,52.417381286621094,0.3092762529850006,5.9703779220581055,0.2960796356201172,0.5364041328430176,0.24354061484336853,0.25278887152671814,1.2535418272018433,399.48565673828125,0.5556394457817078,0.613995373249054,0.30138593912124634,0.124724842607975,39.18366241455078,0.2880173325538635,10.211079597473145,0.4366457462310791,0.7939234972000122,0.31194937229156494,0.31194937229156494,0.0,281.5093688964844,0.6791614890098572,0.6791614890098572,0.3797096908092499,0.191077321767807,40.71045684814453,0.3028869032859802,16.55937385559082,0.6224507689476013,1.03248929977417,0.3551924526691437,0.3551924526691437,0.0,412.2996520996094,0.5652870535850525,0.637153685092926,0.2651378810405731,0.16904081404209137,78.52498626708984,0.32860267162323,19.633316040039062,0.7640520930290222,1.1900955438613892
2018,2,30.462995416268267,103.71970717819133,6553.1206,479.0,2.342111587524414,246.6850128173828,19.493911743164062,31.71378517150879,1.2200000286102295,6.800000190734863,42.23246383666992,0.2903490364551544,0.3038320243358612,0.0,427.6452331542969,0.5837216973304749,0.6096926331520081,0.4276055693626404,0.1171366348862648,45.98836898803711,0.3601600229740143,13.363913536071777,0.359821617603302,0.6005498170852661,0.21240368485450745,0.2574276924133301,0.0,432.62091064453125,0.6209543347358704,0.6516581177711487,0.32575723528862,0.1792396754026413,53.913185119628906,0.3132908344268799,6.093252182006836,0.29422882199287415,0.5318246483802795,0.24629801511764526,0.25650954246520996,0.0,403.1968078613281,0.7123363018035889,0.7904430627822876,0.44211381673812866,0.22928547859191895,40.450927734375,0.29163476824760437,10.338379859924316,0.4329519271850586,0.772989809513092,0.3146132230758667,0.3146132230758667,0.0,283.742919921875,0.7728169560432434,0.7728169560432434,0.4832894802093506,0.29370006918907166,43.208927154541016,0.30577000975608826,16.690759658813477,0.6165139079093933,0.9963657259941101,0.35560399293899536,0.35560399293899536,0.0,414.10986328125,0.7044164538383484,0.7044164538383484,0.37958210706710815,0.2151835411787033,80.43276977539062,0.3316211998462677,19.71951675415039,0.7544163465499878,1.1748950481414795
2018,2,32.03010634959234,105.67785451929628,6553.8374,612.0,12.303445816040039,15.227423667907715,22.498584747314453,32.4090690612793,1.2598284482955933,6.808640003204346,36.87171936035156,0.26315420866012573,0.2900894582271576,0.0,347.1240234375,0.5411768555641174,0.5502442717552185,0.12004217505455017,0.09334865212440491,42.85088348388672,0.3792840540409088,10.847625732421875,0.32098257541656494,0.6551320552825928,0.199492409825325,0.23371940851211548,38.08415222167969,285.37274169921875,0.45914405584335327,0.5725719928741455,0.15090574324131012,0.08963708579540253,45.18335723876953,0.33735308051109314,3.482938051223755,0.27136650681495667,0.5811676383018494,0.21519339084625244,0.2274462729692459,9.197443962097168,305.7976379394531,0.49624067544937134,0.5278864502906799,0.133990079164505,0.11192900687456131,23.72323989868164,0.32011470198631287,7.605133056640625,0.3606724441051483,0.6904003024101257,0.306654155254364,0.306654155254364,0.0,243.21536254882812,0.6304221153259277,0.6304221153259277,0.30479365587234497,0.17971768975257874,29.61572265625,0.3409194052219391,14.30678653717041,0.525128185749054,0.9270236492156982,0.47341349720954895,0.47341349720954895,0.0,366.2002868652344,0.6604052186012268,0.6807098984718323,0.3121780753135681,0.20419953763484955,65.74795532226562,0.34075313806533813,17.438108444213867,0.6448206305503845,1.1980972290039062
2018,2,29.35725875074213,103.55693215333633,6573.663,435.0,4.2271599769592285,311.0746765136719,27.030834197998047,29.811458587646484,1.2100000381469727,6.051101207733154,40.94889831542969,0.2841540277004242,0.2949364483356476,0.0,418.90875244140625,0.6146417260169983,0.6339583396911621,0.4524526000022888,0.11921746283769608,56.64204788208008,0.41255730390548706,13.090898513793945,0.29665088653564453,0.46519967913627625,0.2126782089471817,0.2572416067123413,1.9933546781539917,435.44879150390625,0.4883265793323517,0.5448169708251953,0.14095883071422577,0.06985575705766678,99.32734680175781,0.39037689566612244,6.105006217956543,0.23949244618415833,0.4170098304748535,0.22183597087860107,0.22926810383796692,0.0,393.1452941894531,0.4806627333164215,0.498349666595459,0.15295161306858063,0.0963359996676445,52.512176513671875,0.3742019832134247,10.080648422241211,0.3580722510814667,0.5865921378135681,0.2852824032306671,0.2852824032306671,0.0,273.3193054199219,0.47010400891304016,0.47010400891304016,0.1300509124994278,0.10777530074119568,85.51514434814453,0.39023104310035706,16.077606201171875,0.4712129831314087,0.7564502954483032,0.39893922209739685,0.39893922209739685,0.0,397.542236328125,0.4712890684604645,0.4744296073913574,0.09733264893293381,0.12016928195953369,110.94319152832031,0.4043378233909607,18.93058204650879,0.5503466129302979,0.8751359581947327
2018,2,30.054171654385186,103.11819674158673,6609.6797,629.0,10.111139297485352,204.80320739746094,18.090351104736328,31.658050537109375,1.204109787940979,5.994339466094971,39.214900970458984,0.2548895478248596,0.2697359323501587,2.061406373977661,332.712646484375,0.5791637897491455,0.6101208925247192,0.4049915075302124,0.1073543131351471,64.0203857421875,0.3970068395137787,10.33285140991211,0.2544729709625244,0.4212694764137268,0.1984323263168335,0.24098190665245056,53.532859802246094,284.5586853027344,0.294274240732193,0.5516664385795593,0.13042761385440826,0.07092694193124771,83.36156463623047,0.3680417835712433,3.253884792327881,0.2110733538866043,0.39362862706184387,0.21513116359710693,0.22463272511959076,16.144784927368164,289.5916748046875,0.556570291519165,0.5970249176025391,0.2110729217529297,0.13241590559482574,58.657352447509766,0.3579636216163635,7.011458873748779,0.30445387959480286,0.559901237487793,0.2774505615234375,0.2774505615234375,0.0,225.05612182617188,0.5137279629707336,0.5137279629707336,0.4094187319278717,0.11746039986610413,73.60553741455078,0.3705752491950989,13.238595008850098,0.4310932457447052,0.7143771648406982,0.35250452160835266,0.35250452160835266,0.0,338.2855529785156,0.552264928817749,0.552264928817749,0.43280553817749023,0.15893211960792542,110.1514892578125,0.38567909598350525,16.108837127685547,0.49953600764274597,0.8117663264274597
2018,2,29.461552665281182,103.71404857895449,6619.13,391.0,2.976731061935425,20.948862075805664,29.26112937927246,27.856096267700195,1.2140156030654907,5.900000095367432,37.9809455871582,0.2848619222640991,0.294223427772522,0.0,439.22900390625,0.6051731109619141,0.6210097670555115,0.4551730751991272,0.11803566664457321,49.212867736816406,0.40042299032211304,13.725906372070312,0.3289242088794708,0.5385149121284485,0.21167032420635223,0.2539620101451874,0.4463338255882263,475.37548828125,0.454688161611557,0.45706820487976074,0.08819638937711716,0.08178196102380753,87.4139633178711,0.37457215785980225,6.689143180847168,0.2624403238296509,0.4618133008480072,0.22284068167209625,0.23011375963687897,0.0,417.8986511230469,0.5751739740371704,0.6262784004211426,0.2343864142894745,0.15713638067245483,45.34081268310547,0.3547569215297699,10.715350151062012,0.393654465675354,0.6602457165718079,0.2846135199069977,0.2846135199069977,0.0,283.4906005859375,0.4550674259662628,0.4550674259662628,0.12876497209072113,0.10606417059898376,80.18236541748047,0.37650731205940247,16.675918579101562,0.5115329027175903,0.8236649632453918,0.3899548053741455,0.3899548053741455,0.0,412.134765625,0.5156038403511047,0.5939986109733582,0.23884227871894836,0.14386090636253357,102.45423889160156,0.39261487126350403,19.625465393066406,0.6081849336624146,0.9401739835739136
2018,2,30.51204106875511,103.71242992527209,6641.0566,489.0,3.2262983322143555,90.0,21.133228302001953,28.945411682128906,1.1988447904586792,6.705160617828369,44.26973342895508,0.28957313299179077,0.30333104729652405,0.06907358020544052,424.1680603027344,0.582264244556427,0.6090747714042664,0.42548704147338867,0.11676149815320969,46.6352653503418,0.3594275712966919,13.253093719482422,0.357603520154953,0.5965819358825684,0.2117784023284912,0.2566870152950287,1.5973584651947021,425.7672119140625,0.5416959524154663,0.5800859332084656,0.23141029477119446,0.1442480981349945,53.28298568725586,0.31206732988357544,5.9742231369018555,0.29313305020332336,0.5307402014732361,0.24649158120155334,0.2568245232105255,0.43603384494781494,398.9297790527344,0.6935252547264099,0.7562446594238281,0.37768763303756714,0.22277148067951202,40.84383773803711,0.290595680475235,10.217788696289062,0.43067246675491333,0.7709284424781799,0.3150158226490021,0.3150158226490021,0.0,282.0045471191406,0.7882964015007019,0.7882964015007019,0.4868294894695282,0.28705185651779175,42.13431167602539,0.30421751737594604,16.588502883911133,0.6158425211906433,0.9948521256446838,0.3544584810733795,0.3544584810733795,0.0,412.0204772949219,0.5171204805374146,0.7092228531837463,0.30359014868736267,0.1458771973848343,80.0452651977539,0.3301376402378082,19.620023727416992,0.7539719939231873,1.1757608652114868
2018,2,32.0209428969275,105.60051141152425,6654.0464,608.0,9.443023681640625,166.7271270751953,23.109529495239258,26.120193481445312,1.2601548433303833,7.0366926193237305,35.21343994140625,0.2631074786186218,0.28988054394721985,0.0,347.82659912109375,0.4327067732810974,0.4439842998981476,0.03499401733279228,0.09059377014636993,42.30548095703125,0.37867334485054016,10.86958122253418,0.32503360509872437,0.6693881154060364,0.1997068077325821,0.23389533162117004,37.80647277832031,285.8940124511719,0.48922887444496155,0.5603980422019958,0.12289594113826752,0.11292136460542679,43.343772888183594,0.33539122343063354,3.4941906929016113,0.2743822932243347,0.5920307636260986,0.21565748751163483,0.22778071463108063,9.875587463378906,307.1514892578125,0.5517297387123108,0.5819328427314758,0.20195293426513672,0.15582016110420227,21.754297256469727,0.3163326382637024,7.622459411621094,0.3677111566066742,0.7078381776809692,0.30703166127204895,0.30703166127204895,0.0,243.3632049560547,0.6181285381317139,0.6181285381317139,0.3317070007324219,0.1873548924922943,27.240428924560547,0.33835306763648987,14.315483093261719,0.5332736968994141,0.9410054087638855,0.47274279594421387,0.47274279594421387,0.0,366.7698059082031,0.5856490731239319,0.605538547039032,0.24172326922416687,0.16970251500606537,63.553977966308594,0.33721303939819336,17.465229034423828,0.6576379537582397,1.2175620794296265
2018,2,32.29906148873198,105.93118050924359,6678.1846,572.0,6.807751655578613,74.26447296142578,23.41330337524414,28.815034866333008,1.2938071489334106,6.699999809265137,36.011756896972656,0.2645258903503418,0.29622164368629456,0.0,299.42626953125,0.42530399560928345,0.4372440576553345,0.09437183290719986,0.09481508284807205,48.985233306884766,0.38993173837661743,9.357070922851562,0.26092222332954407,0.49428048729896545,0.19319884479045868,0.22855545580387115,55.49067306518555,194.7085418701172,0.35631218552589417,0.4326680898666382,0.06636860221624374,0.07580742985010147,52.63927459716797,0.35433724522590637,1.9608150720596313,0.23252056539058685,0.49264222383499146,0.2015707939863205,0.21762938797473907,9.657718658447266,251.8489227294922,0.42260369658470154,0.4337638020515442,0.1588388830423355,0.09141771495342255,31.374359130859375,0.34721940755844116,6.210031032562256,0.3031971752643585,0.5728302597999573,0.2955731749534607,0.2955731749534607,0.0,222.8965606689453,0.5401071310043335,0.5452171564102173,0.29251912236213684,0.1582445651292801,36.33635330200195,0.3584577441215515,13.111562728881836,0.4575308561325073,0.7964175343513489,0.4931010603904724,0.4931010603904724,0.0,337.0789794921875,0.5938783288002014,0.5953595638275146,0.30819830298423767,0.1745537966489792,67.21051025390625,0.35703739523887634,16.051380157470703,0.5415473580360413,1.0543198585510254
2018,2,30.441435662674856,104.02019262087987,6679.4106,459.0,2.3416786193847656,66.6804428100586,21.724136352539062,28.01947021484375,1.2542331218719482,7.116724967956543,43.28398895263672,0.290233314037323,0.29886165261268616,0.0,446.61224365234375,0.5774515867233276,0.5961195230484009,0.4305979311466217,0.11734461784362793,37.73392868041992,0.3485529124736786,13.956632614135742,0.40034040808677673,0.7136985063552856,0.2191406637430191,0.2590802311897278,0.0,470.4409484863281,0.5499741435050964,0.6711656451225281,0.2578449249267578,0.1419564187526703,48.12057113647461,0.29969915747642517,6.62592887878418,0.3148703873157501,0.5691270232200623,0.24106313288211823,0.24793589115142822,0.0,425.5437316894531,0.5673602223396301,0.592323362827301,0.32392579317092896,0.17116965353488922,32.57349395751953,0.2772623300552368,10.911377906799316,0.470751017332077,0.875278890132904,0.3090865910053253,0.3090865910053253,0.0,291.7131042480469,0.6720982193946838,0.6720982193946838,0.4602372348308563,0.23686100542545319,37.83176803588867,0.296996146440506,17.15959358215332,0.658211350440979,1.1460354328155518,0.35682061314582825,0.35682061314582825,0.0,426.63616943359375,0.5485625267028809,0.5485625267028809,0.3396681845188141,0.16501069068908691,73.615966796875,0.32366010546684265,20.316007614135742,0.8132418394088745,1.2518330812454224
2018,2,30.40613295963473,103.64586446474625,6689.088,477.0,2.8379132747650146,49.223636627197266,25.241769790649414,28.65335464477539,1.2019760608673096,6.691274166107178,36.68433380126953,0.2900778651237488,0.3044095039367676,0.0,424.0023498535156,0.5868268609046936,0.6137821674346924,0.4289170801639557,0.11717521399259567,48.18357849121094,0.36556366086006165,13.250073432922363,0.3482700288295746,0.5694398880004883,0.21085377037525177,0.25698336958885193,0.0,426.5704345703125,0.5655471682548523,0.6501346230506897,0.2827181816101074,0.15880239009857178,57.45512008666992,0.32049256563186646,6.0080342292785645,0.2873733639717102,0.5184250473976135,0.2460675835609436,0.25690117478370667,0.0,398.9718933105469,0.6650945544242859,0.7586542963981628,0.3713117241859436,0.2093258500099182,42.62986373901367,0.2991415858268738,10.230049133300781,0.4215090870857239,0.7411455512046814,0.31398797035217285,0.31398797035217285,0.0,281.9149169921875,0.7405011653900146,0.7405011653900146,0.3970330059528351,0.2518986165523529,46.93073272705078,0.3123944103717804,16.58323097229004,0.6000431776046753,0.9494909048080444,0.357509970664978,0.357509970664978,0.0,411.0873107910156,0.5073547959327698,0.5997883081436157,0.1710701584815979,0.1253962218761444,83.56050872802734,0.33746886253356934,19.575586318969727,0.731110692024231,1.1419352293014526
2018,2,31.241023827174562,104.04876208132931,6692.544,656.0,0.9274099469184875,180.0,28.969982147216797,22.204788208007812,1.223996639251709,6.546995162963867,38.276851654052734,0.2551414966583252,0.2640170156955719,2.462898015975952,341.5083923339844,0.5735015869140625,0.5735015869140625,0.30198755860328674,0.09564802795648575,66.77680206298828,0.377718985080719,10.595171928405762,0.2894453704357147,0.522871196269989,0.20527201890945435,0.2320956289768219,56.955657958984375,284.093017578125,0.5184624791145325,0.5884208679199219,0.2335151731967926,0.1508394479751587,68.22367095947266,0.3368101119995117,3.199117660522461,0.24107179045677185,0.4386206269264221,0.21494576334953308,0.22258612513542175,15.54728889465332,294.4073791503906,0.5009706616401672,0.6309563517570496,0.2630769610404968,0.14143595099449158,47.39616012573242,0.32090315222740173,7.150258541107178,0.34581083059310913,0.6674458980560303,0.28520792722702026,0.28520792722702026,0.0,232.6444854736328,0.5551776885986328,0.5568394660949707,0.29587629437446594,0.17796017229557037,41.628021240234375,0.3273688852787018,13.684969902038574,0.5314317345619202,0.9403036832809448,0.37063702940940857,0.37063702940940857,0.0,355.02081298828125,0.3633992075920105,0.36880603432655334,0.07029262185096741,0.0963623896241188,81.82243347167969,0.3422165513038635,16.905752182006836,0.6533583998680115,1.0813686847686768
2018,2,29.853668175516997,103.72671242594629,6709.344,436.0,8.501704216003418,330.0364074707031,31.956951141357422,29.05139923095703,1.2341326475143433,6.400000095367432,39.629180908203125,0.2871997058391571,0.29769983887672424,0.0,437.83453369140625,0.5685195922851562,0.5717484951019287,0.18892619013786316,0.12456872314214706,47.21657180786133,0.38437458872795105,13.682329177856445,0.344579815864563,0.5699856877326965,0.21224330365657806,0.25552016496658325,0.0,465.0563659667969,0.5502637624740601,0.576541543006897,0.223831906914711,0.11123646795749664,73.66936492919922,0.3502185046672821,6.550089359283447,0.27733564376831055,0.49312344193458557,0.23171982169151306,0.24011175334453583,0.0,415.9501647949219,0.5212356448173523,0.5610308051109314,0.17067532241344452,0.10726618766784668,42.632118225097656,0.3293095827102661,10.665388107299805,0.412776917219162,0.7099090814590454,0.29549187421798706,0.29549187421798706,0.0,285.0915832519531,0.6260104775428772,0.627593457698822,0.19861699640750885,0.16317802667617798,66.20874786376953,0.34882715344429016,16.77009391784668,0.5558692812919617,0.8951497673988342,0.37607207894325256,0.37607207894325256,0.0,414.898681640625,0.5562121868133545,0.5665731430053711,0.14070096611976624,0.16639550030231476,93.73436737060547,0.3689503073692322,19.757080078125,0.6694018244743347,1.0361703634262085
2018,2,30.38969225405067,103.63400771504516,6714.8467,473.0,0.9274099469184875,-0.0,23.933639526367188,27.839632034301758,1.196696400642395,6.72594690322876,38.49642562866211,0.29000696539878845,0.304415762424469,0.0,423.5453796386719,0.5875806212425232,0.6145695447921753,0.42941537499427795,0.11720480769872665,48.56360626220703,0.36675000190734863,13.235793113708496,0.3462487757205963,0.5640866756439209,0.21066756546497345,0.2569659352302551,0.0,425.988037109375,0.6513195037841797,0.6695333123207092,0.3489614725112915,0.18259082734584808,58.30482482910156,0.32212451100349426,5.999831199645996,0.28605955839157104,0.5157054662704468,0.24583737552165985,0.2567400336265564,0.0,398.44879150390625,0.713462769985199,0.7683303356170654,0.41297200322151184,0.22156678140163422,43.00896072387695,0.3008486330509186,10.216635704040527,0.41941675543785095,0.7352346777915955,0.313638299703598,0.313638299703598,0.0,281.64105224609375,0.7632741332054138,0.7632741332054138,0.44148683547973633,0.26449865102767944,47.824913024902344,0.314002126455307,16.567121505737305,0.5966909527778625,0.9409936666488647,0.3581182658672333,0.3581182658672333,0.0,410.61029052734375,0.4807785749435425,0.5985259413719177,0.218514084815979,0.13465560972690582,84.26203155517578,0.3388875722885132,19.552871704101562,0.7263168692588806,1.1350973844528198
2018,2,30.49209996884411,103.73641542983857,6721.1064,486.0,2.342702865600586,113.30874633789062,19.14531898498535,28.850915908813477,1.2001856565475464,6.900000095367432,38.14430236816406,0.2905038297176361,0.30384883284568787,0.0,428.2195739746094,0.5827473402023315,0.6086509227752686,0.42686447501182556,0.11712916195392609,45.46326446533203,0.35830673575401306,13.381861686706543,0.36289268732070923,0.6085122227668762,0.21282336115837097,0.2576504647731781,0.0,433.157958984375,0.5222639441490173,0.5908603668212891,0.2439941167831421,0.1392788589000702,52.61954879760742,0.3106937110424042,6.100816249847412,0.2962394952774048,0.53582763671875,0.24671781063079834,0.2568260133266449,0.0,403.8343200683594,0.6517668962478638,0.6986960172653198,0.357977956533432,0.20898659527301788,39.895545959472656,0.28896355628967285,10.35472583770752,0.43610095977783203,0.7819312214851379,0.31524187326431274,0.31524187326431274,0.0,284.1307373046875,0.7260634303092957,0.7260634303092957,0.4352129101753235,0.2561403810977936,41.76720428466797,0.3031396269798279,16.713573455810547,0.621913731098175,1.0100260972976685,0.35467925667762756,0.35467925667762756,0.0,414.78271484375,0.4806172251701355,0.612949550151825,0.25363656878471375,0.13760970532894135,79.40029907226562,0.3293241560459137,19.751558303833008,0.7619809508323669,1.186229944229126
2018,2,29.50143932420425,104.40206557599592,6738.507,520.0,5.937776565551758,159.0435791015625,34.861053466796875,22.63836097717285,1.2881327867507935,6.944270610809326,33.87984085083008,0.2808275818824768,0.2897523045539856,0.0,480.52545166015625,0.548507034778595,0.5640453100204468,0.4354380667209625,0.1110009178519249,24.817399978637695,0.3597349524497986,15.016420364379883,0.415363609790802,0.7898398041725159,0.1982593834400177,0.22459538280963898,0.0,561.2364501953125,0.484220415353775,0.4861733317375183,0.07454654574394226,0.13717618584632874,52.2050666809082,0.32587286829948425,7.904738903045654,0.31695953011512756,0.5976460576057434,0.2213171422481537,0.2256556749343872,0.0,468.5679931640625,0.4681088626384735,0.5150161981582642,0.09156030416488647,0.12965050339698792,25.75515365600586,0.2962263822555542,12.01456356048584,0.48811444640159607,0.9121019840240479,0.2828688621520996,0.2828688621520996,0.0,301.0924987792969,0.42978692054748535,0.4300127327442169,0.07227898389101028,0.12214726954698563,57.41035079956055,0.3399371802806854,17.711322784423828,0.6047610640525818,1.0543259382247925,0.3642304241657257,0.3642304241657257,0.0,442.259033203125,0.3954664170742035,0.39641478657722473,0.040162231773138046,0.11041446775197983,68.71092987060547,0.35697346925735474,21.059953689575195,0.7647722363471985,1.077298879623413
2018,2,29.454814963589424,103.5671747084561,6748.8716,396.0,2.1380608081817627,29.86542510986328,28.799999237060547,27.423139572143555,1.210951805114746,6.0,36.785526275634766,0.28570419549942017,0.29513776302337646,0.0,429.96160888671875,0.6167499423027039,0.6326075196266174,0.45926856994628906,0.11947418004274368,54.40055465698242,0.409095823764801,13.436300277709961,0.3104519248008728,0.48613110184669495,0.21443232893943787,0.2599886357784271,0.6228805184364319,456.10919189453125,0.6805319786071777,0.6857879161834717,0.37884461879730225,0.21227099001407623,94.85647583007812,0.38490790128707886,6.415300369262695,0.2507012188434601,0.43334028124809265,0.2231704443693161,0.23104579746723175,0.0,406.51800537109375,0.605392575263977,0.6463212370872498,0.38941091299057007,0.1981373131275177,49.54996109008789,0.3672352731227875,10.423538208007812,0.37341946363449097,0.6072475910186768,0.28497248888015747,0.28497248888015747,0.0,279.45611572265625,0.6131866574287415,0.6131866574287415,0.4121423363685608,0.18429741263389587,84.98316192626953,0.3844125270843506,16.438594818115234,0.4914116859436035,0.7752344012260437,0.3951528072357178,0.3951528072357178,0.0,405.39599609375,0.4474746584892273,0.4474746584892273,0.22428429126739502,0.12379083037376404,109.66798400878906,0.4003158509731293,19.3045711517334,0.5746855735778809,0.9103262424468994
2018,2,31.490577417630657,105.41509753062091,6761.2876,513.0,1.4291398525238037,229.54498291015625,21.680326461791992,28.25885009765625,1.2884936332702637,7.095183372497559,30.531578063964844,0.26296466588974,0.2793627381324768,0.0,453.4781799316406,0.5214279890060425,0.5633922815322876,0.1522098332643509,0.1078302264213562,36.08555603027344,0.3566262722015381,14.17119312286377,0.4391263425350189,0.9735427498817444,0.21395675837993622,0.24569091200828552,0.0,487.8948974609375,0.5128670930862427,0.6413587927818298,0.24749772250652313,0.14532659947872162,39.564849853515625,0.302767276763916,6.871758937835693,0.3513016700744629,0.7420815825462341,0.24183480441570282,0.24720324575901031,0.0,427.0536193847656,0.4948839843273163,0.5037224888801575,0.342183381319046,0.09122027456760406,16.9077091217041,0.2695496678352356,10.950092315673828,0.47963547706604004,0.9098437428474426,0.3277277946472168,0.3277277946472168,0.0,292.9349060058594,0.71589595079422,0.71589595079422,0.4544190764427185,0.23545366525650024,22.1685791015625,0.3087133467197418,17.231464385986328,0.6665090918540955,1.1922359466552734,0.4301343560218811,0.4301343560218811,0.0,435.0685729980469,0.6553605794906616,0.6553605794906616,0.38769006729125977,0.2094200849533081,65.34944915771484,0.313116192817688,20.717552185058594,0.864398717880249,1.5053932666778564
2018,2,30.751624109255705,104.79014114067732,6762.946,444.0,3.726200819015503,119.8095932006836,24.569787979125977,31.66661834716797,1.2835900783538818,7.255607604980469,27.583925247192383,0.2879332900047302,0.2906539738178253,0.0,464.6260681152344,0.5763514637947083,0.5763514637947083,0.20294614136219025,0.1320059448480606,30.541566848754883,0.33968812227249146,14.519564628601074,0.44267669320106506,0.8706806898117065,0.23090779781341553,0.26263511180877686,0.0,506.3274841308594,0.6311261057853699,0.6311261057853699,0.31441211700439453,0.16908320784568787,40.8085823059082,0.28835850954055786,7.131372928619385,0.33784323930740356,0.6098368167877197,0.23594725131988525,0.23964178562164307,0.0,443.8044738769531,0.6795777082443237,0.6795777082443237,0.4668664038181305,0.24723735451698303,21.4652042388916,0.26345306634902954,11.379602432250977,0.49978113174438477,0.9376679062843323,0.30791959166526794,0.30791959166526794,0.0,297.7958068847656,0.7771309614181519,0.7771309614181519,0.5769720673561096,0.31078681349754333,29.90882110595703,0.29173293709754944,17.51740074157715,0.6888719797134399,1.2715870141983032,0.36888155341148376,0.36888155341148376,0.0,439.1393127441406,0.6703945994377136,0.6703945994377136,0.4930790066719055,0.2479552924633026,66.69686889648438,0.3134426474571228,20.911396026611328,0.8739360570907593,1.4023553133010864
2018,2,27.85617372671643,102.20083480006342,6772.6445,1499.0,1.399990200996399,228.5194091796875,22.854537963867188,35.5030517578125,1.2703478336334229,6.497540473937988,30.6890869140625,0.2933185398578644,0.31204721331596375,5.312323093414307,241.67996215820312,0.6717647314071655,0.6883026361465454,0.44246816635131836,0.12831267714500427,48.9868049621582,0.39839842915534973,7.386488437652588,0.2783445417881012,0.5232148170471191,0.23699083924293518,0.24963316321372986,55.58061599731445,248.52325439453125,0.2012714445590973,0.2012714445590973,0.06372546404600143,0.03483095020055771,71.85418701171875,0.36515963077545166,2.7175021171569824,0.23400761187076569,0.5439962148666382,0.2271665781736374,0.23459263145923615,18.816024780273438,245.77801513671875,0.6842475533485413,0.7506365180015564,0.5315982103347778,0.20627063512802124,41.005401611328125,0.333631306886673,5.819538593292236,0.452379435300827,0.8169947862625122,0.26832079887390137,0.26832079887390137,1.24564790725708,166.85302734375,0.7050586938858032,0.7050586938858032,0.5637841820716858,0.22151967883110046,55.49367904663086,0.34011271595954895,9.741610527038574,0.5082501769065857,1.0358473062515259,0.3264680802822113,0.3264680802822113,0.16823306679725647,256.4206848144531,0.5037615299224854,0.5037615299224854,0.3045569062232971,0.17704831063747406,99.1323013305664,0.3680773079395294,12.202497482299805,0.4904298782348633,0.888434886932373
2018,2,29.409809256656995,104.38185693002171,6777.915,400.0,7.197507858276367,26.19593620300293,41.6812858581543,22.372203826904297,1.3017406463623047,6.387848854064941,30.122800827026367,0.2799578309059143,0.2901254892349243,0.0,476.3267517089844,0.5536512136459351,0.5722598433494568,0.43192437291145325,0.11163796484470367,27.176788330078125,0.3631677031517029,14.885210990905762,0.4036729037761688,0.7558265328407288,0.19834312796592712,0.22577621042728424,0.15784311294555664,554.186767578125,0.44433408975601196,0.471123605966568,0.18843652307987213,0.07452292740345001,56.994144439697266,0.33144140243530273,7.803224563598633,0.3086596727371216,0.5771939754486084,0.2203187197446823,0.22463545203208923,0.0,463.6606140136719,0.4827708899974823,0.4843443036079407,0.18831084668636322,0.08122489601373672,28.03350067138672,0.30263960361480713,11.888733863830566,0.4756489098072052,0.8838029503822327,0.28332656621932983,0.28332656621932983,0.0,299.15716552734375,0.5985163450241089,0.5985163450241089,0.2439204603433609,0.1513621062040329,58.82170867919922,0.3437959849834442,17.59747886657715,0.5904537439346313,1.0277847051620483,0.3707372546195984,0.3707372546195984,0.0,439.13775634765625,0.6020751595497131,0.6192198395729065,0.2052808403968811,0.17256976664066315,70.1626205444336,0.3595488369464874,20.91132164001465,0.7446242570877075,1.0551300048828125
2018,2,30.161430871124775,103.66095852181216,6779.3506,480.0,5.426943778991699,99.8106918334961,24.555938720703125,30.04175567626953,1.2055130004882812,6.877297878265381,43.70111846923828,0.2889237105846405,0.30160069465637207,0.0,428.9722595214844,0.5928770899772644,0.6161941885948181,0.4372440576553345,0.11757943779230118,48.448585510253906,0.3750409483909607,13.405383110046387,0.34412574768066406,0.5622730255126953,0.21177150309085846,0.2571086883544922,0.0,441.2072448730469,0.5705633759498596,0.635444700717926,0.2536745071411133,0.167466402053833,65.5715560913086,0.33501511812210083,6.214186191558838,0.28141140937805176,0.503478467464447,0.2398109883069992,0.24967458844184875,0.0,405.0794372558594,0.5679425597190857,0.5926057696342468,0.27848848700523376,0.17681406438350677,43.18910598754883,0.31411078572273254,10.386651992797852,0.41496020555496216,0.7199661135673523,0.3058844804763794,0.3058844804763794,0.0,282.84130859375,0.5795555114746094,0.5795555114746094,0.2897782325744629,0.1810949295759201,56.115333557128906,0.32952702045440674,16.637723922729492,0.5778250098228455,0.9181578755378723,0.3663541078567505,0.3663541078567505,0.0,411.9405822753906,0.5065439939498901,0.5065439939498901,0.19545888900756836,0.14297473430633545,89.00470733642578,0.3523925542831421,19.61621856689453,0.6993454098701477,1.0910756587982178
2018,2,30.431193107555092,103.63266106652699,6795.5093,484.0,1.4200359582901,130.76910400390625,22.79360580444336,28.75684356689453,1.184468388557434,6.625955104827881,40.161285400390625,0.29019415378570557,0.304884672164917,0.0,422.7685241699219,0.5864499807357788,0.6140592694282532,0.42796143889427185,0.1171230673789978,48.47658157348633,0.3650720417499542,13.211516380310059,0.34709444642066956,0.5657297372817993,0.21048462390899658,0.2568882405757904,0.0,423.6450500488281,0.6731602549552917,0.7163838148117065,0.3554208278656006,0.20055866241455078,56.86746597290039,0.31957799196243286,5.966831684112549,0.28716006875038147,0.5184727311134338,0.24689559638500214,0.25795766711235046,0.0,397.4943542480469,0.7141556143760681,0.7764583826065063,0.41587355732917786,0.2124042510986328,42.88133239746094,0.29820922017097473,10.19216251373291,0.4206846356391907,0.7392581105232239,0.31501057744026184,0.31501057744026184,0.0,281.51123046875,0.728508472442627,0.728508472442627,0.4088244140148163,0.2356140911579132,46.226646423339844,0.31103456020355225,16.559484481811523,0.6006097197532654,0.9466913342475891,0.3565736413002014,0.3565736413002014,0.0,410.51409912109375,0.4417637586593628,0.5510178208351135,0.15867260098457336,0.10300732403993607,83.27835083007812,0.33629488945007324,19.548290252685547,0.7319657802581787,1.1439377069473267
2018,2,31.25692498153115,104.12179323838264,6804.592,602.0,2.852400779724121,229.4745635986328,26.554040908813477,24.000530242919922,1.269166350364685,6.614891529083252,36.28082275390625,0.25979167222976685,0.26797062158584595,2.109442949295044,353.7757263183594,0.4811180830001831,0.49566543102264404,0.09598135948181152,0.152810737490654,64.65007019042969,0.376303493976593,10.989571571350098,0.30131205916404724,0.5447790622711182,0.20957228541374207,0.23662060499191284,48.78184509277344,303.3900451660156,0.5322770476341248,0.5751636028289795,0.20692980289459229,0.17260511219501495,66.12220764160156,0.3339945077896118,3.586030960083008,0.24993273615837097,0.4501327872276306,0.21832819283008575,0.22633536159992218,13.316067695617676,308.8558349609375,0.5709265470504761,0.6214317083358765,0.2518460750579834,0.18113107979297638,44.56748962402344,0.3164912462234497,7.577942371368408,0.35955026745796204,0.6865683794021606,0.2899623513221741,0.2899623513221741,0.0,240.35958862304688,0.5764831900596619,0.5784216523170471,0.25116589665412903,0.18593138456344604,39.17862319946289,0.3220599889755249,14.138798713684082,0.5546500086784363,0.9767194390296936,0.37277519702911377,0.37277519702911377,0.0,364.5638122558594,0.4435787498950958,0.4511369466781616,0.13559722900390625,0.12841428816318512,78.81820678710938,0.33760014176368713,17.36018180847168,0.683754026889801,1.1317740678787231
2018,2,30.179218225226972,103.890299007193,6810.1885,482.0,14.195292472839355,153.62913513183594,31.91585350036621,24.287948608398438,1.2682636976242065,7.016979217529297,42.811256408691406,0.2885732352733612,0.29874736070632935,0.0,442.43603515625,0.5833672881126404,0.603143036365509,0.4358501136302948,0.11699217557907104,41.62820816040039,0.36376383900642395,13.826126098632812,0.37478107213974,0.6487696766853333,0.21413074433803558,0.25522446632385254,0.0,467.8565673828125,0.5138001441955566,0.5990358591079712,0.16310925781726837,0.11713960021734238,58.25578308105469,0.3213498592376709,6.589529037475586,0.2983265221118927,0.5380827784538269,0.23745769262313843,0.24528862535953522,0.0,421.0885009765625,0.4568963348865509,0.49536842107772827,0.11571573466062546,0.09719546884298325,37.00977325439453,0.2990945875644684,10.797141075134277,0.4450797438621521,0.8021974563598633,0.3036312162876129,0.3036312162876129,0.0,288.6180114746094,0.4573698341846466,0.4573698341846466,0.0204832311719656,0.10246609896421432,49.913002014160156,0.31935757398605347,16.977529525756836,0.6117538809776306,1.0261973142623901,0.36373797059059143,0.36373797059059143,0.0,421.3724670410156,0.39728838205337524,0.39728838205337524,0.04011007025837898,0.09622190147638321,81.45757293701172,0.3429688513278961,20.06535530090332,0.749706506729126,1.151736855506897
2018,2,32.06432995017754,107.44250362928801,6857.2295,847.0,11.634611129760742,56.609886169433594,29.02434539794922,26.854970932006836,1.2844325304031372,6.315842151641846,35.366485595703125,0.26552826166152954,0.3035324513912201,0.0,352.4886779785156,0.6910242438316345,0.6910242438316345,0.1872757077217102,0.15316955745220184,43.53043746948242,0.38803377747535706,11.015271186828613,0.28336799144744873,0.5039445757865906,0.2059156447649002,0.22073349356651306,36.864402770996094,293.4266357421875,0.5102769136428833,0.5683416724205017,0.08380354940891266,0.07651232182979584,69.02427673339844,0.3662589192390442,3.6135525703430176,0.23462192714214325,0.4337255358695984,0.20907831192016602,0.23214931786060333,0.008692972362041473,297.59930419921875,0.47823041677474976,0.490613728761673,0.23752307891845703,0.07867451757192612,64.5296630859375,0.3800879716873169,7.630528926849365,0.2676940858364105,0.49218326807022095,0.321519672870636,0.321519672870636,0.0,247.44139099121094,0.7034220695495605,0.7034220695495605,0.24459323287010193,0.21023203432559967,57.31655502319336,0.38153761625289917,14.555376052856445,0.4381635785102844,0.7596429586410522,0.5016213655471802,0.5016213655471802,0.0,368.8815002441406,0.759160578250885,0.759160578250885,0.628203809261322,0.24911820888519287,82.53662109375,0.38646891713142395,17.565786361694336,0.5172738432884216,1.0067546367645264
2018,2,29.565846579820224,103.56582805993796,6883.6025,435.0,6.6317620277404785,253.8315887451172,32.45466232299805,29.02642059326172,1.2012357711791992,5.960549831390381,36.76605987548828,0.28672173619270325,0.2960222363471985,0.0,433.53662109375,0.6160358190536499,0.6313437223434448,0.4601036012172699,0.1194673553109169,53.345149993896484,0.40501725673675537,13.548019409179688,0.31763315200805664,0.4970434010028839,0.21490417420864105,0.26114511489868164,0.0,461.3341064453125,0.6648398637771606,0.6784997582435608,0.24232055246829987,0.14911171793937683,90.62554168701172,0.3785550892353058,6.497663497924805,0.25731900334358215,0.44472748041152954,0.22551265358924866,0.23387782275676727,0.0,410.82269287109375,0.5690690279006958,0.6530991196632385,0.14579544961452484,0.11360525339841843,48.0908203125,0.36007383465766907,10.533915519714355,0.3819875717163086,0.6218509078025818,0.2870553433895111,0.2870553433895111,0.0,281.94866943359375,0.7154255509376526,0.7154255509376526,0.22426430881023407,0.18915577232837677,82.28860473632812,0.37718239426612854,16.585216522216797,0.5063685774803162,0.7912425994873047,0.3909653425216675,0.3909653425216675,0.0,408.6668395996094,0.6679147481918335,0.6687344908714294,0.2555181384086609,0.21620847284793854,107.64413452148438,0.3944983184337616,19.460325241088867,0.5940399169921875,0.93956059217453
2018,2,32.038190699802236,105.32913052141153,6886.728,837.0,9.810168266296387,221.50091552734375,26.997520446777344,27.058116912841797,1.27144455909729,6.899133682250977,30.407163619995117,0.2630736529827118,0.28800076246261597,3.0046334266662598,325.970703125,0.5358012914657593,0.5358012914657593,0.1285722553730011,0.14305618405342102,45.65487289428711,0.37975671887397766,10.092689514160156,0.30824023485183716,0.6285393238067627,0.19902145862579346,0.2316398322582245,72.74530792236328,258.7080078125,0.463784396648407,0.5936474800109863,0.15801553428173065,0.12644366919994354,42.97924041748047,0.33650386333465576,2.6191928386688232,0.26086750626564026,0.5553691983222961,0.21226097643375397,0.22436624765396118,20.041650772094727,283.56439208984375,0.4112062454223633,0.4115850031375885,0.2351837307214737,0.09704556316137314,22.770429611206055,0.3175302743911743,6.756993293762207,0.35600191354751587,0.6940334439277649,0.300963431596756,0.300963431596756,0.0,229.82923889160156,0.5632227063179016,0.5632227063179016,0.2788791358470917,0.1772526204586029,25.770875930786133,0.3369177579879761,13.519367218017578,0.5247977375984192,0.9286715388298035,0.46711403131484985,0.46711403131484985,0.0,350.7554016113281,0.5752413868904114,0.5752413868904114,0.23804894089698792,0.18351590633392334,62.91676712036133,0.3358655571937561,16.702638626098633,0.6440531015396118,1.1805797815322876
2018,2,30.179753317353377,104.2770234642552,6909.033,400.0,0.0,-0.0,23.12595558166504,28.336397171020508,1.291927695274353,7.511269569396973,34.14521789550781,0.2878437638282776,0.2936215102672577,0.0,465.6311950683594,0.4730779528617859,0.4730779528617859,0.06497453898191452,0.09392677992582321,30.211851119995117,0.3459789752960205,14.55097484588623,0.42572399973869324,0.7930632829666138,0.21818989515304565,0.25206419825553894,0.0,514.3496704101562,0.4483760893344879,0.5270413756370544,0.339143842458725,0.08575237542390823,46.95176696777344,0.3001663386821747,7.244361877441406,0.32599514722824097,0.5943679809570312,0.23275518417358398,0.2370591014623642,0.0,448.693359375,0.6420679688453674,0.661002516746521,0.2886055111885071,0.19085901975631714,26.706491470336914,0.275694876909256,11.504958152770996,0.4948379099369049,0.9376475811004639,0.2988736033439636,0.2988736033439636,0.0,298.4240417480469,0.518155038356781,0.518155038356781,0.3767330050468445,0.11823650449514389,40.61074447631836,0.3043572008609772,17.55435562133789,0.6660050749778748,1.2036830186843872,0.3604068160057068,0.3604068160057068,0.0,437.3047180175781,0.5556008815765381,0.5556008815765381,0.42070379853248596,0.16427090764045715,69.44297790527344,0.32895219326019287,20.824033737182617,0.8303897380828857,1.2473719120025635
2018,2,29.87765368008348,103.77684163998913,6910.168,402.0,2.97830867767334,201.02813720703125,36.205387115478516,23.953720092773438,1.2451705932617188,6.300000190734863,41.2113151550293,0.2871207594871521,0.2974203824996948,0.0,440.3432312011719,0.5934983491897583,0.6120074391365051,0.4448983371257782,0.11735504865646362,45.572425842285156,0.380849689245224,13.760725975036621,0.3515288829803467,0.5895687341690063,0.21209201216697693,0.25438523292541504,0.0,469.7326354980469,0.5259990096092224,0.6411435008049011,0.22321754693984985,0.16162016987800598,70.98416900634766,0.3457127511501312,6.615952968597412,0.28165069222450256,0.502938449382782,0.2318832278251648,0.23998939990997314,0.0,418.9586181640625,0.6431193947792053,0.6984108686447144,0.2984253466129303,0.21281574666500092,41.19522476196289,0.3243110477924347,10.742528915405273,0.420075923204422,0.7301591038703918,0.2958432137966156,0.2958432137966156,0.0,286.25750732421875,0.3189876079559326,0.3189876079559326,-0.022426031529903412,0.07186952233314514,63.896793365478516,0.34492483735084534,16.83867645263672,0.5649896860122681,0.919297456741333,0.37424618005752563,0.37424618005752563,0.0,416.91943359375,0.33284640312194824,0.3967984616756439,0.05701426789164543,0.0667763501405716,91.25652313232422,0.3653528392314911,19.85330581665039,0.6834071278572083,1.0526249408721924
2018,2,30.45679726580398,103.76309423144134,6948.105,471.0,2.8387558460235596,49.23832321166992,15.122173309326172,36.63121032714844,1.2035969495773315,6.808720111846924,42.53129196166992,0.29032132029533386,0.3030771017074585,0.0,430.43853759765625,0.5829287171363831,0.6077906489372253,0.428162157535553,0.11717738211154938,44.80860137939453,0.3586197793483734,13.451204299926758,0.3656034767627716,0.6167389750480652,0.21340620517730713,0.2576928734779358,0.0,438.24676513671875,0.49021098017692566,0.5057686567306519,0.20849165320396423,0.12451151758432388,53.19744110107422,0.3115304112434387,6.172489643096924,0.29711923003196716,0.5369666218757629,0.24545958638191223,0.25517550110816956,0.0,406.4895935058594,0.6122320890426636,0.6904038786888123,0.3422556221485138,0.1827104687690735,39.325836181640625,0.28977343440055847,10.422810554504395,0.43830224871635437,0.7874227166175842,0.31370893120765686,0.31370893120765686,0.0,284.90234375,0.7354639172554016,0.7354639172554016,0.4193221926689148,0.2607986330986023,42.55861282348633,0.3047339916229248,16.758962631225586,0.6222378015518188,1.017581820487976,0.3559100329875946,0.3559100329875946,0.0,415.9222412109375,0.4563126266002655,0.5543586015701294,0.19583766162395477,0.12403866648674011,79.53443908691406,0.3306756317615509,19.80582046508789,0.7624658942222595,1.185359239578247
2018,2,30.438202814411106,103.68521157244187,6951.136,477.0,2.34161114692688,246.6797332763672,22.305862426757812,30.213598251342773,1.2389792203903198,7.067102432250977,43.770118713378906,0.29022350907325745,0.3041302561759949,0.0,425.9066467285156,0.5850610136985779,0.611542284488678,0.4281159043312073,0.11714006960391998,47.00171661376953,0.3625941872596741,13.309582710266113,0.3544508218765259,0.5860818028450012,0.21162956953048706,0.2571665048599243,0.0,429.6946105957031,0.6456406712532043,0.6821728944778442,0.3251646161079407,0.21015675365924835,55.477630615234375,0.31652504205703735,6.052036762237549,0.291080117225647,0.5257511734962463,0.24624750018119812,0.25676229596138,0.0,401.1810302734375,0.7120246887207031,0.770913302898407,0.4159584641456604,0.24502582848072052,41.461326599121094,0.29499632120132446,10.286693572998047,0.4276691675186157,0.7583127617835999,0.31439268589019775,0.31439268589019775,0.0,282.8811950683594,0.7530370354652405,0.7530370354652405,0.436038613319397,0.27067333459854126,44.86581039428711,0.3087198734283447,16.64006996154785,0.6089739799499512,0.9745525121688843,0.3563913404941559,0.3563913404941559,0.0,412.694580078125,0.5297915935516357,0.5297915935516357,0.38970333337783813,0.1481807976961136,81.82585906982422,0.33422133326530457,19.652124404907227,0.7437912821769714,1.1597977876663208
2018,2,31.254231684494865,104.11128313719966,6966.5996,611.0,0.9274099469184875,180.0,26.26596450805664,24.335594177246094,1.2631072998046875,6.699999809265137,37.81707000732422,0.25912365317344666,0.26740092039108276,2.1603269577026367,352.0324401855469,0.4140353798866272,0.4392464756965637,0.054945264011621475,0.09450551122426987,64.9437255859375,0.3764885663986206,10.933504104614258,0.29964902997016907,0.541732907295227,0.20895253121852875,0.23596976697444916,49.958560943603516,300.661865234375,0.4731940031051636,0.5700269937515259,0.11363150179386139,0.12347544729709625,66.41709899902344,0.33437955379486084,3.5310323238372803,0.24867954850196838,0.44852766394615173,0.21783897280693054,0.22578927874565125,13.63727855682373,306.8056335449219,0.5923855900764465,0.6617645621299744,0.3302793800830841,0.196420356631279,44.97050476074219,0.3171076476573944,7.51713752746582,0.3576158285140991,0.683931827545166,0.2892706096172333,0.2892706096172333,0.0,239.25741577148438,0.6142522692680359,0.6181424856185913,0.33934465050697327,0.2077406495809555,39.531429290771484,0.3228176236152649,14.073966026306152,0.5513297319412231,0.9715846180915833,0.3724553883075714,0.3724553883075714,0.0,363.2019958496094,0.5360584855079651,0.5414862036705017,0.26525136828422546,0.16067366302013397,79.2504653930664,0.3382622003555298,17.295331954956055,0.6794075965881348,1.12451171875
2018,2,32.12685546514896,105.60347225462375,6972.529,812.0,10.548238754272461,225.93588256835938,27.31050682067871,27.230836868286133,1.2700591087341309,6.532816410064697,38.75090789794922,0.2636476457118988,0.29229530692100525,0.0,325.92083740234375,0.3410651981830597,0.3994717597961426,0.010565437376499176,0.061486583203077316,43.953731536865234,0.38324645161628723,10.185026168823242,0.30138710141181946,0.606164813041687,0.19722849130630493,0.23186182975769043,45.47328186035156,243.3572540283203,0.3808083236217499,0.41402333974838257,0.03376677632331848,0.09435709565877914,44.047035217285156,0.3417000472545624,2.7870981693267822,0.2587240934371948,0.5605317950248718,0.21029306948184967,0.2239149510860443,11.844245910644531,282.5375671386719,0.4743548035621643,0.49921056628227234,0.167049840092659,0.11459766328334808,22.530765533447266,0.3251205086708069,6.940854549407959,0.3465905785560608,0.6696376800537109,0.30266809463500977,0.30266809463500977,0.0,233.28829956054688,0.6690897941589355,0.6690897941589355,0.32791513204574585,0.2152685672044754,27.632118225097656,0.34339049458503723,13.722841262817383,0.5092288255691528,0.8934012651443481,0.48049551248550415,0.48049551248550415,0.0,352.8872985839844,0.6253617405891418,0.6300585269927979,0.30176639556884766,0.2011300027370453,62.30270004272461,0.3409700393676758,16.804157257080078,0.6200669407844543,1.1651490926742554
2018,2,32.08616170893521,105.58380315987701,6972.529,855.0,5.653180122375488,191.1288604736328,28.558414459228516,24.578041076660156,1.24955153465271,6.621280193328857,40.716739654541016,0.2634401023387909,0.2913675010204315,0.0,333.9985046386719,0.4140191078186035,0.42139533162117004,0.13148672878742218,0.11308712512254715,43.21516799926758,0.381458580493927,10.437453269958496,0.3108738660812378,0.6322178244590759,0.19818072021007538,0.23264315724372864,42.63078689575195,258.84912109375,0.4719691872596741,0.5337458252906799,0.1496187448501587,0.10595784336328506,43.34918975830078,0.33898061513900757,3.0453286170959473,0.2650609612464905,0.5743703246116638,0.21235421299934387,0.22540026903152466,11.315077781677246,291.7312316894531,0.5091948509216309,0.5227306485176086,0.1488904356956482,0.13199196755886078,21.780065536499023,0.32107892632484436,7.190157890319824,0.3557966351509094,0.6874025464057922,0.30434468388557434,0.30434468388557434,0.0,236.94781494140625,0.684971034526825,0.684971034526825,0.36914509534835815,0.2083723247051239,26.940738677978516,0.34096869826316833,13.938106536865234,0.5197634100914001,0.913787841796875,0.47751671075820923,0.47751671075820923,0.0,358.0172424316406,0.667576789855957,0.6724086403846741,0.34135177731513977,0.20615610480308533,62.26418685913086,0.33879798650741577,17.04844093322754,0.636515736579895,1.1884089708328247
2018,2,29.956343436373636,103.85553139627928,7024.992,401.0,1.0703766345977783,90.0,30.0670166015625,30.522432327270508,1.222639560699463,6.774410724639893,44.31882858276367,0.2872798442840576,0.2972854673862457,0.0,443.7053527832031,0.4511271119117737,0.4511271119117737,0.11134413629770279,0.12303026765584946,42.96868133544922,0.3738477826118469,13.865792274475098,0.3637164235115051,0.6228200793266296,0.21233688294887543,0.253269761800766,0.0,475.0336608886719,0.6183236837387085,0.6450347304344177,0.2999380826950073,0.19155079126358032,65.72914123535156,0.3363422453403473,6.690615177154541,0.289558082818985,0.5203533172607422,0.23297126591205597,0.24067670106887817,0.0,422.92156982421875,0.5044038891792297,0.5698859691619873,0.16779711842536926,0.13694263994693756,38.78669738769531,0.3142329454421997,10.84414291381836,0.4329304099082947,0.7662543654441833,0.2975189685821533,0.2975189685821533,0.0,288.0496826171875,0.5958701372146606,0.5958701372146606,0.2068377584218979,0.17691834270954132,58.850074768066406,0.3360728621482849,16.94409942626953,0.58365797996521,0.9662075042724609,0.370405375957489,0.370405375957489,0.0,420.0751037597656,0.41157782077789307,0.5732144117355347,0.23069272935390472,0.10811568796634674,86.72655487060547,0.3573968708515167,20.003576278686523,0.7110790014266968,1.0888484716415405
2018,2,30.392385551086956,103.78061403948033,7090.6587,459.0,2.34067964553833,66.66989135742188,20.067991256713867,30.375829696655273,1.1984009742736816,7.0,45.8887825012207,0.28996360301971436,0.3021923899650574,0.0,432.53509521484375,0.5837499499320984,0.6075276136398315,0.4301547706127167,0.11720720678567886,44.4521484375,0.36043882369995117,13.516721725463867,0.36621710658073425,0.6197851300239563,0.21361806988716125,0.25741469860076904,0.0,443.7151794433594,0.583410918712616,0.6585149168968201,0.3253781199455261,0.1928158402442932,54.83811950683594,0.31455472111701965,6.249509811401367,0.2965223491191864,0.5352253317832947,0.24369226396083832,0.253054141998291,0.0,409.0476379394531,0.6700483560562134,0.7177531719207764,0.40037083625793457,0.250652551651001,39.111167907714844,0.2927943766117096,10.488401412963867,0.43831685185432434,0.7865914106369019,0.3114556074142456,0.3114556074142456,0.0,285.47540283203125,0.2550922632217407,0.2550922632217407,-0.09958881884813309,0.05249471589922905,44.612022399902344,0.30867424607276917,16.79267120361328,0.6181780695915222,1.014762043952942,0.35798379778862,0.35798379778862,0.0,416.69891357421875,0.23202864825725555,0.2460927814245224,0.10982708632946014,0.04685105383396149,80.45547485351562,0.334054172039032,19.842805862426758,0.7569282054901123,1.174891710281372
2018,2,30.79609026496068,104.2495331062607,7104.398,472.0,2.145341634750366,149.79734802246094,21.597293853759766,35.98933792114258,1.2377151250839233,6.800014019012451,41.537322998046875,0.2823495864868164,0.2879595160484314,0.546701192855835,428.4892272949219,0.558584451675415,0.5813940763473511,0.41667118668556213,0.11420068889856339,42.556251525878906,0.35104721784591675,13.373204231262207,0.39184993505477905,0.7212406396865845,0.22256875038146973,0.25570809841156006,12.642717361450195,436.4173583984375,0.7393790483474731,0.7528358697891235,0.36445918679237366,0.23867912590503693,49.7517204284668,0.3018260598182678,5.96865701675415,0.3075176179409027,0.5516020655632019,0.23328261077404022,0.23928794264793396,3.4511055946350098,401.3226623535156,0.6386216282844543,0.7433174252510071,0.4104420840740204,0.2233971506357193,31.26811408996582,0.27992549538612366,10.201834678649902,0.45770564675331116,0.8701510429382324,0.3038141429424286,0.3038141429424286,0.0,281.4809875488281,0.7279163599014282,0.7279163599014282,0.5238437652587891,0.2765958905220032,32.59858322143555,0.29564276337623596,16.55770492553711,0.6600269675254822,1.1892250776290894,0.3640604317188263,0.3640604317188263,0.0,415.7794494628906,0.6125389337539673,0.6125389337539673,0.42365437746047974,0.20449139177799225,69.75474548339844,0.31948280334472656,19.799020767211914,0.8195900917053223,1.2903095483779907
2018,2,29.270212639077826,103.30791811410771,7115.292,894.0,13.800704956054688,171.30967712402344,30.96977424621582,23.719594955444336,1.248665690422058,5.992461204528809,41.138362884521484,0.2741672992706299,0.2891900837421417,0.567621111869812,372.7702331542969,0.5134524703025818,0.5134524703025818,0.04173862189054489,0.16878612339496613,65.23640441894531,0.4200112819671631,11.631331443786621,0.2570059597492218,0.41616228222846985,0.21147872507572174,0.25510677695274353,20.755176544189453,350.0556945800781,0.4920555055141449,0.5524285435676575,0.342621386051178,0.0826030895113945,107.3559799194336,0.40187764167785645,4.638035774230957,0.20402516424655914,0.3656080663204193,0.21887488663196564,0.22701452672481537,4.6670308113098145,339.28118896484375,0.4647935926914215,0.5047231316566467,0.08126864582300186,0.1037716269493103,60.893009185791016,0.3902519941329956,8.579850196838379,0.30819085240364075,0.5366450548171997,0.28644269704818726,0.28644269704818726,0.0,247.94827270507812,0.4957311153411865,0.4957311153411865,0.1149495393037796,0.13744215667247772,89.9336166381836,0.4037657678127289,14.585192680358887,0.4136050343513489,0.6996933221817017,0.40363189578056335,0.40363189578056335,0.0,364.99017333984375,0.37280383706092834,0.41137540340423584,0.005303275305777788,0.09407325088977814,118.24739074707031,0.41416436433792114,17.38048553466797,0.474530428647995,0.7728606462478638
2018,2,32.162425714252294,107.42336962666768,7115.983,710.0,12.01449203491211,98.75013732910156,27.213136672973633,30.38115882873535,1.2518707513809204,6.403883934020996,41.614036560058594,0.26303592324256897,0.3028219938278198,0.0,338.8243713378906,0.5245792865753174,0.5245792865753174,0.11588530987501144,0.15013912320137024,44.331642150878906,0.38777607679367065,10.588261604309082,0.27161458134651184,0.48997294902801514,0.20362761616706848,0.22073975205421448,43.256805419921875,266.61328125,0.4783361852169037,0.48263952136039734,0.1355883628129959,0.09976135194301605,67.5680160522461,0.36436793208122253,3.1458656787872314,0.22970370948314667,0.42604950070381165,0.20562541484832764,0.22909118235111237,0.013593118637800217,284.6920471191406,0.4825937747955322,0.4825937747955322,0.18843477964401245,0.112933449447155,62.491188049316406,0.3780566155910492,7.299447536468506,0.2664448916912079,0.49661076068878174,0.31962940096855164,0.31962940096855164,0.0,242.40118408203125,0.6861348748207092,0.6861348748207092,0.40171298384666443,0.2543461322784424,55.07869338989258,0.380243182182312,14.258893966674805,0.430949330329895,0.74338698387146,0.5083431005477905,0.5083431005477905,0.0,362.0231018066406,0.7635290622711182,0.7635290622711182,0.6299261450767517,0.2536446452140808,79.09760284423828,0.3838396370410919,17.239194869995117,0.5102856159210205,0.9897962212562561
2018,2,29.831296865531858,104.14227388952112,7121.1733,413.0,2.137326955795288,270.0,25.55624008178711,31.825057983398438,1.2668282985687256,7.195908546447754,36.48981475830078,0.2852616012096405,0.293384850025177,0.0,462.0314025878906,0.44513100385665894,0.44513100385665894,0.11120115220546722,0.12233027815818787,33.96355438232422,0.36372995376586914,14.438481330871582,0.3959280550479889,0.7197097539901733,0.20998765528202057,0.24437350034713745,0.0,515.1633911132812,0.5879114866256714,0.5879114866256714,0.20257651805877686,0.2232663631439209,58.082542419433594,0.32603466510772705,7.255822658538818,0.30684638023376465,0.5613343715667725,0.22807785868644714,0.2335992306470871,0.0,445.227783203125,0.6622940897941589,0.6891326904296875,0.32537028193473816,0.2065623700618744,31.569337844848633,0.3010937571525574,11.416096687316895,0.46565505862236023,0.8541244864463806,0.29177919030189514,0.29177919030189514,0.0,295.1042175292969,0.6934711933135986,0.6934711933135986,0.4347389340400696,0.23108823597431183,55.202117919921875,0.3318847119808197,17.359071731567383,0.6086344122886658,1.053429365158081,0.3676128089427948,0.3676128089427948,0.0,431.8002624511719,0.5969034433364868,0.5969034433364868,0.30677124857902527,0.1836443692445755,77.5867919921875,0.3523819148540497,20.56191635131836,0.7542756795883179,1.119579553604126
2018,2,29.467211264518,103.57391241014784,7180.416,395.0,2.9767518043518066,339.0500793457031,29.32314682006836,28.164352416992188,1.2044397592544556,5.925424575805664,37.29212951660156,0.2858647108078003,0.2951276898384094,0.0,431.6673278808594,0.6165676116943359,0.6319940090179443,0.4599592983722687,0.1194508746266365,53.9287223815918,0.40834328532218933,13.489603996276855,0.3128517270088196,0.49070999026298523,0.21454448997974396,0.26009896397590637,0.4482216536998749,459.3677978515625,0.6814911365509033,0.6878536939620972,0.3692125082015991,0.22378017008304596,94.02278137207031,0.38384324312210083,6.463655948638916,0.25252673029899597,0.43643999099731445,0.22332380712032318,0.2312311828136444,0.0,408.58758544921875,0.5748069286346436,0.6457149982452393,0.41261398792266846,0.20868556201457977,49.026336669921875,0.3659060299396515,10.476604461669922,0.3760755658149719,0.611802339553833,0.2849201261997223,0.2849201261997223,0.0,280.3611145019531,0.6457546949386597,0.6457546949386597,0.47262653708457947,0.2219356745481491,84.73719024658203,0.38339903950691223,16.491830825805664,0.4946613907814026,0.7793862223625183,0.3944820463657379,0.3944820463657379,0.0,406.6139831542969,0.4633464813232422,0.502414882183075,0.31677180528640747,0.12037672847509384,109.24152374267578,0.3995327055454254,19.36256980895996,0.5789505839347839,0.9157884120941162
2018,2,29.536742027244383,103.51947124538633,7195.929,437.0,0.9274099469184875,180.0,27.98855972290039,30.37394142150879,1.2162584066390991,6.0364990234375,35.86537170410156,0.2869054079055786,0.2960115075111389,0.0,431.4824523925781,0.6207319498062134,0.6355475187301636,0.46263307332992554,0.12000736594200134,55.02860641479492,0.4089026153087616,13.483826637268066,0.3114165961742401,0.47913333773612976,0.21597450971603394,0.26325809955596924,0.0,457.5159606933594,0.6012016534805298,0.6060505509376526,0.229496568441391,0.16364243626594543,93.92723083496094,0.3835446238517761,6.443886756896973,0.25306981801986694,0.433897465467453,0.22492057085037231,0.2333909124135971,0.0,408.2994689941406,0.535489022731781,0.5719684362411499,0.19152827560901642,0.13738830387592316,49.45781707763672,0.36576518416404724,10.469217300415039,0.3749697804450989,0.6022204756736755,0.28621533513069153,0.28621533513069153,0.0,280.964111328125,0.5417107343673706,0.5417107343673706,0.2263374626636505,0.1400063931941986,84.95567321777344,0.38162994384765625,16.527301788330078,0.49768778681755066,0.7717509865760803,0.39368516206741333,0.39368516206741333,0.0,406.83740234375,0.5319584012031555,0.5840533971786499,0.2294366955757141,0.10422244668006897,110.6180191040039,0.39866453409194946,19.37320899963379,0.5799042582511902,0.924734890460968
2018,2,29.529464774325152,103.53671904826106,7195.929,431.0,2.130934715270996,90.0,28.180835723876953,30.119218826293945,1.1799999475479126,6.0,34.732810974121094,0.28676578402519226,0.29580599069595337,0.0,432.56024169921875,0.6195849180221558,0.6342882513999939,0.4623836278915405,0.11985865235328674,54.466835021972656,0.4082379937171936,13.517507553100586,0.3133082985877991,0.4848979711532593,0.21570910513401031,0.26257938146591187,0.0,459.8974914550781,0.6028128266334534,0.6212354302406311,0.24366004765033722,0.1325337439775467,93.3804931640625,0.3828565180301666,6.477429389953613,0.25412487983703613,0.4365518093109131,0.22466883063316345,0.23302702605724335,0.0,409.620361328125,0.6397162079811096,0.6938858032226562,0.29964134097099304,0.19292502105236053,49.0212287902832,0.36487486958503723,10.50308609008789,0.3769504725933075,0.6075535416603088,0.2859175205230713,0.2859175205230713,0.0,281.3772888183594,0.480048269033432,0.480048269033432,0.19035963714122772,0.11288189142942429,84.69154357910156,0.3813144564628601,16.551605224609375,0.49915453791618347,0.7765036225318909,0.39340272545814514,0.39340272545814514,0.0,407.53802490234375,0.5081754922866821,0.5180067420005798,0.13928402960300446,0.12082982808351517,109.99242401123047,0.3982928991317749,19.406572341918945,0.5825641751289368,0.9263754487037659
2018,2,30.443321862420458,103.52378319610501,7230.2515,503.0,1.0756860971450806,90.0,20.95387077331543,28.23219871520996,1.2000000476837158,6.599999904632568,38.94385528564453,0.29024916887283325,0.3067408800125122,0.0,415.8173522949219,0.5885434150695801,0.6188837289810181,0.4266889989376068,0.11702889204025269,51.44810485839844,0.3690822422504425,12.994292259216309,0.33250313997268677,0.5249313712120056,0.2079870104789734,0.25623491406440735,0.0,409.7087097167969,0.6175057291984558,0.6735647916793823,0.2761111557483673,0.157162606716156,58.78800582885742,0.32421353459358215,5.77054500579834,0.279807984828949,0.5053194761276245,0.2489122599363327,0.26120519638061523,0.0,389.3031005859375,0.7553067207336426,0.7789266109466553,0.4460414946079254,0.240234375,45.718101501464844,0.30310729146003723,9.982131004333496,0.4071398973464966,0.702669620513916,0.3171665072441101,0.3171665072441101,0.0,278.6100769042969,0.5103339552879333,0.5103339552879333,0.39848050475120544,0.1234644427895546,47.994285583496094,0.3138851225376129,16.38882827758789,0.5859096050262451,0.8929495811462402,0.3559376001358032,0.3559376001358032,0.0,405.9697570800781,0.5277115702629089,0.5277115702629089,0.3922009766101837,0.1471826732158661,85.61953735351562,0.3388875424861908,19.331893920898438,0.7112764716148376,1.1169313192367554
2018,2,30.55058107916005,103.62565581877205,7234.3594,510.0,0.0,-0.0,20.4090633392334,22.51348114013672,1.2179553508758545,6.800000190734863,46.61953353881836,0.28597408533096313,0.30106645822525024,0.3266163170337677,410.0315246582031,0.5812631845474243,0.6108376979827881,0.4214836359024048,0.11544311791658401,50.809478759765625,0.3643764555454254,12.803278923034668,0.3381548225879669,0.5531435012817383,0.20790886878967285,0.25301867723464966,7.5531535148620605,400.7860412597656,0.5456169247627258,0.5811429023742676,0.17677074670791626,0.13176143169403076,56.526336669921875,0.31851983070373535,5.538491249084473,0.28125,0.5110263228416443,0.2448868453502655,0.2558857202529907,2.061798095703125,381.8675842285156,0.7295219898223877,0.7909167408943176,0.42219531536102295,0.24854668974876404,44.35920715332031,0.29806357622146606,9.73861026763916,0.41042613983154297,0.7294661402702332,0.31311872601509094,0.31311872601509094,0.0,274.3299255371094,0.768317461013794,0.768317461013794,0.4454161524772644,0.28417348861694336,44.55047607421875,0.3101017475128174,16.137054443359375,0.5909897685050964,0.9362316131591797,0.3544239103794098,0.3544239103794098,0.0,402.035400390625,0.6769681572914124,0.6769681572914124,0.35167673230171204,0.20290590822696686,83.02007293701172,0.3348335325717926,19.144542694091797,0.7209848165512085,1.1306477785110474
2018,2,31.04941625490799,105.38410677829947,7257.019,470.0,13.760270118713379,121.92583465576172,27.077905654907227,23.581480026245117,1.2692447900772095,7.520138740539551,31.7239990234375,0.2758333086967468,0.28497329354286194,0.0,464.8793029785156,0.383605033159256,0.3842022120952606,0.040576957166194916,0.0719999447464943,29.8626708984375,0.3466964066028595,14.527478218078613,0.44612962007522583,0.959610641002655,0.2223694920539856,0.2543456554412842,0.0,514.5347900390625,0.5805529356002808,0.7431244850158691,0.27412620186805725,0.18889474868774414,38.69978713989258,0.29617804288864136,7.246969223022461,0.34574753046035767,0.676132082939148,0.23845061659812927,0.24222758412361145,0.0,441.8545227050781,0.4813098609447479,0.491705983877182,0.3284461796283722,0.08945649117231369,18.584630966186523,0.26732340455055237,11.32960319519043,0.48475003242492676,0.8853557109832764,0.3163865804672241,0.3163865804672241,0.0,294.6150817871094,0.6684197783470154,0.6684197783470154,0.453258752822876,0.23316237330436707,31.463890075683594,0.31075847148895264,17.330299377441406,0.6415451169013977,1.1582367420196533,0.3969879150390625,0.3969879150390625,0.0,437.9748229980469,0.651550829410553,0.651550829410553,0.4294902980327606,0.23916637897491455,71.92280578613281,0.32021647691726685,20.85594367980957,0.8375728130340576,1.4391531944274902
2018,2,29.764735864107067,103.22707015290767,7269.993,517.0,1.4145735502243042,310.9602355957031,21.480825424194336,33.40766143798828,1.1357725858688354,6.0,37.97563171386719,0.2671717703342438,0.28128495812416077,0.7406240701675415,370.1470642089844,0.6013723015785217,0.6276870965957642,0.43173733353614807,0.11255159229040146,62.916831970214844,0.4064207375049591,11.543951034545898,0.27166637778282166,0.43980708718299866,0.2079942375421524,0.2544807493686676,30.06792640686035,344.63153076171875,0.44939374923706055,0.6041296720504761,0.10984437167644501,0.10507640242576599,91.5364761352539,0.38038620352745056,4.430473327636719,0.22028611600399017,0.39664584398269653,0.22114738821983337,0.23070503771305084,8.40120792388916,334.9964599609375,0.5810161232948303,0.6420954465866089,0.31920722126960754,0.15165068209171295,57.141319274902344,0.36795559525489807,8.374237060546875,0.323308527469635,0.5682550668716431,0.28603819012641907,0.28603819012641907,0.0,247.5618896484375,0.5393573641777039,0.5393573641777039,0.4036094546318054,0.11705990880727768,81.42296600341797,0.3810628056526184,14.562464714050293,0.44927847385406494,0.7303769588470459,0.3790856599807739,0.3790856599807739,0.0,365.18389892578125,0.5834498405456543,0.5834498405456543,0.43920981884002686,0.16855698823928833,112.92540740966797,0.39590221643447876,17.38970947265625,0.5193175077438354,0.8391492962837219
2018,2,29.950684837136816,103.84394219264136,7271.3154,404.0,2.1406869888305664,330.01226806640625,31.274581909179688,29.53076934814453,1.221471905708313,6.74510383605957,44.21064758300781,0.2872878611087799,0.2973666787147522,0.0,443.11126708984375,0.4569225013256073,0.4569225013256073,0.1782754361629486,0.11058928817510605,43.33736801147461,0.374630331993103,13.847227096557617,0.36208441853523254,0.6182578802108765,0.21230168640613556,0.2534509599208832,0.0,473.9334716796875,0.5293002128601074,0.618426501750946,0.25286051630973816,0.09521090984344482,66.30029296875,0.33734437823295593,6.675119400024414,0.28856953978538513,0.5181923508644104,0.23295797407627106,0.24074038863182068,0.0,422.2139587402344,0.4941892921924591,0.5670037269592285,0.20468522608280182,0.10186637938022614,39.117427825927734,0.31533095240592957,10.825998306274414,0.43125051259994507,0.7616015672683716,0.29746508598327637,0.29746508598327637,0.0,287.7738037109375,0.6691410541534424,0.6691410541534424,0.2873336374759674,0.19208742678165436,59.35865783691406,0.33693793416023254,16.92786979675293,0.5815310478210449,0.9603485465049744,0.3707621991634369,0.3707621991634369,0.0,419.60528564453125,0.4824967086315155,0.6248356699943542,0.19309869408607483,0.14404840767383575,87.25614929199219,0.3581879436969757,19.981204986572266,0.7078784108161926,1.084930658340454
2018,2,29.62082283670816,103.53537239974293,7295.19,405.0,4.2598185539245605,270.0,26.46319007873535,29.953304290771484,1.2084295749664307,6.000970840454102,36.594661712646484,0.2871219515800476,0.29688915610313416,0.0,430.8914794921875,0.49928319454193115,0.516739010810852,0.16616255044937134,0.11830231547355652,54.17449951171875,0.4043446183204651,13.46535873413086,0.31524109840393066,0.4889106750488281,0.2149864286184311,0.2620035409927368,0.0,454.88140869140625,0.428314745426178,0.5041543841362,0.18050412833690643,0.0893840566277504,89.95549011230469,0.3770182430744171,6.40678071975708,0.2566852569580078,0.44334903359413147,0.22707834839820862,0.23582296073436737,0.0,407.59173583984375,0.45573925971984863,0.4748828709125519,0.1729128360748291,0.09601040929555893,48.69306564331055,0.3587372303009033,10.451070785522461,0.37996000051498413,0.6170347929000854,0.2890262007713318,0.2890262007713318,0.0,281.10357666015625,0.43319079279899597,0.4348872900009155,0.2030269205570221,0.08971238136291504,81.03841400146484,0.37459415197372437,16.535503387451172,0.5078441500663757,0.7883350849151611,0.38970044255256653,0.38970044255256653,0.0,407.38079833984375,0.4808386564254761,0.5089502334594727,0.21394456923007965,0.11549635976552963,107.5858154296875,0.3923781216144562,19.399085998535156,0.5954095125198364,0.9455181956291199
2018,2,29.61678289115374,103.53025335173358,7295.19,409.0,1.0667568445205688,90.0,25.327714920043945,31.197959899902344,1.1877566576004028,6.099999904632568,41.64949417114258,0.28713685274124146,0.2968813180923462,0.0,430.6766357421875,0.2181592434644699,0.21991202235221863,0.09457665681838989,0.09073705226182938,54.361289978027344,0.4048044681549072,13.45864486694336,0.3145294487476349,0.4868828058242798,0.21509721875190735,0.2622261643409729,0.0,454.50140380859375,0.5019047260284424,0.6099610328674316,0.18302130699157715,0.12759184837341309,90.34278869628906,0.3776170313358307,6.40142822265625,0.25619274377822876,0.442108690738678,0.22699537873268127,0.23575028777122498,0.0,407.3287353515625,0.5211522579193115,0.5919132232666016,0.1994643211364746,0.13269443809986115,48.847198486328125,0.3594127893447876,10.444326400756836,0.3791563808917999,0.6147785782814026,0.28890982270240784,0.28890982270240784,0.0,280.99578857421875,0.6078135371208191,0.6150985956192017,0.28125953674316406,0.1810409426689148,81.36245727539062,0.37514162063598633,16.529163360595703,0.5067980885505676,0.7860094308853149,0.3900226652622223,0.3900226652622223,0.0,407.17913818359375,0.49026691913604736,0.5660614371299744,0.1301697939634323,0.13428719341754913,107.92864227294922,0.392886221408844,19.389482498168945,0.5937321186065674,0.943674623966217
2018,2,32.00827459083466,105.50402984203085,7310.9214,622.0,5.717260360717773,229.70294189453125,20.904939651489258,29.0838565826416,1.258501648902893,6.9404449462890625,33.08190155029297,0.26304152607917786,0.28958559036254883,0.0,349.1150207519531,0.5204554796218872,0.5204554796218872,0.17673943936824799,0.0974484533071518,41.618003845214844,0.377806693315506,10.909844398498535,0.33057641983032227,0.6887357234954834,0.2000095099210739,0.2341437041759491,37.33069610595703,287.3271179199219,0.42782917618751526,0.4292978048324585,0.1549384891986847,0.09137256443500519,41.0400390625,0.33276915550231934,3.5210764408111572,0.2785162329673767,0.6064460873603821,0.21631267666816711,0.22825287282466888,10.648667335510254,309.33795166015625,0.5000582933425903,0.5986822247505188,0.28607454895973206,0.10847346484661102,19.27895736694336,0.31137436628341675,7.6586995124816895,0.3770977854728699,0.7307183146476746,0.3075646162033081,0.3075646162033081,0.0,243.7628631591797,0.7015254497528076,0.7015254497528076,0.39226439595222473,0.20487482845783234,24.231138229370117,0.33503180742263794,14.33899211883545,0.544082760810852,0.959643542766571,0.4717958867549896,0.4717958867549896,0.0,367.7776184082031,0.744202196598053,0.744202196598053,0.3928561508655548,0.22011573612689972,60.77095031738281,0.33266061544418335,17.513219833374023,0.6747028827667236,1.243472933769226
2018,2,30.471347312541376,103.43215758765882,7389.5107,526.0,0.9274099469184875,180.0,23.310117721557617,28.26482582092285,1.2101482152938843,6.599999904632568,37.68890380859375,0.2830018699169159,0.2995803654193878,0.6297065019607544,395.56964111328125,0.5820648074150085,0.6138041019439697,0.41717061400413513,0.11458202451467514,53.584442138671875,0.370779812335968,12.341872215270996,0.31640180945396423,0.49987003207206726,0.20379848778247833,0.2505222260951996,12.46825122833252,378.50640869140625,0.5928030014038086,0.6011728048324585,0.2531888484954834,0.14555470645427704,60.015480041503906,0.3272444009780884,5.1554670333862305,0.2683916389942169,0.4892670512199402,0.2432931661605835,0.255388468503952,3.999356746673584,364.8721008300781,0.7118717432022095,0.7603573799133301,0.3907143175601959,0.2118973284959793,48.007789611816406,0.3080560564994812,9.25314712524414,0.38817185163497925,0.6761605143547058,0.30982711911201477,0.30982711911201477,0.0,266.03717041015625,0.5028178095817566,0.5028178095817566,0.40197238326072693,0.12273183465003967,49.48653793334961,0.31865400075912476,15.649246215820312,0.5599914789199829,0.8565862774848938,0.3480833172798157,0.3480833172798157,0.0,390.3433837890625,0.5216602683067322,0.5216602683067322,0.395626038312912,0.1458669751882553,88.31446838378906,0.342521995306015,18.587779998779297,0.6769339442253113,1.0683143138885498
2018,2,29.965506889038462,103.52378319610501,7495.1323,556.0,1.416196584701538,310.9032287597656,18.137603759765625,30.961036682128906,1.2361916303634644,6.142504692077637,43.6531867980957,0.28847208619117737,0.30107012391090393,0.0,424.1989440917969,0.605324387550354,0.6274837255477905,0.4455631375312805,0.11857614666223526,53.257652282714844,0.38994041085243225,13.256217002868652,0.32166069746017456,0.5016002058982849,0.2121540606021881,0.2598404884338379,0.0,435.1683654785156,0.42180564999580383,0.5058132410049438,0.09303998202085495,0.09079886972904205,77.19955444335938,0.3553311824798584,6.12913179397583,0.2658825218677521,0.46810004115104675,0.23625946044921875,0.24652689695358276,0.0,399.4688720703125,0.5501482486724854,0.6051207780838013,0.16363397240638733,0.12803767621517181,47.627769470214844,0.3359483778476715,10.242792129516602,0.3904789984226227,0.650534987449646,0.30084696412086487,0.30084696412086487,0.0,279.9026794433594,0.6107129454612732,0.6107129454612732,0.17234265804290771,0.15608426928520203,67.4012451171875,0.3494773209095001,16.464862823486328,0.5396984219551086,0.829827070236206,0.37575599551200867,0.37575599551200867,0.0,406.5182800292969,0.613325834274292,0.633186936378479,0.22342835366725922,0.19401736557483673,98.68668365478516,0.3702813684940338,19.358013153076172,0.6425248980522156,1.0160537958145142
2018,2,30.29348268972153,103.47177224141761,7577.1865,559.0,10.151225090026855,186.01028442382812,17.500308990478516,36.601619720458984,1.190000057220459,6.5343828201293945,44.06691360473633,0.2868839502334595,0.3023848831653595,0.21596483886241913,409.8271179199219,0.5923653244972229,0.6209062337875366,0.4294300079345703,0.11663259565830231,53.40419006347656,0.37743908166885376,12.800348281860352,0.32061514258384705,0.5021458864212036,0.2077064961194992,0.25555339455604553,4.678258895874023,403.880126953125,0.45628881454467773,0.5181405544281006,0.08515733480453491,0.09801676124334335,65.88550567626953,0.3366367518901825,5.622561931610107,0.26946866512298584,0.4842759668827057,0.24290597438812256,0.25461718440055847,1.4681504964828491,382.12969970703125,0.4900607764720917,0.551399827003479,0.10286236554384232,0.10985374450683594,47.71058654785156,0.3169441521167755,9.760552406311035,0.39210647344589233,0.6700453758239746,0.3094579875469208,0.3094579875469208,0.0,273.85430908203125,0.5137456059455872,0.5137456059455872,0.4002598822116852,0.12163851410150528,55.417137145996094,0.32820844650268555,16.10907745361328,0.5584204196929932,0.8514115810394287,0.3600323796272278,0.3600323796272278,0.0,399.5409240722656,0.5377108454704285,0.5377108454704285,0.40163546800613403,0.1513707935810089,91.48973846435547,0.35131192207336426,19.025758743286133,0.6720266342163086,1.0608279705047607
2018,2,29.749102255813693,103.22437685587138,7579.7705,524.0,0.0,-0.0,22.214149475097656,32.771419525146484,1.1539407968521118,5.895842552185059,36.398193359375,0.2671099007129669,0.28123486042022705,0.70795077085495,370.2544860839844,0.6020780205726624,0.6283243298530579,0.4323904812335968,0.11259549111127853,63.097633361816406,0.4071434736251831,11.54832935333252,0.27115964889526367,0.4392164945602417,0.20825433731079102,0.25485244393348694,29.917245864868164,344.7035827636719,0.4391429126262665,0.4391429126262665,0.039005178958177567,0.07666341960430145,92.16862487792969,0.38141924142837524,4.433610439300537,0.2195519506931305,0.39510321617126465,0.22101257741451263,0.23055310547351837,8.312813758850098,335.15411376953125,0.5274187326431274,0.5872303247451782,0.1243521198630333,0.11912792176008224,57.30488204956055,0.36906570196151733,8.380546569824219,0.32244041562080383,0.5667839050292969,0.2860172390937805,0.2860172390937805,0.0,247.63003540039062,0.54062420129776,0.54062420129776,0.40348222851753235,0.11701511591672897,82.03702545166016,0.38219231367111206,14.566472053527832,0.44784367084503174,0.728820264339447,0.38016438484191895,0.38016438484191895,0.0,365.20574951171875,0.5851173400878906,0.5851173400878906,0.440014511346817,0.16910070180892944,113.35228729248047,0.3968775272369385,17.390750885009766,0.5171931385993958,0.836014986038208
2018,2,29.38609575725477,103.95955776475513,7580.7993,455.0,10.679511070251465,99.88546752929688,27.164226531982422,32.156158447265625,1.2396717071533203,6.392305374145508,33.78464889526367,0.2822232246398926,0.29266002774238586,0.0,448.11505126953125,0.5857650637626648,0.604607880115509,0.44297629594802856,0.11562865227460861,42.18937301635742,0.3883031904697418,14.003595352172852,0.3496015667915344,0.6062390804290771,0.20594120025634766,0.24241000413894653,0.9114352464675903,495.72119140625,0.4259549677371979,0.4259549677371979,0.19114695489406586,0.07483217120170593,78.55058288574219,0.3614194095134735,6.969151496887207,0.27396032214164734,0.49523958563804626,0.2211686372756958,0.22713910043239594,0.0,429.0146789550781,0.4072863757610321,0.4184269607067108,0.09349320083856583,0.06616763025522232,40.381011962890625,0.3389512300491333,11.000375747680664,0.4163183271884918,0.7315399646759033,0.28434136509895325,0.28434136509895325,0.0,286.63018798828125,0.6826085448265076,0.6826085448265076,0.273426353931427,0.17545932531356812,72.54680633544922,0.36712005734443665,16.860599517822266,0.5307781100273132,0.8887202739715576,0.38539719581604004,0.38539719581604004,0.0,418.6690368652344,0.6297555565834045,0.6297555565834045,0.19879397749900818,0.17562781274318695,90.98114013671875,0.3821394443511963,19.936620712280273,0.6465104222297668,0.9656999707221985
2018,2,32.348379146383095,107.45139953588964,7596.2236,795.0,14.75368595123291,149.3808135986328,29.40416145324707,27.619447708129883,1.2424792051315308,6.464235782623291,37.192501068115234,0.2581954598426819,0.30210167169570923,0.0,312.9864501953125,0.5741046667098999,0.6431324481964111,0.4168962240219116,0.11119155585765839,45.42545700073242,0.38742706179618835,9.780826568603516,0.24886645376682281,0.4616253077983856,0.19979053735733032,0.22005361318588257,55.45182800292969,215.1747589111328,0.44808629155158997,0.4578345715999603,-0.011705508455634117,0.09545743465423584,64.95065307617188,0.361326664686203,2.2496187686920166,0.21952611207962036,0.40784409642219543,0.19889597594738007,0.2237481325864792,0.01105575356632471,259.7798767089844,0.3446888327598572,0.4086945354938507,-0.02696383185684681,0.06912205368280411,59.850006103515625,0.3756071627140045,6.660738945007324,0.26208674907684326,0.5032482147216797,0.3173699975013733,0.3173699975013733,0.0,232.86358642578125,0.44266873598098755,0.44266873598098755,0.06330186128616333,0.12226550281047821,50.98815155029297,0.37863999605178833,13.697857856750488,0.41609975695610046,0.7092148065567017,0.5228654146194458,0.5228654146194458,0.0,349.1000061035156,0.7750751972198486,0.7750751972198486,0.636457085609436,0.26361924409866333,72.16414642333984,0.37943267822265625,16.623809814453125,0.4959481358528137,0.9551135897636414
2018,2,29.898673882449422,103.49872304818464,7608.6997,493.0,7.869333267211914,234.1548309326172,18.695636749267578,32.949012756347656,1.190000057220459,6.124335765838623,36.28239440917969,0.2882010042667389,0.30042144656181335,0.0055458336137235165,423.6966247558594,0.6089580059051514,0.6302192211151123,0.44844385981559753,0.11888991296291351,54.296939849853516,0.3940925598144531,13.24034595489502,0.3169258236885071,0.4894477128982544,0.212753027677536,0.2608380615711212,0.17391341924667358,435.4172058105469,0.4619448781013489,0.5428586006164551,0.1537739485502243,0.09243586659431458,80.68864440917969,0.36116644740104675,6.130187034606934,0.2620229125022888,0.45875346660614014,0.23462024331092834,0.24477270245552063,0.050609998404979706,398.8746032714844,0.43319228291511536,0.48903149366378784,0.12360004335641861,0.08798304200172424,48.569435119628906,0.3422699272632599,10.226256370544434,0.38479167222976685,0.6346055269241333,0.29869115352630615,0.29869115352630615,0.0,279.32861328125,0.5369608402252197,0.5432088971138,0.1864784061908722,0.12687963247299194,70.80055236816406,0.35557326674461365,16.431095123291016,0.5296834707260132,0.8110740184783936,0.3789413869380951,0.3789413869380951,0.0,405.40496826171875,0.5381477475166321,0.5496727228164673,0.18160521984100342,0.1295490562915802,101.46460723876953,0.3757289946079254,19.30499839782715,0.627406120300293,0.9960143566131592
2018,2,30.139331566303895,102.88292565180483,7635.8813,775.0,3.704791784286499,180.0,24.292552947998047,26.55158233642578,1.2136577367782593,5.905101776123047,42.17228317260742,0.23185129463672638,0.24682499468326569,3.8188183307647705,271.96636962890625,0.5580206513404846,0.593131422996521,0.3756563663482666,0.09957300126552582,69.60468292236328,0.39965301752090454,8.379611015319824,0.21244840323925018,0.3713996410369873,0.18765172362327576,0.22504308819770813,91.96561431884766,189.34059143066406,0.42061394453048706,0.4577120542526245,0.08828023821115494,0.0837395116686821,85.88715362548828,0.37417685985565186,1.3714784383773804,0.17806276679039001,0.349947452545166,0.19813717901706696,0.20655888319015503,28.17909049987793,216.35726928710938,0.39583319425582886,0.4368339478969574,0.062062717974185944,0.08321652561426163,64.6807861328125,0.3701113164424896,4.8250813484191895,0.2514672875404358,0.5033846497535706,0.2566625773906708,0.2566625773906708,0.0,187.35455322265625,0.49609920382499695,0.49609920382499695,0.4176304340362549,0.11575080454349518,76.72124481201172,0.38303905725479126,11.020855903625488,0.36009401082992554,0.6402126550674438,0.33089473843574524,0.33089473843574524,0.0,291.8855285644531,0.5376901030540466,0.5376901030540466,0.4428282082080841,0.15587842464447021,116.88431549072266,0.39464253187179565,13.899311065673828,0.40661507844924927,0.6784185767173767
2018,2,32.07699825627037,105.31322936705494,7694.138,816.0,20.01351547241211,167.8892822265625,27.87544822692871,22.045995712280273,1.2300000190734863,6.620244026184082,35.2754020690918,0.2628936171531677,0.28829705715179443,3.5207645893096924,315.4453430175781,0.5305752158164978,0.5305752158164978,0.07665371894836426,0.146398663520813,46.516326904296875,0.3813022971153259,9.74764347076416,0.2980158030986786,0.6024045944213867,0.19776587188243866,0.2303081899881363,81.296875,241.3960418701172,0.5513854622840881,0.5919632315635681,0.17298665642738342,0.14500677585601807,43.262088775634766,0.3389137089252472,2.254918098449707,0.2535313367843628,0.5396537780761719,0.209884911775589,0.2223905473947525,22.355403900146484,271.7821960449219,0.5370249152183533,0.5846304893493652,0.19995030760765076,0.146042600274086,23.419485092163086,0.3211034834384918,6.395558834075928,0.3461082875728607,0.6772734522819519,0.29852911829948425,0.29852911829948425,0.0,224.28582763671875,0.6670684814453125,0.6670684814453125,0.30325791239738464,0.19805766642093658,26.166622161865234,0.33911681175231934,13.193284034729004,0.5132356286048889,0.9084646701812744,0.4693704843521118,0.4693704843521118,0.0,343.56304931640625,0.6483612656593323,0.6483612656593323,0.2722451686859131,0.19460052251815796,63.0298957824707,0.3377392590045929,16.360145568847656,0.6263415217399597,1.1530206203460693
2018,2,32.390419551114974,105.74657818473199,7707.1733,469.0,1.4372938871383667,130.17828369140625,24.860736846923828,27.235584259033203,1.309999942779541,6.800000190734863,33.1224250793457,0.264991819858551,0.29830461740493774,0.0,275.9230651855469,0.5646394491195679,0.5830554366111755,0.3009069263935089,0.1462445706129074,49.153526306152344,0.394039124250412,8.62259578704834,0.2427465319633484,0.4495825469493866,0.19106104969978333,0.22680138051509857,63.38584518432617,147.32684326171875,0.5817552208900452,0.737076461315155,0.39901959896087646,0.20208148658275604,48.92797088623047,0.357814222574234,1.182267665863037,0.22046998143196106,0.4780082404613495,0.1969434767961502,0.21429480612277985,14.176284790039062,226.21095275878906,0.6364873051643372,0.7499814629554749,0.4693668484687805,0.22265824675559998,27.586334228515625,0.34947314858436584,5.436786651611328,0.29233309626579285,0.5640308856964111,0.29180920124053955,0.29180920124053955,0.0,211.22201538085938,0.7097030878067017,0.7165295481681824,0.5450334548950195,0.2643391788005829,31.711030960083008,0.3584793508052826,12.424824714660645,0.446206271648407,0.7702892422676086,0.4997884929180145,0.4997884929180145,0.0,321.8626403808594,0.6619536876678467,0.7034234404563904,0.5176383256912231,0.23471328616142273,61.66160583496094,0.3539271056652069,15.32679271697998,0.5229768753051758,1.0300432443618774
2018,2,29.66097704169444,103.54049144775227,7753.654,403.0,0.0,-0.0,26.292749404907227,33.399139404296875,1.2000000476837158,6.006406307220459,40.14320373535156,0.28724491596221924,0.29731613397598267,0.0,430.4823913574219,0.5948923826217651,0.6289259195327759,0.27820077538490295,0.12238560616970062,53.85655975341797,0.4023309350013733,13.452574729919434,0.31677839159965515,0.4927067458629608,0.21459224820137024,0.261544406414032,0.0,453.356201171875,0.5607680082321167,0.5867640972137451,0.23504909873008728,0.15380647778511047,88.20557403564453,0.37409767508506775,6.385298728942871,0.25822049379348755,0.44734057784080505,0.22810181975364685,0.23698371648788452,0.0,407.0959167480469,0.5869770050048828,0.6198315024375916,0.3298283517360687,0.17101840674877167,48.396034240722656,0.35561802983283997,10.438356399536133,0.3820125460624695,0.6231968402862549,0.290357381105423,0.290357381105423,0.0,281.1169128417969,0.6561832427978516,0.6576386094093323,0.4209402799606323,0.23213225603103638,79.26689910888672,0.3713876008987427,16.53628921508789,0.5123708844184875,0.7955217957496643,0.38791653513908386,0.38791653513908386,0.0,407.5423583984375,0.535331666469574,0.5869709849357605,0.22628352046012878,0.1694505661725998,106.2793197631836,0.38952794671058655,19.40677833557129,0.60223788022995,0.9549912214279175
2018,2,29.666635640931258,103.55450640236324,7761.5073,421.0,7.92222785949707,249.57492065429688,26.55626678466797,30.737024307250977,1.2080128192901611,6.0,41.4577522277832,0.28718873858451843,0.29726701974868774,0.0,431.170166015625,0.6150646805763245,0.626073956489563,0.25105491280555725,0.18268610537052155,53.37055206298828,0.4013195037841797,13.474067687988281,0.31861618161201477,0.4980114996433258,0.21436633169651031,0.26101094484329224,0.0,454.68890380859375,0.48519769310951233,0.5508795976638794,0.17700733244419098,0.11556364595890045,87.3729476928711,0.3728237450122833,6.404068946838379,0.25940901041030884,0.4502720832824707,0.22817686200141907,0.2370031774044037,0.0,407.9345703125,0.5226605534553528,0.5419853925704956,0.16786883771419525,0.09998273849487305,47.996158599853516,0.3541610836982727,10.459860801696777,0.3840225636959076,0.628777027130127,0.2904815971851349,0.2904815971851349,0.0,281.4291076660156,0.5968642234802246,0.6090081334114075,0.14100417494773865,0.12865889072418213,78.60812377929688,0.3703029751777649,16.55465316772461,0.5147258043289185,0.8013030290603638,0.38728460669517517,0.38728460669517517,0.0,408.1015625,0.5452160835266113,0.7028400897979736,0.16646866500377655,0.13170982897281647,105.50594329833984,0.3885057270526886,19.433408737182617,0.6060444712638855,0.9589601755142212
2018,2,29.67041249952353,104.83568639883723,7775.4526,427.0,2.1339094638824463,90.0,30.588581085205078,28.16104507446289,1.2910313606262207,6.875049591064453,33.496768951416016,0.28197482228279114,0.28949224948883057,0.0,485.30902099609375,0.5450752377510071,0.559274435043335,0.43262848258018494,0.1113637387752533,21.552173614501953,0.3491160571575165,15.16590690612793,0.43044641613960266,0.8531142473220825,0.20230549573898315,0.22773806750774384,0.0,569.908203125,0.5081230998039246,0.5278178453445435,0.21818198263645172,0.12334489822387695,43.935943603515625,0.31262338161468506,8.026876449584961,0.3229251503944397,0.596990168094635,0.22326824069023132,0.2267589420080185,0.0,473.7067565917969,0.30723053216934204,0.30723053216934204,0.2834097743034363,0.061406463384628296,22.156349182128906,0.2824512720108032,12.146327018737793,0.4958209991455078,0.932334303855896,0.2859938442707062,0.2859938442707062,0.0,301.6292419433594,0.45178452134132385,0.45178452134132385,0.34757715463638306,0.09780505299568176,55.88890075683594,0.332088440656662,17.742895126342773,0.6065638661384583,1.0983973741531372,0.36022013425827026,0.36022013425827026,0.0,445.7078857421875,0.5668618679046631,0.5668618679046631,0.2881998121738434,0.16581383347511292,64.82262420654297,0.3453677296638489,21.224184036254883,0.7802532315254211,1.15159010887146
2018,2,29.631604943055386,103.48066368891818,7785.537,429.0,3.3290152549743652,106.158447265625,23.37245750427246,29.38263511657715,1.1988035440444946,5.94285249710083,39.11989212036133,0.28601354360580444,0.296226441860199,0.028747765347361565,424.95941162109375,0.43629777431488037,0.461549311876297,0.10117592662572861,0.11073089390993118,55.91625213623047,0.40626636147499084,13.279083251953125,0.3083437383174896,0.47409340739250183,0.2150740623474121,0.2628856897354126,1.87378990650177,443.3164367675781,0.573316216468811,0.5809877514839172,0.2574721574783325,0.15792250633239746,91.51087951660156,0.37931469082832336,6.217502117156982,0.25176918506622314,0.43426084518432617,0.22705119848251343,0.23606137931346893,0.4957279860973358,400.4684753417969,0.6085506081581116,0.6507928371429443,0.31982600688934326,0.1791190803050995,50.187984466552734,0.36182263493537903,10.255711555480957,0.3718491494655609,0.6024605631828308,0.2893272936344147,0.2893272936344147,0.0,278.1598815917969,0.7016139030456543,0.706267237663269,0.40727564692497253,0.23583842813968658,82.02249908447266,0.37647685408592224,16.36234474182129,0.49998044967651367,0.7734910845756531,0.39019954204559326,0.39019954204559326,0.0,403.2972412109375,0.42211684584617615,0.6166718602180481,0.2240258902311325,0.14498227834701538,109.38888549804688,0.39404532313346863,19.20462989807129,0.5836623311042786,0.9325802326202393
2018,2,29.92831798625274,103.83505074514082,7823.2334,400.0,2.331429958343506,113.42829132080078,34.18548583984375,26.907936096191406,1.2262039184570312,6.668762683868408,39.901302337646484,0.28718626499176025,0.29726743698120117,0.0,442.9328918457031,0.4743683636188507,0.4743683636188507,0.1871040165424347,0.11410355567932129,43.649269104003906,0.375931978225708,13.841652870178223,0.360310822725296,0.613709032535553,0.2121787667274475,0.2534313499927521,0.0,474.0204162597656,0.44243013858795166,0.4741891622543335,0.15223488211631775,0.1007407158613205,67.27947998046875,0.33919185400009155,6.67634391784668,0.2872962951660156,0.5154695510864258,0.23254045844078064,0.24034267663955688,0.0,422.026123046875,0.3769153356552124,0.46849343180656433,0.08041553944349289,0.09151678532361984,39.441009521484375,0.3172529339790344,10.821182250976562,0.4293334186077118,0.7560852766036987,0.29688262939453125,0.29688262939453125,0.0,287.5894470214844,0.5151564478874207,0.5151564478874207,0.20018739998340607,0.1567564159631729,60.41685485839844,0.3388652205467224,16.91702651977539,0.5780115723609924,0.9523439407348633,0.3715742230415344,0.3715742230415344,0.0,419.2565002441406,0.466045618057251,0.47336116433143616,0.18321754038333893,0.1268666386604309,88.01668548583984,0.359880268573761,19.964595794677734,0.7028539180755615,1.0775320529937744
2018,2,30.31207714111439,103.69194927413363,7847.9756,466.0,1.4190444946289062,130.80364990234375,25.459861755371094,29.40877342224121,1.2111155986785889,6.700737476348877,37.486568450927734,0.28960251808166504,0.3027348518371582,0.0,428.3760681152344,0.5879664421081543,0.6126939654350281,0.432243674993515,0.11730513721704483,47.140865325927734,0.3674602210521698,13.386752128601074,0.3521021604537964,0.5818887948989868,0.21191251277923584,0.2570314109325409,0.0,437.08526611328125,0.6168040037155151,0.6699763536453247,0.31283140182495117,0.15122506022453308,59.577796936035156,0.32399067282676697,6.156130313873291,0.287944495677948,0.5181459784507751,0.24308843910694122,0.2531394958496094,0.0,404.231689453125,0.6654501557350159,0.7678693532943726,0.3730919659137726,0.1833929866552353,41.77513122558594,0.3026525378227234,10.364914894104004,0.4241653084754944,0.7470625638961792,0.31028619408607483,0.31028619408607483,0.0,283.31683349609375,0.7355335354804993,0.7355335354804993,0.3897414803504944,0.22975237667560577,49.57371139526367,0.31752416491508484,16.66569709777832,0.5972892642021179,0.9571523070335388,0.360805481672287,0.360805481672287,0.0,413.0850524902344,0.564588725566864,0.564588725566864,0.24876505136489868,0.1418454498052597,84.56269073486328,0.34187179803848267,19.670717239379883,0.7272404432296753,1.1329450607299805
2018,2,29.78467696401808,104.00321682316941,7895.9023,555.0,2.139798879623413,150.05355834960938,35.79220199584961,26.82813835144043,1.2553619146347046,7.278845310211182,39.48404312133789,0.2855396866798401,0.29442161321640015,0.0,454.7008056640625,0.5347926616668701,0.5407584309577942,0.14124909043312073,0.13137191534042358,38.43224334716797,0.3725896179676056,14.209400177001953,0.3770650625228882,0.6663053035736084,0.21012930572032928,0.24725115299224854,0.0,501.0987854003906,0.4127234220504761,0.42094847559928894,0.13217833638191223,0.10127659887075424,64.68927764892578,0.33717629313468933,7.057729721069336,0.29547059535980225,0.5358203649520874,0.22818928956985474,0.23460419476032257,0.0,436.43914794921875,0.44277599453926086,0.4713398516178131,0.10085904598236084,0.08966342359781265,35.4736442565918,0.3135036528110504,11.190747261047363,0.446113258600235,0.8001669645309448,0.29152655601501465,0.29152655601501465,0.0,291.80633544921875,0.6402105689048767,0.6413033604621887,0.24484783411026,0.17294172942638397,60.766998291015625,0.34116894006729126,17.16507911682129,0.5852353572845459,0.9886656403541565,0.37175366282463074,0.37175366282463074,0.0,426.1674499511719,0.6334593296051025,0.6495449542999268,0.24468155205249786,0.20436634123325348,83.85096740722656,0.36099061369895935,20.29368782043457,0.7183488607406616,1.0779757499694824
2018,2,29.51841512191472,104.18485384548048,7901.561,462.0,6.975672245025635,217.4561309814453,27.85338592529297,28.23514747619629,1.2575982809066772,6.54875373840332,32.658382415771484,0.28243473172187805,0.29128074645996094,0.0,468.39532470703125,0.5667189955711365,0.5819223523139954,0.44228416681289673,0.11332192271947861,32.30195617675781,0.37166449427604675,14.637353897094727,0.390186071395874,0.7140946388244629,0.20306041836738586,0.2346448302268982,0.0,535.349365234375,0.5225980877876282,0.5720821022987366,0.18956667184829712,0.14535224437713623,62.47940444946289,0.3397459089756012,7.540131568908691,0.30144375562667847,0.5572754740715027,0.22227147221565247,0.22758542001247406,0.0,453.6249084472656,0.4942551851272583,0.5070087313652039,0.15982381999492645,0.13171464204788208,31.56165313720703,0.31312063336372375,11.631407737731934,0.46054205298423767,0.8366546034812927,0.28381115198135376,0.28381115198135376,0.0,296.1605224609375,0.6576787233352661,0.6587877869606018,0.23027460277080536,0.21277910470962524,63.999027252197266,0.3497712314128876,17.421207427978516,0.5794609189033508,0.9880927801132202,0.3715747892856598,0.3715747892856598,0.0,433.5504455566406,0.6689696311950684,0.670733630657196,0.28916293382644653,0.2575739324092865,79.08890533447266,0.3669162094593048,20.645259857177734,0.7203567624092102,1.042595386505127
2018,2,30.17140142108028,103.73587587861111,8016.8945,443.0,0.0,-0.0,28.144054412841797,26.996610641479492,1.2104233503341675,6.825124263763428,38.37125015258789,0.28882458806037903,0.3007180988788605,0.0,433.29742431640625,0.5896233916282654,0.6118552684783936,0.4366236925125122,0.11737395077943802,46.204681396484375,0.3711751401424408,13.540544509887695,0.3542341887950897,0.5907320380210876,0.2125052511692047,0.256460964679718,0.0,449.6910705566406,0.4952658414840698,0.6708542108535767,0.21932794153690338,0.14163751900196075,63.02092361450195,0.33027976751327515,6.333677291870117,0.28705844283103943,0.5151078701019287,0.23915261030197144,0.24836991727352142,0.0,410.2205810546875,0.4163970649242401,0.5196962952613831,0.08195934444665909,0.10006294399499893,41.153839111328125,0.30891892313957214,10.518476486206055,0.42494460940361023,0.7472831010818481,0.30529072880744934,0.30529072880744934,0.0,284.7170715332031,0.7267439365386963,0.7267439365386963,0.2905835211277008,0.2944134473800659,53.92000198364258,0.3258947432041168,16.748064041137695,0.5893108248710632,0.9539983868598938,0.36532631516456604,0.36532631516456604,0.0,415.0169372558594,0.6444135904312134,0.6444135904312134,0.23921367526054382,0.2413744330406189,86.42507934570312,0.3490403890609741,19.762712478637695,0.716395914554596,1.1117690801620483
2018,2,30.00674019647969,103.30791811410771,8032.277,500.0,2.332981824874878,246.58824157714844,18.06110191345215,36.73301696777344,1.1779088973999023,6.033608436584473,35.426753997802734,0.2720179557800293,0.2860533595085144,0.9528273940086365,378.347900390625,0.5934524536132812,0.6203924417495728,0.42593762278556824,0.11311817914247513,59.13425064086914,0.39416593313217163,11.793596267700195,0.28682446479797363,0.4579467177391052,0.2056269347667694,0.2512628436088562,25.993858337402344,358.6007080078125,0.5944914221763611,0.5944914221763611,0.22675159573554993,0.14181436598300934,80.77252197265625,0.3624398410320282,4.684603691101074,0.23755958676338196,0.4289257824420929,0.2264537215232849,0.23652032017707825,7.76246976852417,344.44805908203125,0.614788830280304,0.6357652544975281,0.3644372224807739,0.20222218334674835,53.55126953125,0.3477591872215271,8.632964134216309,0.34606337547302246,0.602005660533905,0.2903294265270233,0.2903294265270233,0.0,252.7489776611328,0.522172212600708,0.522172212600708,0.4041883945465088,0.11819048970937729,70.81514739990234,0.3604349195957184,14.867587089538574,0.48468804359436035,0.7686548829078674,0.36539390683174133,0.36539390683174133,0.0,372.5589904785156,0.5590052008628845,0.5590052008628845,0.4243900775909424,0.16023413836956024,104.79756927490234,0.3783680498600006,17.740903854370117,0.5697376132011414,0.9128594398498535
2018,2,30.204010827084133,104.08109948216891,8052.5713,512.0,3.7105231285095215,119.94877624511719,25.31800651550293,25.72216796875,1.2763292789459229,7.119470596313477,40.469154357910156,0.28840312361717224,0.29637661576271057,0.0,453.5511779785156,0.5116248726844788,0.5116248726844788,0.09929119795560837,0.12213163822889328,36.00059509277344,0.35414519906044006,14.173474311828613,0.4007384777069092,0.7215515375137329,0.21654391288757324,0.25420621037483215,0.0,489.5799255371094,0.5609176754951477,0.6665595173835754,0.12054882198572159,0.09125691652297974,52.125057220458984,0.3095596730709076,6.895491600036621,0.31265532970428467,0.5669006705284119,0.2356054037809372,0.241707444190979,0.0,434.2636413574219,0.4717150032520294,0.49415603280067444,0.08529821038246155,0.10671266913414001,31.835386276245117,0.2862810790538788,11.134964942932129,0.4704701006412506,0.8716094493865967,0.3019258975982666,0.3019258975982666,0.0,293.4432067871094,0.6449837684631348,0.6449837684631348,0.233331561088562,0.20107582211494446,44.500022888183594,0.31035202741622925,17.26136589050293,0.6412094235420227,1.1197216510772705,0.3616065979003906,0.3616065979003906,0.0,429.227294921875,0.659332811832428,0.659332811832428,0.25441813468933105,0.21426205337047577,75.20995330810547,0.334709495306015,20.439393997192383,0.7929271459579468,1.2054595947265625
2018,2,30.280814383628684,104.09700063652548,8140.4395,478.0,1.0738977193832397,270.0,21.942123413085938,31.413785934448242,1.2401949167251587,7.2111711502075195,41.06840133666992,0.28897419571876526,0.2966403663158417,0.0,453.4969787597656,0.5754134058952332,0.591974139213562,0.43360984325408936,0.116838239133358,35.55881118774414,0.35082367062568665,14.171780586242676,0.4054199755191803,0.7324668765068054,0.21806156635284424,0.25584447383880615,0.0,487.73199462890625,0.5849391222000122,0.5849391222000122,0.2942407727241516,0.1554480493068695,49.99139404296875,0.3045676052570343,6.869464874267578,0.3158907890319824,0.5723591446876526,0.23684102296829224,0.24282148480415344,0.0,434.029052734375,0.6879758834838867,0.7324045300483704,0.35418805480003357,0.20837727189064026,31.130451202392578,0.28143495321273804,11.128950119018555,0.475122332572937,0.8851827383041382,0.3036978244781494,0.3036978244781494,0.0,293.8130187988281,0.7792717218399048,0.7792717218399048,0.48384952545166016,0.2937617897987366,41.58427429199219,0.30478429794311523,17.283119201660156,0.651822030544281,1.1458351612091064,0.3600216209888458,0.3600216209888458,0.0,429.86700439453125,0.6890968680381775,0.6890968680381775,0.3820957541465759,0.23547910153865814,73.7670669555664,0.329997181892395,20.46985626220703,0.8068193197250366,1.2298452854156494
2018,2,29.71137380180048,103.45101958511489,8526.555,618.0,20.65943717956543,110.08737182617188,23.730546951293945,33.22730255126953,1.1759388446807861,5.673351287841797,48.636146545410156,0.2840541899204254,0.29528090357780457,0.10888002067804337,417.4439392089844,0.6137939095497131,0.6331225633621216,0.45229941606521606,0.11838886886835098,56.483524322509766,0.4034534692764282,13.04172134399414,0.3055041432380676,0.4732234477996826,0.21363012492656708,0.2613619863986969,5.135086536407471,428.3644104003906,0.5825039148330688,0.5825039148330688,0.12508423626422882,0.14309345185756683,88.9930191040039,0.3752214312553406,5.9609761238098145,0.24997226893901825,0.43497806787490845,0.22811132669448853,0.23747199773788452,1.4066410064697266,391.4775085449219,0.5297223329544067,0.5950208902359009,0.11022327095270157,0.12594079971313477,50.74497985839844,0.3580685257911682,10.001816749572754,0.36843448877334595,0.6055375337600708,0.2912041246891022,0.2912041246891022,0.0,274.4299011230469,0.6401129961013794,0.642544686794281,0.24028649926185608,0.20038895308971405,79.31889343261719,0.37218937277793884,16.142934799194336,0.5002866387367249,0.776716947555542,0.3862142860889435,0.3862142860889435,0.0,398.796875,0.6314117312431335,0.63213711977005,0.22593896090984344,0.19772624969482422,108.00039672851562,0.3899998962879181,18.990327835083008,0.5854721665382385,0.9351754188537598
2018,2,32.32547274427154,106.27640411280136,8545.192,616.0,15.43737506866455,200.29501342773438,24.931011199951172,27.370330810546875,1.257856845855713,6.528705596923828,37.54264831542969,0.2646605968475342,0.29682379961013794,0.0,304.4709777832031,0.41486045718193054,0.41486045718193054,0.03880688548088074,0.09425006061792374,52.02958297729492,0.3899620473384857,9.514718055725098,0.2540702521800995,0.47401565313339233,0.19258083403110504,0.2280483841896057,54.6340217590332,207.35293579101562,0.3664507269859314,0.42291098833084106,-0.03339412808418274,0.07846617698669434,60.761375427246094,0.35778316855430603,2.150970458984375,0.22898687422275543,0.4702622890472412,0.2002331018447876,0.21666541695594788,4.0570902824401855,256.8081359863281,0.27212774753570557,0.27212774753570557,-0.011944073252379894,0.06067228689789772,39.58411407470703,0.3568350672721863,6.4807963371276855,0.290667325258255,0.530880868434906,0.29448506236076355,0.29448506236076355,0.0,227.32891845703125,0.5681479573249817,0.5681479573249817,0.39078855514526367,0.12120509892702103,44.71495819091797,0.3666667640209198,13.372289657592773,0.4404895007610321,0.7677285671234131,0.4950343072414398,0.4950343072414398,0.0,341.60565185546875,0.523304283618927,0.523304283618927,0.19520734250545502,0.15104731917381287,73.79901123046875,0.36794155836105347,16.266935348510742,0.5178250670433044,1.020850419998169
2018,2,29.931818380579692,103.31950731774562,8557.596,512.0,2.8301148414611816,130.9128875732422,15.12887191772461,34.007286071777344,1.1655250787734985,5.930840015411377,37.118865966796875,0.27337944507598877,0.28708091378211975,0.769401490688324,383.5317687988281,0.5977181196212769,0.6235212683677673,0.43083909153938293,0.11388791352510452,59.23389434814453,0.3970913887023926,11.961323738098145,0.2879466116428375,0.45841550827026367,0.20725882053375244,0.2534213662147522,23.016855239868164,367.5902099609375,0.37682288885116577,0.5493707656860352,0.1006278321146965,0.09178470075130463,83.34420776367188,0.36656203866004944,4.853146076202393,0.2373482882976532,0.42594707012176514,0.22631430625915527,0.2362470179796219,6.754692554473877,350.751220703125,0.6044921278953552,0.6084418892860413,0.3940848410129547,0.19333969056606293,53.590576171875,0.35175764560699463,8.82042407989502,0.3467795252799988,0.598848283290863,0.29035335779190063,0.29035335779190063,0.0,255.6365966796875,0.5272386074066162,0.5272386074066162,0.403430700302124,0.1178029254078865,73.3813705444336,0.36466652154922485,15.037446975708008,0.4831463098526001,0.7658447623252869,0.37060976028442383,0.37060976028442383,0.0,375.9076232910156,0.5661402940750122,0.5661402940750122,0.4271395802497864,0.16263388097286224,106.24077606201172,0.3822096884250641,17.900362014770508,0.5665284991264343,0.9080158472061157
2018,2,29.583633933922414,103.42973183668573,8687.373,492.0,13.990684509277344,12.951777458190918,18.636173248291016,34.28487014770508,1.173008918762207,5.982143878936768,44.19965362548828,0.2824535369873047,0.2930966913700104,0.07267354428768158,416.22906494140625,0.36639824509620667,0.36639824509620667,0.12057401239871979,0.11180496215820312,57.71384048461914,0.4095152020454407,13.004887580871582,0.2999609410762787,0.4650728702545166,0.21479853987693787,0.26262059807777405,6.428088665008545,428.00506591796875,0.5422326326370239,0.5639393329620361,0.13399377465248108,0.06522689759731293,94.35579681396484,0.38419270515441895,5.937703609466553,0.24350537359714508,0.42129212617874146,0.22481034696102142,0.23372989892959595,1.6591358184814453,390.1205139160156,0.4758431315422058,0.5178385972976685,0.1123652458190918,0.0701461061835289,51.93661117553711,0.3679017126560211,9.960548400878906,0.36008960008621216,0.589284360408783,0.2875713109970093,0.2875713109970093,0.0,273.0740966796875,0.6428747773170471,0.6428747773170471,0.25230854749679565,0.15086790919303894,84.76959228515625,0.3825110197067261,16.063182830810547,0.48444125056266785,0.7579535245895386,0.39230209589004517,0.39230209589004517,0.0,396.7319030761719,0.6520792841911316,0.6520792841911316,0.25627464056015015,0.16786439716815948,111.97314453125,0.3989378809928894,18.891996383666992,0.5624726414680481,0.9017043113708496
2018,2,29.263742483449267,104.58154885249817,8718.166,345.0,29.35910415649414,98.27262115478516,34.736968994140625,26.797866821289062,1.2956620454788208,6.382791042327881,29.682647705078125,0.27805110812187195,0.29028597474098206,0.0,481.0062255859375,0.5526102781295776,0.5759220719337463,0.4230731427669525,0.1115022599697113,25.564739227294922,0.3593358099460602,15.031444549560547,0.40368083119392395,0.7558006644248962,0.19535408914089203,0.22193919122219086,0.0,567.192138671875,0.5316060781478882,0.5506340861320496,0.21255826950073242,0.09984154254198074,56.53837585449219,0.32972481846809387,7.988621711730957,0.3066207468509674,0.5667200088500977,0.21817399561405182,0.2218632698059082,0.0,469.7305603027344,0.43256786465644836,0.4493177831172943,0.09320686012506485,0.08070525527000427,27.12810707092285,0.2997579872608185,12.044373512268066,0.47485166788101196,0.8867475390434265,0.2838297486305237,0.2838297486305237,0.0,300.8478088378906,0.6228366494178772,0.6228366494178772,0.18253536522388458,0.14139582216739655,57.631961822509766,0.3423125147819519,17.696929931640625,0.5840535163879395,1.028461217880249,0.3763182461261749,0.3763182461261749,0.0,442.2020568847656,0.6171092987060547,0.6625011563301086,0.23152130842208862,0.18042199313640594,64.69218444824219,0.3547844886779785,21.057239532470703,0.7432059049606323,1.0554808378219604
2018,2,29.93774898498077,103.58011056061214,8808.764,469.0,2.97853946685791,21.03969955444336,21.17652702331543,33.945472717285156,1.2000000476837158,6.199999809265137,37.591583251953125,0.28816500306129456,0.300127238035202,0.0,427.9617919921875,0.6031991243362427,0.624315619468689,0.44588372111320496,0.11837038397789001,51.602439880371094,0.3883325159549713,13.37380599975586,0.32818758487701416,0.5208747386932373,0.21236614882946014,0.2588675618171692,0.0,443.3230285644531,0.6725577712059021,0.7304351329803467,0.29334646463394165,0.1800292432308197,76.23013305664062,0.3537905514240265,6.243986129760742,0.2691429555416107,0.47499987483024597,0.23502248525619507,0.24475108087062836,0.0,404.00115966796875,0.5663991570472717,0.6011136770248413,0.2086348831653595,0.1645665019750595,46.23069381713867,0.3340272307395935,10.359004020690918,0.3967758119106293,0.6673360466957092,0.29940366744995117,0.29940366744995117,0.0,281.35260009765625,0.6007533073425293,0.6007533073425293,0.26971936225891113,0.18667232990264893,66.9983901977539,0.3491324186325073,16.550151824951172,0.5446093678474426,0.8493232727050781,0.3758922219276428,0.3758922219276428,0.0,408.84832763671875,0.5829865336418152,0.5829865336418152,0.22451187670230865,0.17454363405704498,97.34473419189453,0.36979159712791443,19.46896743774414,0.6504106521606445,1.0227904319763184
2018,2,30.08112246115222,103.6388592169913,8927.966,454.0,2.832552671432495,130.87010192871094,18.66404914855957,33.21290969848633,1.2239203453063965,6.4490532875061035,43.300106048583984,0.2886035740375519,0.30102723836898804,0.0,428.988525390625,0.5959968566894531,0.6185382008552551,0.4401153028011322,0.1177901104092598,49.34165573120117,0.37941253185272217,13.405891418457031,0.33922290802001953,0.5498582124710083,0.21183684468269348,0.25742679834365845,0.0,442.76531982421875,0.46924176812171936,0.5175630450248718,0.16326528787612915,0.10305950045585632,69.05591583251953,0.34128251671791077,6.236131191253662,0.2775166630744934,0.4945700466632843,0.23807276785373688,0.24785763025283813,0.0,405.15869140625,0.4891321659088135,0.5600756406784058,0.1515483409166336,0.1057310700416565,44.093875885009766,0.3206919729709625,10.388684272766113,0.40932947397232056,0.7035341858863831,0.30354297161102295,0.30354297161102295,0.0,282.4635009765625,0.711637556552887,0.711637556552887,0.32309678196907043,0.24717549979686737,59.793338775634766,0.336215615272522,16.61549949645996,0.5667635798454285,0.8956699967384338,0.36953020095825195,0.36953020095825195,0.0,411.1078796386719,0.6665860414505005,0.6665860414505005,0.3016871213912964,0.22633083164691925,91.65872192382812,0.35829097032546997,19.57656478881836,0.6832687258720398,1.067800760269165
2018,2,29.619476188190013,103.4822823426006,9081.583,435.0,2.1389248371124268,330.09423828125,25.841632843017578,29.541608810424805,1.2148395776748657,6.0,40.63807678222656,0.28609293699264526,0.29618412256240845,0.02435171976685524,425.50738525390625,0.5501265525817871,0.5590322613716125,0.20444464683532715,0.13882514834403992,55.91610336303711,0.40676233172416687,13.296344757080078,0.3083258867263794,0.4737667143344879,0.21522913873195648,0.26303741335868835,1.695618987083435,444.54779052734375,0.5438663959503174,0.6514715552330017,0.24986690282821655,0.1290011703968048,91.9531478881836,0.38004791736602783,6.237354755401611,0.25164008140563965,0.4336044192314148,0.22678521275520325,0.23574209213256836,0.44593387842178345,401.1257019042969,0.5611546635627747,0.6306026577949524,0.26295334100723267,0.12695655226707458,50.18879699707031,0.3625674843788147,10.27384090423584,0.3717641532421112,0.6014432907104492,0.28895702958106995,0.28895702958106995,0.0,278.38531494140625,0.6785551309585571,0.6801550984382629,0.312897264957428,0.1909538358449936,82.48815155029297,0.3772929608821869,16.375606536865234,0.499216228723526,0.7723247408866882,0.39074695110321045,0.39074695110321045,0.0,403.55218505859375,0.48383018374443054,0.6197576522827148,0.2504297196865082,0.14508859813213348,109.6819839477539,0.3947804868221283,19.21677017211914,0.5824435353279114,0.9308156967163086
2018,2,29.859866325981283,104.17245754455189,9133.56,390.0,1.8543341159820557,-0.0,27.450119018554688,31.640090942382812,1.2680755853652954,7.345435619354248,36.940677642822266,0.2853703200817108,0.2932465970516205,0.0,463.39813232421875,0.5389637351036072,0.5389637351036072,0.08819121867418289,0.13434961438179016,33.02206039428711,0.36122265458106995,14.481191635131836,0.4007151424884796,0.7326090335845947,0.21042616665363312,0.24434293806552887,0.0,517.3155517578125,0.44160977005958557,0.5082905292510986,0.3428618013858795,0.08136127889156342,56.326499938964844,0.32266417145729065,7.286134719848633,0.309821218252182,0.5674513578414917,0.22836343944072723,0.23367606103420258,0.0,446.8170471191406,0.61224764585495,0.6333052515983582,0.30735620856285095,0.18925334513187408,30.65454864501953,0.29754117131233215,11.456847190856934,0.4705319106578827,0.8677763342857361,0.2922725975513458,0.2922725975513458,0.0,295.8236999511719,0.693633496761322,0.693633496761322,0.46194085478782654,0.24262873828411102,53.411991119384766,0.3287060260772705,17.40139389038086,0.6158367991447449,1.0726977586746216,0.3664766550064087,0.3664766550064087,0.0,433.0240783691406,0.6008730530738831,0.6307739019393921,0.2983146905899048,0.1636950522661209,76.07246398925781,0.3495595455169678,20.620193481445312,0.7646384239196777,1.1339213848114014
2018,2,26.843413777255698,102.0466836766458,9189.791,1192.0,1.8543341159820557,180.0,32.66309356689453,31.864442825317383,1.3260301351547241,6.5,33.86206817626953,0.2972058057785034,0.3083592653274536,0.0,341.941162109375,0.38838136196136475,0.526282012462616,-0.03944826126098633,0.08642405271530151,35.302711486816406,0.38181087374687195,10.685661315917969,0.382033109664917,0.6676431894302368,0.2521812617778778,0.2774064838886261,4.909268856048584,486.434814453125,0.2101452499628067,0.21268223226070404,-0.03910670801997185,0.03998655080795288,51.46271896362305,0.30962836742401123,6.782050132751465,0.36015307903289795,0.7427026629447937,0.2336830049753189,0.2406090945005417,1.846569299697876,409.55181884765625,0.44666242599487305,0.5730953812599182,0.06472279876470566,0.11582349240779877,17.026710510253906,0.24534660577774048,10.453980445861816,0.7455317974090576,1.115168571472168,0.2587800621986389,0.2587800621986389,0.0,240.755859375,0.6631748676300049,0.6728156805038452,0.31240570545196533,0.2001306116580963,31.484901428222656,0.24067629873752594,14.162109375,0.8904426097869873,1.4863054752349854,0.2833666205406189,0.2833666205406189,0.0,333.36993408203125,0.6569300293922424,0.6605893969535828,0.31918928027153015,0.20891937613487244,83.17034912109375,0.29270273447036743,15.874759674072266,0.795037567615509,1.448644757270813
2018,2,29.92292693307912,103.48524764480113,9195.766,512.0,13.086108207702637,139.9989013671875,22.943462371826172,35.21089172363281,1.1611952781677246,5.926830768585205,38.5609016418457,0.28716784715652466,0.2996881604194641,0.06218397244811058,420.2983703613281,0.6073196530342102,0.629311740398407,0.4462425112724304,0.11843840032815933,54.58271789550781,0.3933578431606293,13.132380485534668,0.31523647904396057,0.48817533254623413,0.21212978661060333,0.26009488105773926,1.882535457611084,429.1572265625,0.4953012764453888,0.5998333692550659,0.20379723608493805,0.12935367226600647,80.03334045410156,0.3601416051387787,6.017953395843506,0.26080599427223206,0.45802053809165955,0.23458710312843323,0.24481990933418274,0.5512717962265015,394.79949951171875,0.5202106237411499,0.5609522461891174,0.18500711023807526,0.13170428574085236,48.860042572021484,0.34146735072135925,10.108928680419922,0.382698655128479,0.6343126893043518,0.2988276481628418,0.2988276481628418,0.0,277.4931335449219,0.5824240446090698,0.5824240446090698,0.22484785318374634,0.1743752509355545,70.1016616821289,0.3546218276023865,16.3231258392334,0.5282943844795227,0.8104707598686218,0.3774007558822632,0.3774007558822632,0.0,403.1693115234375,0.5629046559333801,0.5629046559333801,0.20141097903251648,0.16697503626346588,101.21297454833984,0.3747712969779968,19.198537826538086,0.625988245010376,0.9939746856689453
2018,2,29.813513970530714,103.43835573812311,9467.415,567.0,6.803234577178955,18.226594924926758,24.983562469482422,34.142730712890625,1.1659592390060425,5.595407962799072,46.737754821777344,0.2831997275352478,0.29529044032096863,0.19549168646335602,412.52197265625,0.6091316938400269,0.6304426193237305,0.4468160569667816,0.11763845384120941,56.405914306640625,0.39929232001304626,12.885202407836914,0.30546310544013977,0.475355327129364,0.21212716400623322,0.2597072422504425,7.114647388458252,418.065185546875,0.652319610118866,0.652319610118866,0.2815994322299957,0.1613980084657669,85.29593658447266,0.36913439631462097,5.788035869598389,0.251064658164978,0.4404141306877136,0.22988736629486084,0.23962949216365814,2.0202476978302,385.5428771972656,0.6054666042327881,0.6152302622795105,0.33767420053482056,0.1626027375459671,50.682334899902344,0.3519180417060852,9.833913803100586,0.36903494596481323,0.6133072376251221,0.29357028007507324,0.29357028007507324,0.0,272.1959228515625,0.6346920132637024,0.6355156898498535,0.35929492115974426,0.18910233676433563,75.47906494140625,0.36551564931869507,16.011524200439453,0.5059957504272461,0.7853711247444153,0.38100889325141907,0.38100889325141907,0.0,396.263916015625,0.5805001258850098,0.58125901222229,0.30170661211013794,0.16985133290290833,105.61798095703125,0.383992075920105,18.86971092224121,0.5947311520576477,0.948650062084198
