Year,Zone,latitude,longitude,yield,Elevation,Slope,Aspect,Sand,Clay,BD,pH,SOC,P1_EVI,P1_EVI_max,P1_FDD,P1_GDD,P1_NDVI,P1_NDVI_max,P1_NDWI,P1_NIRv,P1_PPT,P1_SM,P1_Tmean,P1_VPD,P1_VPD_max,P2_EVI,P2_EVI_max,P2_FDD,P2_GDD,P2_NDVI,P2_NDVI_max,P2_NDWI,P2_NIRv,P2_PPT,P2_SM,P2_Tmean,P2_VPD,P2_VPD_max,P3_EVI,P3_EVI_max,P3_FDD,P3_GDD,P3_NDVI,P3_NDVI_max,P3_NDWI,P3_NIRv,P3_PPT,P3_SM,P3_Tmean,P3_VPD,P3_VPD_max,P4_EVI,P4_EVI_max,P4_FDD,P4_GDD,P4_NDVI,P4_NDVI_max,P4_NDWI,P4_NIRv,P4_PPT,P4_SM,P4_Tmean,P4_VPD,P4_VPD_max,P5_EVI,P5_EVI_max,P5_FDD,P5_GDD,P5_NDVI,P5_NDVI_max,P5_NDWI,P5_NIRv,P5_PPT,P5_SM,P5_Tmean,P5_VPD,P5_VPD_max
2019,2,26.746392656534827,102.76866118731027,2421.1768,1966.0,4.540253162384033,65.9390640258789,21.509395599365234,38.15583419799805,1.2342908382415771,6.4075164794921875,44.90979766845703,0.30274903774261475,0.31679561734199524,0.0,326.99261474609375,0.5352146625518799,0.5367720723152161,-0.026486914604902267,0.1209394559264183,32.68534851074219,0.39336416125297546,10.21851921081543,0.4286341965198517,0.6928221583366394,0.24247030913829803,0.2548478841781616,5.975367069244385,567.4281005859375,0.4503496289253235,0.6146789193153381,-0.04863583296537399,0.09862634539604187,78.47372436523438,0.34881123900413513,7.907785415649414,0.45388922095298767,0.9548725485801697,0.22782497107982635,0.23006291687488556,0.0,441.273681640625,0.4941069781780243,0.6011621952056885,-0.004278067499399185,0.12468753010034561,28.865568161010742,0.2630108594894409,11.314709663391113,0.7679722309112549,1.1973600387573242,0.23542101681232452,0.23542101681232452,0.0,233.77333068847656,0.26638779044151306,0.37738096714019775,-0.10589069873094559,0.056247420608997345,42.38974380493164,0.28465983271598816,13.751372337341309,0.8577299118041992,1.4975264072418213,0.2552728056907654,0.2552728056907654,0.0,397.3404541015625,0.1362587809562683,0.16465476155281067,-0.17502789199352264,0.02861703187227249,33.84388732910156,0.2684413194656372,18.92097282409668,1.2492181062698364,1.9453279972076416
2019,2,26.68495070311939,102.81851839618885,2421.1768,1847.0,17.207477569580078,186.7191162109375,22.89590835571289,34.66351318359375,1.3037996292114258,6.467674732208252,35.863677978515625,0.30211809277534485,0.3161698281764984,0.0,328.4609680175781,0.22781109809875488,0.23492395877838135,-0.13237786293029785,0.049268655478954315,32.78647994995117,0.39366984367370605,10.264405250549316,0.4283978343009949,0.6911343932151794,0.2422315925359726,0.254589706659317,5.757838249206543,570.162109375,0.2903836965560913,0.38564902544021606,-0.046271078288555145,0.07343541085720062,79.06129455566406,0.348360538482666,7.949355602264404,0.4516002833843231,0.944736659526825,0.22537389397621155,0.22766472399234772,0.0,443.3527526855469,0.3396040201187134,0.36187657713890076,0.005921386182308197,0.09416075795888901,28.932178497314453,0.2609752416610718,11.368019104003906,0.7696276307106018,1.1987605094909668,0.23243844509124756,0.23243844509124756,0.0,234.59793090820312,0.201059490442276,0.26891791820526123,-0.0683397650718689,0.05921969190239906,42.581398010253906,0.28337255120277405,13.799878120422363,0.8592813014984131,1.4991885423660278,0.2523300349712372,0.2523300349712372,0.0,397.4686279296875,0.1695854514837265,0.1828908622264862,-0.10780808329582214,0.04473664239048958,33.32540512084961,0.26704585552215576,18.92707633972168,1.2473753690719604,1.9440548419952393
2019,2,30.480243219143,107.05685827468075,2470.3704,356.0,2.9806630611419678,21.145753860473633,33.09089660644531,28.14908790588379,1.2844759225845337,6.438575744628906,36.05174255371094,0.26889410614967346,0.32816940546035767,0.0,404.3244323730469,0.49569323658943176,0.6355598568916321,0.3892107605934143,0.12190588563680649,79.1364974975586,0.41030219197273254,12.635138511657715,0.2791231870651245,0.795135498046875,0.1727738380432129,0.19482532143592834,0.0037080063484609127,527.0233154296875,0.5608465671539307,0.5608465671539307,0.04517272114753723,0.13235978782176971,83.78803253173828,0.4048233926296234,7.422811031341553,0.21380729973316193,0.43066930770874023,0.21374809741973877,0.2574320435523987,0.0,379.31402587890625,0.4244886636734009,0.4244886636734009,0.10738403350114822,0.10790502279996872,32.2298583984375,0.3795088231563568,9.726000785827637,0.3217713534832001,0.6454230546951294,0.2864375412464142,0.2864375412464142,0.0,236.1298828125,0.6055103540420532,0.6691529154777527,0.15184344351291656,0.1784084439277649,85.69097137451172,0.41626062989234924,13.889992713928223,0.3723492920398712,0.8375017642974854,0.4084840714931488,0.4084840714931488,0.0,433.8839416503906,0.7447749972343445,0.7447749972343445,0.2405594289302826,0.2642461657524109,103.3109359741211,0.4020026922225952,20.66114044189453,0.594184160232544,1.127813458442688
2019,2,26.417881763725354,102.62151531164761,2611.4832,1920.0,24.68010711669922,304.3072814941406,21.377965927124023,39.46640396118164,1.2878574132919312,5.962795734405518,43.48195266723633,0.3062976002693176,0.32089170813560486,0.0,357.07147216796875,0.4553031623363495,0.4908904433250427,0.07091636955738068,0.14051298797130585,33.7147331237793,0.38320741057395935,11.158483505249023,0.4762326776981354,0.7282171845436096,0.2504746615886688,0.2615526020526886,1.8372206687927246,636.2034912109375,0.3267994523048401,0.4873157739639282,-0.033026423305273056,0.0893714427947998,85.14488220214844,0.3392036557197571,8.934736251831055,0.4956011474132538,0.9733067750930786,0.2345714420080185,0.23545663058757782,0.0,478.68121337890625,0.23054517805576324,0.2602629065513611,-0.08463714271783829,0.05650017783045769,26.134632110595703,0.244272381067276,12.273877143859863,0.8359452486038208,1.2273027896881104,0.23824700713157654,0.23824700713157654,0.0,251.82553100585938,0.1855013072490692,0.2352781593799591,-0.02373802848160267,0.04331924021244049,38.335594177246094,0.2568085491657257,14.81326675415039,0.9759283661842346,1.5929276943206787,0.25373563170433044,0.25373563170433044,0.0,416.2512512207031,0.167835533618927,0.19376878440380096,-0.010880943387746811,0.04195264354348183,29.357860565185547,0.24270889163017273,19.821487426757812,1.388821005821228,2.0462048053741455
2019,2,32.03630450005663,102.00949477386006,2631.386,2496.0,6.789756774902344,254.22128295898438,34.51673889160156,16.670042037963867,1.2446709871292114,6.567802429199219,69.01864624023438,0.1057945117354393,0.13259543478488922,296.81103515625,0.0,0.23150798678398132,0.253484308719635,-0.15863999724388123,0.03365973010659218,47.59946060180664,0.39484703540802,-9.275344848632812,0.08649221807718277,0.1711573749780655,0.1251230090856552,0.13880401849746704,927.0285034179688,0.0,0.16165411472320557,0.21212121844291687,-0.12219703197479248,0.02769121713936329,20.019332885742188,0.3714214861392975,-13.056739807128906,0.0815969929099083,0.20927248895168304,0.11804181337356567,0.1219131201505661,304.5151062011719,0.0,0.1452617347240448,0.1822817027568817,-0.10437961667776108,0.023821353912353516,31.879283905029297,0.388970285654068,-7.808079242706299,0.14017267525196075,0.24191822111606598,0.13597658276557922,0.13597658276557922,90.48922729492188,0.0,0.23204059898853302,0.2624698877334595,-0.028029561042785645,0.04862576723098755,29.24051856994629,0.39718765020370483,-5.3228960037231445,0.13622300326824188,0.23987208306789398,0.18236365914344788,0.18236365914344788,4.75438117980957,69.6370620727539,0.5010775923728943,0.6541889309883118,0.14852675795555115,0.14116503298282623,59.36028289794922,0.3848852515220642,3.089651584625244,0.2595275044441223,0.5307873487472534
2019,2,28.75547630897329,105.02406112284004,2980.148,266.0,3.1706342697143555,270.0,27.581674575805664,29.380266189575195,1.2677373886108398,6.099999904632568,30.543739318847656,0.2695658206939697,0.30304187536239624,0.0,419.1023254394531,0.6103310585021973,0.6486806273460388,0.4370620846748352,0.10878439247608185,31.798450469970703,0.36950165033340454,13.09694766998291,0.3456222116947174,0.7353441715240479,0.1941211223602295,0.23417654633522034,0.0,560.1143798828125,0.42463046312332153,0.49822765588760376,0.3023602068424225,0.07576288282871246,83.75999450683594,0.3656855821609497,7.888935089111328,0.22437117993831635,0.46432045102119446,0.17468486726284027,0.19977082312107086,0.0,403.19647216796875,0.10274820029735565,0.10813008248806,0.32301971316337585,0.014062999747693539,58.02680587768555,0.35885149240493774,10.338371276855469,0.277285099029541,0.5127671360969543,0.2518390715122223,0.2518390715122223,0.0,262.9134521484375,0.47989344596862793,0.47989344596862793,0.36625784635543823,0.09483692049980164,22.047245025634766,0.33246833086013794,15.465497016906738,0.5007855296134949,0.8389111161231995,0.3532673120498657,0.3532673120498657,0.0,452.376708984375,0.23797333240509033,0.2519362270832062,0.23875516653060913,0.03306715190410614,68.74304962158203,0.3443772494792938,21.541748046875,0.6926596760749817,1.3392689228057861
2019,2,26.771457263556243,102.83118224318063,3025.9573,2122.0,10.316819190979004,275.1018981933594,19.316001892089844,38.87855529785156,1.238023042678833,6.336708068847656,38.930179595947266,0.30212557315826416,0.31606295704841614,0.0,321.2067565917969,0.5660921931266785,0.6116759777069092,0.021733159199357033,0.1436433047056198,32.803714752197266,0.39510267972946167,10.037711143493652,0.4166122376918793,0.683067262172699,0.24104511737823486,0.25369882583618164,6.799274444580078,553.0269775390625,0.3113456666469574,0.5037941336631775,-0.0714920237660408,0.07663794606924057,77.69287872314453,0.35037943720817566,7.693347930908203,0.44095325469970703,0.9439943432807922,0.22558686137199402,0.2281157374382019,0.0,433.7425537109375,0.20967742800712585,0.2398907095193863,-0.06297117471694946,0.05189516395330429,29.339372634887695,0.26495251059532166,11.121603965759277,0.7516133189201355,1.188010811805725,0.23386158049106598,0.23386158049106598,0.0,230.4020538330078,0.2301725447177887,0.23511148989200592,-0.040926121175289154,0.0497889518737793,42.96680450439453,0.28781235218048096,13.553062438964844,0.8334241509437561,1.4737555980682373,0.25516724586486816,0.25516724586486816,0.0,393.2300109863281,0.2077656388282776,0.22549952566623688,-0.03771863877773285,0.0474521666765213,34.468170166015625,0.27186524868011475,18.725238800048828,1.2157580852508545,1.9155739545822144
2019,2,26.750165056026038,102.83926659339055,3025.9573,2093.0,13.063029289245605,213.1543426513672,20.406879425048828,35.20964813232422,1.2596973180770874,6.498208999633789,39.37127685546875,0.3020049035549164,0.3159557282924652,0.0,322.30841064453125,0.6237467527389526,0.6703566908836365,0.12764005362987518,0.17702782154083252,32.82101058959961,0.3950103223323822,10.072137832641602,0.4178999066352844,0.6836262941360474,0.24113482236862183,0.253753662109375,6.63908052444458,555.4906616210938,0.4751501679420471,0.5700773596763611,0.05122128129005432,0.13435393571853638,77.9656982421875,0.3500772714614868,7.73030424118042,0.44171616435050964,0.9420856237411499,0.22509795427322388,0.22761155664920807,0.0,435.2303771972656,0.3575161397457123,0.4531795084476471,0.028484608978033066,0.07893956452608109,29.309030532836914,0.26412492990493774,11.159753799438477,0.7539750337600708,1.189497470855713,0.23313042521476746,0.23313042521476746,0.0,231.0339813232422,0.126957505941391,0.1378733515739441,-0.07520534843206406,0.031189704313874245,42.96415328979492,0.2870808243751526,13.59023380279541,0.8366439938545227,1.4769914150238037,0.25427526235580444,0.25427526235580444,0.0,393.7317199707031,0.12586979568004608,0.14468681812286377,-0.08029967546463013,0.032850101590156555,34.240882873535156,0.27106475830078125,18.749130249023438,1.2189922332763672,1.9186146259307861
2019,2,28.977811546599156,105.26391170940384,3031.6238,250.0,1.408374309539795,48.82039260864258,32.92178726196289,28.687427520751953,1.256255030632019,6.13642692565918,28.97414207458496,0.2688812017440796,0.29936423897743225,0.0,423.59649658203125,0.5878511667251587,0.6273539066314697,0.4442174434661865,0.10731492936611176,30.91860580444336,0.3671468198299408,13.237390518188477,0.35613733530044556,0.741298496723175,0.19632434844970703,0.2292582243680954,0.0,578.2772827148438,0.40550467371940613,0.48569419980049133,0.30693167448043823,0.0769239068031311,74.34330749511719,0.3610145151615143,8.144750595092773,0.23846447467803955,0.49964094161987305,0.18427087366580963,0.21064074337482452,0.0,413.9296569824219,0.28895533084869385,0.31617432832717896,0.03787504509091377,0.06124594062566757,52.9995002746582,0.3510822355747223,10.613580703735352,0.29786568880081177,0.5351307988166809,0.260105162858963,0.260105162858963,0.0,264.6235656738281,0.4795985519886017,0.4795985519886017,0.37095147371292114,0.09798843413591385,23.676898956298828,0.33304405212402344,15.566091537475586,0.5112748146057129,0.869158923625946,0.3510138988494873,0.3510138988494873,0.0,455.26007080078125,0.4800976514816284,0.545307457447052,0.03745001554489136,0.131739541888237,73.97937774658203,0.34394383430480957,21.67905044555664,0.7110411524772644,1.3727906942367554
2019,2,26.73965495484307,102.95596126795921,3161.331,1827.0,8.44206428527832,29.243227005004883,20.40024757385254,40.1254768371582,1.3211088180541992,6.6645002365112305,42.75594711303711,0.30075159668922424,0.31456008553504944,0.0,315.7850341796875,0.5451406240463257,0.5811707973480225,-0.027693113312125206,0.14781612157821655,33.046234130859375,0.3975749611854553,9.868282318115234,0.40202414989471436,0.6694797873497009,0.23911255598068237,0.2520940601825714,7.556884765625,538.618408203125,0.2823191285133362,0.5022988319396973,-0.16749189794063568,0.06966331601142883,77.39845275878906,0.3518943190574646,7.479739665985107,0.42317652702331543,0.9203580021858215,0.22047434747219086,0.22341589629650116,0.0,426.8768615722656,0.23520351946353912,0.2432062178850174,-0.163400799036026,0.06241404265165329,29.99556541442871,0.26530808210372925,10.945560455322266,0.7338186502456665,1.1782879829406738,0.22899343073368073,0.22899343073368073,0.0,227.20733642578125,0.23008638620376587,0.24010151624679565,-0.17251582443714142,0.05768444016575813,43.882747650146484,0.29040950536727905,13.365137100219727,0.8059678673744202,1.447387456893921,0.2520073354244232,0.2520073354244232,0.0,388.43603515625,0.2105133831501007,0.2421255111694336,-0.1756601482629776,0.05630423501133919,34.699153900146484,0.27463504672050476,18.4969539642334,1.1740467548370361,1.8792730569839478
2019,2,29.783869866727414,105.15880623847308,3220.2896,367.0,5.087034225463867,56.93873596191406,19.325252532958984,34.92504119873047,1.2799999713897705,7.21173620223999,32.67402648925781,0.2699372172355652,0.2960640490055084,0.0,420.297119140625,0.5358450412750244,0.5717432498931885,0.4293697774410248,0.10807853192090988,29.55191993713379,0.35937681794166565,13.134284973144531,0.3898913860321045,0.82152259349823,0.22198091447353363,0.25222209095954895,0.0,560.037353515625,0.2814316749572754,0.287350594997406,0.044586677104234695,0.07269498705863953,63.210777282714844,0.3561876118183136,7.887849807739258,0.2596304416656494,0.5656395554542542,0.22343288362026215,0.24516846239566803,0.0,406.67083740234375,0.5227044820785522,0.5898718237876892,0.04318439960479736,0.1269155740737915,46.06068801879883,0.33903932571411133,10.427456855773926,0.3274086117744446,0.5841427445411682,0.2882876992225647,0.2882876992225647,0.0,261.95648193359375,0.5292823314666748,0.5317687392234802,0.10517104715108871,0.14168862998485565,23.688077926635742,0.3272165358066559,15.409204483032227,0.5447489619255066,0.9461434483528137,0.35987409949302673,0.35987409949302673,0.0,452.8883056640625,0.6095550060272217,0.6320444941520691,0.16257524490356445,0.20131556689739227,92.66793060302734,0.34412482380867004,21.566110610961914,0.7387568354606628,1.3513689041137695
2019,2,31.1051996090866,103.94284951310787,3262.6096,644.0,1.425765872001648,130.57078552246094,26.570362091064453,23.493391036987305,1.2098326683044434,6.517241477966309,38.19091033935547,0.25037243962287903,0.2723516523838043,1.566710352897644,283.88836669921875,0.527874231338501,0.5426344275474548,0.4083395302295685,0.1070581004023552,50.613189697265625,0.36834535002708435,8.822551727294922,0.2941790223121643,0.6241713166236877,0.22440209984779358,0.24647381901741028,55.59625244140625,275.68023681640625,0.5352734327316284,0.6405529975891113,0.23713842034339905,0.1565791815519333,82.68889617919922,0.36500731110572815,3.099774122238159,0.19207479059696198,0.43455594778060913,0.22491273283958435,0.23447245359420776,8.130220413208008,224.83328247070312,0.5673447251319885,0.6152046918869019,0.2191576063632965,0.16174998879432678,76.37401580810547,0.3609769642353058,5.556488513946533,0.22225575149059296,0.490621954202652,0.29761940240859985,0.29761940240859985,0.0,188.42132568359375,0.4866672456264496,0.519221842288971,0.1624235212802887,0.1475701630115509,30.651819229125977,0.3352634608745575,11.083606719970703,0.42369669675827026,0.7381165027618408,0.36650213599205017,0.36650213599205017,0.0,366.3065185546875,0.3314790725708008,0.34321677684783936,-0.0716826468706131,0.08363285660743713,100.3987808227539,0.3474281430244446,17.44316864013672,0.5547869205474854,1.1001018285751343
2019,2,29.015540000612358,105.12512218911533,3274.4932,270.0,2.1202521324157715,90.0,-9999.0,-9999.0,1.1699999570846558,-9999.0,60.0,0.2683408260345459,0.2985938787460327,0.0,421.6917724609375,0.5818227529525757,0.6208092570304871,0.43867555260658264,0.10713363438844681,30.791685104370117,0.36791977286338806,13.177867889404297,0.3578711152076721,0.7539105415344238,0.19741985201835632,0.23344574868679047,0.0,568.9004516601562,0.4065401256084442,0.4887162446975708,0.3037489056587219,0.078312449157238,75.58018493652344,0.36280906200408936,8.012682914733887,0.23644469678401947,0.4955134689807892,0.18635591864585876,0.21226105093955994,0.0,408.8116149902344,0.10591352730989456,0.10591350495815277,0.20480771362781525,0.013270965777337551,54.23176956176758,0.35340285301208496,10.482348442077637,0.29434844851493835,0.5312756896018982,0.26031816005706787,0.26031816005706787,0.0,263.61700439453125,0.48184993863105774,0.48184993863105774,0.36968767642974854,0.09834057837724686,23.586801528930664,0.334186315536499,15.506882667541504,0.5117382407188416,0.8694155216217041,0.35071927309036255,0.35071927309036255,0.0,453.5592956542969,0.5698152184486389,0.6123234629631042,0.14214958250522614,0.1004454642534256,76.47334289550781,0.34652790427207947,21.598060607910156,0.7048747539520264,1.3490060567855835
2019,2,32.038190699802236,106.66986627155532,3290.961,707.0,9.881220817565918,33.23976135253906,26.031179428100586,24.623756408691406,1.2257205247879028,6.483218669891357,36.80812072753906,0.2660585045814514,0.2789800763130188,0.0,310.843017578125,0.6122115254402161,0.6299870014190674,0.46153220534324646,0.10887213051319122,66.06295776367188,0.38218703866004944,9.713844299316406,0.29392722249031067,0.8039175271987915,0.20930112898349762,0.2415311187505722,18.744489669799805,296.8093566894531,0.34609976410865784,0.44284453988075256,0.0016824118793010712,0.08089243620634079,93.16992950439453,0.38681894540786743,3.9164066314697266,0.18941804766654968,0.423398494720459,0.18814142048358917,0.24604380130767822,2.865077495574951,251.3367156982422,0.2722260355949402,0.28896990418434143,-0.04345351457595825,0.060996539890766144,48.14153289794922,0.3690057694911957,6.371067523956299,0.2692044675350189,0.5603524446487427,0.28048497438430786,0.28048497438430786,0.0,196.10208129882812,0.24813632667064667,0.2507636845111847,-0.0030123430769890547,0.057598862797021866,31.765853881835938,0.3607124090194702,11.535416603088379,0.40737560391426086,0.7796358466148376,0.44730597734451294,0.44730597734451294,0.0,374.1383056640625,0.32777419686317444,0.40112417936325073,0.03312411904335022,0.10177388787269592,116.72002410888672,0.37072205543518066,17.81610870361328,0.5019006729125977,0.8893121480941772
2019,2,26.790323720113374,102.85786550388445,3318.177,2090.0,13.648222923278809,-0.0,20.85476303100586,36.01824951171875,1.2704858779907227,5.974415302276611,40.71943664550781,0.3018680810928345,0.3157532811164856,0.0,318.17474365234375,0.6768375635147095,0.7194127440452576,-0.026440095156431198,0.09498874843120575,32.853973388671875,0.3958743214607239,9.942960739135742,0.4106259346008301,0.678536593914032,0.2403479665517807,0.2531278133392334,7.236411094665527,545.5548706054688,0.4938947558403015,0.6189848184585571,-0.13467539846897125,0.05893327295780182,77.21280670166016,0.3511301577091217,7.581950664520264,0.43472379446029663,0.9398388862609863,0.22467409074306488,0.22733411192893982,0.0,429.7629699707031,0.42970120906829834,0.5075041651725769,-0.06306306272745132,0.06583346426486969,29.55182456970215,0.2660435438156128,11.019563674926758,0.7432340979576111,1.1831884384155273,0.23336073756217957,0.23336073756217957,0.0,228.6416473388672,0.4890133738517761,0.5190457701683044,0.023026326671242714,0.08450151234865189,43.21113204956055,0.28940626978874207,13.449508666992188,0.8211379647254944,1.4614654779434204,0.25544115900993347,0.25544115900993347,0.0,391.17669677734375,0.525581419467926,0.6474428772926331,0.10851020365953445,0.1379125714302063,34.8220329284668,0.27363765239715576,18.62746238708496,1.1991416215896606,1.9004381895065308
2019,2,30.178139122772038,102.9524564145312,3457.453,689.0,9.829997062683105,130.84226989746094,25.513721466064453,28.915416717529297,1.2219653129577637,6.0,45.86493682861328,0.24610115587711334,0.2763102948665619,6.516785621643066,229.095703125,0.5614537596702576,0.5790348649024963,0.3929210603237152,0.10523753613233566,62.672386169433594,0.39163336157798767,6.955591201782227,0.22068457305431366,0.49311739206314087,0.2062656730413437,0.23317237198352814,92.2977523803711,194.5535888671875,0.42134422063827515,0.4269992709159851,0.03377245366573334,0.08166047185659409,92.9317855834961,0.38469454646110535,1.4402230978012085,0.15003713965415955,0.3461255133152008,0.17927473783493042,0.18854719400405884,13.93170166015625,169.6759033203125,0.3571731448173523,0.3674573302268982,0.06919177621603012,0.05890902876853943,78.6495132446289,0.37961605191230774,3.993441343307495,0.17610634863376617,0.43526920676231384,0.2666616141796112,0.2666616141796112,0.4981294870376587,155.84591674804688,0.5012593269348145,0.6147757172584534,0.10992498695850372,0.11582176387310028,41.42487716674805,0.3678639531135559,9.138105392456055,0.31777122616767883,0.6408796906471252,0.30236831307411194,0.30236831307411194,0.0,323.20013427734375,0.5585399270057678,0.6359906196594238,0.15298883616924286,0.13585112988948822,107.63497161865234,0.37963786721229553,15.390481948852539,0.4140975773334503,0.8383196592330933
2019,2,28.897231131462334,104.902247400262,3494.452,317.0,2.1351966857910156,150.26881408691406,30.797569274902344,28.356964111328125,1.291561484336853,6.1131134033203125,32.86136245727539,0.2684627175331116,0.30046725273132324,0.0,417.79302978515625,0.5925198197364807,0.6304859519004822,0.43100738525390625,0.1079544648528099,31.308095932006836,0.369794100522995,13.056032180786133,0.352145254611969,0.7569233179092407,0.19665983319282532,0.23893271386623383,0.0,552.4323120117188,0.41916364431381226,0.4983278214931488,0.2990542948246002,0.07837551832199097,82.14982604980469,0.3666740953922272,7.780736446380615,0.22654210031032562,0.4713464081287384,0.18151691555976868,0.20634876191616058,0.0,399.3161926269531,0.37174123525619507,0.37207546830177307,0.06216468662023544,0.06748969852924347,58.01408386230469,0.3594564199447632,10.238876342773438,0.2796717584133148,0.5153717398643494,0.2552397549152374,0.2552397549152374,0.0,261.9638671875,0.41057687997817993,0.4172736704349518,0.12116977572441101,0.08281057327985764,22.578880310058594,0.3345165550708771,15.409639358520508,0.5052914023399353,0.8509443998336792,0.35196852684020996,0.35196852684020996,0.0,450.7893981933594,0.6323360204696655,0.64673912525177,0.07857896387577057,0.15103797614574432,74.674072265625,0.34830936789512634,21.466161727905273,0.6898210048675537,1.3143399953842163
2019,2,26.947435686630484,102.70802633118551,3591.1353,1809.0,12.32616901397705,265.7515563964844,19.92804718017578,36.310325622558594,1.305543065071106,6.614941596984863,37.0673713684082,0.30380943417549133,0.3176417052745819,0.0,315.0401611328125,0.4549715518951416,0.5135510563850403,0.07013534754514694,0.1126890480518341,32.54430389404297,0.39606374502182007,9.84500503540039,0.41312405467033386,0.6811676025390625,0.24136580526828766,0.25441813468933105,7.619009017944336,540.5269165039062,0.3074498772621155,0.42270392179489136,-0.0017289170064032078,0.07475986331701279,76.3631820678711,0.3535710871219635,7.505744934082031,0.4426501393318176,0.9633195996284485,0.23226933181285858,0.23491498827934265,0.0,425.5450439453125,0.24126815795898438,0.2594696879386902,-0.04674240201711655,0.06589213758707047,29.63862419128418,0.272725373506546,10.91141128540039,0.7420629262924194,1.1810886859893799,0.241890549659729,0.241890549659729,0.0,226.8372039794922,0.20687344670295715,0.2291940152645111,-0.08043396472930908,0.05182384327054024,43.0876350402832,0.29443755745887756,13.343364715576172,0.8204279541969299,1.4653236865997314,0.2626515328884125,0.2626515328884125,0.0,391.20294189453125,0.2185877412557602,0.26263678073883057,-0.0806298553943634,0.05623984709382057,36.29241180419922,0.2783066928386688,18.628711700439453,1.2106385231018066,1.9158341884613037
2019,2,29.867678671026923,103.73964827810232,3721.6143,424.0,6.284113883972168,222.6925048828125,38.51308059692383,24.258544921875,1.2380231618881226,6.400000095367432,40.85710906982422,0.29243239760398865,0.32377180457115173,0.0,382.0279846191406,0.5959689021110535,0.6165080070495605,0.4558187425136566,0.11936628818511963,45.242557525634766,0.38228389620780945,11.938374519348145,0.33086907863616943,0.6781051754951477,0.244736447930336,0.2749444544315338,0.2527971863746643,429.6932067871094,0.5892528295516968,0.6264750957489014,0.3006993234157562,0.12721969187259674,95.60894775390625,0.38141486048698425,6.048456192016602,0.20470046997070312,0.45115023851394653,0.21358294785022736,0.22698359191417694,0.0,334.750732421875,0.679798424243927,0.7672101259231567,0.35563769936561584,0.2492820769548416,68.69519805908203,0.3726086914539337,8.583352088928223,0.24880345165729523,0.5176213383674622,0.3135097026824951,0.3135097026824951,0.0,242.80650329589844,0.6869770288467407,0.703182578086853,0.30781933665275574,0.20085673034191132,24.85577964782715,0.3393211364746094,14.282734870910645,0.4829197824001312,0.8285226821899414,0.35744819045066833,0.35744819045066833,0.0,425.9117736816406,0.5657270550727844,0.7071718573570251,0.19412514567375183,0.15868642926216125,103.82160949707031,0.35929471254348755,20.281513214111328,0.6225762963294983,1.143506407737732
2019,2,30.467307366986955,106.76257098245648,3761.4563,294.0,4.394473552703857,102.16012573242188,27.079605102539062,30.1144962310791,1.302433967590332,6.400000095367432,34.47683334350586,0.25412046909332275,0.31500911712646484,0.0,406.519287109375,0.4786469638347626,0.6269716620445251,0.3850502371788025,0.11354470252990723,75.71575927734375,0.4110358655452728,12.703727722167969,0.28176233172416687,0.7710748314857483,0.1913536787033081,0.21114152669906616,0.0029001766815781593,536.7041625976562,0.5936837196350098,0.5936837196350098,0.22079795598983765,0.20072445273399353,80.29972076416016,0.4048934876918793,7.559172630310059,0.2196694165468216,0.4406270980834961,0.2114713490009308,0.250772088766098,0.0,386.3509521484375,0.565061628818512,0.5650615692138672,0.18400543928146362,0.19743254780769348,30.791969299316406,0.37845277786254883,9.906435012817383,0.327361524105072,0.6589963436126709,0.28592729568481445,0.28592729568481445,0.0,238.50119018554688,0.5458487868309021,0.6119213700294495,0.23570884764194489,0.19916033744812012,76.42845153808594,0.4150315821170807,14.029480934143066,0.3821853995323181,0.8624207973480225,0.3972289264202118,0.3972289264202118,0.0,436.5908508300781,0.5592257380485535,0.5592257380485535,0.24521344900131226,0.2455001026391983,108.1195297241211,0.40196070075035095,20.7900390625,0.6033168435096741,1.1484100818634033
2019,2,30.17112941591602,107.03610561837799,3792.6743,300.0,2.144655466079712,90.0,32.73836135864258,28.26401138305664,1.2935771942138672,6.400000095367432,40.449440002441406,0.2682167589664459,0.3292100131511688,0.0,400.2635803222656,0.5051257610321045,0.6397131681442261,0.3955270051956177,0.12045140564441681,77.88590240478516,0.40962672233581543,12.5082368850708,0.27490362524986267,0.7602705359458923,0.17242920398712158,0.20075055956840515,0.059848327189683914,516.903076171875,0.40922531485557556,0.40922531485557556,0.005485223140567541,0.09751839190721512,79.67560577392578,0.4023567736148834,7.279481887817383,0.2142883688211441,0.4191571772098541,0.20629951357841492,0.2502070367336273,0.0,370.2857360839844,0.41117390990257263,0.41117388010025024,0.051695920526981354,0.09243189543485641,37.931640625,0.38063913583755493,9.494505882263184,0.31276848912239075,0.6267342567443848,0.28362512588500977,0.28362512588500977,0.0,235.4849853515625,0.5397239923477173,0.5771006345748901,0.0805307924747467,0.13420827686786652,83.52804565429688,0.415048211812973,13.852058410644531,0.3709108531475067,0.8275130391120911,0.4060020446777344,0.4060020446777344,0.0,427.6619873046875,0.6371856331825256,0.6371856331825256,0.1294347047805786,0.18459267914295197,100.75215148925781,0.40358492732048035,20.364856719970703,0.5668352246284485,1.108315110206604
2019,2,28.87459227541399,104.85482040145756,3853.8936,286.0,10.62926197052002,260.06622314453125,29.715740203857422,27.999860763549805,1.2796494960784912,6.023377895355225,34.0689811706543,0.2684468924999237,0.3008122146129608,0.0,416.8280029296875,0.5943622589111328,0.6320674419403076,0.42891639471054077,0.10811781138181686,31.465993881225586,0.3701825737953186,13.025875091552734,0.3508814573287964,0.7578494548797607,0.19658103585243225,0.2404462695121765,0.0,548.6397094726562,0.4219743311405182,0.5006422996520996,0.2977905571460724,0.07849758863449097,83.57029724121094,0.36749327182769775,7.727319240570068,0.22442913055419922,0.4664495885372162,0.1806333065032959,0.20519676804542542,0.0,397.1504211425781,0.33382371068000793,0.3415248990058899,0.033635463565588,0.06469009816646576,58.794410705566406,0.36069318652153015,10.183343887329102,0.27666717767715454,0.5122140049934387,0.2541581988334656,0.2541581988334656,0.0,261.5244140625,0.42132335901260376,0.42769020795822144,0.17607812583446503,0.0867450088262558,22.462818145751953,0.3347400426864624,15.3837890625,0.5037544369697571,0.8476210236549377,0.35221564769744873,0.35221564769744873,0.0,450.0827331542969,0.5843942165374756,0.6848101019859314,0.12826979160308838,0.14451749622821808,74.59020233154297,0.34894734621047974,21.432510375976562,0.686137318611145,1.3050073385238647
2019,2,26.857696277929886,102.84816249999217,3914.519,1964.0,13.880365371704102,53.873355865478516,21.361576080322266,34.7957763671875,1.2901939153671265,6.003735542297363,44.77903366088867,0.3020768165588379,0.31590214371681213,0.0,313.78643798828125,0.22281266748905182,0.23918484151363373,-0.132938951253891,0.04238097369670868,32.830162048339844,0.3964657485485077,9.805826187133789,0.4043753445148468,0.6749739050865173,0.23978233337402344,0.2527121603488922,7.873738765716553,535.4208984375,0.13659445941448212,0.21782507002353668,-0.1540229171514511,0.021495874971151352,76.24346923828125,0.3522810637950897,7.430241584777832,0.42979252338409424,0.94318687915802,0.22557902336120605,0.22833889722824097,0.0,423.8857727050781,0.1206064522266388,0.15054062008857727,-0.1260785609483719,0.022858230397105217,29.728200912475586,0.2687801718711853,10.868865966796875,0.7329544425010681,1.1769280433654785,0.23511818051338196,0.23511818051338196,0.0,226.11538696289062,0.12190430611371994,0.12714004516601562,-0.10377147793769836,0.02552972361445427,43.325225830078125,0.2921062409877777,13.300905227661133,0.8067420721054077,1.4469709396362305,0.258002370595932,0.258002370595932,0.0,388.8721618652344,0.11869511008262634,0.2604316473007202,-0.09031764417886734,0.02645714022219181,35.601104736328125,0.2766137421131134,18.51772117614746,1.182702660560608,1.8851404190063477
2019,2,29.35106060027784,104.91033620957295,3931.9697,304.0,2.976318359375,159.07192993164062,26.618125915527344,30.754161834716797,1.2887420654296875,6.413546562194824,30.06131935119629,0.26619914174079895,0.29266175627708435,0.0,421.2546691894531,0.5421139001846313,0.5809803605079651,0.4318186938762665,0.10509395599365234,29.00135612487793,0.3681471347808838,13.16420841217041,0.37510159611701965,0.7998058795928955,0.20263046026229858,0.23914735019207,0.0,559.103515625,0.3888646364212036,0.4832571744918823,0.3003033697605133,0.08317819982767105,69.67598724365234,0.36397597193717957,7.874697208404541,0.24445684254169464,0.5163186192512512,0.20201978087425232,0.22807863354682922,0.0,404.2083740234375,0.29807397723197937,0.29807397723197937,0.18240045011043549,0.0632811039686203,53.33677291870117,0.3535410165786743,10.364317893981934,0.3029687702655792,0.5396260023117065,0.26968351006507874,0.26968351006507874,0.0,262.84033203125,0.3975678086280823,0.3975678086280823,0.19233837723731995,0.08909494429826736,24.076852798461914,0.3372010886669159,15.461195945739746,0.5257887840270996,0.8962777853012085,0.3475480079650879,0.3475480079650879,0.0,451.9541320800781,0.4722638726234436,0.5377228856086731,0.19673801958560944,0.11594077944755554,87.54530334472656,0.35234561562538147,21.521625518798828,0.7078551054000854,1.3223787546157837
2019,2,31.37550139674438,104.33469301817941,3958.6804,564.0,3.2555136680603027,270.0,29.848257064819336,27.380903244018555,1.2627532482147217,6.997422695159912,29.72262954711914,0.2632656395435333,0.2776963412761688,0.6725566983222961,327.923095703125,0.5187830328941345,0.5260521769523621,0.40422365069389343,0.10904979705810547,41.7979850769043,0.36435627937316895,10.226579666137695,0.3306790292263031,0.7197200655937195,0.24475598335266113,0.28051653504371643,23.814104080200195,333.3222961425781,0.4206750988960266,0.5349675416946411,0.276117742061615,0.08548411726951599,84.78446960449219,0.36823591589927673,4.3592705726623535,0.21076852083206177,0.44298309087753296,0.26427900791168213,0.27601760625839233,3.4901373386383057,271.45068359375,0.3428766131401062,0.4571521580219269,0.1341393142938614,0.06754668802022934,71.03939819335938,0.36239364743232727,6.870782852172852,0.2523312568664551,0.5158281326293945,0.31885993480682373,0.31885993480682373,0.0,215.49363708496094,0.08485782146453857,0.08485783636569977,0.10062610357999802,0.020883509889245033,19.69566535949707,0.32100558280944824,12.67609691619873,0.5020653009414673,0.8368287682533264,0.40402960777282715,0.40402960777282715,0.0,395.5478820800781,0.16649915277957916,0.1739480048418045,0.001438011764548719,0.028987502679228783,91.76394653320312,0.33732539415359497,18.835613250732422,0.6308313012123108,1.2727956771850586
2019,2,28.90800877870851,105.70426577483583,3960.6436,297.0,3.704791784286499,180.0,30.869232177734375,25.901405334472656,1.2599999904632568,5.963281631469727,37.59779739379883,0.26982253789901733,0.3028266131877899,0.0,417.5936584472656,0.5996885895729065,0.646356463432312,0.45616695284843445,0.10821863263845444,39.709957122802734,0.37970495223999023,13.04980182647705,0.33312326669692993,0.7123422026634216,0.1820906698703766,0.22181910276412964,0.04852328076958656,572.685546875,0.3842005133628845,0.394755482673645,0.013140230439603329,0.07555461674928665,75.0188980102539,0.3720614016056061,8.065309524536133,0.2334987074136734,0.47829920053482056,0.1812208741903305,0.20767611265182495,0.0,408.2424011230469,0.4396584630012512,0.5916615724563599,0.08423825353384018,0.09962017834186554,53.32430648803711,0.3619110584259033,10.467753410339355,0.2971855103969574,0.5413658022880554,0.2641761600971222,0.2641761600971222,0.0,259.698974609375,0.5423622131347656,0.5538418889045715,0.13204649090766907,0.14266857504844666,33.876956939697266,0.3520086407661438,15.276410102844238,0.4792557954788208,0.8554105758666992,0.36012789607048035,0.36012789607048035,0.0,448.61981201171875,0.5146065354347229,0.5808671712875366,0.16912537813186646,0.12681236863136292,73.95860290527344,0.3575054407119751,21.36284828186035,0.6764860153198242,1.3579702377319336
2019,2,31.35098080005148,104.61443026366628,4000.523,515.0,1.4279088973999023,130.49716186523438,26.978910446166992,26.20694351196289,1.2401102781295776,6.900000095367432,32.027565002441406,0.27646419405937195,0.28966641426086426,0.0,370.0066223144531,0.5304316878318787,0.5391132831573486,0.4133419692516327,0.11231740564107895,33.92646789550781,0.3551638126373291,11.56270694732666,0.369758665561676,0.8019042611122131,0.25852876901626587,0.29579800367355347,0.0,400.3996276855469,0.3076643943786621,0.3076643645763397,0.04956270381808281,0.05537959188222885,80.7419204711914,0.36386290192604065,5.639431476593018,0.2336493283510208,0.49144378304481506,0.2774105370044708,0.2965410649776459,0.0,320.6040344238281,0.29677197337150574,0.3213716149330139,0.07914501428604126,0.05325127765536308,61.41132354736328,0.35365599393844604,8.220616340637207,0.2863907516002655,0.569793701171875,0.3291403353214264,0.3291403353214264,0.0,240.14747619628906,0.39528024196624756,0.39528024196624756,0.11732284724712372,0.05609026923775673,12.408258438110352,0.3046339452266693,14.126321792602539,0.5673157572746277,0.9270538091659546,0.4211231470108032,0.4211231470108032,0.0,423.9033508300781,0.5179979205131531,0.5179979205131531,0.1954643428325653,0.11468473821878433,86.83230590820312,0.32581305503845215,20.18587303161621,0.709380567073822,1.4064044952392578
2019,2,29.2629353861586,103.85795714725236,4008.2188,334.0,1.0630453824996948,270.0,29.294023513793945,29.87491798400879,1.2305850982666016,6.050659656524658,38.53156280517578,0.2809450328350067,0.31324172019958496,0.0,375.1613464355469,0.6059219241142273,0.630974531173706,0.45003262162208557,0.11480921506881714,49.825355529785156,0.4015636742115021,11.72379207611084,0.30575135350227356,0.681154191493988,0.22320501506328583,0.26635807752609253,2.023026943206787,430.8083190917969,0.22509437799453735,0.22509439289569855,0.08515563607215881,0.047472402453422546,106.14311981201172,0.4003334641456604,6.039229869842529,0.1895604133605957,0.40627795457839966,0.19523225724697113,0.21109332144260406,0.0,332.1439514160156,0.5352331399917603,0.561634361743927,0.1510545015335083,0.1284729391336441,74.36463165283203,0.39367538690567017,8.516510963439941,0.231625497341156,0.46256744861602783,0.2846192717552185,0.2846192717552185,0.0,237.6913604736328,0.4333396553993225,0.567466676235199,0.16815979778766632,0.12535379827022552,28.893739700317383,0.36678391695022583,13.981844902038574,0.44506677985191345,0.7997708916664124,0.3514330983161926,0.3514330983161926,0.0,418.38604736328125,0.567152738571167,0.663027286529541,0.17423808574676514,0.1737188845872879,105.45514678955078,0.38494858145713806,19.923145294189453,0.5663144588470459,1.0420951843261719
2019,2,31.432635858542174,104.51390874861846,4018.804,542.0,0.9274099469184875,180.0,31.700000762939453,24.100000381469727,1.25130295753479,7.0,74.14535522460938,0.2766801416873932,0.28841641545295715,0.0,362.4858703613281,0.520413339138031,0.5251747369766235,0.40599489212036133,0.11200276017189026,35.37056350708008,0.35959258675575256,11.327683448791504,0.35766467452049255,0.7800434827804565,0.25942516326904297,0.30142882466316223,0.0,379.5302734375,0.4717177152633667,0.5069723725318909,0.3655368387699127,0.09833049029111862,84.5392837524414,0.3676643371582031,5.345496654510498,0.22406935691833496,0.45837560296058655,0.28426504135131836,0.2987867593765259,0.0,308.6868591308594,0.4680582880973816,0.5175027251243591,0.3826788365840912,0.11379300057888031,65.92854309082031,0.35993170738220215,7.9150471687316895,0.2741847038269043,0.5461875200271606,0.33375126123428345,0.33375126123428345,0.0,236.46163940429688,0.06427502632141113,0.06427503377199173,-0.06438897550106049,0.002288190880790353,12.802102088928223,0.30867770314216614,13.90950870513916,0.555465817451477,0.9053824543952942,0.42345213890075684,0.42345213890075684,0.0,418.635986328125,0.6660057306289673,0.6660057306289673,0.5360550284385681,0.1905331313610077,86.92487335205078,0.3285684585571289,19.935047149658203,0.6886007785797119,1.3882697820663452
2019,2,30.025067101809352,104.93216350922958,4021.9548,422.0,6.464860916137695,-0.0,17.39519500732422,31.657207489013672,1.2799999713897705,7.199999809265137,38.83540725708008,0.27374815940856934,0.30112919211387634,0.0,417.10498046875,0.5445885062217712,0.5777249336242676,0.42715805768966675,0.11140891164541245,27.94776153564453,0.35294100642204285,13.034530639648438,0.4013786315917969,0.8453396558761597,0.23674219846725464,0.26319658756256104,0.0,539.3375244140625,0.33306485414505005,0.33306485414505005,-0.029325513169169426,0.05512223392724991,63.61091232299805,0.35325953364372253,7.5963029861450195,0.26005423069000244,0.5721965432167053,0.2359028160572052,0.253634512424469,0.0,396.3546447753906,0.3700973689556122,0.42520055174827576,-0.06074397265911102,0.0588298961520195,46.286163330078125,0.3361911475658417,10.16294002532959,0.32563918828964233,0.6030200719833374,0.3000822365283966,0.3000822365283966,0.0,261.163818359375,0.33019891381263733,0.33019891381263733,-0.03666841611266136,0.06072358042001724,19.28058624267578,0.31542980670928955,15.362577438354492,0.5633400082588196,0.9487429857254028,0.3715721666812897,0.3715721666812897,0.0,452.8273010253906,0.36870747804641724,0.4078144133090973,-0.029326725751161575,0.07418394088745117,87.25289916992188,0.3315921425819397,21.563203811645508,0.7644901871681213,1.3986461162567139
2019,2,30.045275747783563,104.89551415767131,4021.9548,403.0,4.2436299324035645,229.1195526123047,20.31167221069336,30.310029983520508,1.2699999809265137,7.426478862762451,37.25654220581055,0.27406322956085205,0.30154797434806824,0.0,416.7454833984375,0.5453113913536072,0.5782195329666138,0.42697519063949585,0.11168427020311356,27.655183792114258,0.3522394001483917,13.023296356201172,0.40248364210128784,0.8472564220428467,0.23796269297599792,0.2641039490699768,0.0,536.7412719726562,0.43689408898353577,0.5060932040214539,0.3453117311000824,0.09497790783643723,63.646087646484375,0.35289672017097473,7.559736251831055,0.2597392201423645,0.5719352960586548,0.2369338423013687,0.2543344795703888,0.0,395.0213623046875,0.4387962222099304,0.4576178789138794,0.3368520438671112,0.09451083838939667,46.52132797241211,0.3361380100250244,10.128752708435059,0.3248836398124695,0.6048765182495117,0.30105745792388916,0.30105745792388916,0.0,261.1104736328125,0.5254880785942078,0.5254880785942078,0.38389450311660767,0.11942697316408157,18.802936553955078,0.3143370449542999,15.359439849853516,0.5653285384178162,0.947629451751709,0.3725394010543823,0.3725394010543823,0.0,452.8312683105469,0.5933484435081482,0.5933484435081482,0.4426039755344391,0.15920521318912506,86.38958740234375,0.330173522233963,21.563392639160156,0.7673225998878479,1.4056358337402344
2019,2,28.940350638649157,105.78565328726333,4030.4163,266.0,5.3640360832214355,260.0723876953125,31.34531021118164,25.800458908081055,1.2222027778625488,5.980569839477539,37.744590759277344,0.2692812979221344,0.3031342327594757,0.0,414.1103210449219,0.5950829386711121,0.6448546051979065,0.4546812176704407,0.10817695409059525,42.99763107299805,0.3846229910850525,12.940947532653809,0.32628747820854187,0.7128340005874634,0.17801852524280548,0.22251349687576294,0.06413102895021439,564.594970703125,0.11853089928627014,0.11853088438510895,0.19856888055801392,0.01588314026594162,75.31556701660156,0.376936674118042,7.951138973236084,0.23142963647842407,0.47054654359817505,0.18276824057102203,0.20920662581920624,0.0,402.9385070800781,0.09952980279922485,0.09952978044748306,0.21894006431102753,0.01396403182297945,53.70272445678711,0.3666238486766815,10.331756591796875,0.29679396748542786,0.5438473224639893,0.26661384105682373,0.26661384105682373,0.0,257.02716064453125,0.1859903484582901,0.1859903335571289,0.31341955065727234,0.02739637903869152,38.3071403503418,0.3605397045612335,15.119244575500488,0.46764612197875977,0.8547534942626953,0.36335670948028564,0.36335670948028564,0.0,444.8475646972656,0.27110767364501953,0.3354988396167755,0.1868041455745697,0.04448877274990082,77.34114074707031,0.3653143644332886,21.183218002319336,0.6585752367973328,1.3318809270858765
2019,2,30.270843833673183,104.90251940542628,4035.09,403.0,7.393919944763184,240.06809997558594,23.862150192260742,27.914636611938477,1.2675104141235352,7.557480335235596,31.122718811035156,0.2776314616203308,0.30629053711891174,0.0,414.47540283203125,0.5534979701042175,0.5838202834129333,0.4249042868614197,0.11480254679918289,27.5007266998291,0.3458847105503082,12.952356338500977,0.4105629026889801,0.8606360554695129,0.2517838776111603,0.27437952160835266,0.0,527.2590942382812,0.24179555475711823,0.24179555475711823,-0.011411411687731743,0.03979954868555069,62.76885223388672,0.34861353039741516,7.426184177398682,0.2638988792896271,0.589592456817627,0.24860958755016327,0.2622613310813904,0.0,390.9341125488281,0.17580008506774902,0.21466395258903503,0.027657244354486465,0.025581886991858482,44.16516876220703,0.3294996917247772,10.023951530456543,0.33131569623947144,0.6288788914680481,0.3121008574962616,0.3121008574962616,0.0,260.2772216796875,0.540686845779419,0.540686845779419,0.38836008310317993,0.12556803226470947,16.51917839050293,0.30457180738449097,15.310425758361816,0.5786678791046143,0.9636282324790955,0.38349246978759766,0.38349246978759766,0.0,453.0618896484375,0.3512987196445465,0.37786445021629333,0.11551864445209503,0.07310526818037033,84.36588287353516,0.32059112191200256,21.57437515258789,0.7893413305282593,1.4381111860275269
2019,2,29.600074639506474,105.32373946823792,4039.715,334.0,7.674315452575684,343.9587707519531,26.35559844970703,28.091291427612305,1.25,7.0426554679870605,33.814781188964844,0.26703324913978577,0.2922043204307556,0.0,422.4373474121094,0.529182493686676,0.56718510389328,0.4310551583766937,0.10554075241088867,30.365829467773438,0.36287158727645874,13.201167106628418,0.38077354431152344,0.7980356216430664,0.21073263883590698,0.2438593953847885,0.0,574.9105834960938,0.2760213017463684,0.2760213017463684,0.19256308674812317,0.04957342520356178,62.225162506103516,0.35668835043907166,8.097332000732422,0.25886595249176025,0.5612310767173767,0.2139306664466858,0.2387172430753708,0.0,414.15289306640625,0.42659032344818115,0.5745706558227539,0.2562792897224426,0.10479533672332764,46.02882385253906,0.3403218388557434,10.619304656982422,0.32884401082992554,0.5754148364067078,0.27930009365081787,0.27930009365081787,0.0,262.59820556640625,0.3002699017524719,0.3002699017524719,0.1090647429227829,0.05786200985312462,27.251625061035156,0.33604907989501953,15.446952819824219,0.5315883159637451,0.9420885443687439,0.35096001625061035,0.35096001625061035,0.0,453.15997314453125,0.3745943307876587,0.5048648715019226,0.12433478236198425,0.11106722056865692,95.48007202148438,0.35210373997688293,21.57904624938965,0.7230938673019409,1.3310847282409668
2019,2,31.502434167331767,104.42497643720853,4043.661,558.0,1.4292430877685547,49.54851531982422,30.252548217773438,25.5577335357666,1.2527368068695068,6.825071811676025,37.539817810058594,0.2688865065574646,0.2801511883735657,0.5256146192550659,339.1391906738281,0.514687180519104,0.5183020234107971,0.4025944173336029,0.10977061092853546,39.862552642822266,0.36474835872650146,10.581673622131348,0.3369212746620178,0.739851713180542,0.25118398666381836,0.29252803325653076,13.496135711669922,343.00128173828125,0.642220139503479,0.7976084351539612,0.4514453411102295,0.2590963840484619,86.96385955810547,0.37085485458374023,4.6409173011779785,0.21326030790805817,0.43572133779525757,0.276897668838501,0.2899586260318756,2.1555638313293457,281.9346923828125,0.5558291077613831,0.5904157161712646,0.3077150583267212,0.22925841808319092,70.59333801269531,0.3648706376552582,7.173823833465576,0.25741812586784363,0.5169427394866943,0.3270884156227112,0.3270884156227112,0.02162398397922516,222.8271484375,0.14437420666217804,0.16619718074798584,-0.0944792777299881,0.03401986137032509,16.427780151367188,0.31710484623908997,13.106206893920898,0.5224819183349609,0.8641636967658997,0.4166643023490906,0.4166643023490906,0.0,402.68743896484375,0.3128972053527832,0.3404548466205597,-0.054388780146837234,0.05494474992156029,90.63776397705078,0.3358760178089142,19.17559242248535,0.6439477801322937,1.3118184804916382
2019,2,30.06629595014951,104.89793544954334,4067.2742,427.0,5.942050933837891,201.06454467773438,17.28887367248535,30.154605865478516,1.2699999809265137,7.503855228424072,36.26370620727539,0.2743953764438629,0.3019894063472748,0.0,416.54150390625,0.5460733771324158,0.5787408351898193,0.42678242921829224,0.11197451502084732,27.653738021850586,0.35165324807167053,13.016921997070312,0.40321657061576843,0.8484614491462708,0.23924915492534637,0.2650603950023651,0.0,535.9418334960938,0.19049794971942902,0.19049794971942902,0.003465538378804922,0.02482188306748867,63.55839157104492,0.35249564051628113,7.548476696014404,0.26015856862068176,0.5736663341522217,0.23802059888839722,0.25507229566574097,0.0,394.68701171875,0.2048596739768982,0.204859659075737,-0.017088156193494797,0.029458822682499886,46.28097915649414,0.335493803024292,10.120180130004883,0.32554566860198975,0.6071287393569946,0.30208534002304077,0.30208534002304077,0.0,261.031982421875,0.3170539438724518,0.3170539438724518,-0.01560200471431017,0.053011417388916016,18.6037540435791,0.3134389817714691,15.354823112487793,0.5665324330329895,0.9492372870445251,0.3735588788986206,0.3735588788986206,0.0,452.8537292480469,0.3056650757789612,0.32924631237983704,-0.023731868714094162,0.05880231037735939,86.23265838623047,0.3293074071407318,21.564462661743164,0.7693334817886353,1.4084769487380981
2019,2,31.163408714238283,104.00887542240622,4072.2346,595.0,1.4262694120407104,130.55345153808594,25.367109298706055,24.986730575561523,1.2057994604110718,6.753658294677734,38.421348571777344,0.24991737306118011,0.27057698369026184,1.5132807493209839,286.52734375,0.5251390337944031,0.538670539855957,0.40689846873283386,0.10672689974308014,49.91463851928711,0.36840081214904785,8.906688690185547,0.2972729206085205,0.634976863861084,0.2257983684539795,0.2497331202030182,53.666969299316406,279.4761962890625,0.2767558693885803,0.4863617420196533,-0.08232802897691727,0.04918694868683815,83.16944885253906,0.3659287095069885,3.1804115772247314,0.19399599730968475,0.43401986360549927,0.23003703355789185,0.23957230150699615,7.852954864501953,227.6411895751953,0.2271626889705658,0.24948209524154663,-0.07962880283594131,0.04320692643523216,76.15229034423828,0.3618347942829132,5.635595798492432,0.22501817345619202,0.4898473620414734,0.2989898920059204,0.2989898920059204,0.0,190.07833862304688,0.24629288911819458,0.2622433006763458,-0.025459805503487587,0.060592230409383774,29.5283203125,0.3346945345401764,11.181078910827637,0.43092694878578186,0.7470422387123108,0.3714638650417328,0.3714638650417328,0.0,368.03863525390625,0.2692180573940277,0.32051005959510803,0.004462652374058962,0.06920279562473297,99.28498077392578,0.34699171781539917,17.52564811706543,0.5605372786521912,1.1165727376937866
2019,2,31.020846794458564,104.38535732434866,4079.277,470.0,1.0821497440338135,270.0,22.793729782104492,32.956111907958984,1.2774163484573364,6.9939656257629395,36.01820755004883,0.27418115735054016,0.2946370542049408,0.2775440216064453,365.462890625,0.5371288657188416,0.5521430969238281,0.41255059838294983,0.11347305774688721,33.80283737182617,0.3519708812236786,11.412042617797852,0.368901789188385,0.7812350988388062,0.25556570291519165,0.2854897379875183,9.860276222229004,402.86346435546875,0.3244236707687378,0.3244236409664154,0.05397501215338707,0.0643007755279541,75.7395248413086,0.35689643025398254,5.5352559089660645,0.23062999546527863,0.500868558883667,0.26439929008483887,0.27605879306793213,1.4402751922607422,317.7033996582031,0.33208489418029785,0.35446861386299133,0.090688057243824,0.07305588573217392,60.98318099975586,0.34771350026130676,8.1093111038208,0.28227296471595764,0.5796485543251038,0.32377728819847107,0.32377728819847107,0.0,236.266845703125,0.3454442322254181,0.3454442322254181,0.09241761267185211,0.08187028765678406,15.832244873046875,0.3073650598526001,13.898050308227539,0.5479884147644043,0.8888490200042725,0.40186142921447754,0.40186142921447754,0.0,421.9488220214844,0.3290574252605438,0.3290574550628662,0.054424770176410675,0.07841438055038452,83.91885375976562,0.3217620253562927,20.092802047729492,0.7157018780708313,1.395573377609253
2019,2,31.06531295016352,104.29804366662114,4080.932,479.0,2.1468722820281982,149.7271728515625,23.335493087768555,30.762083053588867,1.2699999809265137,6.947951316833496,33.99431610107422,0.2693890929222107,0.2896038889884949,0.5304401516914368,348.008544921875,0.534051775932312,0.5483191609382629,0.41120076179504395,0.11203964799642563,37.470916748046875,0.3559635281562805,10.858691215515137,0.3522506356239319,0.7476414442062378,0.2492629736661911,0.27834612131118774,18.83267593383789,374.29510498046875,0.539618730545044,0.7009981870651245,0.2637108862400055,0.16665750741958618,77.81602478027344,0.35933446884155273,5.0065131187438965,0.22194154560565948,0.4837697446346283,0.2573661208152771,0.2687346935272217,2.752643585205078,297.4226379394531,0.5620229244232178,0.5859412550926208,0.2548869252204895,0.18400630354881287,64.59616088867188,0.3513551354408264,7.555640697479248,0.26893025636672974,0.5585131049156189,0.3189793825149536,0.3189793825149536,0.0,226.16488647460938,0.3931231200695038,0.4413580298423767,0.0477842316031456,0.10799754410982132,18.77469825744629,0.3133579194545746,13.303816795349121,0.5220827460289001,0.8578718900680542,0.39576900005340576,0.39576900005340576,0.0,409.95623779296875,0.36592334508895874,0.3890227675437927,-0.018555346876382828,0.09006955474615097,87.61970520019531,0.3276463449001312,19.521724700927734,0.679732084274292,1.3323932886123657
2019,2,31.07286220824701,104.32957397017007,4080.932,478.0,0.9274099469184875,180.0,23.748388290405273,28.638383865356445,1.25,6.900000095367432,36.59473419189453,0.27061545848846436,0.2904835641384125,0.45386573672294617,352.4610900878906,0.5339822769165039,0.5479770302772522,0.4111577868461609,0.11231633275747299,36.551170349121094,0.35523974895477295,11.000226020812988,0.3562638461589813,0.7568599581718445,0.25108543038368225,0.28095677495002747,16.112319946289062,380.9123840332031,0.2968188226222992,0.31138789653778076,-0.05794630944728851,0.06884786486625671,77.6416244506836,0.3591744899749756,5.138029098510742,0.2240280956029892,0.4864676892757416,0.26025521755218506,0.27176180481910706,2.355271577835083,302.38232421875,0.21445152163505554,0.2656700909137726,-0.036232367157936096,0.060967106372117996,63.855289459228516,0.3509470522403717,7.6930012702941895,0.27219149470329285,0.5625171065330505,0.3206363916397095,0.3206363916397095,0.0,228.8175506591797,0.10706748068332672,0.11291193962097168,-0.08936616033315659,0.02233932539820671,17.844772338867188,0.31187760829925537,13.459856033325195,0.5293741822242737,0.8668257594108582,0.3984418511390686,0.3984418511390686,0.0,412.9671630859375,0.08481408655643463,0.08637413382530212,-0.1250346451997757,0.019636070355772972,86.69222259521484,0.3263733386993408,19.665103912353516,0.6882482171058655,1.3493059873580933
2019,2,31.03297554932393,103.98246416686666,4100.2036,596.0,3.5209920406341553,142.11618041992188,26.891162872314453,23.886432647705078,1.2101993560791016,6.50490140914917,45.365509033203125,0.2572931945323944,0.28005242347717285,1.2816942930221558,301.72857666015625,0.5327516198158264,0.5485454201698303,0.4108350872993469,0.10906855762004852,47.178123474121094,0.3644232451915741,9.388964653015137,0.3092005252838135,0.6515880823135376,0.2310222089290619,0.253492534160614,45.52589416503906,302.8595275878906,0.4059366285800934,0.45570388436317444,0.1287367343902588,0.09470133483409882,80.75807189941406,0.3623274564743042,3.624417543411255,0.19935855269432068,0.45011645555496216,0.2299501597881317,0.24020053446292877,6.651170253753662,245.07334899902344,0.35564732551574707,0.412740558385849,0.08408020436763763,0.08663242310285568,72.91424560546875,0.35712140798568726,6.113389015197754,0.23400823771953583,0.5129511952400208,0.3033066391944885,0.3033066391944885,0.0,198.854736328125,0.26635318994522095,0.28088846802711487,-5.8902328601107E-4,0.06358059495687485,28.019704818725586,0.32877522706985474,11.69733715057373,0.4475060701370239,0.7671313285827637,0.3707156777381897,0.3707156777381897,0.0,378.4922790527344,0.20815154910087585,0.2126796841621399,-0.06963802874088287,0.04340643808245659,97.63056182861328,0.34163329005241394,18.023441314697266,0.5881578326225281,1.1563689708709717
2019,2,31.13215041585363,107.29077825684345,4101.67,368.0,3.2471606731414795,90.0,28.60162925720215,28.782562255859375,1.285652995109558,6.498753070831299,36.86147689819336,0.30396872758865356,0.3288397789001465,0.0,385.59552001953125,0.5782226920127869,0.6523574590682983,0.44460344314575195,0.13237562775611877,76.72471618652344,0.4027401804924011,12.049860000610352,0.27847129106521606,0.7572034001350403,0.16860929131507874,0.20259058475494385,0.0,475.9326477050781,0.2566218078136444,0.2566218078136444,0.26100218296051025,0.03713317587971687,92.97384643554688,0.4031921327114105,6.703276634216309,0.20457875728607178,0.4217779040336609,0.19779609143733978,0.2623789310455322,0.0,355.6346435546875,0.33864933252334595,0.37855249643325806,0.0863080695271492,0.056865185499191284,29.60213851928711,0.3727298378944397,9.118837356567383,0.32218092679977417,0.5794552564620972,0.2735021710395813,0.2735021710395813,0.0,227.7134246826172,0.35515889525413513,0.3825995922088623,0.07682596892118454,0.05364561080932617,70.72935485839844,0.40068235993385315,13.39490795135498,0.3781396448612213,0.8080436587333679,0.4542728364467621,0.4542728364467621,0.0,425.40606689453125,0.42347949743270874,0.6393851041793823,0.1741986870765686,0.11502698063850403,95.07703399658203,0.3887307941913605,20.257431030273438,0.5972381234169006,1.0888653993606567
2019,2,31.263662683222893,104.50258709104376,4104.7974,521.0,2.3586723804473877,113.14152526855469,27.300273895263672,26.900548934936523,1.282796859741211,7.0,28.639524459838867,0.2775702178478241,0.29259994626045227,0.0,370.71002197265625,0.5272643566131592,0.535987913608551,0.40844622254371643,0.11310374736785889,33.24346923828125,0.35522767901420593,11.584688186645508,0.36862701177597046,0.7944623827934265,0.2607269287109375,0.298838347196579,0.0,399.7906799316406,0.1873917430639267,0.1873917579650879,-0.12573324143886566,0.032118942588567734,80.49333953857422,0.36276108026504517,5.630854606628418,0.22992175817489624,0.48012593388557434,0.28043287992477417,0.29360124468803406,0.0,320.24127197265625,0.20568743348121643,0.21830730140209198,-0.12213344126939774,0.03491852805018425,62.7279052734375,0.3540930449962616,8.21131420135498,0.2825172543525696,0.5664789080619812,0.33223146200180054,0.33223146200180054,0.0,240.51190185546875,0.2806038558483124,0.28060388565063477,-0.055663131177425385,0.054745811969041824,12.67514419555664,0.3059017062187195,14.147759437561035,0.5633293986320496,0.9113867282867432,0.4182056486606598,0.4182056486606598,0.0,424.7706604003906,0.2507608234882355,0.2507607936859131,-0.06739276647567749,0.0515313521027565,84.06513977050781,0.3235803544521332,20.227174758911133,0.7135993242263794,1.4181112051010132
2019,2,30.973954887780526,103.77037148436057,4129.525,635.0,1.4246320724487305,130.60984802246094,25.971040725708008,23.175249099731445,1.190000057220459,6.687239170074463,40.99327850341797,0.25411733984947205,0.278958797454834,1.605879545211792,280.25830078125,0.534777820110321,0.5518988370895386,0.41225582361221313,0.10840394347906113,52.05000686645508,0.3683525621891022,8.707887649536133,0.28696903586387634,0.5982750654220581,0.2226385623216629,0.24112209677696228,57.09842300415039,267.7081298828125,0.10064586997032166,0.5109911561012268,0.17471784353256226,0.029237568378448486,82.12881469726562,0.36319682002067566,2.9663338661193848,0.1870393604040146,0.43324804306030273,0.21394458413124084,0.22410985827445984,8.333483695983887,220.33334350585938,0.4470166265964508,0.6560212969779968,0.15604066848754883,0.09919299185276031,76.9395980834961,0.359305739402771,5.435894012451172,0.21562500298023224,0.4935687780380249,0.29670554399490356,0.29670554399490356,0.0,186.26736450195312,0.22036874294281006,0.2510760426521301,0.0746268779039383,0.03738917037844658,32.8747444152832,0.33545953035354614,10.956903457641602,0.40925857424736023,0.7211777567863464,0.35595703125,0.35595703125,0.0,363.83935546875,0.2800261080265045,0.29362252354621887,0.01343668345361948,0.05491311848163605,103.48709869384766,0.34824225306510925,17.32568359375,0.5420011878013611,1.0641870498657227
2019,2,30.212362723357234,104.90952465318124,4130.3496,406.0,1.418217420578003,310.83251953125,19.84431266784668,25.539533615112305,1.2599999904632568,7.308838844299316,35.11293029785156,0.27670320868492126,0.3050568103790283,0.0,415.1084899902344,0.5513682961463928,0.5823632478713989,0.42544302344322205,0.11399134248495102,27.613544464111328,0.3475969433784485,12.972140312194824,0.4083767235279083,0.8570839762687683,0.24818839132785797,0.27170640230178833,0.0,530.1524658203125,0.5457805395126343,0.5457805395126343,0.24417933821678162,0.17645084857940674,62.983551025390625,0.3497565686702728,7.4669365882873535,0.2629840075969696,0.5854122638702393,0.24557222425937653,0.2601992189884186,0.0,392.2310485839844,0.5190810561180115,0.5791583061218262,0.2515794634819031,0.1568211019039154,44.67221450805664,0.33111900091171265,10.057206153869629,0.3299492299556732,0.6225903034210205,0.30922797322273254,0.30922797322273254,0.0,260.48858642578125,0.5252124667167664,0.5252124667167664,0.27401798963546753,0.1413871943950653,17.173751831054688,0.3071686327457428,15.322856903076172,0.5749900341033936,0.9600936770439148,0.3806430995464325,0.3806430995464325,0.0,453.0014953613281,0.4014308452606201,0.4026685059070587,0.11300506442785263,0.07077226042747498,85.0764389038086,0.32324668765068054,21.571500778198242,0.7833325862884521,1.4284080266952515
2019,2,30.25575423570831,104.6815352754196,4154.9043,413.0,1.4185775518417358,130.81993103027344,19.8016300201416,29.717296600341797,1.2839970588684082,7.151562690734863,25.18121337890625,0.27739301323890686,0.305973619222641,0.0,413.5009460449219,0.552950918674469,0.5834459662437439,0.42504268884658813,0.11459416151046753,25.610309600830078,0.34449195861816406,12.921904563903809,0.41202089190483093,0.8601679801940918,0.2508602738380432,0.2736928462982178,0.0,517.1046142578125,0.2988835871219635,0.2988835871219635,-0.025837309658527374,0.06085269898176193,62.990699768066406,0.34775203466415405,7.283163070678711,0.25936999917030334,0.5783328413963318,0.2478293478488922,0.2617316246032715,0.0,385.3281555175781,0.3060603737831116,0.3348480463027954,-0.06116589531302452,0.07051010429859161,46.979026794433594,0.3323833644390106,9.880208969116211,0.323314368724823,0.6298003792762756,0.3113628625869751,0.3113628625869751,0.0,260.47662353515625,0.466749906539917,0.4667499363422394,0.10307583212852478,0.10963955521583557,15.226512908935547,0.30378881096839905,15.322153091430664,0.5831707715988159,0.9465060234069824,0.38276049494743347,0.38276049494743347,0.0,453.1127624511719,0.1781705915927887,0.18125000596046448,-0.11675664782524109,0.040295280516147614,79.61339569091797,0.3168070316314697,21.576799392700195,0.7958117723464966,1.470965027809143
2019,2,31.15882921745639,107.21424224636212,4164.0835,453.0,10.096575736999512,-0.0,27.247190475463867,28.632823944091797,1.283312201499939,6.319744110107422,36.48492431640625,0.300549179315567,0.3243972063064575,0.0,385.8802185058594,0.5778680443763733,0.6493831872940063,0.44624727964401245,0.130179762840271,75.6711196899414,0.4010531008243561,12.058756828308105,0.2811168134212494,0.7575664520263672,0.1750888228416443,0.20751254260540009,0.0,476.9887390136719,0.3013972043991089,0.3013972043991089,0.08238224685192108,0.07860439270734787,92.26466369628906,0.4016154408454895,6.718151092529297,0.20700788497924805,0.42843911051750183,0.19964343309402466,0.2644263207912445,0.0,356.9676513671875,0.32898250222206116,0.32898250222206116,0.0029102459084242582,0.07369208335876465,28.955585479736328,0.3702690005302429,9.153016090393066,0.3250294327735901,0.5820358395576477,0.27454879879951477,0.27454879879951477,0.0,228.3059844970703,0.4104120135307312,0.4104120135307312,-0.01252236682921648,0.09061896800994873,67.59097290039062,0.3971133828163147,13.429763793945312,0.384219229221344,0.821379542350769,0.4517580270767212,0.4517580270767212,0.0,425.9986267089844,0.6198366284370422,0.6527414917945862,0.17771656811237335,0.20521704852581024,97.6139907836914,0.3868800699710846,20.285648345947266,0.6013813614845276,1.089417815208435
2019,2,31.15640346648331,107.23122250317363,4164.0835,574.0,10.618746757507324,30.29684066772461,28.815847396850586,29.497051239013672,1.2851451635360718,6.424663543701172,38.48823928833008,0.3014375567436218,0.3253309726715088,0.0,385.7193603515625,0.5783270597457886,0.6501052379608154,0.4461692273616791,0.13068854808807373,75.87718200683594,0.4013940691947937,12.053730010986328,0.2805303931236267,0.7571309208869934,0.1737109273672104,0.20654088258743286,0.0,476.5064697265625,0.1037805825471878,0.10378057509660721,0.27592116594314575,0.015452928841114044,92.45780181884766,0.4019615948200226,6.711358547210693,0.20643894374370575,0.42694008350372314,0.19912511110305786,0.2639572322368622,0.0,356.5661926269531,0.3004692494869232,0.39538905024528503,0.034363504499197006,0.06482995301485062,29.079912185668945,0.37077948451042175,9.142723083496094,0.3244163990020752,0.5811527371406555,0.27423614263534546,0.27423614263534546,0.0,228.13648986816406,0.3325735330581665,0.3965148329734802,0.009105078876018524,0.08689313381910324,68.1618881225586,0.39782124757766724,13.419794082641602,0.382935494184494,0.8183441758155823,0.4525211751461029,0.4525211751461029,0.0,425.82916259765625,0.43917733430862427,0.4530487656593323,0.03798844665288925,0.10796152055263519,97.02228546142578,0.38722145557403564,20.27758026123047,0.6005071401596069,1.0891592502593994
2019,2,32.03603249489237,108.22646710369644,4175.851,1136.0,25.46580696105957,74.22118377685547,23.615583419799805,25.577043533325195,1.2078324556350708,6.139577865600586,47.334251403808594,0.2868530750274658,0.3179834485054016,0.0,313.7884521484375,0.5954780578613281,0.6491259336471558,0.3954872190952301,0.12409592419862747,68.24979400634766,0.392567902803421,9.805889129638672,0.2833951711654663,0.7074045538902283,0.1453023999929428,0.19318020343780518,14.001115798950195,286.1002197265625,0.31679922342300415,0.486494243144989,0.2453317791223526,0.061821307986974716,94.3345718383789,0.4004996120929718,3.8323819637298584,0.18723390996456146,0.40019577741622925,0.16572050750255585,0.1957237869501114,3.99440598487854,237.4372100830078,0.35400980710983276,0.400215744972229,-0.07426901161670685,0.07365050166845322,47.57388687133789,0.391807496547699,5.985713005065918,0.26755115389823914,0.5486640930175781,0.24265311658382416,0.24265311658382416,0.0,195.91651916503906,0.4166618883609772,0.5020438432693481,-0.037722278386354446,0.08294850587844849,49.248477935791016,0.3885124921798706,11.524500846862793,0.40216997265815735,0.7744086384773254,0.4706026017665863,0.4706026017665863,0.0,376.37054443359375,0.5925162434577942,0.6654826998710632,0.09032414108514786,0.17103445529937744,68.51009368896484,0.3695305287837982,17.922407150268555,0.5555949211120605,0.9098362326622009
2019,2,29.266440239586604,104.99145171683618,4181.7944,317.0,3.684708833694458,120.18096160888672,35.81068420410156,26.349544525146484,1.2996103763580322,6.10152530670166,32.913246154785156,0.26670753955841064,0.29414692521095276,0.0,421.2585144042969,0.5519630908966064,0.5908065438270569,0.4330421984195709,0.10561347752809525,29.64995765686035,0.3679087460041046,13.164328575134277,0.370191752910614,0.7866271734237671,0.20137032866477966,0.23808537423610687,0.0,562.384765625,0.3936430811882019,0.4850195050239563,0.3008759617805481,0.0820402279496193,71.0404281616211,0.3633297383785248,7.920912265777588,0.24275387823581696,0.5125815272331238,0.19810353219509125,0.22407250106334686,0.0,405.8497009277344,0.2922755777835846,0.2922755777835846,0.13197195529937744,0.054275576025247574,53.252845764160156,0.35289618372917175,10.406402587890625,0.3018147945404053,0.5389748215675354,0.26723241806030273,0.26723241806030273,0.0,262.9273986816406,0.3848375380039215,0.3848375380039215,0.0966266393661499,0.073811836540699,24.30496597290039,0.33673781156539917,15.466317176818848,0.5215234160423279,0.891403317451477,0.34835439920425415,0.34835439920425415,0.0,452.2825012207031,0.6543322205543518,0.7057133913040161,0.21578197181224823,0.16633595526218414,85.25752258300781,0.35125473141670227,21.537261962890625,0.7065933346748352,1.3269612789154053
2019,2,31.541241723799917,104.86397939502135,4207.2227,527.0,5.425074577331543,270.0,-9999.0,-9999.0,-9999.0,-9999.0,-9999.0,0.2720027267932892,0.2822534739971161,1.4795279502868652,361.38330078125,0.5450676679611206,0.5561001896858215,0.42704159021377563,0.11007481813430786,34.57343673706055,0.3527865409851074,11.246992111206055,0.37270671129226685,0.8189387321472168,0.25009626150131226,0.28248539566993713,12.678727149963379,395.08221435546875,0.3860780894756317,0.3860780894756317,0.005666415207087994,0.07879853993654251,77.69193267822266,0.3637066185474396,5.385964870452881,0.24197643995285034,0.526286244392395,0.26199573278427124,0.29726946353912354,3.278491258621216,314.9096984863281,0.29411765933036804,0.29463309049606323,0.006826808210462332,0.052238449454307556,56.8819580078125,0.35080015659332275,7.990543365478516,0.29350340366363525,0.5821311473846436,0.3165873885154724,0.3165873885154724,0.05617096275091171,235.0588836669922,0.4652159810066223,0.4652159512042999,0.16548651456832886,0.10337099432945251,11.873269081115723,0.3018161654472351,13.823688507080078,0.5732482671737671,0.9547669887542725,0.4263511300086975,0.4263511300086975,0.0,417.6957092285156,0.680740475654602,0.680740475654602,0.5463230013847351,0.19365347921848297,92.05062866210938,0.3292502462863922,19.89027214050293,0.6985598206520081,1.3709361553192139
2019,2,28.989396291136003,105.2410053072923,4228.011,262.0,7.8767781257629395,110.5498275756836,34.22507858276367,25.81918716430664,1.2521721124649048,6.160131931304932,30.730100631713867,0.2687559127807617,0.2991458475589752,0.0,423.263916015625,0.5862348079681396,0.6256445050239563,0.4431414306163788,0.10725463181734085,30.893808364868164,0.36725595593452454,13.226997375488281,0.356618195772171,0.7438822388648987,0.1965903490781784,0.23007845878601074,0.0,576.6817016601562,0.40544363856315613,0.486153781414032,0.30632051825523376,0.07723702490329742,74.44200134277344,0.3612857460975647,8.122278213500977,0.23829202353954315,0.4994581341743469,0.1848565936088562,0.2111463099718094,0.0,413.0746154785156,0.5057034492492676,0.6121091246604919,0.10312402248382568,0.11792006343603134,53.15183639526367,0.3513937294483185,10.591656684875488,0.29753947257995605,0.534796416759491,0.260272353887558,0.260272353887558,0.0,264.4332580566406,0.4800741672515869,0.4800741672515869,0.37075120210647583,0.09810993075370789,23.71124267578125,0.33331310749053955,15.554898262023926,0.5114795565605164,0.8698357939720154,0.35091790556907654,0.35091790556907654,0.0,454.94677734375,0.6825445890426636,0.6929482221603394,0.16431786119937897,0.20680776238441467,74.6181411743164,0.34450215101242065,21.664133071899414,0.7100118398666382,1.3682198524475098
2019,2,31.478720667929547,104.80550274380646,4232.236,483.0,3.860229015350342,196.3380126953125,27.169357299804688,27.025897979736328,1.296021819114685,7.101319789886475,34.10785675048828,0.2743992805480957,0.28484106063842773,0.0,371.15484619140625,0.5397042632102966,0.5497117042541504,0.4247662127017975,0.1110166534781456,34.18677520751953,0.35286834836006165,11.598588943481445,0.3764589726924896,0.8223043084144592,0.2542579472064972,0.28832152485847473,0.0,406.62432861328125,0.4782158434391022,0.5073298811912537,0.37626129388809204,0.09646984934806824,79.75318908691406,0.3639694154262543,5.727103233337402,0.24284066259860992,0.5216606855392456,0.2695291042327881,0.30102187395095825,0.0,324.2645263671875,0.4423367977142334,0.5166785717010498,0.3751257359981537,0.10893578082323074,57.990692138671875,0.35097572207450867,8.314475059509277,0.2961980402469635,0.5856234431266785,0.3219371438026428,0.3219371438026428,0.0,240.84498596191406,0.17387303709983826,0.17387305200099945,-0.08857142925262451,0.011093099601566792,11.529220581054688,0.3005957305431366,14.167352676391602,0.579970121383667,0.9593709707260132,0.42553406953811646,0.42553406953811646,0.0,424.27734375,0.6756651997566223,0.6756651997566223,0.5422149896621704,0.19263078272342682,90.56926727294922,0.32768940925598145,20.203683853149414,0.7114761471748352,1.401502013206482
2019,2,31.448537012898772,104.91248995538177,4236.7554,625.0,8.049656867980957,249.91668701171875,23.60755729675293,22.651836395263672,1.2695910930633545,6.876938819885254,40.81559371948242,0.273879736661911,0.2847778797149658,0.0,376.3346252441406,0.547972559928894,0.5607939958572388,0.43167608976364136,0.11098498106002808,33.347068786621094,0.3496226668357849,11.760457038879395,0.38557228446006775,0.8404813408851624,0.25288838148117065,0.28325986862182617,0.0,421.7613525390625,0.14333707094192505,0.14333707094192505,-0.0753905400633812,0.029269428923726082,77.09185028076172,0.3615638017654419,5.940300941467285,0.25093019008636475,0.5491386651992798,0.26359063386917114,0.30036890506744385,0.0,332.917236328125,0.1575750857591629,0.16349810361862183,-0.10397600382566452,0.0329715758562088,54.327392578125,0.346322625875473,8.53633975982666,0.30620047450065613,0.6038137674331665,0.3175944983959198,0.3175944983959198,0.0,243.38560485839844,0.1461397111415863,0.1461397111415863,-0.08055298775434494,0.03644724562764168,11.1443510055542,0.2972460389137268,14.316800117492676,0.5898920893669128,0.9799759984016418,0.4248136579990387,0.4248136579990387,0.0,427.79412841796875,0.14994527399539948,0.14994527399539948,-0.05642867833375931,0.04726275056600571,91.3521499633789,0.32637831568717957,20.37114906311035,0.7251908779144287,1.4112181663513184
2019,2,31.25935073250422,104.99279836535435,4250.8984,408.0,1.427106499671936,49.47530746459961,21.8939208984375,26.370784759521484,1.3073171377182007,7.338142395019531,33.7740592956543,0.2749103903770447,0.2895025312900543,0.0,385.9476623535156,0.5552893280982971,0.5724411010742188,0.4340956211090088,0.112229123711586,31.957212448120117,0.3461434841156006,12.060864448547363,0.39674729108810425,0.8575316071510315,0.25442636013031006,0.2805905044078827,0.0,448.8661193847656,0.5378828644752502,0.5378828644752502,0.1797196865081787,0.1539420634508133,72.82756042480469,0.3572569489479065,6.322057723999023,0.25912928581237793,0.5764749050140381,0.2595639228820801,0.2945494055747986,0.0,348.2080993652344,0.4456404447555542,0.510368287563324,0.11926606297492981,0.11969901621341705,49.696868896484375,0.33921951055526733,8.928413391113281,0.31835833191871643,0.622717559337616,0.31609734892845154,0.31609734892845154,0.0,247.75347900390625,0.33673468232154846,0.33673468232154846,0.06708193570375443,0.07499081641435623,11.575778007507324,0.29495683312416077,14.573734283447266,0.5955735445022583,0.9934146404266357,0.41892868280410767,0.41892868280410767,0.0,434.43316650390625,0.29405227303504944,0.29405224323272705,0.06617816537618637,0.06845536828041077,90.66873168945312,0.32328715920448303,20.687294006347656,0.7478814721107483,1.4236756563186646
2019,2,31.331574792266885,104.77100713805699,4256.737,443.0,1.4277384281158447,310.5030212402344,24.54708480834961,25.765853881835938,1.2785165309906006,7.055271148681641,32.10664749145508,0.27563565969467163,0.2890351116657257,0.0,376.0910949707031,0.5408812165260315,0.5529069900512695,0.42250099778175354,0.11213062703609467,33.13370132446289,0.35138893127441406,11.752846717834473,0.38076937198638916,0.8251034021377563,0.25648072361946106,0.28919222950935364,0.0,418.9490051269531,0.1647537797689438,0.16475379467010498,-0.07416128367185593,0.02591576799750328,77.63240814208984,0.36129531264305115,5.90069055557251,0.24415329098701477,0.5266567468643188,0.2697637677192688,0.29632049798965454,0.0,331.19622802734375,0.15770862996578217,0.1773759126663208,-0.08470785617828369,0.0258169025182724,56.70118713378906,0.3479701578617096,8.492210388183594,0.2993021607398987,0.591841995716095,0.3233814239501953,0.3233814239501953,0.0,243.0986785888672,0.2442232370376587,0.24422325193881989,-0.0890161469578743,0.04273906722664833,11.943952560424805,0.3004578948020935,14.299921989440918,0.5796733498573303,0.9551882743835449,0.4208180010318756,0.4208180010318756,0.0,427.9194641113281,0.6659008264541626,0.6659008264541626,0.5277115702629089,0.18952274322509766,88.49750518798828,0.3248736560344696,20.377117156982422,0.7245284914970398,1.4140892028808594
2019,2,30.93487978524917,103.84771905123364,4262.795,596.0,3.51963210105896,322.14471435546875,25.22658920288086,24.848215103149414,1.2065017223358154,6.716633319854736,43.19178009033203,0.26004356145858765,0.2849602699279785,1.3180897235870361,298.4076843261719,0.537895917892456,0.5554388165473938,0.4137760102748871,0.11005540937185287,48.39826202392578,0.3645802438259125,9.284049987792969,0.30311256647109985,0.630666196346283,0.229497492313385,0.24923618137836456,46.90362548828125,295.7808532714844,0.401317834854126,0.6542372703552246,0.13159655034542084,0.08961427211761475,80.42694091796875,0.36105334758758545,3.505312919616699,0.19519774615764618,0.4484129250049591,0.2213941365480423,0.2321106642484665,6.840038776397705,240.9729461669922,0.3578886389732361,0.38128140568733215,0.05071813240647316,0.08384378254413605,73.47840118408203,0.35599714517593384,6.003407955169678,0.22847603261470795,0.5144446492195129,0.3025071620941162,0.3025071620941162,0.0,196.90028381347656,0.20577795803546906,0.2582480013370514,-0.01756083406507969,0.04245959222316742,29.803516387939453,0.329109787940979,11.582369804382324,0.4356645941734314,0.7532496452331543,0.3625169098377228,0.3625169098377228,0.0,376.2259826660156,0.17164811491966248,0.18721160292625427,-0.03375588729977608,0.030500199645757675,100.12712097167969,0.3424620032310486,17.915523529052734,0.5771434903144836,1.1268495321273804
2019,2,30.910626734619488,103.80567418740071,4262.795,604.0,0.9274099469184875,180.0,23.924474716186523,25.06209945678711,1.1892796754837036,6.65297269821167,45.291690826416016,0.2609938681125641,0.28645122051239014,1.3248006105422974,297.24444580078125,0.5392431020736694,0.5571572184562683,0.4145975410938263,0.11035099625587463,48.8315544128418,0.36478641629219055,9.247488975524902,0.3008738160133362,0.6237251162528992,0.22907306253910065,0.24815499782562256,47.169830322265625,292.9698486328125,0.5758370161056519,0.6136248111724854,0.1613663136959076,0.08729616552591324,80.49322509765625,0.3608472943305969,3.4619717597961426,0.1936851292848587,0.44697028398513794,0.21897940337657928,0.22988924384117126,6.874864101409912,239.42974853515625,0.48511046171188354,0.5075939297676086,0.11334121227264404,0.0810636430978775,73.76774597167969,0.35587364435195923,5.962945938110352,0.2264786958694458,0.5142449140548706,0.3024452030658722,0.3024452030658722,0.0,196.25399780273438,0.5818992853164673,0.6084816455841064,0.10059990733861923,0.12492816150188446,30.332820892333984,0.32925474643707275,11.544353485107422,0.4318898916244507,0.7489508390426636,0.36023855209350586,0.36023855209350586,0.0,375.40771484375,0.559333324432373,0.5822890400886536,0.13870897889137268,0.13346827030181885,101.0025863647461,0.3428685665130615,17.876556396484375,0.5729697942733765,1.1169830560684204
2019,2,30.27596288168253,104.64218816772399,4265.4995,371.0,2.7802884578704834,-0.0,23.449216842651367,31.555757522583008,1.2805880308151245,7.221237659454346,30.95552635192871,0.27770811319351196,0.3063924312591553,0.0,413.0777282714844,0.5536738038063049,0.5839405655860901,0.42485982179641724,0.11486952006816864,25.226980209350586,0.34350210428237915,12.908679008483887,0.4130643308162689,0.8610313534736633,0.2520807683467865,0.27460023760795593,0.0,514.273681640625,0.6094488501548767,0.6094487905502319,0.20779988169670105,0.18685701489448547,62.89212417602539,0.3470410108566284,7.24329137802124,0.25894537568092346,0.5781349539756775,0.24886037409305573,0.26243162155151367,0.0,383.8890686035156,0.32755064964294434,0.44951510429382324,0.00989216472953558,0.07618929445743561,47.25581359863281,0.33216747641563416,9.84330940246582,0.32253628969192505,0.6327887177467346,0.31233805418014526,0.31233805418014526,0.0,260.4314880371094,0.5410133004188538,0.5410133004188538,0.38845598697662354,0.1256999373435974,14.781813621520996,0.3026590347290039,15.319499015808105,0.5853865146636963,0.9448980689048767,0.3837277293205261,0.3837277293205261,0.0,453.16162109375,0.15987125039100647,0.1669274866580963,-0.11219130456447601,0.03509845584630966,78.46456146240234,0.3150545060634613,21.579124450683594,0.7994661927223206,1.48125159740448
2019,2,29.332466148884972,105.1499147909725,4268.716,366.0,1.0637685060501099,270.0,27.77104949951172,29.007732391357422,1.287784457206726,6.382823467254639,33.36398696899414,0.26646724343299866,0.29304203391075134,0.0,422.5982971191406,0.5450941920280457,0.5842179656028748,0.4345778822898865,0.10518302768468857,29.888410568237305,0.3666267991065979,13.206196784973145,0.3718823194503784,0.7831090688705444,0.20208756625652313,0.23706279695034027,0.0,571.1331176757812,0.20686104893684387,0.20686106383800507,-0.018962640315294266,0.03638685867190361,67.63288879394531,0.3607781231403351,8.04412841796875,0.24820545315742493,0.5279658436775208,0.20099025964736938,0.22728098928928375,0.0,410.9793701171875,0.19185645878314972,0.19185645878314972,0.016181237995624542,0.0331336110830307,50.75508117675781,0.3486582040786743,10.537932395935059,0.31125134229660034,0.550114631652832,0.26958343386650085,0.26958343386650085,0.0,263.2922668457031,0.3864987790584564,0.3864987790584564,0.03336809575557709,0.07660406082868576,25.722919464111328,0.33755752444267273,15.487781524658203,0.5229361653327942,0.9057325720787048,0.3476928472518921,0.3476928472518921,0.0,453.1706848144531,0.48941242694854736,0.54463130235672,0.044770948588848114,0.11328958719968796,87.93206024169922,0.3518097400665283,21.579557418823242,0.7117139101028442,1.3345333337783813
2019,2,31.271479487369582,104.39479278217776,4271.119,532.0,1.8543341159820557,180.0,25.921972274780273,26.798208236694336,1.2551884651184082,6.900000095367432,31.730087280273438,0.2701110243797302,0.285885751247406,0.3774735927581787,348.8382263183594,0.525016725063324,0.5341939330101013,0.4071768820285797,0.1112329512834549,37.54524230957031,0.3591088652610779,10.889398574829102,0.349972665309906,0.7549640536308289,0.25200536847114563,0.28744930028915405,13.374543190002441,367.697509765625,0.428870290517807,0.612840473651886,0.16034115850925446,0.11716736853122711,81.73800659179688,0.36434876918792725,4.990464210510254,0.22054550051689148,0.46552690863609314,0.26948118209838867,0.28166520595550537,1.9588454961776733,295.8834533691406,0.5356854200363159,0.6399645209312439,0.2580028772354126,0.15272392332553864,66.50044250488281,0.35698413848876953,7.536528587341309,0.26755043864250183,0.5441439747810364,0.32423052191734314,0.32423052191734314,0.0,227.51661682128906,0.5704476833343506,0.6764705777168274,0.33983442187309265,0.1840447634458542,16.710697174072266,0.31353482604026794,13.383330345153809,0.5303668975830078,0.8705308437347412,0.4081357419490814,0.4081357419490814,0.0,409.96905517578125,0.4584459066390991,0.5301910638809204,0.2067861557006836,0.13202548027038574,87.85526275634766,0.32996904850006104,19.522336959838867,0.6733013391494751,1.3424553871154785
2019,2,31.06181255583658,104.096461085298,4279.796,528.0,2.354431629180908,113.1856918334961,24.757219314575195,25.437591552734375,1.180568814277649,6.750070095062256,40.56547546386719,0.2604392468929291,0.28203070163726807,1.05350661277771,315.7226867675781,0.5321544408798218,0.5471197962760925,0.4104127287864685,0.10977108776569366,44.17332458496094,0.3620145916938782,9.833412170410156,0.3225747346878052,0.6828088164329529,0.23663079738616943,0.2615871727466583,37.40519332885742,324.54205322265625,0.236506387591362,0.25555187463760376,-0.010943898931145668,0.026156719774007797,80.04852294921875,0.36176759004592896,4.044180870056152,0.20650936663150787,0.45970824360847473,0.239491805434227,0.25002142786979675,5.46702241897583,260.8892822265625,0.1869848370552063,0.19391635060310364,0.006007189862430096,0.024355890229344368,70.45619201660156,0.3557470738887787,6.549289226531982,0.24495531618595123,0.5256502032279968,0.3081255257129669,0.3081255257129669,0.0,207.13401794433594,0.35453981161117554,0.410526305437088,-0.03869934380054474,0.03998629376292229,25.013362884521484,0.32423678040504456,12.184353828430176,0.4711744785308838,0.7959191799163818,0.37952321767807007,0.37952321767807007,0.0,387.9934997558594,0.2825782299041748,0.34657397866249084,0.007765807211399078,0.03467821329832077,94.35637664794922,0.33749496936798096,18.475881576538086,0.6162858009338379,1.212218999862671
2019,2,31.050762903426133,104.096461085298,4279.796,533.0,1.4252949953079224,130.5869903564453,24.967098236083984,24.698917388916016,1.1484599113464355,6.718076229095459,41.732139587402344,0.2610393464565277,0.28280389308929443,1.0327919721603394,317.1710510253906,0.5327921509742737,0.5479594469070435,0.4107312858104706,0.10996653884649277,43.89664077758789,0.361627459526062,9.87932014465332,0.32381266355514526,0.6847425699234009,0.2371194064617157,0.2619594633579254,36.67532730102539,326.872802734375,0.5088602900505066,0.6753396391868591,0.2583678364753723,0.17155247926712036,79.80892181396484,0.36143386363983154,4.0872883796691895,0.20710140466690063,0.4613397717475891,0.23959235846996307,0.25017014145851135,5.359526634216309,262.5751037597656,0.31491366028785706,0.43496575951576233,-0.020765861496329308,0.08058752864599228,70.13578033447266,0.3553045690059662,6.595271587371826,0.24590763449668884,0.5278151035308838,0.3084969222545624,0.3084969222545624,0.0,207.9647216796875,0.21456030011177063,0.264072060585022,-0.0508548840880394,0.04624605178833008,24.850627899169922,0.323691189289093,12.2332181930542,0.47288939356803894,0.7979673147201538,0.37955376505851746,0.37955376505851746,0.0,388.9931945800781,0.2842141389846802,0.33396947383880615,-0.13836278021335602,0.05794677510857582,94.1472396850586,0.3369731903076172,18.52348518371582,0.6190900206565857,1.2164323329925537
2019,2,31.099001458622315,104.12448653541891,4279.796,526.0,2.1653084754943848,90.0,23.267213821411133,26.152578353881836,1.1778819561004639,6.800000190734863,38.03287887573242,0.25980499386787415,0.28062063455581665,1.0452401638031006,315.583984375,0.5303269028663635,0.5445079803466797,0.4094862937927246,0.10946329683065414,44.13302993774414,0.36244311928749084,9.829336166381836,0.32268384099006653,0.6855793595314026,0.23685111105442047,0.2628024220466614,37.094093322753906,323.9064025878906,0.5891690254211426,0.8176279664039612,0.3745805323123932,0.24258844554424286,80.5433349609375,0.3625389337539673,4.039609909057617,0.2067199945449829,0.4576358199119568,0.2417260855436325,0.2522324323654175,5.4241251945495605,260.5514831542969,0.4398663640022278,0.48018649220466614,0.05594119429588318,0.11670511215925217,70.68791961669922,0.3566005229949951,6.541727542877197,0.2451958805322647,0.5231752991676331,0.3085067570209503,0.3085067570209503,0.0,207.13560485839844,0.48756077885627747,0.5746250152587891,0.09163490682840347,0.1268145591020584,24.654823303222656,0.32446542382240295,12.184447288513184,0.4727921187877655,0.7980456948280334,0.38175976276397705,0.38175976276397705,0.0,387.8468017578125,0.5782202482223511,0.6422907710075378,0.09370490163564682,0.18918462097644806,94.10881042480469,0.33782002329826355,18.468894958496094,0.6160164475440979,1.2153892517089844
2019,2,31.09145665963987,104.72034283188773,4297.866,453.0,3.375127077102661,254.06874084472656,25.86762046813965,28.082504272460938,1.3108904361724854,7.279641151428223,27.653703689575195,0.2774723768234253,0.29566314816474915,0.0,384.9949951171875,0.544680118560791,0.5605612397193909,0.42053014039993286,0.11388760805130005,31.062034606933594,0.34801149368286133,12.03109359741211,0.389887273311615,0.8334288001060486,0.25968077778816223,0.2893868386745453,0.0,440.9422607421875,0.34856507182121277,0.34856507182121277,0.005609803833067417,0.08435274660587311,73.61459350585938,0.3562602996826172,6.21045446395874,0.2476973682641983,0.5401079654693604,0.2687458097934723,0.2887212932109833,0.0,343.6253967285156,0.3485468626022339,0.4066256284713745,0.005443637724965811,0.08200429379940033,54.05877685546875,0.3422807455062866,8.810907363891602,0.3058626353740692,0.6066076755523682,0.324652761220932,0.324652761220932,0.0,247.2789306640625,0.30178144574165344,0.30178144574165344,-0.00950839277356863,0.07387609779834747,12.391940116882324,0.29931122064590454,14.545819282531738,0.5821017026901245,0.9517382979393005,0.41317975521087646,0.41317975521087646,0.0,434.5340881347656,0.23213450610637665,0.23213452100753784,-0.07438597083091736,0.06123708188533783,84.8465805053711,0.31957799196243286,20.692100524902344,0.7494451999664307,1.4407352209091187
2019,2,30.313963340860006,104.46513064219481,4299.649,430.0,7.699445724487305,103.85538482666016,19.04141616821289,30.158790588378906,1.2961806058883667,7.5,31.622455596923828,0.2791934013366699,0.3081746995449066,0.0,410.1756591796875,0.5560038089752197,0.5854868292808533,0.42511022090911865,0.11564191430807114,24.562179565429688,0.34173259139060974,12.817989349365234,0.41245037317276,0.8545712828636169,0.25439703464508057,0.2763354480266571,0.02090686373412609,500.9229431152344,0.46477246284484863,0.5217377543449402,0.3661476671695709,0.09975863993167877,63.4747200012207,0.34575122594833374,7.054958343505859,0.2547852694988251,0.5707471370697021,0.2496773898601532,0.2627108693122864,0.0,376.8337097167969,0.15309880673885345,0.18889746069908142,-0.16218417882919312,0.02912798896431923,49.25921630859375,0.3331550061702728,9.662403106689453,0.31614091992378235,0.6373034715652466,0.31472259759902954,0.31472259759902954,0.0,259.4989318847656,0.2537722885608673,0.2537722885608673,-0.1270296275615692,0.04638957232236862,13.920269012451172,0.3005944490432739,15.264643669128418,0.5875352621078491,0.9327546954154968,0.38466838002204895,0.38466838002204895,0.0,452.0338134765625,0.18438169360160828,0.1905207335948944,-0.11457671970129013,0.03700762987136841,75.68380737304688,0.3111706078052521,21.525419235229492,0.8030663132667542,1.501753568649292
2019,2,30.229882531396225,104.61604445824763,4321.281,364.0,1.0733453035354614,270.0,21.72512435913086,27.298683166503906,1.2588186264038086,7.266955852508545,29.064077377319336,0.27698424458503723,0.3054303228855133,0.0,413.4575500488281,0.5520130395889282,0.5828043818473816,0.4252799153327942,0.11423693597316742,25.106813430786133,0.34483006596565247,12.920548439025879,0.4117276966571808,0.8593301177024841,0.24927693605422974,0.2725156843662262,0.0,515.0817260742188,0.45652762055397034,0.5154847502708435,0.36045846343040466,0.09843885898590088,63.212158203125,0.34808599948883057,7.254672050476074,0.2576776146888733,0.5732529163360596,0.24649178981781006,0.2608235478401184,0.0,384.0901184082031,0.1599692702293396,0.16063083708286285,-0.07578708231449127,0.02902987040579319,48.023223876953125,0.3339633047580719,9.848464965820312,0.32031887769699097,0.6271986961364746,0.31009775400161743,0.31009775400161743,0.0,260.6107482910156,0.5379300117492676,0.5379300117492676,0.38755008578300476,0.12445414066314697,15.036942481994629,0.3044968843460083,15.33004379272461,0.5831380486488342,0.9401249289512634,0.38150572776794434,0.38150572776794434,0.0,453.08209228515625,0.16849274933338165,0.16849274933338165,-0.12660469114780426,0.03324361890554428,78.5330810546875,0.3167576193809509,21.575336456298828,0.7952286005020142,1.4759738445281982
2019,2,29.754221303823044,103.75043038444956,4329.912,385.0,1.414486289024353,310.9632873535156,32.740028381347656,24.600000381469727,1.2320268154144287,6.340028762817383,35.521610260009766,0.2908499836921692,0.3221951127052307,0.0,384.4230041503906,0.6002159714698792,0.6205316781997681,0.4600169360637665,0.11886629462242126,46.58229064941406,0.3877752125263214,12.013218879699707,0.32781392335891724,0.6757518649101257,0.24210189282894135,0.2742857038974762,0.19873549044132233,437.17950439453125,0.4887009263038635,0.6603652834892273,0.29109978675842285,0.13246339559555054,99.07138061523438,0.38681772351264954,6.154658794403076,0.2032916098833084,0.4434775710105896,0.2106909602880478,0.22380243241786957,0.0,337.9742431640625,0.2162996232509613,0.4786282181739807,0.10667020827531815,0.04731478914618492,69.9037094116211,0.37813112139701843,8.666006088256836,0.24650588631629944,0.5020554661750793,0.310162752866745,0.310162752866745,0.0,243.5406951904297,0.172899067401886,0.17529453337192535,0.03216058760881424,0.02829720638692379,25.441999435424805,0.3459653854370117,14.325922966003418,0.47762802243232727,0.8244038820266724,0.35539713501930237,0.35539713501930237,0.0,426.3249816894531,0.3157483637332916,0.39187970757484436,0.07179306447505951,0.06812366843223572,105.2010269165039,0.36594316363334656,20.301189422607422,0.611527681350708,1.1171895265579224
2019,2,30.067375052604447,104.82948378927189,4355.4453,410.0,8.873549461364746,338.93524169921875,20.29277801513672,27.21279525756836,1.2899999618530273,7.422801494598389,34.265106201171875,0.2744123935699463,0.30201205611228943,0.0,416.228759765625,0.5461124777793884,0.5787675380706787,0.4267725348472595,0.11198940128087997,27.12742042541504,0.3513135015964508,13.007148742675781,0.4039580523967743,0.8496723175048828,0.23931512236595154,0.26510944962501526,0.0,532.6447143554688,0.692799985408783,0.692799985408783,0.3955482244491577,0.29319295287132263,63.735015869140625,0.35243910551071167,7.50203800201416,0.258913516998291,0.5704414248466492,0.2380763441324234,0.25511014461517334,0.0,392.87420654296875,0.4988483488559723,0.5662797689437866,0.14862589538097382,0.14080408215522766,47.08594512939453,0.3364045321941376,10.073697090148926,0.32315781712532043,0.6069722175598145,0.3021380603313446,0.3021380603313446,0.0,261.0664367675781,0.6153127551078796,0.6153128147125244,0.24103297293186188,0.21289820969104767,18.095481872558594,0.31296518445014954,15.356849670410156,0.5681167244911194,0.9446139931678772,0.373611181974411,0.373611181974411,0.0,452.83319091796875,0.2825917601585388,0.30114448070526123,-0.14460426568984985,0.05131102725863457,84.92147827148438,0.32815584540367126,21.563486099243164,0.7712101340293884,1.4167594909667969
2019,2,31.09145665963987,105.25717400771208,4359.5786,399.0,3.736166477203369,299.7218322753906,30.739307403564453,24.074054718017578,1.2992626428604126,7.151843070983887,36.31065368652344,0.275185763835907,0.2929319143295288,0.0,398.51800537109375,0.5684195756912231,0.5913987159729004,0.4423403739929199,0.11311813443899155,31.179935455322266,0.3419114649295807,12.45368766784668,0.41272708773612976,0.888913631439209,0.2542818486690521,0.2738887071609497,0.0,488.3623046875,0.33882027864456177,0.37490493059158325,0.035370104014873505,0.06632952392101288,67.37118530273438,0.35300907492637634,6.878342151641846,0.27487891912460327,0.6267902851104736,0.2510404586791992,0.2896422743797302,0.0,370.451171875,0.3329479694366455,0.3805248737335205,0.057666756212711334,0.07606692612171173,41.570858001708984,0.32882827520370483,9.498747825622559,0.3401590585708618,0.6503859162330627,0.31093308329582214,0.31093308329582214,0.0,253.27235412597656,0.30106258392333984,0.30106258392333984,0.05656760558485985,0.0663541927933693,12.127346992492676,0.29085683822631836,14.898374557495117,0.6061657071113586,1.0308104753494263,0.4139102101325989,0.4139102101325989,0.0,442.50689697265625,0.2983763515949249,0.37131020426750183,0.03522920235991478,0.0727739930152893,93.65301513671875,0.322418212890625,21.071758270263672,0.7722945213317871,1.419826626777649
2019,2,31.04429274779758,104.019117977526,4361.13,575.0,1.0824148654937744,270.0,25.68494987487793,23.476781845092773,1.1766473054885864,6.581021308898926,40.863441467285156,0.25810331106185913,0.28046712279319763,1.2156317234039307,305.82562255859375,0.5324309468269348,0.5479398965835571,0.410627156496048,0.10923898220062256,46.28208923339844,0.36372679471969604,9.519062042236328,0.31321200728416443,0.6611473560333252,0.23266716301441193,0.25592464208602905,43.17228698730469,309.2788391113281,0.4906996488571167,0.5409265160560608,0.17456507682800293,0.1121734231710434,80.56085968017578,0.3622012436389923,3.7479798793792725,0.20153217017650604,0.45293137431144714,0.23292678594589233,0.2432410717010498,6.308347702026367,249.7179718017578,0.4221498370170593,0.48494812846183777,0.15682175755500793,0.09547678381204605,72.1925048828125,0.356757253408432,6.241272449493408,0.23730839788913727,0.516546905040741,0.3047000765800476,0.3047000765800476,0.0,201.27719116210938,0.37665891647338867,0.4797455668449402,-0.007084046024829149,0.08133456110954285,27.108280181884766,0.3274693489074707,11.839835166931152,0.45462262630462646,0.7757673263549805,0.373471200466156,0.373471200466156,0.0,381.2750244140625,0.3412931263446808,0.3849543631076813,-0.0751693993806839,0.07793565094470978,96.61719512939453,0.3404231667518616,18.155954360961914,0.5965403318405151,1.1732240915298462
2019,2,31.605113887289466,105.73498898109408,4374.4165,641.0,10.31925106048584,12.050729751586914,21.644411087036133,30.89560317993164,1.280165433883667,6.977587699890137,36.131404876708984,0.2674503028392792,0.2772054374217987,0.04625331610441208,374.6754455566406,0.5944021344184875,0.617373526096344,0.47023388743400574,0.10850081592798233,38.55038833618164,0.3472800850868225,11.707162857055664,0.3886091709136963,0.8888865113258362,0.23727448284626007,0.2526792287826538,8.082952499389648,441.9193420410156,0.2985399663448334,0.3560584485530853,0.0072287279181182384,0.07886433601379395,69.73930358886719,0.3602794408798218,6.1103715896606445,0.26711732149124146,0.6225937604904175,0.2234012335538864,0.29372265934944153,0.606576681137085,342.2716369628906,0.34061503410339355,0.35226941108703613,-0.031489040702581406,0.08399361371994019,37.141517639160156,0.3349112272262573,8.760642051696777,0.337103009223938,0.6501790881156921,0.29051074385643005,0.29051074385643005,0.0,239.08853149414062,0.3280007243156433,0.3295658826828003,0.012177239172160625,0.08449486643075943,14.829994201660156,0.3006773889064789,14.064031600952148,0.581486701965332,1.0314804315567017,0.4303469657897949,0.4303469657897949,0.0,425.5289306640625,0.2665060758590698,0.2690909206867218,-0.11851207911968231,0.0650678426027298,106.5728759765625,0.33540257811546326,20.263282775878906,0.7111861109733582,1.2970207929611206
2019,2,31.81181551662195,106.7003174726493,4380.445,532.0,11.90536117553711,226.28846740722656,25.08992576599121,29.79332160949707,1.2319942712783813,6.551780700683594,39.73263168334961,0.2731611132621765,0.2841285467147827,0.0,342.13330078125,0.6067404747009277,0.6295789480209351,0.4664802551269531,0.11203970015048981,66.67474365234375,0.3821164667606354,10.691665649414062,0.2988226115703583,0.7936474084854126,0.21519574522972107,0.2424122840166092,10.756966590881348,371.50537109375,0.3873501420021057,0.4822334945201874,-0.010427543893456459,0.06751195341348648,91.28507995605469,0.3859557509422302,5.080963611602783,0.2048111855983734,0.4498852491378784,0.20109806954860687,0.2651557922363281,1.6739460229873657,297.9029235839844,0.2630656957626343,0.2630656957626343,-0.01277956273406744,0.05690110847353935,37.70773696899414,0.3588658273220062,7.595614910125732,0.3030509948730469,0.5715405941009521,0.28203386068344116,0.28203386068344116,0.0,211.03514099121094,0.3681654632091522,0.38232237100601196,-0.017931142821907997,0.07443881779909134,36.251861572265625,0.36031684279441833,12.41383171081543,0.4205690324306488,0.8438930511474609,0.44486165046691895,0.44486165046691895,0.0,397.1820983886719,0.46256157755851746,0.6099004745483398,0.131673663854599,0.14092092216014862,117.1174087524414,0.3688189685344696,18.913433074951172,0.5585086345672607,0.9675267338752747
2019,2,29.715418206455958,104.84835024582901,4387.041,399.0,10.550739288330078,64.24276733398438,31.74256134033203,26.17793846130371,1.2932822704315186,6.955697059631348,36.65900421142578,0.2688556909561157,0.2946265637874603,0.0,419.9646911621094,0.5333636999130249,0.5700456500053406,0.4299974739551544,0.10713338106870651,27.69049835205078,0.3617144823074341,13.123896598815918,0.3911905288696289,0.8298119306564331,0.21779166162014008,0.24910752475261688,0.0,548.9682006835938,0.5140625238418579,0.5140625238418579,0.11700288951396942,0.09962531924247742,65.21154022216797,0.3595903217792511,7.7319464683532715,0.2530660927295685,0.5441232919692993,0.2198939472436905,0.24276581406593323,0.0,400.0661315917969,0.2956330478191376,0.5918895602226257,0.15657144784927368,0.06095953658223152,50.38752365112305,0.3466007113456726,10.258106231689453,0.3140953481197357,0.5681784152984619,0.2849403917789459,0.2849403917789459,0.0,262.3383483886719,0.5991930365562439,0.5991929769515991,0.17461101710796356,0.14248810708522797,21.797697067260742,0.32838529348373413,15.43166732788086,0.5464578866958618,0.9221580624580383,0.35655418038368225,0.35655418038368225,0.0,452.4220886230469,0.6864833235740662,0.8013947010040283,0.1946365237236023,0.19571641087532043,88.95328521728516,0.3439488112926483,21.543909072875977,0.7351409792900085,1.358657717704773
2019,2,31.096036156421764,107.14579058609067,4387.8223,354.0,2.3551459312438965,246.82176208496094,27.31682586669922,29.562284469604492,1.3267831802368164,6.6400370597839355,31.720277786254883,0.2944006025791168,0.32186001539230347,0.0,388.4328308105469,0.5678113102912903,0.6455028057098389,0.44045114517211914,0.12772820889949799,75.41747283935547,0.4007812440395355,12.13852596282959,0.2829849123954773,0.7643805742263794,0.17917266488075256,0.20903082191944122,0.0,483.9412536621094,0.35289278626441956,0.4286324381828308,0.2924537658691406,0.07885374873876572,90.77924346923828,0.40069952607154846,6.816073894500732,0.20962724089622498,0.4338877201080322,0.20319989323616028,0.26567310094833374,0.0,360.6884460449219,0.2228316068649292,0.2460084706544876,-0.02123223803937435,0.0434628501534462,28.873729705810547,0.369428426027298,9.248421669006348,0.32678866386413574,0.5917627215385437,0.2770306169986725,0.2770306169986725,0.0,229.703125,0.2530205547809601,0.2608204782009125,2.6748699019663036E-4,0.04401078075170517,67.82679748535156,0.3966524004936218,13.511948585510254,0.3872893750667572,0.8334020972251892,0.44469013810157776,0.44469013810157776,0.0,427.4245300292969,0.3884361982345581,0.39065107703208923,0.2002880722284317,0.06459760665893555,100.23811340332031,0.3872647285461426,20.353548049926758,0.6036463975906372,1.094042420387268
2019,2,30.95778618736072,103.89973000592104,4390.535,594.0,1.424496054649353,49.38545608520508,26.671613693237305,24.611928939819336,1.190000057220459,6.5544586181640625,43.54910659790039,0.2597709894180298,0.2840909957885742,1.276881217956543,301.6126708984375,0.5367677211761475,0.5539119839668274,0.41306743025779724,0.1099337488412857,47.55840301513672,0.36399903893470764,9.385493278503418,0.3071185350418091,0.641322672367096,0.23072978854179382,0.2513585388660431,45.41486358642578,301.629150390625,0.3814084529876709,0.637474536895752,0.08591672778129578,0.093521349132061,80.22869873046875,0.3610933721065521,3.608651876449585,0.19759859144687653,0.4512777328491211,0.224816232919693,0.23541396856307983,6.626193046569824,244.80027770996094,0.30161476135253906,0.3538357615470886,-0.023401690647006035,0.06807444989681244,72.83065795898438,0.3558335304260254,6.107028007507324,0.23188593983650208,0.5167680382728577,0.30329716205596924,0.30329716205596924,0.0,198.7557373046875,0.31713032722473145,0.34330108761787415,-0.05459734797477722,0.06975951045751572,28.90110206604004,0.32825663685798645,11.691514015197754,0.44250866770744324,0.7613161206245422,0.365707129240036,0.365707129240036,0.0,378.42938232421875,0.2773208022117615,0.29616138339042664,-0.07489361613988876,0.060289543122053146,98.881591796875,0.34144386649131775,18.02044677734375,0.585144579410553,1.1438536643981934
2019,2,29.91618923138736,103.87385830160895,4397.9,401.0,0.9274099469184875,180.0,33.93427276611328,28.57476043701172,1.2373566627502441,6.757612705230713,38.228336334228516,0.28928282856941223,0.31979435682296753,0.0,387.4435729980469,0.5843678116798401,0.6075102686882019,0.44929587841033936,0.11781666427850723,41.096012115478516,0.37543991208076477,12.107611656188965,0.3449043333530426,0.7103055715560913,0.24297071993350983,0.2721109092235565,0.22631265223026276,444.1710205078125,0.49585670232772827,0.7745440602302551,0.32392624020576477,0.17044341564178467,88.95729064941406,0.3749982714653015,6.252742767333984,0.21349011361598969,0.4703545570373535,0.2176094949245453,0.23224225640296936,0.0,343.1429138183594,0.6090759634971619,0.6111111044883728,0.20614752173423767,0.1792510449886322,65.32666778564453,0.36585408449172974,8.79853630065918,0.2601854205131531,0.5352771282196045,0.31126663088798523,0.31126663088798523,0.0,245.99009704589844,0.15274541079998016,0.15274542570114136,-0.08311276882886887,0.026455504819750786,23.23276138305664,0.33301880955696106,14.47000503540039,0.49979519844055176,0.8452876806259155,0.3597504794597626,0.3597504794597626,0.0,430.56707763671875,0.19853614270687103,0.28415077924728394,0.27385377883911133,0.039012353867292404,99.21721649169922,0.35173434019088745,20.503192901611328,0.6516950726509094,1.2030973434448242
2019,2,31.209225977562436,105.01894207483068,4407.4346,422.0,6.071588039398193,117.16541290283203,22.085861206054688,26.215940475463867,1.2900691032409668,7.300000190734863,35.39999771118164,0.27519527077674866,0.29076847434043884,0.0,388.47064208984375,0.5571051239967346,0.5753675103187561,0.4346238374710083,0.11256275326013565,31.66350746154785,0.34535282850265503,12.139707565307617,0.399532675743103,0.861893355846405,0.2548617720603943,0.2799634039402008,0.0,456.1903076171875,0.5293920636177063,0.560497522354126,0.09567015618085861,0.1124742180109024,71.74305725097656,0.35621845722198486,6.425215721130371,0.26131629943847656,0.5835928916931152,0.25858861207962036,0.293002724647522,0.0,352.3291015625,0.4016430377960205,0.5091174244880676,0.0662677213549614,0.09201957285404205,48.4412956237793,0.3373490869998932,9.034079551696777,0.32165488600730896,0.6272605061531067,0.3157716691493988,0.3157716691493988,0.0,248.8739013671875,0.4548942744731903,0.4690757393836975,0.0420258566737175,0.09590022265911102,11.734550476074219,0.2944464683532715,14.639641761779785,0.5967453122138977,0.9971635341644287,0.4173656404018402,0.4173656404018402,0.0,436.1426086425781,0.5726591944694519,0.5790101289749146,0.13211292028427124,0.15090395510196686,90.6425552368164,0.32264527678489685,20.768695831298828,0.7534002065658569,1.4254757165908813
2019,2,31.030282252287652,104.13068468588321,4416.9565,512.0,0.0,-0.0,24.479381561279297,24.63324737548828,1.1524970531463623,6.773199558258057,41.40330505371094,0.263555109500885,0.28542640805244446,0.9100813865661621,325.1739501953125,0.534291684627533,0.5497444868087769,0.4114423394203186,0.11069033294916153,42.267574310302734,0.35988500714302063,10.133246421813965,0.33108317852020264,0.6991978287696838,0.24008329212665558,0.26535966992378235,32.327491760253906,339.5102233886719,0.6241666674613953,0.7931034564971924,0.4228874146938324,0.2433001697063446,78.96319580078125,0.3603856563568115,4.326517105102539,0.21080641448497772,0.46852147579193115,0.24271422624588013,0.25350087881088257,4.722737789154053,271.751220703125,0.25805482268333435,0.3515188992023468,0.033061809837818146,0.05390765517950058,68.55462646484375,0.35372573137283325,6.846884727478027,0.25169864296913147,0.5373221039772034,0.3109127879142761,0.3109127879142761,0.0,212.6297607421875,0.4207334518432617,0.4751574397087097,0.05660025030374527,0.1206546500325203,23.52197265625,0.32089683413505554,12.5076322555542,0.4844946265220642,0.8119804263114929,0.3822709918022156,0.3822709918022156,0.0,394.4701843261719,0.33684906363487244,0.3723098933696747,-0.010731693357229233,0.06831299513578415,92.61329650878906,0.33435866236686707,18.78429412841797,0.634907603263855,1.2442662715911865
2019,2,31.01788149225802,104.12879848613761,4416.9565,510.0,2.7802884578704834,180.0,23.598180770874023,23.97809410095215,1.136924386024475,6.75779390335083,41.328060150146484,0.26411542296409607,0.28620073199272156,0.8928849101066589,326.4600830078125,0.5349926948547363,0.550688624382019,0.4117908775806427,0.110882967710495,42.02415466308594,0.35950520634651184,10.17397403717041,0.3321852385997772,0.7007351517677307,0.24049179255962372,0.2655840814113617,31.72292137145996,341.6388854980469,0.3648003935813904,0.4891509413719177,0.1684820055961609,0.0847076028585434,78.7070083618164,0.3600268065929413,4.365013599395752,0.21132689714431763,0.47015953063964844,0.24263179302215576,0.2534583508968353,4.6334991455078125,273.2691650390625,0.2894977033138275,0.2939646244049072,0.071982741355896,0.06131561100482941,68.24988555908203,0.35326340794563293,6.888094425201416,0.25253668427467346,0.5394344925880432,0.3111972212791443,0.3111972212791443,0.0,213.35906982421875,0.17302054166793823,0.2042948305606842,-0.05370238050818443,0.034604109823703766,23.40591049194336,0.32040107250213623,12.550533294677734,0.4858919382095337,0.8136261105537415,0.38212522864341736,0.38212522864341736,0.0,395.3631591796875,0.20787930488586426,0.20809443295001984,-0.021006857976317406,0.04088607430458069,92.439453125,0.3338688015937805,18.82681655883789,0.6374362707138062,1.2477895021438599
2019,2,31.625862084491153,105.60697710805175,4418.905,550.0,3.8607094287872314,196.3623809814453,25.241657257080078,25.469989776611328,1.2583290338516235,6.843662261962891,41.61906433105469,0.267100065946579,0.27699244022369385,0.06449878215789795,370.737548828125,0.5950350165367126,0.6175824403762817,0.4697905480861664,0.10836795717477798,34.204978942871094,0.34325265884399414,11.58353328704834,0.3981921672821045,0.8998438119888306,0.23631593585014343,0.2523249089717865,10.499486923217773,432.7120361328125,0.32632023096084595,0.379343181848526,0.02611752226948738,0.05405835434794426,66.63990783691406,0.35755056142807007,5.946655750274658,0.2714633047580719,0.6383623480796814,0.22192245721817017,0.2917810082435608,0.7390453815460205,336.38446044921875,0.32224899530410767,0.3365664482116699,0.018396487459540367,0.049086470156908035,39.518470764160156,0.3350814878940582,8.606292724609375,0.33265602588653564,0.653857409954071,0.29024040699005127,0.29024040699005127,0.0,239.0008087158203,0.3779372274875641,0.37964072823524475,0.06997045129537582,0.06558972597122192,11.505454063415527,0.29377543926239014,14.058870315551758,0.5991546511650085,1.0384325981140137,0.4308426082134247,0.4308426082134247,0.0,423.6431579589844,0.7013401985168457,0.7013401985168457,0.5584480166435242,0.19845955073833466,103.55316162109375,0.33173179626464844,20.173484802246094,0.7183369398117065,1.3260382413864136
2019,2,31.306510185245465,104.1463182941766,4436.9736,578.0,0.0,-0.0,25.817176818847656,27.397348403930664,1.2400000095367432,6.602582931518555,34.58113098144531,0.2508962154388428,0.2682191729545593,1.3250377178192139,294.15240478515625,0.5189300775527954,0.5290719866752625,0.4038773477077484,0.10636000335216522,48.25725555419922,0.3688338100910187,9.15085506439209,0.30387449264526367,0.6585607528686523,0.230102077126503,0.25907811522483826,46.93709945678711,287.9433288574219,0.37588196992874146,0.4166378974914551,0.10560344904661179,0.08062668144702911,84.88693237304688,0.36852335929870605,3.394454002380371,0.19769662618637085,0.4297753870487213,0.24274984002113342,0.252680242061615,6.876094818115234,235.13282775878906,0.36720868945121765,0.3826322853565216,0.10460703074932098,0.07410271465778351,75.83268737792969,0.3643260896205902,5.852736949920654,0.23081859946250916,0.4879958927631378,0.30397385358810425,0.30397385358810425,0.0,195.01251220703125,0.37359338998794556,0.4317089915275574,0.16661356389522552,0.0874793604016304,26.65106964111328,0.3326546549797058,11.471324920654297,0.4490082561969757,0.770163357257843,0.38387036323547363,0.38387036323547363,0.0,372.94659423828125,0.403474897146225,0.4536881148815155,0.0912768691778183,0.0859178900718689,97.22166442871094,0.34605124592781067,17.759361267089844,0.5730981826782227,1.1549968719482422
2019,2,31.744710504868646,104.90332650271695,4442.3467,610.0,4.287076950073242,49.62213897705078,32.580963134765625,25.737306594848633,1.2897014617919922,7.042043685913086,28.03788948059082,0.26314258575439453,0.2748512327671051,8.222365379333496,309.00445556640625,0.5551645159721375,0.5672193765640259,0.4212997555732727,0.10692257434129715,37.09197235107422,0.358049601316452,9.39944076538086,0.3398936688899994,0.7688571810722351,0.23543646931648254,0.26638299226760864,71.73601531982422,320.77740478515625,0.2840542197227478,0.2840542197227478,-0.09693530201911926,0.05649838224053383,71.08333587646484,0.3649080693721771,3.507625102996826,0.2222740352153778,0.49601566791534424,0.238366961479187,0.275075763463974,18.291162490844727,259.35760498046875,0.22674310207366943,0.25590550899505615,-0.09442663192749023,0.04502866789698601,57.85847091674805,0.35673439502716064,6.1811909675598145,0.2629561424255371,0.532892644405365,0.30197080969810486,0.30197080969810486,0.3118356764316559,204.55270385742188,0.17358747124671936,0.17358747124671936,-0.042044829577207565,0.04488971829414368,14.779240608215332,0.314812570810318,12.014168739318848,0.5192579627037048,0.8854579925537109,0.42687302827835083,0.42687302827835083,0.0,382.651123046875,0.23231495916843414,0.23231494426727295,-0.07066645473241806,0.0698106437921524,95.92828369140625,0.3370443284511566,18.221481323242188,0.6198459267616272,1.2114477157592773
2019,2,31.371728997253165,104.17111089603377,4450.5767,636.0,2.3609540462493896,246.8821563720703,32.57950210571289,24.686038970947266,1.2626985311508179,6.922290802001953,39.41803741455078,0.24980725347995758,0.26584509015083313,1.3318397998809814,291.7740783691406,0.515753448009491,0.5244467258453369,0.40237054228782654,0.1057969182729721,48.7320442199707,0.3701618015766144,9.076319694519043,0.3013954758644104,0.6573155522346497,0.22980043292045593,0.2603580951690674,47.15921401977539,282.6340026855469,0.21906107664108276,0.23076923191547394,0.16049394011497498,0.021454444155097008,86.11495208740234,0.3701808452606201,3.3165462017059326,0.19650471210479736,0.4232449233531952,0.2453097701072693,0.2552908658981323,6.911392688751221,231.88311767578125,0.42903634905815125,0.46510371565818787,0.37176254391670227,0.10104005038738251,76.77591705322266,0.3662993311882019,5.768505573272705,0.22902128100395203,0.48109933733940125,0.3043505549430847,0.3043505549430847,0.0,193.82249450683594,0.2666635513305664,0.3322422206401825,0.1614157110452652,0.022345205768942833,26.47073745727539,0.33368608355522156,11.401323318481445,0.447966068983078,0.7694501876831055,0.3865940272808075,0.3865940272808075,0.0,371.1940612792969,0.222327321767807,0.2223273366689682,0.16082657873630524,0.014362344518303871,97.54790496826172,0.34743836522102356,17.675907135009766,0.5671137571334839,1.1504350900650024
2019,2,29.856093926490068,103.8531056453062,4455.2715,395.0,2.9782257080078125,21.023969650268555,35.0101432800293,23.06293487548828,1.2734243869781494,6.6514363288879395,41.18394470214844,0.2891383171081543,0.3197631239891052,0.0,387.44317626953125,0.5878298282623291,0.6104986071586609,0.4521673321723938,0.11780224740505219,42.39449691772461,0.37907934188842773,12.107599258422852,0.3408784866333008,0.7032268047332764,0.2418041080236435,0.27201738953590393,0.21073554456233978,444.70428466796875,0.22809255123138428,0.25956061482429504,0.019466381520032883,0.03403066471219063,91.56312561035156,0.37846627831459045,6.260472774505615,0.21119941771030426,0.4632289409637451,0.2153504490852356,0.22978004813194275,0.0,342.9722900390625,0.2514970302581787,0.30643776059150696,0.034105513244867325,0.036794018000364304,66.48702239990234,0.36947667598724365,8.794160842895508,0.25697043538093567,0.5249894261360168,0.31001806259155273,0.31001806259155273,0.0,245.70726013183594,0.2584174871444702,0.2584175169467926,-0.032675519585609436,0.03863341361284256,23.826641082763672,0.33705806732177734,14.453368186950684,0.4941455125808716,0.8401408195495605,0.35815495252609253,0.35815495252609253,0.0,429.8433532714844,0.3004249632358551,0.33920150995254517,0.046016301959753036,0.05975452437996864,100.7234115600586,0.35606658458709717,20.468730926513672,0.641151487827301,1.1802173852920532
2019,2,31.087412254984404,104.23120620093106,4455.613,494.0,2.165036678314209,90.0,22.35491371154785,27.535306930541992,1.2000000476837158,6.800000190734863,37.01655578613281,0.2655285894870758,0.2858092784881592,0.7334730625152588,334.8562927246094,0.5321763157844543,0.5462027192115784,0.4103442132472992,0.11096121370792389,40.184391021728516,0.35872700810432434,10.441338539123535,0.340126633644104,0.7226742506027222,0.24432764947414398,0.27239400148391724,26.033689498901367,353.52783203125,0.5719788074493408,0.6795827150344849,0.2960567772388458,0.1867510825395584,79.08528900146484,0.36084073781967163,4.612593650817871,0.21568863093852997,0.47239309549331665,0.25149014592170715,0.262542724609375,3.8062541484832764,282.36395263671875,0.586445689201355,0.5966429114341736,0.2885828912258148,0.18807312846183777,67.15177154541016,0.35371658205986023,7.142505168914795,0.25921502709388733,0.5435611009597778,0.31493696570396423,0.31493696570396423,0.0,218.48167419433594,0.6898927688598633,0.7166631817817688,0.30561065673828125,0.26193779706954956,21.083473205566406,0.317880779504776,12.851862907409668,0.5023645162582397,0.8340470790863037,0.39056697487831116,0.39056697487831116,0.0,400.9653015136719,0.5714285969734192,0.6552995443344116,0.21411463618278503,0.18445640802383423,90.27203369140625,0.3318789005279541,19.093585968017578,0.6535467505455017,1.285189151763916
2019,2,31.08417940672066,104.22770580660408,4455.613,493.0,1.8543341159820557,-0.0,22.744647979736328,27.070526123046875,1.2000000476837158,6.800000190734863,40.825923919677734,0.26547378301620483,0.28582826256752014,0.7392781376838684,334.58404541015625,0.5322969555854797,0.5463963150978088,0.41040298342704773,0.11096014082431793,40.241981506347656,0.35873883962631226,10.432649612426758,0.33988797664642334,0.7219650745391846,0.24419322609901428,0.27214041352272034,26.240703582763672,353.18011474609375,0.2481202930212021,0.2652933895587921,-0.015507296659052372,0.04736616462469101,79.05685424804688,0.3607952296733856,4.604780197143555,0.21555978059768677,0.47240084409713745,0.2511650323867798,0.2622058391571045,3.836378574371338,282.0804138183594,0.20276641845703125,0.22145512700080872,0.015129482373595238,0.042477697134017944,67.17855072021484,0.35367998480796814,7.134462833404541,0.2590128481388092,0.5434839725494385,0.31479358673095703,0.31479358673095703,0.0,218.3118438720703,0.24202671647071838,0.25987708568573,0.026454612612724304,0.0649893507361412,21.16487693786621,0.31796199083328247,12.841873168945312,0.5018125772476196,0.8333511352539062,0.3902537524700165,0.3902537524700165,0.0,400.78607177734375,0.41697704792022705,0.4249480366706848,0.124502032995224,0.1422436237335205,90.33716583251953,0.33193260431289673,19.085050582885742,0.6530676484107971,1.2839784622192383
2019,2,31.1445467167822,104.23632970804145,4455.613,508.0,1.8543341159820557,180.0,23.915842056274414,28.338329315185547,1.2300000190734863,6.800000190734863,38.743385314941406,0.26364150643348694,0.2829139232635498,0.7898339629173279,329.7743835449219,0.5291647911071777,0.5419921278953552,0.4089106023311615,0.11023342609405518,41.206329345703125,0.3604324162006378,10.280766487121582,0.3353089392185211,0.7158841490745544,0.24287256598472595,0.27194109559059143,28.015897750854492,344.3849182128906,0.5958012342453003,0.7409533262252808,0.3354438841342926,0.2156910002231598,80.34434509277344,0.36250942945480347,4.455901622772217,0.21329687535762787,0.4646015167236328,0.2521365284919739,0.2631332278251648,4.09873104095459,276.157470703125,0.6249241828918457,0.6472628116607666,0.33093494176864624,0.20464524626731873,68.50323486328125,0.3558386266231537,6.975865364074707,0.25551456212997437,0.5344871878623962,0.3142019808292389,0.3142019808292389,0.0,215.66323852539062,0.551316499710083,0.7925193905830383,0.2980615496635437,0.15916508436203003,21.493276596069336,0.3198109567165375,12.686073303222656,0.49683019518852234,0.8277592062950134,0.3915001451969147,0.3915001451969147,0.0,397.3959045410156,0.5341097712516785,0.5559970140457153,0.15728148818016052,0.1560164839029312,91.13175964355469,0.33398839831352234,18.923614501953125,0.6426094174385071,1.2704179286956787
2019,2,30.945117881267887,105.34961117255001,4456.6006,342.0,2.982537031173706,158.76119995117188,30.16756820678711,26.52252197265625,1.1699999570846558,7.400000095367432,62.98957443237305,0.2763924300670624,0.29708051681518555,0.0,404.3114929199219,0.5698538422584534,0.5949221849441528,0.4403237998485565,0.1142195537686348,31.32128143310547,0.3419467806816101,12.634734153747559,0.41636571288108826,0.894389271736145,0.2564369738101959,0.27458539605140686,0.0,507.3028259277344,0.3742360472679138,0.47227057814598083,0.24535416066646576,0.10033345222473145,65.39595031738281,0.35166701674461365,7.145110607147217,0.2789424955844879,0.6378422975540161,0.25107914209365845,0.2849682569503784,0.0,380.9501647949219,0.6364238858222961,0.7722567319869995,0.371570348739624,0.23029029369354248,38.67221450805664,0.3247678279876709,9.767952919006348,0.3476278781890869,0.6532783508300781,0.31222087144851685,0.31222087144851685,0.0,255.4910125732422,0.2549510896205902,0.2549511194229126,0.033870283514261246,0.06381425261497498,13.219561576843262,0.29145577549934387,15.02888298034668,0.6028262376785278,1.0369653701782227,0.4092194437980652,0.4092194437980652,0.0,446.0910949707031,0.2749561667442322,0.2822103202342987,-0.08115851134061813,0.06431863456964493,94.85784912109375,0.32267987728118896,21.242433547973633,0.7796159386634827,1.4066801071166992
2019,2,31.42509105955975,105.22725789874451,4459.1763,500.0,4.6273674964904785,180.0,22.63297462463379,27.616403579711914,1.3171582221984863,7.271421432495117,30.617631912231445,0.27196502685546875,0.2829238176345825,0.0,388.55548095703125,0.5700839161872864,0.5897821187973022,0.45145729184150696,0.11045186221599579,31.561553955078125,0.3414646089076996,12.142358779907227,0.4086698889732361,0.8891556859016418,0.24825654923915863,0.2690857946872711,0.0,458.6066589355469,0.4676947593688965,0.5333333611488342,0.08084467798471451,0.11771304905414581,70.6880874633789,0.3561634421348572,6.4592485427856445,0.2726760804653168,0.6225557923316956,0.24727681279182434,0.30047035217285156,0.0,354.0091857910156,0.47978273034095764,0.5707736611366272,0.13687267899513245,0.11764272302389145,44.7323112487793,0.3347523510456085,9.077157974243164,0.33256396651268005,0.6507310271263123,0.3051542639732361,0.3051542639732361,0.0,249.41455078125,0.5633596777915955,0.5633596777915955,0.09154067188501358,0.15047337114810944,9.976053237915039,0.2882120907306671,14.671443939208984,0.6168724298477173,1.038613200187683,0.42473676800727844,0.42473676800727844,0.0,435.9297790527344,0.5946155786514282,0.5946155786514282,0.08987968415021896,0.18314160406589508,94.54983520507812,0.3241451680660248,20.758560180664062,0.7569889426231384,1.4308735132217407
2019,2,31.30732174163719,104.94833220964938,4459.695,484.0,6.550365924835205,278.1043395996094,20.356399536132812,25.672733306884766,1.297777533531189,7.326657772064209,32.39415740966797,0.2747684717178345,0.28844717144966125,0.0,382.8275451660156,0.5521942377090454,0.5678772330284119,0.4323430061340332,0.11195384711027145,32.34217071533203,0.34739556908607483,11.963360786437988,0.39269134402275085,0.8503780364990234,0.25431835651397705,0.28207677602767944,0.0,439.7165222167969,0.33742016553878784,0.33742016553878784,0.15127526223659515,0.08833659440279007,74.24161529541016,0.35856300592422485,6.193190574645996,0.255710631608963,0.5651828646659851,0.26150965690612793,0.2959769070148468,0.0,343.0372009277344,0.34713584184646606,0.3758142292499542,0.12397940456867218,0.08892101049423218,51.475162506103516,0.34169331192970276,8.795825004577637,0.31361445784568787,0.6155146360397339,0.31719350814819336,0.31719350814819336,0.0,246.3299102783203,0.1093134880065918,0.10931351035833359,0.01520605944097042,0.027732830494642258,11.502395629882812,0.29600584506988525,14.489995002746582,0.5927684903144836,0.9861849546432495,0.4203827381134033,0.4203827381134033,0.0,432.32904052734375,0.6680249571800232,0.6680249571800232,0.526235818862915,0.18964628875255585,90.48531341552734,0.32402142882347107,20.58709716796875,0.740741491317749,1.4207804203033447
2019,2,31.493810265894407,107.83165383732327,4461.819,1030.0,23.073394775390625,57.858760833740234,34.07025909423828,26.213632583618164,1.2725974321365356,5.835387706756592,45.450958251953125,0.31858569383621216,0.3371349573135376,0.0,369.0188293457031,0.6111388206481934,0.6661769151687622,0.4418289363384247,0.1402709186077118,76.28958892822266,0.41383862495422363,11.531838417053223,0.27900224924087524,0.7224072813987732,0.14685560762882233,0.1928710639476776,7.180850370787084E-4,430.9694519042969,0.291690468788147,0.4564265310764313,0.26538535952568054,0.0743599608540535,103.7510986328125,0.419644296169281,6.069982051849365,0.19589963555335999,0.399538516998291,0.17479614913463593,0.2405424267053604,0.0,329.6628723144531,0.38612258434295654,0.4519836902618408,0.17107896506786346,0.08144757151603699,32.76331329345703,0.39256441593170166,8.45289421081543,0.3140503466129303,0.5404009819030762,0.2522014081478119,0.2522014081478119,0.0,218.31002807617188,0.5928829908370972,0.5928829908370972,0.16190055012702942,0.15658038854599,67.79620361328125,0.41519248485565186,12.841766357421875,0.3712999224662781,0.7585071921348572,0.477429062128067,0.477429062128067,0.0,415.67559814453125,0.6130046844482422,0.6609505414962769,0.23004351556301117,0.2206612378358841,81.01978302001953,0.3996153473854065,19.794076919555664,0.601355254650116,1.0285948514938354
2019,2,31.594603786106497,104.87287530162297,4473.1167,497.0,2.9852449893951416,201.37237548828125,27.24349021911621,28.70041275024414,1.2895692586898804,6.900000095367432,30.431392669677734,0.2696177661418915,0.28025493025779724,3.3409833908081055,347.4310607910156,0.5476212501525879,0.5589512586593628,0.4253811240196228,0.10922717303037643,35.26799774169922,0.3541674315929413,10.752814292907715,0.3639567196369171,0.8053025603294373,0.2462131232023239,0.27818217873573303,28.741859436035156,375.505859375,0.3693355321884155,0.41695302724838257,0.14161236584186554,0.07868821918964386,75.94146728515625,0.3640061020851135,4.883999824523926,0.23673377931118011,0.5182042121887207,0.25578370690345764,0.29140254855155945,7.4095234870910645,300.1770324707031,0.3842619061470032,0.4111175537109375,0.07470095902681351,0.09331133961677551,57.121192932128906,0.35232341289520264,7.506858825683594,0.2854081392288208,0.5689873695373535,0.3126719295978546,0.3126719295978546,0.1268130987882614,226.8944854736328,0.36493897438049316,0.3654860556125641,0.052050016820430756,0.09902644157409668,12.673529624938965,0.30528390407562256,13.339274406433105,0.5587852597236633,0.9362391233444214,0.426421582698822,0.426421582698822,0.0,408.3553161621094,0.38012319803237915,0.3855860233306885,0.1730794906616211,0.10717639327049255,93.02913665771484,0.3312901258468628,19.445491790771484,0.6777823567390442,1.3288356065750122
2019,2,28.978886189953045,105.50106453983031,4491.026,323.0,5.286120891571045,90.0,31.482675552368164,26.44856071472168,1.2647002935409546,6.019746780395508,31.07207489013672,0.2694091498851776,0.2995445728302002,0.0,426.94500732421875,0.5905463099479675,0.6309808492660522,0.4527284502983093,0.1072261855006218,30.97420310974121,0.36566007137298584,13.342031478881836,0.3560083508491516,0.7261109352111816,0.19537146389484406,0.22293239831924438,1.9720896671060473E-4,594.3242797851562,0.3999725878238678,0.47919487953186035,0.3118566870689392,0.07542557269334793,70.67784881591797,0.35767510533332825,8.37076187133789,0.24417822062969208,0.5129102468490601,0.18373152613639832,0.21096208691596985,0.0,422.86627197265625,0.06366758048534393,0.06366755813360214,0.20936283469200134,0.008881627582013607,50.25701141357422,0.3463299572467804,10.842724800109863,0.3070976436138153,0.5453219413757324,0.2616487145423889,0.2616487145423889,0.0,266.2255554199219,0.4767771363258362,0.4767771363258362,0.3735850751399994,0.09823927283287048,24.283836364746094,0.33188268542289734,15.660327911376953,0.5126690864562988,0.8758941292762756,0.3509358763694763,0.3509358763694763,0.0,457.99993896484375,0.4336785078048706,0.4504052400588989,0.22103853523731232,0.08117547631263733,72.0987548828125,0.34073033928871155,21.809520721435547,0.7226071357727051,1.4096862077713013
2019,2,31.437754906551543,107.734097624476,4505.2734,530.0,14.846569061279297,111.49398040771484,30.65912437438965,27.827131271362305,1.2771223783493042,6.298474311828613,37.34661865234375,0.32025256752967834,0.33728912472724915,0.0,371.11920166015625,0.6103494167327881,0.6660968065261841,0.4483689069747925,0.14032140374183655,76.76803588867188,0.4112836420536041,11.597475051879883,0.27576571702957153,0.7208457589149475,0.1499098241329193,0.1950879544019699,0.005220829974859953,437.0299377441406,0.33453628420829773,0.33453625440597534,-0.04837879538536072,0.06185575947165489,102.02066040039062,0.41610586643218994,6.155277729034424,0.19522793591022491,0.39901190996170044,0.17730307579040527,0.24446287751197815,0.0,333.3085021972656,0.3275400400161743,0.34697920083999634,0.0012422659201547503,0.06573981791734695,31.989580154418945,0.38807135820388794,8.546371459960938,0.3137071132659912,0.5412322878837585,0.25592222809791565,0.25592222809791565,0.0,219.51303100585938,0.3076416552066803,0.3076416254043579,-0.029339835047721863,0.061066869646310806,68.40544891357422,0.4120892584323883,12.912531852722168,0.3686397671699524,0.7584273815155029,0.4775196313858032,0.4775196313858032,0.0,416.8969421386719,0.40003636479377747,0.4372769594192505,0.10343442112207413,0.1052417978644371,82.55581665039062,0.39638441801071167,19.85223388671875,0.5960766077041626,1.0424164533615112
2019,2,32.07591915381545,107.61336300435288,4519.9336,1138.0,15.526989936828613,172.095458984375,31.020898818969727,25.32309341430664,1.257114052772522,6.100707054138184,40.9176139831543,0.29186031222343445,0.3092307448387146,0.0,305.64801025390625,0.628363311290741,0.6666797995567322,0.45329588651657104,0.12320351600646973,70.0829849243164,0.3925783932209015,9.55150032043457,0.27001282572746277,0.7577704787254333,0.1684800684452057,0.2201855480670929,14.810659408569336,275.931396484375,0.28928226232528687,0.4155210554599762,-0.02806144393980503,0.054093364626169205,95.28903198242188,0.39709311723709106,3.6777570247650146,0.17422597110271454,0.3708361089229584,0.16765658557415009,0.20827238261699677,3.839003324508667,234.18817138671875,0.25397875905036926,0.25397878885269165,0.0605720616877079,0.04802738130092621,48.79041290283203,0.38432028889656067,5.906388759613037,0.2550901770591736,0.5116389393806458,0.256825715303421,0.256825715303421,0.0,191.43289184570312,0.33999231457710266,0.33999231457710266,-0.026242317631840706,0.05929465964436531,44.04208755493164,0.38310930132865906,11.260758399963379,0.3785720765590668,0.6965039968490601,0.47720426321029663,0.47720426321029663,0.0,370.5655212402344,0.3333333134651184,0.38328665494918823,0.050228301435709,0.11356782168149948,82.69267272949219,0.3737281858921051,17.645977020263672,0.502181887626648,0.8965708017349243
2019,2,31.24426113453936,104.0808319361057,4522.822,637.0,2.358262300491333,66.85420989990234,25.516220092773438,25.590059280395508,1.2430118322372437,6.657006740570068,35.76051712036133,0.2494794875383377,0.26834142208099365,1.4495893716812134,288.71624755859375,0.5213780403137207,0.5331037044525146,0.40501582622528076,0.10628470778465271,49.35162353515625,0.3689364492893219,8.977083206176758,0.29951173067092896,0.6452587246894836,0.22731103003025055,0.2537696957588196,51.371925354003906,281.56610107421875,0.2567250728607178,0.36409518122673035,-0.08975683897733688,0.046349700540304184,84.1583023071289,0.36747485399246216,3.242171287536621,0.19542446732521057,0.43084484338760376,0.236197367310524,0.24580641090869904,7.522437572479248,229.6273651123047,0.22848911583423615,0.30532416701316833,-0.0758974477648735,0.035476379096508026,76.26422882080078,0.3634253740310669,5.694998264312744,0.2271328568458557,0.4868508577346802,0.30082789063453674,0.30082789063453674,0.0,191.5762939453125,0.39357829093933105,0.4795587360858917,-0.0330788791179657,0.08284822851419449,28.28287696838379,0.33431604504585266,11.269193649291992,0.43815943598747253,0.756299614906311,0.37752464413642883,0.37752464413642883,0.0,369.39654541015625,0.49868839979171753,0.5391879081726074,-0.00447883503511548,0.13082922995090485,98.35535430908203,0.3470053970813751,17.590312957763672,0.5643119215965271,1.1318461894989014
2019,2,31.208414421170712,104.11828838495464,4522.822,587.0,2.357501268386841,113.15370178222656,27.05695343017578,24.287586212158203,1.2212938070297241,6.699999809265137,35.703826904296875,0.2538631856441498,0.2729896605014801,1.2560425996780396,300.701171875,0.5240300893783569,0.5362000465393066,0.4063655138015747,0.10752202570438385,47.00983810424805,0.3664170205593109,9.357660293579102,0.30975863337516785,0.6648922562599182,0.23183417320251465,0.2588871121406555,44.525943756103516,299.7817687988281,0.4492882490158081,0.5347076058387756,0.05251521244645119,0.07318905740976334,83.00032043457031,0.3659132122993469,3.5951526165008545,0.20046865940093994,0.44078147411346436,0.2403726875782013,0.25042322278022766,6.518054008483887,243.19015502929688,0.3559451401233673,0.3838013708591461,0.01919221319258213,0.06332264095544815,73.99284362792969,0.3610939681529999,6.068515300750732,0.23521141707897186,0.5011131167411804,0.3047454357147217,0.3047454357147217,0.0,198.60610961914062,0.5743308663368225,0.6392215490341187,0.10312644392251968,0.13998951017856598,26.382017135620117,0.33002769947052,11.68271255493164,0.4548233449459076,0.7766282558441162,0.38113924860954285,0.38113924860954285,0.0,377.5699768066406,0.6637955904006958,0.7157723307609558,0.11139282584190369,0.1853572577238083,96.36924743652344,0.343189001083374,17.979522705078125,0.5868735909461975,1.1711128950119019
2019,2,30.858611320831034,103.93719091387104,4523.1123,549.0,1.4236440658569336,49.35603332519531,22.604259490966797,29.432186126708984,1.1900279521942139,6.8038787841796875,41.83915710449219,0.26831725239753723,0.29383939504623413,0.9372230172157288,323.0661315917969,0.543254554271698,0.5619040727615356,0.41638705134391785,0.11245686560869217,43.454673767089844,0.35915255546569824,10.0665283203125,0.3250768780708313,0.6731946468353271,0.23860299587249756,0.25937211513519287,33.420753479003906,334.4237060546875,0.3290461003780365,0.337091326713562,-0.0990554466843605,0.05996854603290558,77.75012969970703,0.3576182425022125,4.23947811126709,0.20624442398548126,0.47060978412628174,0.23008498549461365,0.24152520298957825,4.863585472106934,269.1922607421875,0.3333333432674408,0.38609111309051514,-0.07733096927404404,0.06960000097751617,68.60556030273438,0.3509211540222168,6.777658462524414,0.245879665017128,0.5443962812423706,0.31000664830207825,0.31000664830207825,0.0,211.2764129638672,0.4421004056930542,0.5191318988800049,0.09058157354593277,0.10699345916509628,25.867664337158203,0.3203895092010498,12.428024291992188,0.47050005197525024,0.7953848242759705,0.3699885904788971,0.3699885904788971,0.0,393.0993957519531,0.3670412003993988,0.3670412003993988,0.14098156988620758,0.06698501855134964,95.65763092041016,0.33438554406166077,18.719018936157227,0.6252259612083435,1.2101906538009644
2019,2,31.26554888296851,104.32714821919699,4534.967,536.0,1.8543341159820557,180.0,25.217004776000977,29.71224594116211,1.25,6.800000190734863,39.41462707519531,0.26549044251441956,0.2819448411464691,0.6151185035705566,335.6044921875,0.5241919755935669,0.5339434146881104,0.4066774845123291,0.1101270243525505,40.13090133666992,0.36125072836875916,10.46841812133789,0.3389556109905243,0.7310534119606018,0.24655179679393768,0.2800064980983734,21.795654296875,348.8521423339844,0.7025813460350037,0.7948011159896851,0.4267345070838928,0.2989679276943207,82.24501037597656,0.3650204837322235,4.606429100036621,0.21508507430553436,0.45805323123931885,0.26218274235725403,0.27378135919570923,3.1920697689056396,281.3296203613281,0.32569974660873413,0.6772013306617737,-0.021596252918243408,0.06787582486867905,68.6312026977539,0.35838040709495544,7.131731986999512,0.25873494148254395,0.5315757989883423,0.3190264105796814,0.3190264105796814,0.0,219.59750366210938,0.2476380467414856,0.28280043601989746,9.406637400388718E-4,0.056031808257102966,19.252443313598633,0.3181207478046417,12.917500495910645,0.5101399421691895,0.8454362750053406,0.4014190137386322,0.4014190137386322,0.0,401.04376220703125,0.22915254533290863,0.24863466620445251,0.1625521034002304,0.041545357555150986,90.12598419189453,0.33369868993759155,19.097322463989258,0.6494776606559753,1.2963811159133911
2019,2,29.936402336462635,104.34250982232611,4537.356,393.0,1.415961742401123,49.088531494140625,21.46768569946289,32.635372161865234,1.301421046257019,7.45589542388916,35.05684280395508,0.27667075395584106,0.30449625849723816,0.0,408.9588317871094,0.5520356893539429,0.5834230780601501,0.43315860629081726,0.11213035136461258,28.97486686706543,0.3595627248287201,12.779963493347168,0.3885250389575958,0.8161634206771851,0.23438973724842072,0.2624739110469818,0.05884756147861481,502.95703125,0.28253382444381714,0.2825338542461395,0.1975996345281601,0.07893994450569153,71.34864044189453,0.3605770468711853,7.083073139190674,0.24144192039966583,0.5257013440132141,0.22802773118019104,0.24608151614665985,0.0,375.74365234375,0.3740788996219635,0.3740788996219635,0.17320503294467926,0.05929150432348251,55.50996017456055,0.35035258531570435,9.634452819824219,0.2958638072013855,0.5750964283943176,0.29980766773223877,0.29980766773223877,0.0,257.7306213378906,0.2635458707809448,0.2635459005832672,0.19193322956562042,0.04517176002264023,18.428979873657227,0.32048362493515015,15.160624504089355,0.5503751039505005,0.8970972299575806,0.365499883890152,0.365499883890152,0.0,446.9248046875,0.35097572207450867,0.37999141216278076,0.163328617811203,0.05984677001833916,85.34969329833984,0.33481788635253906,21.282133102416992,0.7363670468330383,1.370783805847168
2019,2,29.7526071092417,103.61810656068856,4544.737,404.0,1.4144752025604248,229.03631591796875,27.839487075805664,30.281490325927734,1.223832607269287,6.006572723388672,39.488765716552734,0.2946103513240814,0.3269062638282776,0.0,378.44403076171875,0.6118481755256653,0.6293444037437439,0.46543964743614197,0.12084154784679413,50.322235107421875,0.39254605770111084,11.826375961303711,0.3155827522277832,0.6455836892127991,0.2459576278924942,0.27842554450035095,0.23310719430446625,420.5933532714844,0.22631299495697021,0.3171856999397278,-0.053997334092855453,0.04510006308555603,104.7737808227539,0.39139077067375183,5.920567035675049,0.19541476666927338,0.4283178150653839,0.208684042096138,0.2201763391494751,0.0,328.7352294921875,0.20992019772529602,0.24822190403938293,-0.10682366788387299,0.04030858352780342,72.7147445678711,0.38285204768180847,8.429108619689941,0.23662209510803223,0.4912492036819458,0.3142509460449219,0.3142509460449219,0.0,240.22802734375,0.39782148599624634,0.4000000059604645,-0.02306610904633999,0.07876735180616379,26.68024253845215,0.34980612993240356,14.131060600280762,0.46385952830314636,0.8104240298271179,0.3548446297645569,0.3548446297645569,0.0,421.7940979003906,0.28012964129447937,0.5275132060050964,0.13042357563972473,0.07355114072561264,109.0057601928711,0.37080422043800354,20.085432052612305,0.5883128643035889,1.0699195861816406
2019,2,29.8455838253071,103.58980910540338,4544.737,448.0,0.0,-0.0,31.299999237060547,30.399999618530273,1.149999976158142,6.199999809265137,65.5999984741211,0.2963789701461792,0.32870131731033325,0.0,375.5047607421875,0.6085693836212158,0.6261172890663147,0.462209016084671,0.12134439498186111,49.56026077270508,0.3884523808956146,11.73452377319336,0.316333532333374,0.6433408856391907,0.24794180691242218,0.2787941098213196,0.29081401228904724,411.8708190917969,0.36066925525665283,0.46522411704063416,0.1124594435095787,0.06390640139579773,102.27904510498047,0.3872244954109192,5.796901702880859,0.19544950127601624,0.43232154846191406,0.21031039953231812,0.22217382490634918,0.0,324.69677734375,0.4543721675872803,0.5168949961662292,0.07008237391710281,0.0769384577870369,72.08290100097656,0.37869372963905334,8.32555866241455,0.23701724410057068,0.5025523900985718,0.31719112396240234,0.31719112396240234,0.0,239.12716674804688,0.7108280062675476,0.7108280062675476,0.26548877358436584,0.1909283995628357,26.431690216064453,0.3445985019207001,14.066304206848145,0.4660341441631317,0.8115043044090271,0.35589808225631714,0.35589808225631714,0.0,420.7393493652344,0.6102495193481445,0.7395930886268616,0.24960754811763763,0.14572758972644806,108.45750427246094,0.36586153507232666,20.035207748413086,0.5938664674758911,1.085186243057251
2019,2,28.681905600692488,104.83190954024496,4553.772,398.0,2.1134684085845947,90.0,30.029014587402344,27.922163009643555,1.242169976234436,6.100625038146973,38.0728645324707,0.26928892731666565,0.30408525466918945,0.0,414.68109130859375,0.6151426434516907,0.652265727519989,0.4266760051250458,0.10935144126415253,32.60115432739258,0.37100523710250854,12.958784103393555,0.3406916558742523,0.7410066723823547,0.1942485123872757,0.24176447093486786,0.0,543.6444702148438,0.43604016304016113,0.5084859728813171,0.2961493730545044,0.07679281383752823,89.40428924560547,0.36894747614860535,7.6569647789001465,0.2160806506872177,0.4462498128414154,0.17205673456192017,0.19590766727924347,0.0,393.8908386230469,0.26771068572998047,0.32974761724472046,0.015404959209263325,0.04222926124930382,61.00919723510742,0.36355093121528625,10.09976577758789,0.2659904658794403,0.5013203620910645,0.24769176542758942,0.24769176542758942,0.0,260.7794189453125,0.4827224016189575,0.4827224016189575,0.3622594475746155,0.09357728064060211,22.01397132873535,0.33406078815460205,15.3399658203125,0.4942054748535156,0.8287378549575806,0.35411715507507324,0.35411715507507324,0.0,449.0405578613281,0.2587079405784607,0.27515724301338196,0.05559585988521576,0.03883729130029678,69.86991119384766,0.34811511635780334,21.382884979248047,0.6760162115097046,1.293379783630371
2019,2,31.434254512224577,104.37296102342009,4556.4507,562.0,0.9274099469184875,180.0,28.64996910095215,26.60817527770996,1.2649662494659424,6.900000095367432,30.57672119140625,0.2652501165866852,0.278243750333786,0.5518328547477722,331.9761962890625,0.5166323184967041,0.5222390294075012,0.4033781588077545,0.10923859477043152,41.146240234375,0.3647371828556061,10.357011795043945,0.33271393179893494,0.7273277640342712,0.24719855189323425,0.28537502884864807,19.53340721130371,336.27935791015625,0.14064359664916992,0.16168582439422607,0.2767261862754822,0.016286352649331093,85.87922668457031,0.36953526735305786,4.46121072769165,0.2115643471479416,0.4391379654407501,0.2696129083633423,0.28185388445854187,2.8636579513549805,275.0529479980469,0.19696365296840668,0.19696363806724548,0.28088927268981934,0.029505155980587006,71.06014251708984,0.36368465423583984,6.979212760925293,0.2540329694747925,0.5152010917663574,0.3221285939216614,0.3221285939216614,0.0,218.20384216308594,0.32133710384368896,0.4216216206550598,0.2102878987789154,0.025832856073975563,18.416109085083008,0.3196645677089691,12.83552074432373,0.5098280906677246,0.8473311066627502,0.4093031883239746,0.4093031883239746,0.0,398.0987548828125,0.16941800713539124,0.1835481822490692,0.0981975868344307,0.024394715204834938,91.40328216552734,0.33701208233833313,18.957082748413086,0.6349717974662781,1.2873036861419678
2019,2,31.386011497927353,105.47438573822754,4560.913,600.0,29.283491134643555,17.71725845336914,26.659523010253906,22.566987991333008,1.2744383811950684,6.803509712219238,35.84387969970703,0.2707836329936981,0.28223928809165955,0.0,398.2248840332031,0.5860961675643921,0.6110275983810425,0.4652734696865082,0.11024092882871628,30.387662887573242,0.33574917912483215,12.444527626037598,0.4256657361984253,0.9249001145362854,0.2452808916568756,0.25907057523727417,0.0,488.2505187988281,0.26310408115386963,0.31147539615631104,0.12260943651199341,0.057613126933574677,65.82403564453125,0.3521905541419983,6.876767635345459,0.2889968454837799,0.6770336627960205,0.2356320172548294,0.2998221814632416,0.0,370.9112243652344,0.29798412322998047,0.31357085704803467,0.057164762169122696,0.07139836996793747,37.33431625366211,0.32580193877220154,9.510543823242188,0.35281047224998474,0.6844305396080017,0.2964684069156647,0.2964684069156647,0.0,254.05604553222656,0.45511388778686523,0.45511388778686523,0.1157534271478653,0.14827610552310944,9.355649948120117,0.2819080948829651,14.944473266601562,0.6354048252105713,1.0820703506469727,0.4239586889743805,0.4239586889743805,0.0,442.28369140625,0.6848234534263611,0.6848234534263611,0.5368068218231201,0.19327735900878906,97.2312240600586,0.32279351353645325,21.061128616333008,0.7804301977157593,1.4411827325820923
2019,2,32.25620952760836,108.24560110631676,4590.078,504.0,32.415287017822266,84.14730834960938,32.280914306640625,25.475135803222656,1.2289541959762573,6.344770908355713,40.21800994873047,0.2793249487876892,0.30944788455963135,0.0,292.8606872558594,0.5947390198707581,0.6430490612983704,0.3909263014793396,0.11795759201049805,64.81778717041016,0.37918734550476074,9.151896476745605,0.28070947527885437,0.6888540387153625,0.14912700653076172,0.19816040992736816,19.763370513916016,231.99862670898438,0.07798583805561066,0.07925568521022797,-0.1139354333281517,0.012342999689280987,88.2279281616211,0.38711243867874146,2.9892289638519287,0.18263711035251617,0.4001237750053406,0.162578284740448,0.1820298135280609,5.654156684875488,203.86026000976562,0.37812793254852295,0.38734009861946106,0.05653456971049309,0.07857217639684677,51.791343688964844,0.3838583528995514,5.082207679748535,0.24941541254520416,0.5495359897613525,0.24157370626926422,0.24157370626926422,0.0,188.2193603515625,0.581538200378418,0.582602322101593,0.10757870972156525,0.12790565192699432,39.63378143310547,0.37129586935043335,11.07172679901123,0.41332024335861206,0.7820460200309753,0.47273769974708557,0.47273769974708557,0.0,361.9453125,0.6662473678588867,0.7274850606918335,0.20774495601654053,0.2031451016664505,63.8486328125,0.3502165973186493,17.235490798950195,0.5328841209411621,0.8841113448143005
2019,2,28.59324083534577,104.84781069460153,4592.9697,355.0,2.1336729526519775,150.34060668945312,28.890213012695312,29.71885108947754,1.2471258640289307,5.988581657409668,31.71710205078125,0.26976776123046875,0.30562281608581543,0.0,414.23956298828125,0.6251813173294067,0.6621900200843811,0.42710044980049133,0.10990442335605621,33.05952835083008,0.37121254205703735,12.944986343383789,0.33618342876434326,0.7315057516098022,0.1930197775363922,0.24128921329975128,0.0,543.502197265625,0.44159024953842163,0.5109860301017761,0.29624688625335693,0.07575171440839767,91.5800552368164,0.3692244589328766,7.6549601554870605,0.2129932940006256,0.43844884634017944,0.16801157593727112,0.19168169796466827,0.0,393.5831604003906,0.19430924952030182,0.20157790184020996,0.056991394609212875,0.030992325395345688,61.72007751464844,0.3643490672111511,10.091876029968262,0.26212000846862793,0.49734199047088623,0.24497255682945251,0.24497255682945251,0.0,260.7195129394531,0.4817233979701996,0.4817233979701996,0.36138731241226196,0.09240911900997162,21.771657943725586,0.33345699310302734,15.336441040039062,0.4902837872505188,0.8204137086868286,0.3549732267856598,0.3549732267856598,0.0,449.00628662109375,0.2653845548629761,0.2670454680919647,-0.008970356546342373,0.042547352612018585,67.23573303222656,0.347106009721756,21.38125228881836,0.6733032464981079,1.294355869293213
2019,2,31.319718042565775,104.15116979612274,4593.4624,588.0,1.8543341159820557,-0.0,29.292011260986328,28.118389129638672,1.2462047338485718,6.697423458099365,36.27137756347656,0.2506179213523865,0.26768025755882263,1.3287087678909302,293.5507507324219,0.5182607173919678,0.5281097292900085,0.4035566747188568,0.10623114556074142,48.37447738647461,0.36912262439727783,9.131938934326172,0.3032868802547455,0.6581498384475708,0.2299913763999939,0.2592766284942627,47.063011169433594,286.709228515625,0.2897753417491913,0.3646368384361267,0.08839421719312668,0.05246903747320175,85.1407699584961,0.36886927485466003,3.3752989768981934,0.19741752743721008,0.4283905327320099,0.2432253062725067,0.25315794348716736,6.895144939422607,234.34535217285156,0.0792708545923233,0.0792708769440651,0.4343661665916443,0.010091179050505161,76.042236328125,0.3647424280643463,5.832056522369385,0.23038865625858307,0.486471563577652,0.30399930477142334,0.30399930477142334,0.0,194.6992950439453,0.3126317262649536,0.32446807622909546,0.3035539388656616,0.03513580188155174,26.63361358642578,0.3329082429409027,11.452899932861328,0.4486386775970459,0.7698182463645935,0.38438332080841064,0.38438332080841064,0.0,372.51104736328125,0.22806447744369507,0.243963360786438,0.3266991078853607,0.026658127084374428,97.30045318603516,0.3463655710220337,17.73862075805664,0.5716930627822876,1.1537251472473145
2019,2,30.34468654711824,105.57140239984736,4597.3354,316.0,6.028939247131348,62.624839782714844,17.819116592407227,34.85945129394531,1.311705231666565,7.056631565093994,28.71306037902832,0.27617570757865906,0.30753645300865173,0.0,416.44769287109375,0.5497354865074158,0.5878816246986389,0.4213908910751343,0.11509236693382263,35.57025146484375,0.354081392288208,13.01399040222168,0.39933526515960693,0.8596072196960449,0.252391517162323,0.2737451493740082,0.0,553.3408813476562,0.3116243779659271,0.3594926595687866,-0.04756668582558632,0.05397333949804306,63.45319747924805,0.3552694618701935,7.7935333251953125,0.27341073751449585,0.6094709634780884,0.24919863045215607,0.26336145401000977,0.0,404.778564453125,0.4215184152126312,0.42151838541030884,-0.1349206119775772,0.06432371586561203,35.80530548095703,0.32541653513908386,10.378937721252441,0.35212522745132446,0.6282175183296204,0.31361299753189087,0.31361299753189087,0.0,258.3220520019531,0.39589443802833557,0.39589443802833557,0.04411407560110092,0.0848005935549736,23.010526657104492,0.3130027949810028,15.195414543151855,0.555309534072876,1.0040162801742554,0.38715699315071106,0.38715699315071106,0.0,451.7957763671875,0.5290892124176025,0.5414847135543823,0.08424746990203857,0.1328013837337494,98.75291442871094,0.33559754490852356,21.514083862304688,0.7604578733444214,1.3315491676330566
2019,2,31.528845422871328,105.12700838886094,4607.195,563.0,12.61123275756836,199.84864807128906,20.64366340637207,26.57406234741211,1.2960981130599976,7.445810794830322,28.48821258544922,0.2709808051586151,0.28076085448265076,0.6146684288978577,375.5606689453125,0.5642334222793579,0.5808374285697937,0.44589632749557495,0.10974280536174774,32.59438705444336,0.3451710045337677,11.717062950134277,0.3953400254249573,0.8665329217910767,0.24678343534469604,0.2712444067001343,6.276111125946045,429.5806579589844,0.2537558078765869,0.28276410698890686,0.018985779955983162,0.04463370889425278,72.79283142089844,0.3590586483478546,5.9620361328125,0.2620427906513214,0.5918233394622803,0.24910016357898712,0.29959824681282043,1.4183753728866577,336.060302734375,0.3077698051929474,0.3362983167171478,0.01859111152589321,0.05826444923877716,48.91999816894531,0.3410053253173828,8.580562591552734,0.3177866041660309,0.6274751424789429,0.30671268701553345,0.30671268701553345,0.023074883967638016,242.73251342773438,0.4209190905094147,0.4209190905094147,0.11135612428188324,0.10607161372900009,10.288248062133789,0.29262956976890564,14.277026176452637,0.6024892330169678,1.011108160018921,0.4272376596927643,0.4272376596927643,0.0,427.2460021972656,0.1971675157546997,0.1971675157546997,0.0506894625723362,0.053333815187215805,94.48699188232422,0.3266260623931885,20.345048904418945,0.731368899345398,1.4025508165359497
2019,2,29.507905020731748,103.9978257699958,4616.432,363.0,3.500674247741699,142.5467529296875,27.872438430786133,27.628847122192383,1.235183835029602,6.3801140785217285,31.498294830322266,0.2806468605995178,0.30990320444107056,0.0,399.35137939453125,0.5830197334289551,0.6088989973068237,0.4573991000652313,0.1135312020778656,42.22869110107422,0.39042913913726807,12.479730606079102,0.3419920802116394,0.7227969765663147,0.22642415761947632,0.26229381561279297,0.059808582067489624,480.9940185546875,0.43739819526672363,0.5134056210517883,0.3238934576511383,0.09089450538158417,94.78156280517578,0.38908475637435913,6.773721218109131,0.2136906236410141,0.45200857520103455,0.20569370687007904,0.22259952127933502,0.0,360.5032958984375,0.30257099866867065,0.30438676476478577,0.1944383680820465,0.044189855456352234,67.55599975585938,0.3807934820652008,9.243674278259277,0.258015513420105,0.4867542088031769,0.29406312108039856,0.29406312108039856,0.0,250.69993591308594,0.5221030712127686,0.5221030712127686,0.37516945600509644,0.11645324528217316,24.862136840820312,0.35257765650749207,14.747055053710938,0.48866111040115356,0.837907075881958,0.3493441939353943,0.3493441939353943,0.0,434.6673583984375,0.48757266998291016,0.5388283133506775,0.2775184214115143,0.10393159836530685,101.9007339477539,0.37137722969055176,20.698444366455078,0.6261168718338013,1.1422685384750366
2019,2,30.76806035573871,104.62682656459488,4620.524,464.0,2.145183563232422,149.8046112060547,20.095733642578125,31.132226943969727,1.28975248336792,7.0547776222229,32.29555892944336,0.2797195315361023,0.3043242394924164,0.0,397.8746032714844,0.5521736741065979,0.5739610195159912,0.420053631067276,0.1161789745092392,27.505361557006836,0.34182050824165344,12.433581352233887,0.40505272150039673,0.8488426804542542,0.2634545862674713,0.2881000339984894,0.0,471.3219909667969,0.3510555326938629,0.3510555028915405,0.0820288136601448,0.060662396252155304,67.44002532958984,0.34826236963272095,6.638338088989258,0.2535887658596039,0.5635634660720825,0.2656039297580719,0.2785702049732208,0.0,360.9090270996094,0.3741699755191803,0.438099205493927,0.12205072492361069,0.07289500534534454,50.21202087402344,0.3338660001754761,9.254077911376953,0.31552499532699585,0.6333569288253784,0.3249950408935547,0.3249950408935547,0.0,253.5732421875,0.45415550470352173,0.45415550470352173,0.08784597367048264,0.06158348545432091,12.524384498596191,0.2963792681694031,14.916072845458984,0.5899394750595093,0.9488250017166138,0.4029569923877716,0.4029569923877716,0.0,444.33349609375,0.29585152864456177,0.34321919083595276,0.11429210752248764,0.07023514807224274,78.73592376708984,0.3107428550720215,21.158737182617188,0.7891876101493835,1.491173267364502
2019,2,29.603307487770223,103.53617949703359,4625.337,401.0,1.4132779836654663,311.005859375,23.689453125,30.661449432373047,1.2460856437683105,6.038360118865967,39.78147506713867,0.2954525649547577,0.3286827802658081,0.0,377.4411315917969,0.629115104675293,0.6436567902565002,0.47612813115119934,0.1220533549785614,55.248680114746094,0.4038090109825134,11.795035362243652,0.3026277720928192,0.6200534105300903,0.24693919718265533,0.2822721600532532,0.16935133934020996,418.6441345214844,0.05528795346617699,0.23979298770427704,0.324216365814209,0.00847018975764513,114.50576782226562,0.40264806151390076,5.8940110206604,0.18778029084205627,0.4074384570121765,0.20443709194660187,0.21356554329395294,0.0,326.318359375,0.03863297775387764,0.10777157545089722,0.3885350227355957,0.00270044500939548,76.44891357421875,0.39418867230415344,8.367137908935547,0.22653207182884216,0.4628226161003113,0.31373491883277893,0.31373491883277893,0.0,238.8083038330078,0.5497596859931946,0.5497596859931946,0.3760637640953064,0.12770996987819672,28.23404312133789,0.3619677722454071,14.047547340393066,0.4472731947898865,0.7954360246658325,0.3529619574546814,0.3529619574546814,0.0,419.1546630859375,0.18269529938697815,0.18269529938697815,0.3965453803539276,0.03471210598945618,113.51441192626953,0.38345327973365784,19.959745407104492,0.5572599172592163,0.9999035000801086
2019,2,28.897770682689806,105.21674779756154,4626.6196,326.0,2.974654197692871,200.84393310546875,32.95729446411133,29.521291732788086,1.2759560346603394,6.099999904632568,42.8502197265625,0.2692837417125702,0.3007420301437378,0.0,422.8979187011719,0.5967583656311035,0.6361079216003418,0.44412726163864136,0.10781888663768768,31.097187042236328,0.3677419126033783,13.215559959411621,0.35274314880371094,0.7365303039550781,0.19526568055152893,0.22918103635311127,0.0,575.1634521484375,0.4108148515224457,0.4883117973804474,0.306742399930954,0.07606754451990128,76.9143295288086,0.3621070086956024,8.1008939743042,0.23458300530910492,0.4891413450241089,0.18065127730369568,0.2068100869655609,0.0,411.9540100097656,0.223398357629776,0.25601038336753845,0.14864717423915863,0.03959006071090698,54.35179901123047,0.35312706232070923,10.562923431396484,0.29200834035873413,0.5285462737083435,0.25756707787513733,0.25756707787513733,0.0,264.4928283691406,0.47885796427726746,0.47885796427726746,0.3700198233127594,0.09692109376192093,22.972993850708008,0.3323069214820862,15.558402061462402,0.5083974003791809,0.8585573434829712,0.3517928421497345,0.3517928421497345,0.0,454.9696350097656,0.35299476981163025,0.36058932542800903,0.09240778535604477,0.06113021820783615,71.24797821044922,0.34300410747528076,21.66522216796875,0.7077171206474304,1.3715177774429321
2019,2,26.989480550463423,102.839806144618,4652.8545,1362.0,10.147896766662598,185.82518005371094,30.571407318115234,32.268009185791016,1.3928279876708984,6.8603835105896,36.080570220947266,0.30237677693367004,0.31606772541999817,0.0,304.50323486328125,0.4014742076396942,0.4166984260082245,-0.035273198038339615,0.08154641091823578,32.80364227294922,0.39793673157691956,9.515726089477539,0.3905331492424011,0.6664390563964844,0.23848143219947815,0.25175410509109497,9.215066909790039,513.8248291015625,0.28104034066200256,0.383584588766098,-0.06117518991231918,0.06179611757397652,74.30542755126953,0.35479414463043213,7.107179641723633,0.41828998923301697,0.94747394323349,0.22695685923099518,0.22996260225772858,0.0,411.5042724609375,0.2209366261959076,0.2408362776041031,-0.08066938817501068,0.052016451954841614,30.15743064880371,0.2743641436100006,10.5513916015625,0.7107899188995361,1.1635195016860962,0.23820625245571136,0.23820625245571136,0.0,220.76158142089844,0.2041628509759903,0.22321929037570953,-0.09496217221021652,0.04942210763692856,43.66026306152344,0.29784736037254333,12.98597526550293,0.7754063606262207,1.4157754182815552,0.2628074586391449,0.2628074586391449,0.0,383.80902099609375,0.17744675278663635,0.190702885389328,-0.11521715670824051,0.04145953431725502,37.19019317626953,0.28289395570755005,18.276620864868164,1.1460585594177246,1.851563572883606
2019,2,29.363996452433884,104.83891924710096,4654.629,299.0,5.612176895141602,325.4544677734375,26.705078125,32.195953369140625,1.2612266540527344,6.5,31.34220314025879,0.26609182357788086,0.2924244999885559,0.0,420.96044921875,0.5404537320137024,0.5792739987373352,0.43115994334220886,0.10501929372549057,28.678876876831055,0.3685748875141144,13.155014038085938,0.3764936029911041,0.8054758906364441,0.20287348330020905,0.2396603375673294,0.0,555.7255249023438,0.3884330987930298,0.4833472967147827,0.29993945360183716,0.08343535661697388,70.05311584472656,0.3648834228515625,7.827120304107666,0.2436632364988327,0.5135728716850281,0.20265044271945953,0.22867538034915924,0.0,402.3220520019531,0.20059791207313538,0.20059791207313538,0.01337371114641428,0.0402800627052784,54.031333923339844,0.35490933060646057,10.315950393676758,0.30087748169898987,0.5368576049804688,0.26997512578964233,0.26997512578964233,0.0,262.7499694824219,0.3385307192802429,0.3385307490825653,0.03525044769048691,0.0755600556731224,23.579973220825195,0.33709293603897095,15.455880165100098,0.5270660519599915,0.8940748572349548,0.34743085503578186,0.34743085503578186,0.0,451.6502990722656,0.5161986947059631,0.5219675302505493,0.107173852622509,0.14494860172271729,87.5645980834961,0.3524937629699707,21.507156372070312,0.7071865200996399,1.3195356130599976
2019,2,32.05139409802149,107.53521279929019,4664.189,946.0,9.154959678649902,314.6783447265625,30.898780822753906,27.596242904663086,1.245877981185913,6.37310266494751,38.803009033203125,0.294237345457077,0.3094809949398041,0.0,307.9659118652344,0.6321960687637329,0.6690552234649658,0.46121737360954285,0.1240067109465599,70.64132690429688,0.39344191551208496,9.623934745788574,0.268459677696228,0.7619505524635315,0.1706811487674713,0.22263012826442719,14.14398193359375,282.9626159667969,0.491932213306427,0.5893260836601257,0.1409604549407959,0.10466016083955765,95.7420425415039,0.397523432970047,3.7861781120300293,0.17356806993484497,0.3684004545211792,0.16830383241176605,0.2118854820728302,3.6183040142059326,238.97909545898438,0.44017094373703003,0.44017094373703003,0.18068067729473114,0.10383632779121399,48.010459899902344,0.383339524269104,6.0348920822143555,0.25657349824905396,0.5080470442771912,0.25861454010009766,0.25861454010009766,0.0,192.3201446533203,0.6354916095733643,0.6354916095733643,0.25229525566101074,0.10835132002830505,44.46822738647461,0.3837258517742157,11.312950134277344,0.3749706447124481,0.6894049048423767,0.47838616371154785,0.47838616371154785,0.0,372.2439270019531,0.7302522659301758,0.7661169171333313,0.25238046050071716,0.16204825043678284,84.51617431640625,0.3752639591693878,17.725902557373047,0.5000520944595337,0.9029554724693298
2019,2,31.362297998525126,105.64039361134628,4674.365,447.0,8.35799789428711,352.5861511230469,29.457109451293945,24.29375648498535,1.2485432624816895,7.09982442855835,36.566524505615234,0.2701173722743988,0.2826578617095947,0.0,398.4126892089844,0.5851923227310181,0.6131959557533264,0.46485185623168945,0.11016574501991272,35.37171936035156,0.3417929410934448,12.450396537780762,0.41090309619903564,0.9088570475578308,0.24436405301094055,0.25754332542419434,0.0,492.415771484375,0.22088348865509033,0.23434704542160034,0.03206450864672661,0.046202149242162704,68.01395416259766,0.35601094365119934,6.935433387756348,0.28247037529945374,0.6564863920211792,0.2340855747461319,0.298624724149704,0.0,373.10687255859375,0.24828192591667175,0.266685426235199,0.025490496307611465,0.05440186709165573,34.625404357910156,0.3271385431289673,9.566843032836914,0.3549801707267761,0.676345944404602,0.29548829793930054,0.29548829793930054,0.0,251.904052734375,0.43249058723449707,0.43249058723449707,0.1478448212146759,0.11517223715782166,13.869613647460938,0.2922079861164093,14.817885398864746,0.6097276210784912,1.0689295530319214,0.4230860769748688,0.4230860769748688,0.0,441.6531677246094,0.41846758127212524,0.41846758127212524,0.07167091220617294,0.10574676096439362,101.5577163696289,0.32888710498809814,21.031103134155273,0.7631755471229553,1.3903177976608276
2019,2,29.36049159900588,105.15638494660105,4700.5557,368.0,2.820997476577759,48.926170349121094,25.734844207763672,30.984954833984375,1.2802571058273315,6.241382122039795,32.77675247192383,0.26630082726478577,0.29255080223083496,0.0,422.68463134765625,0.5418424606323242,0.580977201461792,0.4342043995857239,0.10501063615083694,29.830678939819336,0.3664839565753937,13.208894729614258,0.37305790185928345,0.7854305505752563,0.20250153541564941,0.23739095032215118,0.0,571.50732421875,0.38673391938209534,0.4811386466026306,0.30171725153923035,0.08286024630069733,66.89659881591797,0.3605410158634186,8.049399375915527,0.24931161105632782,0.5310757756233215,0.20228520035743713,0.2286089062690735,0.0,411.2727966308594,0.2554640769958496,0.3126131594181061,0.04591988027095795,0.052330899983644485,50.39833450317383,0.3481447100639343,10.545456886291504,0.31290945410728455,0.5519975423812866,0.27040085196495056,0.27040085196495056,0.0,263.2601013183594,0.296759694814682,0.296759694814682,0.028498712927103043,0.05997513234615326,25.95413589477539,0.3378821313381195,15.485888481140137,0.5238537788391113,0.9091926217079163,0.3474253714084625,0.3474253714084625,0.0,453.14263916015625,0.37294742465019226,0.390928715467453,0.03695832937955856,0.08667135238647461,88.99156951904297,0.35230129957199097,21.57822036743164,0.7123244404792786,1.3332133293151855
2019,2,29.09422975690253,105.59215505615009,4709.679,333.0,2.8168413639068604,131.14767456054688,30.597579956054688,25.221811294555664,1.232314944267273,5.915827751159668,33.66740036010742,0.26803088188171387,0.2985308766365051,0.0,423.0106201171875,0.575088381767273,0.619344174861908,0.447616845369339,0.10665841400623322,34.5145149230957,0.3705313801765442,13.21908187866211,0.35126301646232605,0.7344573140144348,0.19232533872127533,0.22563336789608002,0.014995694160461426,585.1459350585938,0.3868061900138855,0.4783352315425873,0.3030138313770294,0.07658272236585617,69.30656433105469,0.3623332679271698,8.241280555725098,0.24448902904987335,0.5120490789413452,0.18898102641105652,0.2163487821817398,0.0,417.14630126953125,0.21272660791873932,0.21272659301757812,0.1283993273973465,0.03486589342355728,49.72075271606445,0.3500068783760071,10.696059226989746,0.310970276594162,0.5531525015830994,0.26625949144363403,0.26625949144363403,0.0,262.9686584472656,0.48502179980278015,0.48502179980278015,0.3764396011829376,0.10051626712083817,30.059194564819336,0.34241122007369995,15.468743324279785,0.5016564130783081,0.8851672410964966,0.35390132665634155,0.35390132665634155,0.0,453.4639892578125,0.2977812588214874,0.4797806739807129,0.29325059056282043,0.05254387855529785,79.48371124267578,0.35130980610847473,21.593523025512695,0.7025206685066223,1.3709299564361572
2019,2,31.648233394476286,105.03483877008622,4714.8784,492.0,3.265018939971924,270.0,25.79776954650879,26.955093383789062,1.2936047315597534,7.111769199371338,25.789823532104492,0.2671256959438324,0.27790743112564087,3.903233528137207,341.55218505859375,0.5614550709724426,0.5756441354751587,0.4350193440914154,0.10834753513336182,34.6334114074707,0.3517943024635315,10.551529884338379,0.3674502968788147,0.8203138709068298,0.24059142172336578,0.26849526166915894,36.80333709716797,372.2891845703125,0.41851162910461426,0.47135135531425476,0.10639087855815887,0.11078367382287979,71.65433502197266,0.3621330261230469,4.725152969360352,0.2420458346605301,0.5445119142532349,0.2423410713672638,0.2865460515022278,8.836524963378906,296.4049987792969,0.45180565118789673,0.5708345174789429,0.18255864083766937,0.11615616828203201,53.48987579345703,0.34938132762908936,7.3735504150390625,0.2897811532020569,0.5802310705184937,0.30414649844169617,0.30414649844169617,0.14731909334659576,223.57510375976562,0.5797236561775208,0.5923148989677429,0.20921020209789276,0.19446636736392975,12.312840461730957,0.3037639260292053,13.142810821533203,0.5611115097999573,0.9484924077987671,0.42773160338401794,0.42773160338401794,0.0,404.51336669921875,0.47093039751052856,0.4729166626930237,0.31767362356185913,0.06670679152011871,95.83122253417969,0.3322821259498596,19.262540817260742,0.672868013381958,1.3009575605392456
2019,2,31.1865871215141,104.2735186108272,4716.8296,512.0,3.3782477378845215,254.08389282226562,23.477869033813477,30.821216583251953,1.267806053161621,6.800000190734863,33.54045486450195,0.26431745290756226,0.28259041905403137,0.7227276563644409,332.3569030761719,0.5274401903152466,0.5392106175422668,0.4081152081489563,0.11021076887845993,40.696983337402344,0.3605774939060211,10.363568305969238,0.3372270166873932,0.7226291298866272,0.24433967471122742,0.2749813497066498,25.62513542175293,346.9733581542969,0.36741700768470764,0.4393305480480194,-0.01347826886922121,0.08105788379907608,80.92417907714844,0.3633112907409668,4.526031017303467,0.21429066359996796,0.4629989266395569,0.2559691071510315,0.26716047525405884,3.7504920959472656,278.6322326660156,0.38860565423965454,0.41529580950737,0.01202286034822464,0.0883256271481514,68.41715240478516,0.356609046459198,7.0482497215271,0.2571715712547302,0.5341188311576843,0.3159814178943634,0.3159814178943634,0.0,217.34547424316406,0.3407137393951416,0.34599557518959045,0.016376882791519165,0.068796306848526,20.60019874572754,0.3190535008907318,12.785027503967285,0.5024328231811523,0.8350366353988647,0.395250141620636,0.395250141620636,0.0,399.0506286621094,0.33911100029945374,0.40069687366485596,0.02054004743695259,0.08121708780527115,90.60425567626953,0.33368512988090515,19.002410888671875,0.6463491320610046,1.2819379568099976
2019,2,31.162601616947605,104.26058275867113,4716.8296,506.0,0.9274099469184875,180.0,23.53929328918457,30.361783981323242,1.2601947784423828,6.980815410614014,35.91191101074219,0.26435884833335876,0.2831436097621918,0.7373008728027344,332.31146240234375,0.5285226702690125,0.5408628582954407,0.4086155593395233,0.11033117026090622,40.69619369506836,0.36023369431495667,10.361693382263184,0.33741119503974915,0.7215511202812195,0.24406711757183075,0.2739947736263275,26.147768020629883,347.6565856933594,0.3342686891555786,0.42569270730018616,0.025627752766013145,0.06461046636104584,80.50257873535156,0.3627498149871826,4.528293132781982,0.21437983214855194,0.46492457389831543,0.2545553743839264,0.2656797468662262,3.826117753982544,278.82562255859375,0.2153918445110321,0.28211143612861633,-0.019437776878476143,0.033892154693603516,68.21321105957031,0.3559805452823639,7.05126953125,0.25725558400154114,0.5357741117477417,0.31546440720558167,0.31546440720558167,0.0,217.23016357421875,0.21900296211242676,0.22868852317333221,-0.113418348133564,0.03670091554522514,20.837045669555664,0.31899958848953247,12.778244972229004,0.5014564990997314,0.8335988521575928,0.39381396770477295,0.39381396770477295,0.0,399.076171875,0.21199187636375427,0.24065040051937103,-0.07650924474000931,0.04641660675406456,90.62310028076172,0.33342915773391724,19.003625869750977,0.6469601988792419,1.2805639505386353
2019,2,31.170957972321762,104.26758800642611,4716.8296,504.0,2.1474807262420654,329.6993408203125,23.461366653442383,31.84326171875,1.2618075609207153,6.900000095367432,30.71434211730957,0.2644815146923065,0.2830697298049927,0.7247563600540161,332.7716369628906,0.5281774401664734,0.5403080582618713,0.4084569811820984,0.11032354831695557,40.60649490356445,0.3602733910083771,10.37646484375,0.33774006366729736,0.7227761149406433,0.24433869123458862,0.27457284927368164,25.7008113861084,348.0846252441406,0.17460358142852783,0.2252199351787567,-0.0254015251994133,0.034073565155267715,80.62259674072266,0.36291396617889404,4.540616989135742,0.21454927325248718,0.46455976366996765,0.2552869915962219,0.2664494216442108,3.7610199451446533,279.25616455078125,0.1842462122440338,0.2281835824251175,-0.019299454987049103,0.041498538106679916,68.20650482177734,0.3561418950557709,7.0639777183532715,0.25754231214523315,0.5356447696685791,0.3158023953437805,0.3158023953437805,0.0,217.53353881835938,0.20048677921295166,0.2101522833108902,-0.026201508939266205,0.043865129351615906,20.669960021972656,0.3188665211200714,12.796090126037598,0.5024838447570801,0.8349417448043823,0.39453211426734924,0.39453211426734924,0.0,399.3686828613281,0.2054857313632965,0.21761657297611237,-0.06253699213266373,0.04602590948343277,90.53089904785156,0.3333859443664551,19.01755714416504,0.6475924849510193,1.2826452255249023
2019,2,31.053456200462406,105.20974254980658,4722.5146,365.0,2.8488762378692627,310.586181640625,24.79513931274414,30.02882194519043,1.2869690656661987,7.099999904632568,35.333194732666016,0.2757643163204193,0.29432469606399536,0.0,398.39361572265625,0.5660316348075867,0.5887271761894226,0.43928229808807373,0.11349306255578995,31.114484786987305,0.3425125777721405,12.449800491333008,0.41108253598213196,0.8837286233901978,0.2554680407047272,0.2758709192276001,0.0,487.3028564453125,0.5849061012268066,0.6652211546897888,0.3147099018096924,0.21867498755455017,67.56965637207031,0.3529382646083832,6.863420486450195,0.2725898325443268,0.6191977858543396,0.2531086802482605,0.2883237600326538,0.0,369.8089599609375,0.5923408269882202,0.6519991159439087,0.2990797162055969,0.20755434036254883,42.380958557128906,0.32940787076950073,9.482280731201172,0.3378109037876129,0.646327793598175,0.31286174058914185,0.31286174058914185,0.0,253.1575927734375,0.5953940153121948,0.5953940153121948,0.2519489824771881,0.21035270392894745,12.390521049499512,0.29193323850631714,14.891622543334961,0.602748692035675,1.02251136302948,0.4126094877719879,0.4126094877719879,0.0,442.5189208984375,0.35818713903427124,0.4147777557373047,0.08528036624193192,0.09967109560966492,92.70584106445312,0.32193025946617126,21.072330474853516,0.7719770669937134,1.4207415580749512
2019,2,30.924369684066203,104.7141402223224,4734.3057,481.0,3.7312428951263428,119.7651138305664,26.287858963012695,29.063453674316406,1.309999942779541,7.1175031661987305,26.48058319091797,0.27855825424194336,0.3000456988811493,0.0,392.2308044433594,0.5493187308311462,0.5684791207313538,0.4209917187690735,0.11504553258419037,29.47238540649414,0.3449392020702362,12.25721263885498,0.3982720375061035,0.8436093926429749,0.2614538073539734,0.28821974992752075,0.0,459.416015625,0.44285714626312256,0.44285714626312256,0.20375889539718628,0.11629428714513779,70.26665496826172,0.35230305790901184,6.470648288726807,0.25212159752845764,0.5560729503631592,0.2665494680404663,0.28351080417633057,0.0,354.0907287597656,0.34921714663505554,0.423271507024765,0.2051403969526291,0.0692148357629776,51.36665725708008,0.33731311559677124,9.079249382019043,0.31277894973754883,0.6210646033287048,0.3243843615055084,0.3243843615055084,0.0,250.7037811279297,0.2376333624124527,0.2376333624124527,0.1117403581738472,0.060644034296274185,12.590840339660645,0.29769256711006165,14.747281074523926,0.5862535238265991,0.9547275900840759,0.407926082611084,0.407926082611084,0.0,439.82452392578125,0.640618622303009,0.640618622303009,0.48800113797187805,0.18121780455112457,82.62480926513672,0.31572842597961426,20.94402503967285,0.7694922089576721,1.4609016180038452
2019,2,28.659806295871608,104.69689687854871,4746.188,368.0,10.149496078491211,354.0851135253906,28.07026481628418,28.311243057250977,1.2747076749801636,6.241562843322754,32.59857177734375,0.26889923214912415,0.3042929470539093,0.0,411.5469055175781,0.6149884462356567,0.6512288451194763,0.41867488622665405,0.1095709502696991,33.11188888549805,0.37195533514022827,12.860840797424316,0.3384472131729126,0.7478832602500916,0.19480817019939423,0.24767230451107025,0.0,531.9567260742188,0.44256043434143066,0.515287458896637,0.2914236783981323,0.07796308398246765,92.71089935302734,0.37108883261680603,7.4923481941223145,0.21124376356601715,0.4364509582519531,0.17159849405288696,0.19458524882793427,0.0,387.37884521484375,0.1526104211807251,0.1526104360818863,0.043004222214221954,0.0262795127928257,62.80755615234375,0.3664471209049225,9.932790756225586,0.25953730940818787,0.49498486518859863,0.24558643996715546,0.24558643996715546,0.0,259.186279296875,0.48523497581481934,0.48523497581481934,0.35956984758377075,0.09306695312261581,22.23089599609375,0.33557775616645813,15.246251106262207,0.4904695451259613,0.8250976204872131,0.35443583130836487,0.35443583130836487,0.0,446.5696105957031,0.2134491503238678,0.22373805940151215,-0.015562314540147781,0.03631196543574333,71.86702728271484,0.35138818621635437,21.265220642089844,0.6645480394363403,1.2583965063095093
2019,2,29.77012245817963,105.38895828024562,4752.1855,363.0,1.4146137237548828,130.9588165283203,28.09834098815918,28.175344467163086,1.2622089385986328,7.059676647186279,34.479454040527344,0.269715815782547,0.29576975107192993,0.0,421.1881103515625,0.5353370904922485,0.5713956952095032,0.4294982850551605,0.10788504034280777,30.970975875854492,0.3593941330909729,13.162128448486328,0.38656479120254517,0.8111849427223206,0.22112326323986053,0.2515844702720642,0.0,571.0262451171875,0.3184075951576233,0.32519084215164185,0.09469696879386902,0.055213235318660736,61.93247985839844,0.35479262471199036,8.042622566223145,0.26332351565361023,0.5766807198524475,0.22270837426185608,0.24467657506465912,0.0,412.7812805175781,0.4457382559776306,0.47788751125335693,0.036903150379657745,0.07949534058570862,43.50758361816406,0.33525118231773376,10.584136009216309,0.33552590012550354,0.5894379615783691,0.28760242462158203,0.28760242462158203,0.0,261.9131774902344,0.503608226776123,0.5064184665679932,0.1342345029115677,0.11829701066017151,25.774320602416992,0.32915690541267395,15.406656265258789,0.5396615862846375,0.9593837261199951,0.35919442772865295,0.35919442772865295,0.0,453.1818542480469,0.6984531879425049,0.7743641138076782,0.26335638761520386,0.2224075198173523,95.97139739990234,0.3469502627849579,21.580089569091797,0.7352922558784485,1.3372883796691895
2019,2,29.353486351250915,105.1418304407626,4763.697,365.0,2.8208882808685303,228.9242401123047,28.282705307006836,31.86469268798828,1.2825984954833984,6.3230881690979,32.57707595825195,0.2663343548774719,0.2926708161830902,0.0,422.5901794433594,0.54261314868927,0.5817316174507141,0.4341689348220825,0.10505503416061401,29.799514770507812,0.36660537123680115,13.20594310760498,0.3728950321674347,0.7856537103652954,0.20241180062294006,0.23740467429161072,0.0,570.7655639648438,0.3872162401676178,0.48138880729675293,0.30168452858924866,0.08279014378786087,67.2140884399414,0.36077815294265747,8.038951873779297,0.24879829585552216,0.5295710563659668,0.2019702047109604,0.22827264666557312,0.0,410.8315734863281,0.2392285168170929,0.24855491518974304,0.053292445838451385,0.04664669558405876,50.63700485229492,0.34855034947395325,10.534143447875977,0.31199732422828674,0.5509033203125,0.2701738178730011,0.2701738178730011,0.0,263.2461853027344,0.3166959583759308,0.3166959583759308,0.03709855303168297,0.059317152947187424,25.80002784729004,0.3377693295478821,15.485069274902344,0.5237460136413574,0.9077009558677673,0.3474939167499542,0.3474939167499542,0.0,453.0872802734375,0.5679610967636108,0.607390284538269,0.2675873637199402,0.16802829504013062,88.66674041748047,0.35218730568885803,21.575584411621094,0.7119511365890503,1.3329639434814453
2019,2,28.554700824940834,104.60823211320199,4766.5786,400.0,1.0558114051818848,90.0,25.43048858642578,34.044837951660156,1.2585513591766357,6.307556629180908,38.39585494995117,0.26896727085113525,0.305947482585907,0.0,408.1129150390625,0.6243042349815369,0.6595677137374878,0.4111992120742798,0.11030853539705276,34.18841552734375,0.3728914260864258,12.753528594970703,0.3315803110599518,0.7439016699790955,0.19420024752616882,0.25303947925567627,0.0,521.5798950195312,0.45421305298805237,0.5243403911590576,0.28686389327049255,0.07813317328691483,97.77379608154297,0.37306272983551025,7.346196174621582,0.20404009521007538,0.42109057307243347,0.16733239591121674,0.18929797410964966,0.0,381.4026184082031,0.13697944581508636,0.13697943091392517,0.10000001639127731,0.015519771724939346,64.9109115600586,0.36941173672676086,9.77955436706543,0.2506536543369293,0.4864646792411804,0.24094955623149872,0.24094955623149872,0.0,257.55303955078125,0.4867660701274872,0.4867660701274872,0.3560997545719147,0.09146290272474289,22.49047088623047,0.3366600275039673,15.150178909301758,0.482642263174057,0.8153043389320374,0.3555568754673004,0.3555568754673004,0.0,444.1683654785156,0.3539429306983948,0.3763919770717621,0.19525569677352905,0.057070933282375336,71.62701416015625,0.35378679633140564,21.150875091552734,0.6508347988128662,1.224934458732605
2019,2,30.30857228768638,106.62512811068609,4786.7725,313.0,1.4190123081207275,130.8047637939453,28.676971435546875,29.13632583618164,1.2973486185073853,6.195340156555176,30.97324562072754,0.24832624197006226,0.3094257414340973,0.0,408.110595703125,0.47453245520591736,0.6212601065635681,0.3870961368083954,0.10901982337236404,72.35952758789062,0.40992483496665955,12.753456115722656,0.2827448844909668,0.7553282976150513,0.1933528482913971,0.21546192467212677,0.008127059787511826,543.1775512695312,0.21863016486167908,0.260869562625885,0.02618374489247799,0.03836699202656746,75.82283782958984,0.4023073613643646,7.650273323059082,0.22463597357273102,0.44240257143974304,0.20710895955562592,0.2458271086215973,0.0,389.71832275390625,0.21897955238819122,0.24822163581848145,0.0160229429602623,0.03960609808564186,32.23216247558594,0.37703192234039307,9.992777824401855,0.3294599652290344,0.6544326543807983,0.2860964238643646,0.2860964238643646,0.0,240.65618896484375,0.2529595196247101,0.2775362432003021,0.09469109773635864,0.04892963916063309,72.8051528930664,0.4133285880088806,14.15624713897705,0.387704461812973,0.8698925375938416,0.3927816152572632,0.3927816152572632,0.0,436.8813171386719,0.23665815591812134,0.2474108189344406,0.09309585392475128,0.050545983016490936,108.84574890136719,0.40214765071868896,20.80387306213379,0.5992780327796936,1.1726319789886475
2019,2,29.134923513116266,105.27307516206868,4791.247,319.0,3.495962142944336,142.64793395996094,38.11962127685547,24.752471923828125,1.2898752689361572,6.099999904632568,33.29110336303711,0.2678648829460144,0.29658591747283936,0.0,423.5649719238281,0.5692094564437866,0.6086306571960449,0.4407708942890167,0.10636387020349503,30.643585205078125,0.3665229380130768,13.236405372619629,0.36258095502853394,0.7560679912567139,0.1987859010696411,0.23210281133651733,0.0,578.2587890625,0.39739474654197693,0.4833260476589203,0.3051796853542328,0.07924102991819382,70.71697235107422,0.3600854277610779,8.144490242004395,0.24391348659992218,0.515518307685852,0.19160962104797363,0.21802698075771332,0.0,414.4015808105469,0.1654490828514099,0.1654490828514099,0.10064934939146042,0.022434895858168602,51.31792449951172,0.34874263405799866,10.625680923461914,0.30608195066452026,0.5445840358734131,0.26444071531295776,0.26444071531295776,0.0,264.1805419921875,0.22604422271251678,0.22604422271251678,0.20482897758483887,0.033838819712400436,24.981739044189453,0.33511918783187866,15.540031433105469,0.5160066485404968,0.8880481719970703,0.3495345711708069,0.3495345711708069,0.0,454.68280029296875,0.4420510530471802,0.5661587715148926,0.13741105794906616,0.0752522423863411,80.31656646728516,0.347267746925354,21.651561737060547,0.7126346230506897,1.3595025539398193
2019,2,30.818996667072227,103.93853756238919,4817.759,546.0,2.1454718112945557,149.79136657714844,17.58375358581543,25.832399368286133,1.2030576467514038,6.678813934326172,56.575321197509766,0.27124306559562683,0.29731786251068115,0.8323567509651184,329.6171875,0.5457202196121216,0.5649874210357666,0.41767236590385437,0.1133350282907486,42.24680709838867,0.35762396454811096,10.27452564239502,0.3303059935569763,0.6816803812980652,0.24098148941993713,0.2615779936313629,29.724918365478516,344.2884521484375,0.2622453570365906,0.3319094479084015,0.0849478617310524,0.038182925432920456,76.93461608886719,0.35641229152679443,4.430472373962402,0.2086666077375412,0.47662797570228577,0.23108328878879547,0.24282647669315338,4.31939697265625,276.6173400878906,0.29344290494918823,0.33636683225631714,0.08320115506649017,0.05474060773849487,67.3067855834961,0.34927013516426086,6.981998443603516,0.24989283084869385,0.5532931089401245,0.3120701313018799,0.3120701313018799,0.0,215.09780883789062,0.4069860875606537,0.44539326429367065,0.11908645182847977,0.06944244354963303,25.044984817504883,0.31791821122169495,12.652812004089355,0.4784586429595947,0.8051105737686157,0.37070104479789734,0.37070104479789734,0.0,397.5798034667969,0.46747836470603943,0.46747836470603943,0.15539859235286713,0.10705254971981049,94.82804107666016,0.33220767974853516,18.932373046875,0.6370978355407715,1.2289459705352783
2019,2,31.19009197494211,107.94672985820955,4818.9136,541.0,20.729707717895508,90.0,29.434532165527344,23.829072952270508,1.279665470123291,6.442104816436768,37.80615997314453,0.3078974485397339,0.3417969346046448,0.0,371.92059326171875,0.5842653512954712,0.6600109338760376,0.41881102323532104,0.13926398754119873,79.42347717285156,0.4165685474872589,11.622518539428711,0.2767435312271118,0.7369682788848877,0.1468162089586258,0.18633954226970673,0.04948807507753372,437.35601806640625,0.2725766897201538,0.2995305061340332,0.16970723867416382,0.036017533391714096,103.17550659179688,0.421287477016449,6.159246921539307,0.1954355239868164,0.39844730496406555,0.18507644534111023,0.240918830037117,0.0,328.84710693359375,0.3730557858943939,0.47868165373802185,0.2928307354450226,0.0752173364162445,35.783931732177734,0.3976950943470001,8.431977272033691,0.30621337890625,0.5498138666152954,0.260300874710083,0.260300874710083,0.0,218.17686462402344,0.44540292024612427,0.5016710162162781,0.02633960172533989,0.08430127054452896,78.57646942138672,0.4212343692779541,12.833932876586914,0.3625727593898773,0.7584365010261536,0.4604986906051636,0.4604986906051636,0.0,414.31005859375,0.678192138671875,0.7560532689094543,0.1673600971698761,0.19943560659885406,86.37242889404297,0.4062957763671875,19.72905158996582,0.5872004628181458,1.0111651420593262
2019,2,31.29546499193608,104.25896410498873,4833.662,556.0,0.9274099469184875,180.0,28.576271057128906,30.906387329101562,1.2522125244140625,6.699999809265137,35.67397689819336,0.2596988081932068,0.27621451020240784,0.8910846710205078,318.87591552734375,0.5214920043945312,0.5310571789741516,0.4053017199039459,0.10856391489505768,43.43745803833008,0.3645453453063965,9.937026023864746,0.32452377676963806,0.701972484588623,0.2400868833065033,0.27215418219566345,31.567367553710938,323.6604919433594,0.5128358006477356,0.527297854423523,0.14596837759017944,0.1165328249335289,83.5937271118164,0.3667809069156647,4.113987445831299,0.2078927457332611,0.4452703297138214,0.25508221983909607,0.26607516407966614,4.624156951904297,262.4986267089844,0.42313623428344727,0.5161490440368652,0.16373282670974731,0.10295099020004272,71.68759155273438,0.361174613237381,6.612165927886963,0.24727070331573486,0.5129544138908386,0.31332191824913025,0.31332191824913025,0.0,209.73924255371094,0.4092615842819214,0.46322929859161377,0.1945059895515442,0.10659226030111313,22.11785316467285,0.3240063786506653,12.337601661682129,0.48586976528167725,0.815744161605835,0.3951036334037781,0.3951036334037781,0.0,389.6641540527344,0.3351939618587494,0.4357016980648041,0.12854833900928497,0.0801783949136734,93.04998016357422,0.3388696312904358,18.555435180664062,0.6179863810539246,1.2395455837249756
2019,2,29.702482354299914,104.16302654582387,4835.708,398.0,7.66579532623291,136.18740844726562,33.471229553222656,24.072877883911133,1.2972217798233032,7.036798000335693,34.503395080566406,0.27837130427360535,0.3066265881061554,0.0,403.8581237792969,0.5641970634460449,0.5935142636299133,0.4444960653781891,0.11223805695772171,35.403568267822266,0.37534546852111816,12.620566368103027,0.36402589082717896,0.7678556442260742,0.22780057787895203,0.2600252330303192,0.07906349003314972,491.69488525390625,0.0829787328839302,0.08297872543334961,0.3093247711658478,0.008447235450148582,82.46734619140625,0.37477579712867737,6.924166202545166,0.22690127789974213,0.4862744212150574,0.21475684642791748,0.23327907919883728,0.0,367.9425354003906,0.41036251187324524,0.44013145565986633,0.3111170828342438,0.0886845737695694,61.763038635253906,0.36582186818122864,9.43442440032959,0.27574360370635986,0.5278534293174744,0.2953117787837982,0.2953117787837982,0.0,254.08059692382812,0.5180934071540833,0.5180934071540833,0.3764435052871704,0.11647266894578934,21.99571418762207,0.3369174003601074,14.945918083190918,0.517189621925354,0.8650380373001099,0.3552514910697937,0.3552514910697937,0.0,440.3986511230469,0.37608903646469116,0.4904841482639313,0.1908571720123291,0.06396956741809845,94.20449829101562,0.3539377450942993,20.971364974975586,0.6774049401283264,1.2507123947143555
2019,2,30.47134731254137,106.79679458304166,4844.6895,291.0,2.8389923572540283,229.24244689941406,28.085159301757812,30.160470962524414,1.2899999618530273,6.381539821624756,42.27516174316406,0.2558227479457855,0.31653109192848206,0.0,406.25714111328125,0.48057159781455994,0.6279934048652649,0.38547536730766296,0.11452619731426239,76.13896942138672,0.410971462726593,12.695535659790039,0.2814601957798004,0.7739466428756714,0.18928858637809753,0.20928969979286194,0.0028985030949115753,535.5534057617188,0.3196362257003784,0.3196362555027008,-0.11257079988718033,0.0626167356967926,80.74712371826172,0.4049234092235565,7.542964935302734,0.21895582973957062,0.4395134150981903,0.2117852419614792,0.25157469511032104,0.0,385.5340576171875,0.2601078450679779,0.2601078152656555,-0.05959264189004898,0.0486401692032814,30.927448272705078,0.3785884976387024,9.885488510131836,0.32672131061553955,0.6575788259506226,0.28598159551620483,0.28598159551620483,0.0,238.21067810058594,0.33116415143013,0.3311641216278076,-0.09265647828578949,0.06096732243895531,77.49607849121094,0.4151909649372101,14.0123929977417,0.38102883100509644,0.8595854043960571,0.3985268175601959,0.3985268175601959,0.0,436.2917175292969,0.7108559608459473,0.7108559608459473,0.20183318853378296,0.23301859200000763,107.58277893066406,0.40196219086647034,20.775794982910156,0.6023809909820557,1.1458121538162231
2019,2,29.369655051670716,105.05208657296095,4857.4595,305.0,12.151092529296875,334.44671630859375,26.751863479614258,28.050933837890625,1.2799999713897705,6.600979328155518,30.51817512512207,0.26618582010269165,0.2923693060874939,0.0,422.14508056640625,0.5404630899429321,0.5794997215270996,0.4331169128417969,0.1049640029668808,29.424274444580078,0.3671424090862274,13.192033767700195,0.3745556175708771,0.792790949344635,0.20273998379707336,0.238215833902359,0.0,566.3634033203125,0.3868216276168823,0.4816756248474121,0.3010956943035126,0.08315189927816391,67.73468780517578,0.36192432045936584,7.976949214935303,0.24774692952632904,0.5261109471321106,0.2027740478515625,0.22901098430156708,0.0,408.3775634765625,0.36180055141448975,0.44223108887672424,0.24601653218269348,0.07221151888370514,51.51115798950195,0.35026147961616516,10.471220016479492,0.3093603551387787,0.5474652647972107,0.2704980671405792,0.2704980671405792,0.0,263.0877380371094,0.48184633255004883,0.4878213703632355,0.16613700985908508,0.10602939128875732,25.2191104888916,0.337699830532074,15.475749015808105,0.5252116918563843,0.9050965309143066,0.34735044836997986,0.34735044836997986,0.0,452.6455078125,0.6213124990463257,0.7191960215568542,0.16600187122821808,0.16751570999622345,88.79850006103516,0.3524869978427887,21.554548263549805,0.7108269333839417,1.328423023223877
2019,2,30.082736655733562,106.93585610849442,4857.5596,380.0,2.1427395343780518,90.0,34.30995559692383,29.067890167236328,1.2637089490890503,6.255795955657959,41.93147659301758,0.26382869482040405,0.3250172436237335,0.0,401.43505859375,0.5013629794120789,0.6356827020645142,0.39632344245910645,0.11725559830665588,75.70413970947266,0.40903419256210327,12.544845581054688,0.27574875950813293,0.7501175999641418,0.1748524308204651,0.20425988733768463,0.06168626993894577,521.5825805664062,0.3200490474700928,0.3200490474700928,-0.022252513095736504,0.06890656054019928,76.88878631591797,0.4008876085281372,7.345365047454834,0.2175992727279663,0.4211121201515198,0.20373177528381348,0.2469990998506546,0.0,372.9330749511719,0.26738792657852173,0.2673879563808441,-0.040711283683776855,0.054814524948596954,38.56477737426758,0.37970632314682007,9.562386512756348,0.3145701587200165,0.62534099817276,0.2837507724761963,0.2837507724761963,0.0,236.92828369140625,0.3180980980396271,0.3275250196456909,-0.032792799174785614,0.06780954450368881,80.81942749023438,0.4139871597290039,13.936958312988281,0.3748530149459839,0.8337927460670471,0.4026813507080078,0.4026813507080078,0.0,428.1457214355469,0.46107059717178345,0.5407519340515137,0.07080338150262833,0.14284341037273407,101.5550308227539,0.40365883708000183,20.38789176940918,0.565640389919281,1.1243948936462402
2019,2,30.407747154216064,106.85770144433069,4860.514,499.0,15.373992919921875,287.1196594238281,26.399999618530273,30.0,1.2699999809265137,6.0,39.46035385131836,0.25912079215049744,0.3196033835411072,0.0,405.36761474609375,0.4861244559288025,0.6300756931304932,0.38787582516670227,0.11603797227144241,76.40985107421875,0.41047194600105286,12.66773796081543,0.2803111672401428,0.773926317691803,0.18405991792678833,0.20593877136707306,0.01117934100329876,532.5225219726562,0.24572166800498962,0.24572166800498962,0.16204819083213806,0.04739971086382866,80.47818756103516,0.40413519740104675,7.50015926361084,0.21814283728599548,0.4353979229927063,0.2107522040605545,0.2517737150192261,0.0,382.8836669921875,0.42803269624710083,0.42803269624710083,0.16036772727966309,0.09724903106689453,32.33226013183594,0.37879687547683716,9.817530632019043,0.32428228855133057,0.6503617167472839,0.2858065664768219,0.2858065664768219,0.0,237.80096435546875,0.564039409160614,0.564039409160614,0.16862204670906067,0.1432660073041916,79.34498596191406,0.41510412096977234,13.98829174041748,0.37888529896736145,0.8522061109542847,0.4007841944694519,0.4007841944694519,0.0,434.74688720703125,0.6876348257064819,0.7514045238494873,0.27920106053352356,0.2381851077079773,105.95297241210938,0.40220826864242554,20.702232360839844,0.5954806804656982,1.1414576768875122
2019,2,30.248476982789086,103.99324627321391,4866.2056,524.0,6.4806904792785645,278.1928405761719,19.594900131225586,34.53487014770508,1.2482836246490479,7.255767345428467,41.87405014038086,0.2902330458164215,0.32045403122901917,0.0,387.97576904296875,0.5699209570884705,0.5948206782341003,0.43520209193229675,0.11850019544363022,34.50436782836914,0.35612136125564575,12.124242782592773,0.36745887994766235,0.7496271729469299,0.25182127952575684,0.27513736486434937,0.283125638961792,442.27490234375,0.23347824811935425,0.27436718344688416,-0.017284143716096878,0.04946250468492508,76.01421356201172,0.357029527425766,6.225236415863037,0.2263118326663971,0.5105187296867371,0.23171216249465942,0.24626131355762482,0.0,344.5263977050781,0.2471984177827835,0.2800000011920929,0.005612543784081936,0.058078501373529434,58.991111755371094,0.34673842787742615,8.834010124206543,0.2784412205219269,0.5921647548675537,0.3194166123867035,0.3194166123867035,0.0,247.70834350585938,0.27162736654281616,0.273099422454834,0.027640562504529953,0.06605441868305206,19.732770919799805,0.3116263449192047,14.57107925415039,0.532017171382904,0.8750773668289185,0.3704603910446167,0.3704603910446167,0.0,434.89642333984375,0.28516560792922974,0.29466119408607483,0.01731603592634201,0.07494436949491501,90.669677734375,0.3282831311225891,20.709354400634766,0.7111713886260986,1.3292100429534912
2019,2,30.11507851567421,103.7992084908732,4870.3135,420.0,2.1434433460235596,270.0,29.69719886779785,26.692781448364258,1.2188966274261475,6.843165397644043,38.16189956665039,0.29364559054374695,0.32454460859298706,0.0,380.714111328125,0.58176189661026,0.6041171550750732,0.44418424367904663,0.1195223405957222,40.31001663208008,0.36778774857521057,11.897315979003906,0.34512758255004883,0.7017499208450317,0.2492072731256485,0.27499282360076904,0.33601829409599304,424.0252685546875,0.5164368152618408,0.6946461200714111,0.15389683842658997,0.17288300395011902,85.25904846191406,0.36741554737091064,5.967453956604004,0.21265199780464172,0.4774598777294159,0.2218378186225891,0.2363063097000122,0.0,333.58624267578125,0.19255070388317108,0.32922014594078064,-0.12213548272848129,0.0345243401825428,64.3841552734375,0.3581254482269287,8.55349349975586,0.2600630819797516,0.5580953359603882,0.31886154413223267,0.31886154413223267,0.0,243.30470275878906,0.201094388961792,0.21090669929981232,-0.11856883019208908,0.041652463376522064,22.724653244018555,0.32294759154319763,14.312041282653809,0.5032986998558044,0.8466378450393677,0.36311039328575134,0.36311039328575134,0.0,427.9322204589844,0.21888411045074463,0.2537313401699066,0.17702782154083252,0.04351416230201721,98.39442443847656,0.3420880436897278,20.37772560119629,0.6613435745239258,1.229478359222412
2019,2,30.10052400983576,103.76040093440507,4870.3135,418.0,1.071937084197998,90.0,26.0866641998291,30.769628524780273,1.2300000190734863,6.716548919677734,39.66265869140625,0.2945031523704529,0.32557934522628784,0.0,379.10162353515625,0.5842723250389099,0.6060358285903931,0.4457545578479767,0.11985497176647186,41.39372253417969,0.36962562799453735,11.846925735473633,0.3410757780075073,0.6925685405731201,0.24927879869937897,0.27536094188690186,0.3482339084148407,419.7839660644531,0.5110311508178711,0.5980238318443298,0.3056059181690216,0.16918854415416718,86.91596221923828,0.3690624535083771,5.907545566558838,0.21012263000011444,0.4718315899372101,0.22040000557899475,0.23472468554973602,0.0,331.1499938964844,0.288006991147995,0.43086081743240356,0.17863817512989044,0.06356313824653625,65.33362579345703,0.3599192798137665,8.4910249710083,0.25673702359199524,0.5529873967170715,0.31926244497299194,0.31926244497299194,0.0,242.3795623779297,0.4430699348449707,0.4430699348449707,0.2216285765171051,0.12662939727306366,23.22600746154785,0.3246155381202698,14.257620811462402,0.49830853939056396,0.8416265249252319,0.36211958527565,0.36211958527565,0.0,426.5577087402344,0.1519099771976471,0.1519099771976471,-0.023839399218559265,0.02954648993909359,99.74715423583984,0.3441883623600006,20.312273025512695,0.6528101563453674,1.2124744653701782
2019,2,30.224223932159394,105.06044292833512,4876.841,434.0,1.8543341159820557,180.0,11.816847801208496,33.575408935546875,1.2313591241836548,7.294407844543457,39.30061340332031,0.27689483761787415,0.3053114712238312,0.0,415.7381286621094,0.5518078804016113,0.5826640129089355,0.42533180117607117,0.11415879428386688,28.879520416259766,0.34840455651283264,12.991816520690918,0.407416969537735,0.8571462035179138,0.24893058836460114,0.2722581923007965,0.0,536.9725341796875,0.4613327383995056,0.4641790986061096,-0.0019044566433876753,0.09104074537754059,62.778160095214844,0.3501947224140167,7.56299352645874,0.26608943939208984,0.5933059453964233,0.24619920551776886,0.26062488555908203,0.0,396.0133361816406,0.521843671798706,0.5533165335655212,0.009299897588789463,0.10181141644716263,42.73539733886719,0.32903027534484863,10.15418815612793,0.33548763394355774,0.622535228729248,0.3098210096359253,0.3098210096359253,0.0,260.34796142578125,0.4282272458076477,0.4294649064540863,-0.002905219327658415,0.08819309622049332,18.055234909057617,0.30761754512786865,15.31458568572998,0.5720795392990112,0.9718088507652283,0.38123124837875366,0.38123124837875366,0.0,452.98382568359375,0.6071404218673706,0.682349443435669,0.12937985360622406,0.16201134026050568,88.22653198242188,0.3256559371948242,21.570659637451172,0.7793435454368591,1.4072321653366089
2019,2,30.21506047949457,106.64776696673445,4881.945,260.0,6.402568817138672,210.0540771484375,28.513395309448242,29.22255516052246,1.2851555347442627,6.044416427612305,33.2076416015625,0.2500346004962921,0.3108336925506592,0.0,407.97686767578125,0.4783821403980255,0.62135249376297,0.3897898197174072,0.10930360108613968,71.68772888183594,0.4091018736362457,12.749277114868164,0.28215938806533813,0.7529909610748291,0.18850091099739075,0.212843120098114,0.014271169900894165,542.7723999023438,0.36110126972198486,0.4189521074295044,0.2792673408985138,0.07306426763534546,74.44654846191406,0.4008530378341675,7.644480228424072,0.2252989411354065,0.4394894540309906,0.20521432161331177,0.24503016471862793,0.0,388.6595153808594,0.3912901282310486,0.4530964493751526,0.2965661287307739,0.08084753900766373,33.73427963256836,0.37672173976898193,9.965628623962402,0.3282244801521301,0.6468083262443542,0.28617599606513977,0.28617599606513977,0.0,240.94790649414062,0.5241255164146423,0.5241255164146423,0.3958377242088318,0.1100391373038292,73.77914428710938,0.41279497742652893,14.173406600952148,0.3872838020324707,0.8652129769325256,0.39395153522491455,0.39395153522491455,0.0,435.8126220703125,0.6138263940811157,0.6138263940811157,0.48409274220466614,0.16963131725788116,107.54940795898438,0.40234658122062683,20.752981185913086,0.5928006768226624,1.1770929098129272
2019,2,29.162141865946506,104.84538494362846,4887.788,324.0,5.065315246582031,123.22216796875,28.913808822631836,31.24254035949707,1.2801164388656616,6.199999809265137,27.60698699951172,0.26705610752105713,0.29588571190834045,0.0,419.20916748046875,0.5626741647720337,0.6010198593139648,0.43010035157203674,0.10630030930042267,29.847003936767578,0.36923906207084656,13.100286483764648,0.3658672571182251,0.7858245372772217,0.20028893649578094,0.24008379876613617,0.0,552.7020874023438,0.40236976742744446,0.4905914068222046,0.29897403717041016,0.08141953498125076,75.66281127929688,0.3659658133983612,7.784536361694336,0.23568791151046753,0.4941047728061676,0.1935664862394333,0.21897439658641815,0.0,400.1346130371094,-0.011581730097532272,0.07665505260229111,0.33124852180480957,0.0010774621041491628,55.999900817871094,0.35729461908340454,10.259861946105957,0.29087212681770325,0.5267017483711243,0.26341938972473145,0.26341938972473145,0.0,262.21728515625,0.11249137669801712,0.11249137669801712,0.23241591453552246,0.009066805243492126,23.14362335205078,0.3361603617668152,15.424546241760254,0.5173595547676086,0.8749862909317017,0.34940868616104126,0.34940868616104126,0.0,450.96722412109375,0.0228091049939394,0.07889125496149063,0.03272725269198418,9.716678177937865E-4,82.27053833007812,0.351096510887146,21.47463035583496,0.6983262300491333,1.312961459159851
2019,2,29.397412955728413,105.40000793265607,4888.8413,384.0,4.6273674964904785,-0.0,36.64244079589844,24.04657554626465,1.2680561542510986,6.400000095367432,32.383846282958984,0.2661840319633484,0.29193902015686035,0.0,423.88525390625,0.538093090057373,0.5774140954017639,0.43534281849861145,0.10476712137460709,30.677108764648438,0.3647361695766449,13.246414184570312,0.3719574809074402,0.7739489674568176,0.20287272334098816,0.23661121726036072,0.0,583.285400390625,0.3280794024467468,0.3280794024467468,0.18335501849651337,0.07463806867599487,63.642635345458984,0.35701310634613037,8.215287208557129,0.2549109160900116,0.5483852028846741,0.2038804441690445,0.2304123193025589,0.0,418.0825500488281,0.35113614797592163,0.40163934230804443,0.15614770352840424,0.06179618090391159,47.2131233215332,0.342399537563324,10.72006607055664,0.32412227988243103,0.5659530758857727,0.27176475524902344,0.27176475524902344,0.0,263.4749755859375,0.42980828881263733,0.42980828881263733,0.24804317951202393,0.09937167167663574,28.147785186767578,0.3390970826148987,15.498528480529785,0.5224213004112244,0.9256861805915833,0.34705179929733276,0.34705179929733276,0.0,454.04974365234375,0.554111123085022,0.69243985414505,0.3136676251888275,0.1324879676103592,91.82562255859375,0.3531498908996582,21.621416091918945,0.7162488698959351,1.3389368057250977
2019,2,29.585248128503764,104.0668169814947,4899.009,361.0,1.8543341159820557,180.0,22.316181182861328,30.810144424438477,1.2627408504486084,6.548333168029785,32.75832748413086,0.27959442138671875,0.3083641231060028,0.0,401.2418212890625,0.5743600726127625,0.601844847202301,0.4517987072467804,0.1128479614853859,39.299461364746094,0.38415825366973877,12.538806915283203,0.35107043385505676,0.7416071891784668,0.22642110288143158,0.2608191967010498,0.07141374051570892,485.59820556640625,0.20531952381134033,0.20615722239017487,0.20950567722320557,0.04459724202752113,89.4605941772461,0.3830568790435791,6.838405609130859,0.21915537118911743,0.46594464778900146,0.20906661450862885,0.22687725722789764,0.0,363.6788635253906,0.18982484936714172,0.1900334656238556,0.38969969749450684,0.03019183874130249,65.15506744384766,0.3745494484901428,9.325098991394043,0.2652788758277893,0.5033836364746094,0.2942034900188446,0.2942034900188446,0.0,252.1215057373047,0.5195675492286682,0.5195675492286682,0.3754402697086334,0.11621521413326263,23.723976135253906,0.3460855782032013,14.830677032470703,0.5002413392066956,0.8488801717758179,0.3513711094856262,0.3513711094856262,0.0,437.0297546386719,0.31085842847824097,0.3786078095436096,0.28383857011795044,0.052772797644138336,98.76567077636719,0.36422351002693176,20.81093978881836,0.6469875574111938,1.1868420839309692
2019,2,29.226014029436055,105.26499081185878,4923.051,314.0,1.0626617670059204,90.0,32.997066497802734,29.575159072875977,1.2764699459075928,6.072514057159424,27.969858169555664,0.2672511637210846,0.2949601411819458,0.0,423.4000549316406,0.5582376718521118,0.5975748300552368,0.4384169280529022,0.1058133915066719,30.46413230895996,0.3662477731704712,13.23125171661377,0.3663901686668396,0.7655239105224609,0.20025670528411865,0.2340172380208969,0.0,577.4271240234375,0.39289042353630066,0.4822106957435608,0.30395621061325073,0.08065179735422134,68.7852783203125,0.359733909368515,8.132776260375977,0.24679352343082428,0.5240105986595154,0.19590774178504944,0.22231778502464294,0.0,414.2161865234375,0.1989978700876236,0.1989978551864624,0.3070620596408844,0.03333214297890663,50.4940299987793,0.34765860438346863,10.620927810668945,0.31034690141677856,0.5494862198829651,0.2669050395488739,0.2669050395488739,0.0,263.8572082519531,0.26340600848197937,0.26340600848197937,0.23360182344913483,0.056474246084690094,25.68337059020996,0.33635860681533813,15.521012306213379,0.5187603831291199,0.8985639810562134,0.348677396774292,0.348677396774292,0.0,454.22515869140625,0.3185816705226898,0.42886456847190857,0.2514023184776306,0.059959057718515396,84.04998016357422,0.349321573972702,21.62976837158203,0.713067352771759,1.3502436876296997
2019,2,28.764639761638126,104.83487484244549,4925.404,363.0,3.852074146270752,15.917713165283203,30.796241760253906,29.08577537536621,1.23829984664917,6.391243934631348,29.787080764770508,0.26891010999679565,0.30267393589019775,0.0,415.4953308105469,0.6061300039291382,0.6434741020202637,0.4273628890514374,0.10882452875375748,32.11677551269531,0.3706968426704407,12.98422908782959,0.34505873918533325,0.7486841082572937,0.19527940452098846,0.24140295386314392,0.0,545.3008422851562,0.4301750063896179,0.5053277611732483,0.2966928780078888,0.07757330685853958,87.01111602783203,0.3684225380420685,7.680294036865234,0.21949264407157898,0.45453545451164246,0.17575792968273163,0.1998870074748993,0.0,395.0186767578125,0.15776395797729492,0.15776397287845612,0.21301516890525818,0.022055400535464287,60.138099670410156,0.36246252059936523,10.128684043884277,0.2703060507774353,0.5057082772254944,0.25041982531547546,0.25041982531547546,0.0,261.04638671875,0.48328569531440735,0.48328569531440735,0.3634035289287567,0.09469661116600037,22.195865631103516,0.3343973457813263,15.355669021606445,0.4982451796531677,0.8366717100143433,0.35330429673194885,0.35330429673194885,0.0,449.3998107910156,0.3449111580848694,0.3449111580848694,0.2700228989124298,0.05742770805954933,71.9661865234375,0.34858259558677673,21.399991989135742,0.6799858808517456,1.2971731424331665
2019,2,29.428403708049856,105.3523044695863,4953.957,404.0,0.9274099469184875,180.0,27.531845092773438,27.69497299194336,1.2699999809265137,6.463128566741943,37.762794494628906,0.265947163105011,0.29137760400772095,0.0,423.57318115234375,0.5342214703559875,0.573465883731842,0.4340876042842865,0.10458497703075409,30.458932876586914,0.3649405837059021,13.236661911010742,0.3737017512321472,0.7799502611160278,0.20342044532299042,0.23760011792182922,0.0,580.7442626953125,0.22304582595825195,0.22304582595825195,0.11247318983078003,0.04048281908035278,63.45279312133789,0.3575122356414795,8.179496765136719,0.2550629675388336,0.5487385988235474,0.2053694874048233,0.23185274004936218,0.0,416.7378845214844,0.16189786791801453,0.16189786791801453,0.1776798963546753,0.025968419387936592,47.453189849853516,0.3429950177669525,10.685586929321289,0.3238395154476166,0.56545090675354,0.2725203037261963,0.2725203037261963,0.0,263.28717041015625,0.31225907802581787,0.3122590482234955,0.1831769347190857,0.053146496415138245,28.052837371826172,0.3394102454185486,15.487481117248535,0.5237728953361511,0.9270824790000916,0.34676694869995117,0.34676694869995117,0.0,453.6753234863281,0.4247863292694092,0.4536082446575165,0.14886286854743958,0.07081188261508942,92.88813781738281,0.3538820743560791,21.603586196899414,0.7156174778938293,1.3337438106536865
2019,2,29.070516257500294,105.16285064312855,4956.3604,296.0,1.8543341159820557,-0.0,29.36981964111328,26.32720375061035,1.2699999809265137,6.12621545791626,27.8115234375,0.2680831551551819,0.29765403270721436,0.0,422.2838134765625,0.5758028626441956,0.6149261593818665,0.43903714418411255,0.10678445547819138,30.65532875061035,0.3674764931201935,13.196369171142578,0.3602411448955536,0.7568318247795105,0.1981150209903717,0.23327602446079254,0.0,571.478515625,0.16766296327114105,0.16766296327114105,0.06628541648387909,0.03438767418265343,73.71040344238281,0.3619793653488159,8.048993110656738,0.23926427960395813,0.5030267834663391,0.18882177770137787,0.2149021476507187,0.0,410.4114074707031,0.2715190052986145,0.2715189754962921,0.2973845601081848,0.054548170417547226,53.24070739746094,0.3518942892551422,10.523368835449219,0.29858213663101196,0.5360058546066284,0.2621142566204071,0.2621142566204071,0.0,263.76507568359375,0.48225656151771545,0.48225656151771545,0.3704189658164978,0.09908179938793182,24.061904907226562,0.3346320688724518,15.515592575073242,0.5138135552406311,0.8767664432525635,0.35018035769462585,0.35018035769462585,0.0,453.8502197265625,0.2620251476764679,0.2788535952568054,0.1595199853181839,0.03970499709248543,78.25326538085938,0.3470439910888672,21.611915588378906,0.7075576782226562,1.3511828184127808
2019,2,29.14462651700856,105.21324740323459,4956.3604,309.0,5.608336925506592,145.51185607910156,33.39422607421875,26.97149658203125,1.2822833061218262,6.163902282714844,27.964611053466797,0.2677065134048462,0.2963769733905792,0.0,422.9253845214844,0.5675349831581116,0.6067936420440674,0.4390582740306854,0.10631845146417618,30.53074836730957,0.36688050627708435,13.216418266296387,0.36326709389686584,0.760840654373169,0.19910192489624023,0.2333938628435135,0.0,574.6085815429688,0.39782553911209106,0.4843137264251709,0.3041932284832001,0.07965174317359924,71.28605651855469,0.3608783781528473,8.09307861328125,0.24295204877853394,0.5131260752677917,0.19217748939990997,0.21844696998596191,0.0,412.3842468261719,0.3353617489337921,0.3353617191314697,0.25079163908958435,0.06623394787311554,51.911128997802734,0.3498513102531433,10.573954582214355,0.30426162481307983,0.5424529910087585,0.26445332169532776,0.26445332169532776,0.0,263.8717346191406,0.44806796312332153,0.44806796312332153,0.37068742513656616,0.11837955564260483,24.78900146484375,0.33536967635154724,15.521865844726562,0.5163363218307495,0.887008011341095,0.3494599163532257,0.3494599163532257,0.0,454.1170654296875,0.6335411071777344,0.6469948291778564,0.3504389226436615,0.1784733533859253,80.87696838378906,0.347975492477417,21.624622344970703,0.7105881571769714,1.352104663848877
2019,2,29.51868712707898,104.22662670414917,4964.057,445.0,5.090491771697998,204.6867218017578,30.80698013305664,27.7607364654541,1.2570799589157104,6.612961292266846,30.61691665649414,0.2739350497722626,0.3011452853679657,0.0,409.2056884765625,0.5570474863052368,0.5888661742210388,0.44556254148483276,0.10941869765520096,34.86870574951172,0.3807021677494049,12.787677764892578,0.36358559131622314,0.7762594223022461,0.2172088921070099,0.252311646938324,0.034314945340156555,508.71624755859375,0.17592859268188477,0.17592859268188477,0.1376044601202011,0.03592461720108986,82.84467315673828,0.3792838752269745,7.164534091949463,0.22759176790714264,0.4786308705806732,0.20773640275001526,0.22882865369319916,0.0,376.17230224609375,0.40629327297210693,0.4372391700744629,0.30204275250434875,0.08655723929405212,62.39707946777344,0.3710351288318634,9.645442962646484,0.2751934230327606,0.5070574879646301,0.2857259213924408,0.2857259213924408,0.0,256.352783203125,0.17372679710388184,0.17372679710388184,0.07404181361198425,0.021420514211058617,22.855623245239258,0.3442678451538086,15.079575538635254,0.5124064683914185,0.861566960811615,0.3484503924846649,0.3484503924846649,0.0,442.31768798828125,0.13949580490589142,0.13949580490589142,-0.07377048581838608,0.009457815438508987,95.28901672363281,0.361728698015213,21.062746047973633,0.666825532913208,1.2284398078918457
2019,2,29.396873404500944,104.94105495673016,4979.5303,306.0,4.269580841064453,29.851285934448242,28.40498924255371,27.861751556396484,1.2799999713897705,6.710361003875732,40.198631286621094,0.2659822702407837,0.291877806186676,0.0,421.7349853515625,0.5370861291885376,0.5760629773139954,0.4320857524871826,0.10480332374572754,28.88876724243164,0.3677824139595032,13.179218292236328,0.3770737051963806,0.8022873997688293,0.2032134234905243,0.23903138935565948,0.0,561.1969604492188,0.3856886327266693,0.4815947115421295,0.30053794384002686,0.08363038301467896,68.130615234375,0.3632951080799103,7.904182434082031,0.2467871904373169,0.5225391387939453,0.20407699048519135,0.23027841746807098,0.0,405.5110778808594,0.03302827849984169,0.0330282524228096,0.2838773727416992,0.004287070594727993,52.519256591796875,0.35229814052581787,10.397720336914062,0.3064686059951782,0.5435386896133423,0.27117422223091125,0.27117422223091125,0.0,262.95709228515625,0.4877694547176361,0.4877694547176361,0.3719857931137085,0.10323594510555267,24.472715377807617,0.3375788927078247,15.468063354492188,0.527508556842804,0.9023895859718323,0.3470993638038635,0.3470993638038635,0.0,452.1858825683594,0.15888582170009613,0.4159969389438629,0.315414160490036,0.02346743457019329,89.03853607177734,0.3527899980545044,21.53265953063965,0.7100446820259094,1.3240435123443604
2019,2,31.09873391255909,104.24576070676949,4982.3403,495.0,2.165302276611328,270.0,22.075035095214844,27.45811653137207,1.2081379890441895,6.800000190734863,35.55101776123047,0.26580968499183655,0.28579410910606384,0.7074701189994812,336.10479736328125,0.5317205190658569,0.5454553961753845,0.41012388467788696,0.11098171770572662,39.923583984375,0.35865041613578796,10.48116683959961,0.3412111699581146,0.7257693409919739,0.24492868781089783,0.27348655462265015,25.107194900512695,355.14892578125,0.4077949523925781,0.48018088936805725,0.09441384673118591,0.10973762720823288,79.18869018554688,0.36100783944129944,4.648475170135498,0.21626678109169006,0.47246891260147095,0.25285711884498596,0.26396429538726807,3.6713154315948486,283.6749267578125,0.4413449168205261,0.4478203356266022,0.15223993360996246,0.12174373120069504,67.01719665527344,0.35383865237236023,7.179579734802246,0.26012614369392395,0.5440419316291809,0.3155696988105774,0.3155696988105774,0.0,219.25579833984375,0.5319550633430481,0.5593483448028564,0.13720981776714325,0.1529673933982849,20.730785369873047,0.3174988925457001,12.89739990234375,0.5047987699508667,0.837111234664917,0.39187949895858765,0.39187949895858765,0.0,401.79034423828125,0.40699195861816406,0.41546303033828735,0.051071472465991974,0.10278329998254776,89.98698425292969,0.33161661028862,19.13287353515625,0.6557489633560181,1.2905514240264893
2019,2,29.078600607710197,104.9539908088862,4982.724,293.0,4.266312122344971,29.7744197845459,33.31896209716797,26.861522674560547,1.2883033752441406,6.40753698348999,34.46607208251953,0.267650842666626,0.29737982153892517,0.0,419.7809753417969,0.5728592872619629,0.6113408803939819,0.43280845880508423,0.10679639875888824,30.42620849609375,0.36881783604621887,13.118155479431152,0.3612019717693329,0.7709571719169617,0.19888821244239807,0.23792068660259247,0.0,558.2222900390625,0.40611904859542847,0.4911794066429138,0.30041879415512085,0.08003441989421844,76.4676742553711,0.3649049401283264,7.862285137176514,0.23481476306915283,0.4920526444911957,0.1896105706691742,0.21508200466632843,0.0,403.0179138183594,0.18946146965026855,0.18946145474910736,0.2444264441728592,0.029082337394356728,55.58198547363281,0.35609421133995056,10.333792686462402,0.29086941480636597,0.5272027850151062,0.2612721920013428,0.2612721920013428,0.0,262.59490966796875,0.21022725105285645,0.21022726595401764,0.25294116139411926,0.03582272306084633,23.344770431518555,0.33541133999824524,15.446759223937988,0.5136277079582214,0.8706479072570801,0.3501827120780945,0.3501827120780945,0.0,451.75372314453125,0.2422480434179306,0.2422480583190918,0.19255812466144562,0.031056197360157967,79.55535888671875,0.349382221698761,21.512081146240234,0.6991005539894104,1.3240121603012085
2019,2,30.21613512284845,103.89002700202873,4995.8027,423.0,2.337141752243042,293.3675537109375,38.6213264465332,24.040857315063477,1.252591609954834,7.069371223449707,42.56577682495117,0.29247522354125977,0.32302355766296387,0.0,383.464111328125,0.5743928551673889,0.5981057286262512,0.43838512897491455,0.1191488578915596,37.027103424072266,0.36032775044441223,11.983253479003906,0.3569500148296356,0.7257963418960571,0.2511783540248871,0.2751312851905823,0.32897230982780457,430.48858642578125,0.2709558308124542,0.39756521582603455,0.02063167095184326,0.05023454502224922,79.58212280273438,0.3605845272541046,6.058586120605469,0.21973975002765656,0.49593809247016907,0.22746948897838593,0.2421358972787857,0.0,337.8708190917969,0.4822421073913574,0.7254902124404907,0.17880071699619293,0.11773839592933655,61.37191390991211,0.3507855236530304,8.66335391998291,0.2697109878063202,0.5796009302139282,0.32011938095092773,0.32011938095092773,0.0,245.20849609375,0.7157612442970276,0.7238749265670776,0.3772279918193817,0.24752582609653473,21.094709396362305,0.315283864736557,14.424029350280762,0.5188992619514465,0.8617126941680908,0.3672318756580353,0.3672318756580353,0.0,431.174560546875,0.4297052323818207,0.4297052025794983,0.14324571192264557,0.10837166011333466,94.20953369140625,0.33323806524276733,20.532121658325195,0.6890304088592529,1.2863752841949463
2019,2,29.215771474316295,104.92219295927408,5007.769,277.0,1.8543341159820557,180.0,28.97703742980957,30.006336212158203,1.2975820302963257,6.208325386047363,28.796049118041992,0.2668962776660919,0.29500043392181396,0.0,420.3652038574219,0.5572794079780579,0.5959122180938721,0.43191081285476685,0.10594500601291656,29.715322494506836,0.36854517459869385,13.136412620544434,0.36817243695259094,0.7860930562019348,0.20081135630607605,0.23883463442325592,0.0,557.9601440429688,0.3977028429508209,0.4875037968158722,0.30012622475624084,0.08168468624353409,73.2165756225586,0.36458101868629456,7.858593463897705,0.2394106388092041,0.5036892890930176,0.19587302207946777,0.22159916162490845,0.0,403.2240295410156,0.08133971691131592,0.08133970946073532,0.22714932262897491,0.011029665358364582,54.56848907470703,0.355010062456131,10.33907699584961,0.29656320810317993,0.5330305695533752,0.2654281556606293,0.2654281556606293,0.0,262.64117431640625,0.10638296604156494,0.10638298094272614,0.1738712638616562,0.012999998405575752,23.698148727416992,0.33637672662734985,15.449480056762695,0.5196483731269836,0.8832806348800659,0.34886404871940613,0.34886404871940613,0.0,451.726318359375,-0.05540166422724724,-0.05540166050195694,0.023255812004208565,-0.003778393380343914,83.67256927490234,0.3510321378707886,21.51077651977539,0.7029528021812439,1.321446418762207
2019,2,29.325995993256424,105.34853207009509,5015.4775,334.0,0.9274099469184875,180.0,33.3439826965332,28.192302703857422,1.2820487022399902,6.3243327140808105,32.36415100097656,0.266656756401062,0.2932074964046478,0.0,423.8432922363281,0.546633243560791,0.5860081315040588,0.4370709955692291,0.10519856214523315,30.552534103393555,0.365335613489151,13.245102882385254,0.3697396516799927,0.7701050043106079,0.20173494517803192,0.23519788682460785,0.0,581.3628540039062,0.3871814012527466,0.48005247116088867,0.30333805084228516,0.08197876065969467,65.65694427490234,0.3580714166164398,8.188209533691406,0.2517067790031433,0.5385004878044128,0.20052814483642578,0.2270544469356537,0.0,416.7552185058594,0.3972083032131195,0.5241112112998962,0.1277962476015091,0.08315739035606384,48.523990631103516,0.34450504183769226,10.686031341552734,0.31857502460479736,0.5592418909072876,0.26981863379478455,0.26981863379478455,0.0,263.72216796875,0.570203959941864,0.570203959941864,0.24141153693199158,0.1514461636543274,27.07855987548828,0.337848424911499,15.513068199157715,0.5210925936698914,0.9143097996711731,0.3477233350276947,0.3477233350276947,0.0,454.25244140625,0.5038474798202515,0.6254644393920898,0.23003895580768585,0.15969355404376984,88.4118881225586,0.3513476252555847,21.63106918334961,0.7155054211616516,1.3455862998962402
2019,2,30.53225417383038,107.07383853149227,5017.5034,342.0,7.743757247924805,146.4390106201172,33.22163391113281,28.99817657470703,1.290733814239502,6.761453151702881,33.80854034423828,0.2708549499511719,0.3282220959663391,0.0,403.67059326171875,0.4997329115867615,0.6360703110694885,0.3918169438838959,0.12260644137859344,79.11968231201172,0.4097089469432831,12.614706039428711,0.27959322929382324,0.7969588041305542,0.1724272072315216,0.1945614516735077,0.0,525.0250244140625,0.5717046856880188,0.5717046856880188,0.04956117644906044,0.11622755974531174,84.52015686035156,0.40465041995048523,7.394718170166016,0.21341454982757568,0.4313742518424988,0.2138432115316391,0.2587420642375946,0.0,378.6408996582031,0.3701472282409668,0.3701472580432892,0.06837159395217896,0.07576913386583328,31.75482749938965,0.378828227519989,9.708741188049316,0.3224688470363617,0.6431349515914917,0.2862130403518677,0.2862130403518677,0.0,235.7610626220703,0.5259420275688171,0.5712250471115112,0.07916930317878723,0.11268223077058792,85.21965789794922,0.4151858389377594,13.868298530578613,0.37304142117500305,0.8372894525527954,0.4109828472137451,0.4109828472137451,0.0,433.83001708984375,0.5861622095108032,0.6565714478492737,0.13073782622814178,0.17395128309726715,103.18049621582031,0.40104496479034424,20.658573150634766,0.5960810780525208,1.1265016794204712
2019,2,31.04725804999812,105.59943230906933,5044.4854,394.0,7.7162675857543945,44.2065315246582,23.568445205688477,28.631452560424805,1.2746329307556152,7.08933162689209,30.089141845703125,0.2728564143180847,0.2927859425544739,0.0,404.6852722167969,0.573393702507019,0.6055275201797485,0.4480993151664734,0.11263199895620346,35.08586120605469,0.34495022892951965,12.646414756774902,0.410433828830719,0.8986108303070068,0.25035998225212097,0.265593558549881,0.0,512.5115966796875,0.4322485327720642,0.4441673457622528,0.01708897016942501,0.12306813895702362,66.19502258300781,0.3553764224052429,7.218473434448242,0.28106141090393066,0.6457201242446899,0.24207967519760132,0.2874637246131897,0.0,383.6560974121094,0.30000001192092896,0.4644268751144409,0.06322187185287476,0.10096455365419388,34.751365661621094,0.3256354033946991,9.837336540222168,0.35493630170822144,0.6643816232681274,0.30440837144851685,0.30440837144851685,0.0,254.31454467773438,0.23329131305217743,0.23329129815101624,-0.010622147470712662,0.045631781220436096,16.221981048583984,0.2968273162841797,14.959678649902344,0.5955274105072021,1.0511986017227173,0.41243183612823486,0.41243183612823486,0.0,445.4570617675781,0.2354971468448639,0.2406625598669052,0.0757654458284378,0.04540606960654259,100.00565338134766,0.3293720781803131,21.21224021911621,0.7677419781684875,1.3766772747039795
2019,2,30.57699233469961,105.16096444338295,5057.3364,355.0,10.31453800201416,191.92477416992188,28.49252700805664,25.80634307861328,1.2082973718643188,7.388708114624023,56.76893997192383,0.28051283955574036,0.3087952733039856,0.0,411.4006652832031,0.5621083378791809,0.5890270471572876,0.4248415231704712,0.11735092103481293,30.005708694458008,0.3428109288215637,12.856270790100098,0.4158132076263428,0.8787980675697327,0.26442453265190125,0.2837396264076233,0.0,523.8377685546875,0.44317251443862915,0.44317251443862915,0.06549952924251556,0.0782199427485466,63.14286804199219,0.34801024198532104,7.377996444702148,0.2728164792060852,0.6172047257423401,0.2596369683742523,0.272800087928772,0.0,390.000732421875,0.4638805389404297,0.4723517596721649,0.05441782996058464,0.09753087162971497,39.369842529296875,0.3222530782222748,10.000019073486328,0.3445538282394409,0.6447533965110779,0.32200831174850464,0.32200831174850464,0.0,258.3199462890625,0.4045468866825104,0.404546856880188,0.08309318870306015,0.09122532606124878,15.161175727844238,0.29587310552597046,15.195290565490723,0.5874379873275757,1.0017979145050049,0.3971003592014313,0.3971003592014313,0.0,451.454345703125,0.3728486895561218,0.40740740299224854,0.008669393137097359,0.08873362839221954,89.36819458007812,0.317859411239624,21.497825622558594,0.7951217889785767,1.4182311296463013
2019,2,31.76627025846206,106.86983019919604,5061.3296,310.0,2.7802884578704834,180.0,25.79431915283203,31.289215087890625,1.284863829612732,6.399081230163574,33.92060089111328,0.28256821632385254,0.29290419816970825,0.0,346.8480224609375,0.6106434464454651,0.6378239393234253,0.4680492579936981,0.11688630282878876,68.19878387451172,0.3857002854347229,10.839000701904297,0.29332560300827026,0.7792298793792725,0.20559081435203552,0.23665066063404083,8.686792373657227,381.96942138671875,0.42172330617904663,0.4257540702819824,0.022474367171525955,0.09880977123975754,92.345703125,0.38942620158195496,5.257501602172852,0.20276974141597748,0.44005367159843445,0.19714544713497162,0.2614458203315735,1.4946178197860718,303.7470703125,0.36250001192092896,0.36250001192092896,0.005029350519180298,0.08692750334739685,36.165157318115234,0.36163130402565,7.750062942504883,0.3050302267074585,0.5625829100608826,0.277520090341568,0.277520090341568,0.0,212.5772705078125,0.5405113101005554,0.5563636422157288,0.12068597227334976,0.15957622230052948,40.66322708129883,0.36712726950645447,12.504546165466309,0.41212430596351624,0.8285357356071472,0.4525095224380493,0.4525095224380493,0.0,400.6376953125,0.5648557543754578,0.7052775621414185,0.10536397248506546,0.17002157866954803,110.3688735961914,0.37111198902130127,19.077985763549805,0.5647017359733582,0.9847771525382996
2019,2,34.093626707691286,103.12250869230542,5086.526,2475.0,8.362332344055176,7.641890048980713,32.95069885253906,18.403823852539062,1.1974825859069824,7.460734844207764,65.5526351928711,0.1297212690114975,0.15493132174015045,257.3957824707031,5.39894962310791,0.30716362595558167,0.37436598539352417,0.26157763600349426,0.06591102480888367,37.781673431396484,0.398742139339447,-7.874901294708252,0.11435762792825699,0.3269769549369812,0.12721069157123566,0.13975872099399567,961.9300537109375,0.0,0.13383227586746216,0.13724449276924133,-0.17762213945388794,0.029076755046844482,25.615922927856445,0.37823304533958435,-13.548310279846191,0.06041208654642105,0.13337504863739014,0.10692071169614792,0.11043369024991989,397.8829345703125,0.0,0.135272815823555,0.14088484644889832,-0.1545988917350769,0.028028609231114388,39.28065872192383,0.38835904002189636,-10.202126502990723,0.07243124395608902,0.15986116230487823,0.1363230049610138,0.1363230049610138,74.15200805664062,0.0,0.12984441220760345,0.12984441220760345,-0.11715296655893326,0.025929929688572884,16.132463455200195,0.42423805594444275,-4.36188268661499,0.13228200376033783,0.23030094802379608,0.19307266175746918,0.19307266175746918,0.0,121.07804107666016,0.27911192178726196,0.32145509123802185,-0.07193298637866974,0.07445185631513596,67.70613861083984,0.3889007866382599,5.765621185302734,0.3527798652648926,0.7271413207054138
2019,2,30.222065727249532,103.68117162688745,5109.3716,603.0,4.666775226593018,113.36626434326172,27.337114334106445,27.3649845123291,1.2051271200180054,6.466719150543213,42.87443923950195,0.29792165756225586,0.3292072117328644,0.0,373.23248291015625,0.5819056630134583,0.6031724810600281,0.44255921244621277,0.12090998142957687,41.335391998291016,0.36543768644332886,11.663515090942383,0.3382144570350647,0.6803292036056519,0.25223013758659363,0.2762422561645508,0.4446040689945221,402.90118408203125,0.47057029604911804,0.5540438294410706,0.06168368086218834,0.08858150988817215,84.88163757324219,0.36457952857017517,5.668402671813965,0.20770297944545746,0.472177654504776,0.2213604599237442,0.2360944300889969,0.0,322.872314453125,0.4174276292324066,0.41809290647506714,0.02120230346918106,0.07494543492794037,65.3375244140625,0.3555932939052582,8.278777122497559,0.25406375527381897,0.5645039677619934,0.32393860816955566,0.32393860816955566,0.0,239.86807250976562,0.4771764576435089,0.5369100570678711,0.08575641363859177,0.0860806554555893,23.35396385192871,0.3186344504356384,14.109886169433594,0.4966055452823639,0.8383027911186218,0.362678200006485,0.362678200006485,0.0,423.6737365722656,0.38401567935943604,0.4595237970352173,0.12276072055101395,0.07748477905988693,100.26871490478516,0.3390190303325653,20.17494010925293,0.6525801420211792,1.218166708946228
2019,2,29.874148826655468,104.91141085292683,5121.9746,384.0,10.101387023925781,236.96240234375,21.228174209594727,34.91865158081055,1.2930792570114136,7.239603042602539,35.281314849853516,0.27136367559432983,0.29795992374420166,0.0,418.5490417480469,0.5391177535057068,0.5739821791648865,0.4285419285297394,0.1093250960111618,27.924800872802734,0.35710370540618896,13.079657554626465,0.3961409032344818,0.8366228938102722,0.22750608623027802,0.25632986426353455,0.0,544.90673828125,0.27518996596336365,0.27518996596336365,-0.04879250004887581,0.053111664950847626,64.23380279541016,0.3560991883277893,7.674742698669434,0.2569752633571625,0.5596284866333008,0.22810040414333344,0.24833731353282928,0.0,398.66375732421875,0.25700244307518005,0.25934648513793945,-0.02214769646525383,0.049599532037973404,48.052581787109375,0.340840220451355,10.222147941589355,0.32077640295028687,0.5869632959365845,0.29270240664482117,0.29270240664482117,0.0,261.72991943359375,0.4591836631298065,0.4591836631298065,0.03348589688539505,0.09849489480257034,20.69217300415039,0.32185447216033936,15.395877838134766,0.5547895431518555,0.9369363784790039,0.3642526865005493,0.3642526865005493,0.0,452.66998291015625,0.4870343506336212,0.5541958212852478,0.12742002308368683,0.11845052242279053,88.29031372070312,0.33772432804107666,21.555713653564453,0.750222384929657,1.3789726495742798
2019,2,29.851781975771384,104.94294115647575,5121.9746,340.0,1.415274977684021,49.06442642211914,19.88324546813965,31.567548751831055,1.2699999809265137,7.099999904632568,31.513402938842773,0.27101024985313416,0.2974902093410492,0.0,418.8900146484375,0.5383068919181824,0.5734274983406067,0.4287470281124115,0.10901624709367752,28.152379989624023,0.35774070024490356,13.090312957763672,0.3949653208255768,0.8342088460922241,0.2261371612548828,0.25531211495399475,0.0,547.3226928710938,0.23345904052257538,0.23345904052257538,0.1819973886013031,0.04199928417801857,64.16519927978516,0.3563670516014099,7.708770275115967,0.2571285367012024,0.5595334768295288,0.2269439697265625,0.24755220115184784,0.0,399.8948059082031,0.18761073052883148,0.22187937796115875,0.117833212018013,0.034283243119716644,47.90663528442383,0.34095439314842224,10.25371265411377,0.32131367921829224,0.5852847099304199,0.291608601808548,0.291608601808548,0.0,261.7976989746094,0.16589003801345825,0.16589002311229706,0.06649617105722427,0.020752843469381332,21.178653717041016,0.3230125606060028,15.39986515045166,0.5528364777565002,0.937408447265625,0.3631678521633148,0.3631678521633148,0.0,452.68017578125,0.18945932388305664,0.18945933878421783,0.04887818917632103,0.024800224229693413,88.98604583740234,0.3390485942363739,21.556198120117188,0.7475839853286743,1.3734198808670044
2019,2,29.886277581520847,104.94536690744883,5121.9746,360.0,2.3306045532226562,66.56290435791016,28.793397903442383,26.723325729370117,1.2899999618530273,7.021762847900391,37.7653694152832,0.2715552747249603,0.2982146143913269,0.0,418.5528869628906,0.5395573377609253,0.5742829442024231,0.4284307360649109,0.10949254781007767,28.144084930419922,0.35679545998573303,13.079777717590332,0.39619171619415283,0.8363065719604492,0.22824826836585999,0.2568816542625427,0.0,545.9461669921875,0.21884271502494812,0.21884272992610931,0.18756774067878723,0.03595585748553276,64.03746795654297,0.3557377755641937,7.689382076263428,0.257793128490448,0.5622825026512146,0.22872738540172577,0.24876298010349274,0.0,399.3084411621094,0.23644837737083435,0.29357412457466125,0.16168241202831268,0.03743518888950348,47.529930114746094,0.3399357497692108,10.238677978515625,0.32233893871307373,0.5888764262199402,0.2932954430580139,0.2932954430580139,0.0,261.6692199707031,0.31781816482543945,0.31781819462776184,0.1244182363152504,0.05758865177631378,20.835994720458984,0.32153084874153137,15.392306327819824,0.5548321604728699,0.9399667978286743,0.36484086513519287,0.36484086513519287,0.0,452.7126159667969,0.2768384516239166,0.2953806221485138,0.0636480376124382,0.05315548554062843,88.71906280517578,0.337627112865448,21.5577449798584,0.7508596181869507,1.3780114650726318
2019,2,30.68963814551176,106.75852657780099,5128.9897,354.0,2.1447417736053467,210.17507934570312,25.753437042236328,32.76575469970703,1.3008203506469727,6.313482761383057,32.69623947143555,0.2596752643585205,0.31056442856788635,0.0,402.4094543457031,0.5007235407829285,0.6275138854980469,0.40108180046081543,0.11429493129253387,74.42759704589844,0.4059424102306366,12.575295448303223,0.2861969769001007,0.7732071876525879,0.19784168899059296,0.21732491254806519,0.0,524.7538452148438,0.32515162229537964,0.32689210772514343,0.054603591561317444,0.05353647470474243,82.41311645507812,0.40168294310569763,7.390898704528809,0.22037270665168762,0.44936054944992065,0.21303290128707886,0.2585538923740387,0.0,381.86859130859375,0.29097864031791687,0.32907620072364807,0.06620711833238602,0.04925426468253136,29.032451629638672,0.3724689781665802,9.791501998901367,0.331631064414978,0.6470353007316589,0.2854618728160858,0.2854618728160858,0.0,237.01194763183594,0.3617264926433563,0.4122302234172821,0.06418122351169586,0.06621462106704712,70.02256774902344,0.4050905406475067,13.941879272460938,0.392281174659729,0.8751594424247742,0.4058155417442322,0.4058155417442322,0.0,435.3437194824219,0.30578017234802246,0.35732460021972656,0.31276628375053406,0.05151638388633728,110.04109191894531,0.3953445255756378,20.730653762817383,0.6108758449554443,1.1336090564727783
2019,2,30.896879326071712,104.01102916821506,5145.9233,532.0,4.413106918334961,257.8922119140625,23.944334030151367,29.115018844604492,1.1857261657714844,6.699999809265137,45.04241943359375,0.26730868220329285,0.29191702604293823,0.9012120366096497,326.3634033203125,0.5412441492080688,0.559264063835144,0.41515374183654785,0.1121116504073143,42.481597900390625,0.3585750460624695,10.170693397521973,0.32985663414001465,0.6868234872817993,0.23986317217350006,0.2618653476238251,32.099674224853516,340.9921569824219,0.5095536708831787,0.5939762592315674,0.20034556090831757,0.14877183735370636,77.57076263427734,0.3578489422798157,4.350598335266113,0.20925579965114594,0.4738093614578247,0.2346697300672531,0.24586276710033417,4.676711559295654,273.2497863769531,0.521144449710846,0.5735520124435425,0.20576563477516174,0.13982895016670227,67.90278625488281,0.35093820095062256,6.886488914489746,0.2500298321247101,0.5461589694023132,0.31065115332603455,0.31065115332603455,0.0,213.16629028320312,0.36514538526535034,0.4276846647262573,0.26109778881073,0.11059407144784927,24.75667381286621,0.3196553885936737,12.539194107055664,0.4786834120750427,0.8049150705337524,0.37429141998291016,0.37429141998291016,0.0,395.37945556640625,0.3979507386684418,0.4612775444984436,0.15035834908485413,0.09999250620603561,94.01490783691406,0.3333190679550171,18.827592849731445,0.6345071196556091,1.2308897972106934
2019,2,31.590291835387813,108.23293280022394,5146.8135,927.0,37.82781219482422,138.63690185546875,30.14691734313965,27.475229263305664,1.2700672149658203,6.087295055389404,46.375919342041016,0.3017764687538147,0.33581820130348206,0.0,356.55364990234375,0.5944848656654358,0.6599226593971252,0.40045684576034546,0.1365167498588562,74.98523712158203,0.4192575514316559,11.142301559448242,0.2897164523601532,0.7400245070457458,0.13588710129261017,0.18114632368087769,2.362852096557617,395.7934875488281,0.2811459004878998,0.46678662300109863,0.2570917010307312,0.06657041609287262,106.43315124511719,0.42745012044906616,5.541276454925537,0.19749583303928375,0.40274396538734436,0.17189078032970428,0.22237421572208405,0.6747425198554993,305.3022155761719,0.3782406151294708,0.4715186059474945,0.2611946165561676,0.07070593535900116,38.930728912353516,0.40808993577957153,7.81096076965332,0.30503740906715393,0.549858808517456,0.24376177787780762,0.24376177787780762,0.0,211.80145263671875,0.4500064253807068,0.580348014831543,0.0643070638179779,0.079466812312603,68.90486907958984,0.42328783869743347,12.458909034729004,0.3816629946231842,0.765526294708252,0.46596860885620117,0.46596860885620117,0.0,405.8847351074219,0.7337579727172852,0.8043128252029419,0.2228211909532547,0.19972890615463257,76.72078704833984,0.4077000916004181,19.327844619750977,0.6054528951644897,0.9634889364242554
2019,2,31.270128379750396,105.95139361431886,5181.393,355.0,1.4271986484527588,130.5215301513672,25.59410858154297,32.209739685058594,1.300412893295288,7.0469136238098145,25.879838943481445,0.26779603958129883,0.2850138247013092,0.0,397.645263671875,0.5740718245506287,0.6132704615592957,0.4566577672958374,0.10998860746622086,47.015472412109375,0.3580399751663208,12.426414489746094,0.37300458550453186,0.8629074096679688,0.2418052852153778,0.25541797280311584,0.0,498.0310974121094,0.25392431020736694,0.25392428040504456,0.05928238481283188,0.0344829224050045,73.58969116210938,0.366470068693161,7.014522552490234,0.26380589604377747,0.5958206653594971,0.23257876932621002,0.29343336820602417,0.0,375.43994140625,0.1791776418685913,0.1791776716709137,0.07459606230258942,0.028005464002490044,30.553293228149414,0.33377909660339355,9.626665115356445,0.3541651666164398,0.6535646319389343,0.29518836736679077,0.29518836736679077,0.0,246.3954315185547,0.3068414628505707,0.3068414628505707,0.09924191236495972,0.04894121363759041,25.38593101501465,0.3193402588367462,14.49384880065918,0.5454320907592773,1.0254666805267334,0.4193750023841858,0.4193750023841858,0.0,439.2667236328125,0.2858593761920929,0.33677685260772705,0.21691016852855682,0.04238211736083031,109.84638214111328,0.34436559677124023,20.917463302612305,0.7184605598449707,1.2787238359451294
2019,2,30.821689964108515,104.46081869147613,5185.0093,442.0,4.409821510314941,282.1169738769531,24.27417755126953,30.786855697631836,1.3308817148208618,7.165257930755615,33.846858978271484,0.2791016399860382,0.30288344621658325,0.05870109423995018,388.78533935546875,0.5470870733261108,0.5667478442192078,0.41676726937294006,0.11573553085327148,28.543914794921875,0.3440771698951721,12.147706985473633,0.3945280611515045,0.8256999850273132,0.2620791792869568,0.28869786858558655,2.0961074829101562,448.04632568359375,0.4706185460090637,0.4706185460090637,0.13960452377796173,0.13426746428012848,69.88006591796875,0.34994134306907654,6.280988693237305,0.2444612830877304,0.5388928055763245,0.2662556767463684,0.277492880821228,0.30462098121643066,346.9272155761719,0.6062748432159424,0.6500850319862366,0.2573503851890564,0.22038090229034424,54.488670349121094,0.33862221240997314,8.887758255004883,0.3026343584060669,0.6188796758651733,0.3260340690612793,0.3260340690612793,0.0,249.0596160888672,0.24317426979541779,0.24317428469657898,-0.04075606167316437,0.05923725292086601,13.118997573852539,0.2992156445980072,14.650565147399902,0.578851044178009,0.9234132170677185,0.4021652042865753,0.4021652042865753,0.0,438.4259033203125,0.3208264410495758,0.3208264112472534,0.017935603857040405,0.08922183513641357,78.10894775390625,0.31185007095336914,20.877422332763672,0.7716697454452515,1.479351282119751
2019,2,29.110130911259102,105.27954085859618,5193.9146,313.0,2.975428819656372,159.11685180664062,34.287017822265625,27.411346435546875,1.2834020853042603,6.236785411834717,31.85049057006836,0.2680380344390869,0.29702523350715637,0.0,423.6636657714844,0.5721984505653381,0.6116562485694885,0.4415362477302551,0.10651028901338577,30.6949520111084,0.3665686547756195,13.239489555358887,0.3615490198135376,0.7532544136047363,0.1983768343925476,0.23148970305919647,0.0,578.7606201171875,0.3985193073749542,0.48352372646331787,0.3055863082408905,0.07883879542350769,71.1732406616211,0.3601185083389282,8.151557922363281,0.2432395964860916,0.5134808421134949,0.19044677913188934,0.21687960624694824,0.0,414.6070251464844,0.2815934121608734,0.2815934121608734,0.16990596055984497,0.05254533141851425,51.489219665527344,0.348945289850235,10.630949974060059,0.3051043152809143,0.5434569716453552,0.2638026773929596,0.2638026773929596,0.0,264.292724609375,0.4817869961261749,0.4817869961261749,0.37162861227989197,0.09967643767595291,24.807697296142578,0.33476993441581726,15.546630859375,0.5152818560600281,0.8853638172149658,0.3497629165649414,0.3497629165649414,0.0,454.8505554199219,0.41424989700317383,0.4285714328289032,0.1812373697757721,0.08141443133354187,79.28982543945312,0.34666723012924194,21.659549713134766,0.7127053737640381,1.3625715970993042
2019,2,29.624055684971903,104.94563891261308,5195.562,353.0,10.571125030517578,17.418521881103516,28.20404624938965,28.18254280090332,1.3108744621276855,7.214241981506348,31.606287002563477,0.26740795373916626,0.2927023470401764,0.0,421.1857604980469,0.5300421714782715,0.5677732825279236,0.4308376908302307,0.10586820542812347,28.3304443359375,0.36399200558662415,13.162055015563965,0.38664138317108154,0.8197095990180969,0.21218402683734894,0.2449384480714798,0.0,557.27880859375,0.3921605050563812,0.4846952259540558,0.31080102920532227,0.08709238469600677,64.91879272460938,0.36043477058410645,7.848997592926025,0.25306448340415955,0.5423257946968079,0.21515676379203796,0.2395496666431427,0.0,404.2502746582031,0.30117854475975037,0.3636048436164856,0.12034619599580765,0.06041170656681061,50.176029205322266,0.347370982170105,10.365391731262207,0.3152199685573578,0.5619533658027649,0.28045979142189026,0.28045979142189026,0.0,262.6384582519531,0.4996880888938904,0.4996880888938904,0.1513410061597824,0.12012501806020737,23.594764709472656,0.3329167664051056,15.449321746826172,0.5392791032791138,0.9216939806938171,0.35211020708084106,0.35211020708084106,0.0,452.4848937988281,0.5622641444206238,0.7160983085632324,0.21025411784648895,0.15130528807640076,91.03804016113281,0.34866124391555786,21.546899795532227,0.7256696224212646,1.3417198657989502
2019,2,31.082560753038248,104.23228530338596,5197.0703,494.0,2.164929151535034,90.0,23.643260955810547,27.936960220336914,1.2008912563323975,6.800000190734863,42.66178512573242,0.26576295495033264,0.28611841797828674,0.7244986891746521,335.5413818359375,0.5324480533599854,0.5465701222419739,0.4104732573032379,0.11104163527488708,40.04560852050781,0.3585357367992401,10.463027000427246,0.3407644033432007,0.7237485647201538,0.24455128610134125,0.2725655138492584,25.716720581054688,354.6894226074219,0.5961311459541321,0.7027543187141418,0.29259106516838074,0.20167115330696106,78.96210479736328,0.3606807589530945,4.633418083190918,0.21600957214832306,0.4732358455657959,0.2515743374824524,0.2626391649246216,3.7596828937530518,283.1764221191406,0.6274688243865967,0.6958211660385132,0.350567489862442,0.22353018820285797,66.99188995361328,0.35350295901298523,7.164531230926514,0.2597135901451111,0.5445874929428101,0.3150871992111206,0.3150871992111206,0.0,218.870849609375,0.8058509826660156,0.8572297692298889,0.4377503991127014,0.34425249695777893,20.999935150146484,0.3176308870315552,12.874755859375,0.5032309293746948,0.8350652456283569,0.3906143307685852,0.3906143307685852,0.0,401.4406433105469,0.6074663996696472,0.6794640421867371,0.30452218651771545,0.1778661608695984,90.14808654785156,0.3316234052181244,19.116220474243164,0.6549656987190247,1.2873735427856445
2019,2,29.740750359540584,105.4355781817594,5201.478,348.0,13.633536338806152,122.2713851928711,24.66693115234375,26.783161163330078,1.2699962854385376,6.781464099884033,35.17975616455078,0.26925593614578247,0.2951585352420807,0.0,421.5815124511719,0.5342819690704346,0.5706738829612732,0.4297651946544647,0.1074831634759903,31.208641052246094,0.3598487675189972,13.174422264099121,0.38484856486320496,0.8063605427742004,0.21934202313423157,0.2502601444721222,0.0,574.2811889648438,0.36537814140319824,0.36537814140319824,0.10620913654565811,0.07420829683542252,61.62459182739258,0.35464227199554443,8.08846664428711,0.2635396420955658,0.5771076083183289,0.22120362520217896,0.2436549812555313,0.0,414.4786376953125,0.39547184109687805,0.46488550305366516,0.06499422341585159,0.07729309797286987,43.26475143432617,0.3350335657596588,10.627656936645508,0.3365277051925659,0.5889291763305664,0.28617915511131287,0.28617915511131287,0.0,262.0079040527344,0.42698705196380615,0.42698705196380615,0.10681004077196121,0.09889020025730133,26.52396583557129,0.33066949248313904,15.412230491638184,0.5372382998466492,0.9599341750144958,0.3577828109264374,0.3577828109264374,0.0,453.2630615234375,0.5281907320022583,0.544990599155426,0.1613728255033493,0.14387914538383484,96.64393615722656,0.34834352135658264,21.583955764770508,0.7328031659126282,1.3337068557739258
2019,2,29.27964363780585,105.22052465615381,5212.0874,326.0,2.819729804992676,311.0963134765625,27.711015701293945,24.800758361816406,1.2799999713897705,6.478492259979248,29.129554748535156,0.2668558359146118,0.29399368166923523,0.0,423.02532958984375,0.5516140460968018,0.5908430814743042,0.43647676706314087,0.1054958775639534,30.240236282348633,0.3663487732410431,13.219541549682617,0.3689673840999603,0.7735570073127747,0.20117972791194916,0.23555609583854675,0.0,574.8350219726562,0.3906001150608063,0.48198145627975464,0.30291086435317993,0.08157841116189957,68.09322357177734,0.3600776195526123,8.096267700195312,0.24772022664546967,0.5267617702484131,0.19846871495246887,0.22481802105903625,0.0,412.91766357421875,0.3731406629085541,0.4690265357494354,0.09762117266654968,0.07392192631959915,50.46976852416992,0.34786680340766907,10.587632179260254,0.31131917238235474,0.5504822134971619,0.2682533264160156,0.2682533264160156,0.0,263.5674743652344,0.4116988778114319,0.4116988480091095,0.15107257664203644,0.10383045673370361,25.831295013427734,0.3370376229286194,15.503968238830566,0.5206520557403564,0.9029378890991211,0.34818145632743835,0.34818145632743835,0.0,453.7215576171875,0.5283129215240479,0.5307716131210327,0.08836186677217484,0.13135603070259094,86.1373291015625,0.3506375253200531,21.605789184570312,0.7124398350715637,1.3423272371292114
2019,2,29.21199907482508,105.25366915428408,5215.6577,320.0,3.3163833618164062,73.77816772460938,33.61871337890625,27.231704711914062,1.2799999713897705,6.2403459548950195,27.3370304107666,0.26733091473579407,0.29520872235298157,0.0,423.3107604980469,0.5598685145378113,0.5991916060447693,0.43852701783180237,0.1059020534157753,30.46531867980957,0.3663736879825592,13.228461265563965,0.36587220430374146,0.764839231967926,0.20005430281162262,0.23390966653823853,0.0,576.8341674804688,0.22888372838497162,0.2288837432861328,0.11578946560621262,0.042457930743694305,69.2433090209961,0.359965056180954,8.124424934387207,0.24608288705348969,0.5219747424125671,0.19525326788425446,0.22163838148117065,0.0,413.8383483886719,0.21559631824493408,0.21559633314609528,-0.006427434738725424,0.03999311476945877,50.76854705810547,0.3480922281742096,10.61124038696289,0.30919328331947327,0.5481400489807129,0.26647433638572693,0.26647433638572693,0.0,263.85992431640625,0.23194146156311035,0.23194147646427155,0.10527753829956055,0.04687536880373955,25.50588035583496,0.3361736536026001,15.521171569824219,0.5183680057525635,0.8964122533798218,0.3488147556781769,0.3488147556781769,0.0,454.20068359375,0.32293838262557983,0.3527600169181824,0.0802377387881279,0.08711333572864532,83.47303009033203,0.3490767776966095,21.628602981567383,0.712618887424469,1.3505555391311646
2019,2,29.924006035534052,104.9987289697554,5216.1357,402.0,10.618431091308594,85.046630859375,16.491472244262695,35.22322463989258,1.2913905382156372,7.199999809265137,37.45906448364258,0.272151380777359,0.2990069091320038,0.0,418.3815002441406,0.5409250259399414,0.5752186179161072,0.42808476090431213,0.11001349985599518,28.488819122314453,0.35585150122642517,13.074421882629395,0.39696764945983887,0.8371977806091309,0.23055730760097504,0.25859832763671875,0.0,546.79443359375,0.3131657540798187,0.3131657540798187,0.0012995479628443718,0.04825884476304054,63.69285583496094,0.3549013137817383,7.701330661773682,0.2594263553619385,0.5678369998931885,0.23067797720432281,0.25008729100227356,0.0,399.9771423339844,0.29395705461502075,0.36427849531173706,-0.011426184326410294,0.04129726067185402,46.51836395263672,0.33802303671836853,10.255824089050293,0.3252876400947571,0.5935817956924438,0.2951403856277466,0.2951403856277466,0.0,261.5035705566406,0.27093204855918884,0.27093207836151123,-0.003097903449088335,0.043592967092990875,20.855955123901367,0.3202162981033325,15.382563591003418,0.5559735298156738,0.9460886120796204,0.36667072772979736,0.36667072772979736,0.0,452.7872009277344,0.26950353384017944,0.2842639684677124,-0.009058894589543343,0.05306524410843849,89.27254486083984,0.3367446959018707,21.561296463012695,0.753510057926178,1.3785170316696167
2019,2,29.477181814473507,104.91033620957296,5221.2407,329.0,6.432197093963623,81.74443054199219,30.87531089782715,30.727249145507812,1.2834012508392334,6.932701110839844,30.296586990356445,0.26556554436683655,0.2904951274394989,0.0,422.1782531738281,0.5281049013137817,0.5672111511230469,0.43195009231567383,0.10430163145065308,28.3631534576416,0.36770501732826233,13.193070411682129,0.3814636468887329,0.8118436336517334,0.20429621636867523,0.2392764538526535,0.0,560.7914428710938,0.19274377822875977,0.19274376332759857,-0.007234967313706875,0.030414968729019165,66.2540283203125,0.36326026916503906,7.898471355438232,0.24936768412590027,0.5286636352539062,0.20771190524101257,0.2341015636920929,0.0,405.4749755859375,0.22265625,0.22265625,0.09467899054288864,0.048783984035253525,52.06575012207031,0.3519456386566162,10.396794319152832,0.3093416392803192,0.5462583899497986,0.27367252111434937,0.27367252111434937,0.0,263.0653381347656,0.22331126034259796,0.22331126034259796,0.08352886885404587,0.05156257003545761,24.489482879638672,0.3379613757133484,15.474431991577148,0.5314509868621826,0.9087956547737122,0.3463233411312103,0.3463233411312103,0.0,452.247314453125,0.20993486046791077,0.21739129722118378,7.747942581772804E-4,0.05246321111917496,91.13926696777344,0.3535028398036957,21.535587310791016,0.7127286791801453,1.32420015335083
2019,2,30.432539756073233,103.59681881225941,5222.973,487.0,0.9274099469184875,180.0,22.089797973632812,26.503067016601562,1.185171127319336,6.599999904632568,41.54668045043945,0.30227288603782654,0.3334670960903168,0.0,365.406005859375,0.5721645951271057,0.5938889384269714,0.43449345231056213,0.12180918455123901,39.60667037963867,0.35612520575523376,11.418937683105469,0.33814314007759094,0.6713277697563171,0.2552705705165863,0.27557477355003357,0.6030834317207336,380.2392578125,0.5402274131774902,0.6824591159820557,0.20208099484443665,0.14065305888652802,78.77201843261719,0.35475441813468933,5.346988677978516,0.20666882395744324,0.4787209928035736,0.2234911024570465,0.2398335337638855,0.0,312.22265625,0.760777473449707,0.7828680276870728,0.3712400496006012,0.26878267526626587,64.19554901123047,0.3460400104522705,8.005708694458008,0.253333181142807,0.5887211561203003,0.3301001787185669,0.3301001787185669,0.0,236.8377227783203,0.8081481456756592,0.844454288482666,0.47481802105903625,0.299114853143692,23.120895385742188,0.3065749406814575,13.93163013458252,0.49900856614112854,0.837922990322113,0.36347272992134094,0.36347272992134094,0.0,420.45550537109375,0.5308473110198975,0.6715620756149292,0.2855938971042633,0.1674816608428955,99.68170166015625,0.32803991436958313,20.021690368652344,0.6612879633903503,1.2471044063568115
2019,2,30.755936059974395,106.9840946636906,5223.773,315.0,0.9274099469184875,-0.0,29.750301361083984,28.52175521850586,1.2926061153411865,6.582481384277344,34.055904388427734,0.27378737926483154,0.31991857290267944,0.0,398.8242492675781,0.5207534432411194,0.6354923844337463,0.4097810983657837,0.1211453378200531,76.35682678222656,0.4052387475967407,12.463257789611816,0.2834995985031128,0.7815436720848083,0.18367823958396912,0.2067958414554596,0.0,512.834716796875,0.20561839640140533,0.20561841130256653,-0.02029171586036682,0.03176804259419441,85.60157775878906,0.40195488929748535,7.223024368286133,0.21508558094501495,0.4396725296974182,0.21129417419433594,0.2618502378463745,0.0,374.5310974121094,0.23097027838230133,0.23097027838230133,-0.005279830191284418,0.04351479932665825,29.908533096313477,0.3732207119464874,9.603361129760742,0.32736119627952576,0.6295112371444702,0.2837296724319458,0.2837296724319458,0.0,234.4830780029297,0.5440571308135986,0.5440571308135986,0.4060277044773102,0.10996482521295547,74.74385833740234,0.40533968806266785,13.793122291564941,0.38495779037475586,0.851591944694519,0.41890257596969604,0.41890257596969604,0.0,432.5065612792969,0.4276374578475952,0.4919022023677826,0.09559925645589828,0.11329726129770279,105.1424789428711,0.39454612135887146,20.595550537109375,0.6039357781410217,1.1184451580047607
2019,2,29.248920431547617,105.43665728421435,5230.642,318.0,3.8534345626831055,164.0113067626953,35.99239730834961,28.52460289001465,1.2754123210906982,6.365198135375977,30.702991485595703,0.2672879099845886,0.2946182191371918,0.0,424.7723083496094,0.5564813017845154,0.5961173176765442,0.4408625662326813,0.10564477741718292,30.859216690063477,0.36503252387046814,13.274134635925293,0.3660769760608673,0.7569863796234131,0.20030122995376587,0.23224054276943207,0.0,586.8331298828125,0.2792690098285675,0.2792689800262451,0.1496022790670395,0.06255625933408737,66.25092315673828,0.35722616314888,8.265254974365234,0.2509908974170685,0.535912811756134,0.19677948951721191,0.22349442541599274,0.0,419.591552734375,0.40209925174713135,0.49768123030662537,0.1533188372850418,0.11567047238349915,48.27728271484375,0.34371867775917053,10.758757591247559,0.3181254267692566,0.5588242411613464,0.26805755496025085,0.26805755496025085,0.0,264.3318176269531,0.48335394263267517,0.48335394263267517,0.37299099564552307,0.10150477290153503,26.897558212280273,0.3367042541503906,15.548931121826172,0.518606960773468,0.9086112380027771,0.348423033952713,0.348423033952713,0.0,455.29608154296875,0.2735118269920349,0.2855567932128906,0.18045246601104736,0.0770355835556984,85.15044403076172,0.34905102849006653,21.680767059326172,0.7177749276161194,1.3613355159759521
2019,2,30.955360436387657,104.65997552182618,5231.621,444.0,7.2195940017700195,333.4462585449219,24.055036544799805,30.62140655517578,1.293239712715149,7.039867401123047,28.409746170043945,0.27853938937187195,0.2994508445262909,0.0,389.7342529296875,0.5465631484985352,0.564548671245575,0.4191649258136749,0.11489218473434448,29.635236740112305,0.34583351016044617,12.179195404052734,0.39498698711395264,0.8370776176452637,0.261555939912796,0.28967347741127014,0.0,451.5710144042969,0.30215293169021606,0.30215293169021606,0.044358450919389725,0.05299762636423111,71.36477661132812,0.3531566262245178,6.36015510559082,0.24887782335281372,0.5456640124320984,0.26837030053138733,0.2844037413597107,0.0,349.66815185546875,0.2634248733520508,0.3499999940395355,0.07947638630867004,0.04750196635723114,53.015113830566406,0.33940306305885315,8.965849876403809,0.3083460032939911,0.6152783632278442,0.32552942633628845,0.32552942633628845,0.0,249.59962463378906,0.27038848400115967,0.27038848400115967,0.04640815034508705,0.06675891578197479,12.504776954650879,0.2985822260379791,14.682331085205078,0.583903431892395,0.9468863606452942,0.4088422656059265,0.4088422656059265,0.0,438.22039794921875,0.6418331861495972,0.6418331861495972,0.4908495545387268,0.1817290186882019,82.00690460205078,0.3159027695655823,20.867637634277344,0.7645614743232727,1.4614543914794922
2019,2,29.752874655304907,105.11191433179503,5231.835,396.0,3.503817558288574,142.4795379638672,20.994169235229492,31.284502029418945,1.2832392454147339,6.999851703643799,33.767555236816406,0.2694433033466339,0.2954075336456299,0.0,420.4337463378906,0.5347118377685547,0.570967972278595,0.429656445980072,0.1076468899846077,29.254459381103516,0.3601813018321991,13.138554573059082,0.3892871141433716,0.8209661245346069,0.22006770968437195,0.25079968571662903,0.0,559.2205200195312,0.2904376983642578,0.2984732687473297,-0.058762118220329285,0.04920577257871628,63.520965576171875,0.3569225072860718,7.876345634460449,0.2582351565361023,0.5608835816383362,0.22181667387485504,0.24407118558883667,0.0,406.0509948730469,0.27234283089637756,0.30790406465530396,-0.027095388621091843,0.04789520800113678,46.92959213256836,0.34068596363067627,10.411563873291016,0.32486170530319214,0.5800908207893372,0.28675901889801025,0.28675901889801025,0.0,262.0943908691406,0.2756611704826355,0.27997103333473206,0.003698535030707717,0.04866863042116165,23.645526885986328,0.32829153537750244,15.417317390441895,0.5438418984413147,0.9409257769584656,0.35835790634155273,0.35835790634155273,0.0,452.8199768066406,0.30373042821884155,0.33155080676078796,0.005038129631429911,0.060739945620298386,92.18763732910156,0.3448489308357239,21.562854766845703,0.7365362048149109,1.3508964776992798
2019,2,30.413945304680365,103.64829021571934,5236.3706,477.0,0.9274099469184875,180.0,24.445613861083984,27.758771896362305,1.194733738899231,6.752974987030029,43.686885833740234,0.30081531405448914,0.3319397568702698,0.0,368.3002624511719,0.5724678635597229,0.5944681167602539,0.4346930980682373,0.12150555849075317,38.98556900024414,0.35601070523262024,11.509383201599121,0.3421157896518707,0.6815741658210754,0.2553458511829376,0.2759677469730377,0.559317409992218,388.08599853515625,0.34780868887901306,0.44511231780052185,-0.0074192858301103115,0.07409122586250305,78.50421905517578,0.3550053834915161,5.458122253417969,0.2092948704957962,0.4833017587661743,0.22495302557945251,0.24087518453598022,0.0,316.3211669921875,0.44494080543518066,0.6789718270301819,0.16132479906082153,0.11655253916978836,63.482303619384766,0.34603309631347656,8.110798835754395,0.2567591667175293,0.5898712277412415,0.329080730676651,0.329080730676651,0.0,238.23385620117188,0.7823872566223145,0.817206621170044,0.4023381173610687,0.3039800226688385,22.6207332611084,0.30708378553390503,14.013755798339844,0.5036744475364685,0.8431292772293091,0.36478346586227417,0.36478346586227417,0.0,422.35614013671875,0.7013639807701111,0.709618866443634,0.3576281666755676,0.2339613288640976,98.41898345947266,0.3278544247150421,20.112197875976562,0.6684257984161377,1.2588304281234741
2019,2,30.26761098540943,103.54507540363521,5249.5693,543.0,4.901546478271484,40.97032928466797,17.700275421142578,33.644798278808594,1.1732813119888306,6.7937846183776855,41.43535614013672,0.3018801808357239,0.3335419297218323,0.0,365.8043212890625,0.5838822722434998,0.6039129495620728,0.44318902492523193,0.1220468208193779,43.39802551269531,0.3664245009422302,11.431385040283203,0.3275134861469269,0.6526358127593994,0.253256231546402,0.2765527069568634,0.5443025827407837,382.5892639160156,0.571187436580658,0.6730474829673767,0.21358057856559753,0.12018158286809921,86.56694030761719,0.36479905247688293,5.38091516494751,0.20063304901123047,0.4599032700061798,0.21818789839744568,0.2333724945783615,0.0,312.1732482910156,0.5326012372970581,0.5633803009986877,0.14328992366790771,0.10630986839532852,67.36051940917969,0.35635173320770264,8.00444221496582,0.24497506022453308,0.5607507824897766,0.32725054025650024,0.32725054025650024,0.0,236.2108917236328,0.538777232170105,0.5424631834030151,0.07463735342025757,0.11736972630023956,24.60962677001953,0.3180604577064514,13.894759178161621,0.48432207107543945,0.8248015642166138,0.36010316014289856,0.36010316014289856,0.0,418.73626708984375,0.5115702152252197,0.5304296016693115,0.08617405593395233,0.09356619417667389,103.6168441772461,0.34007734060287476,19.939823150634766,0.6334841251373291,1.1851551532745361
2019,2,30.85942287722277,106.70974847137735,5261.245,359.0,2.1456997394561768,329.7809143066406,18.426013946533203,32.80455780029297,1.3039299249649048,6.477452754974365,27.694629669189453,0.2623376250267029,0.3044787347316742,0.0,399.1271667480469,0.5191351771354675,0.6262480616569519,0.4157004952430725,0.11352057754993439,72.52794647216797,0.4007413983345032,12.472723960876465,0.2910601794719696,0.7729021310806274,0.20610637962818146,0.22509442269802094,0.0,515.4945068359375,0.3989637494087219,0.39896371960639954,0.17824774980545044,0.07001814246177673,83.287841796875,0.3978945314884186,7.260486125946045,0.22254341840744019,0.45940208435058594,0.21456216275691986,0.26538968086242676,0.0,378.6981201171875,0.3208653926849365,0.4608103036880493,0.20902538299560547,0.06032795459032059,27.63716697692871,0.3662239611148834,9.710208892822266,0.33634960651397705,0.6369302868843079,0.28552258014678955,0.28552258014678955,0.0,236.2191925048828,0.5464103817939758,0.569361686706543,0.28947651386260986,0.14375634491443634,62.955604553222656,0.3949255347251892,13.895246505737305,0.40390726923942566,0.8920535445213318,0.41143134236335754,0.41143134236335754,0.0,434.3600769042969,0.6909713745117188,0.7130996584892273,0.3797801733016968,0.23927028477191925,112.74020385742188,0.38903510570526123,20.683813095092773,0.6175998449325562,1.1231019496917725
2019,2,29.198256125378357,105.20219775082415,5262.258,348.0,3.496757984161377,322.63079833984375,30.16640281677246,30.220409393310547,1.279992938041687,6.21398401260376,32.644344329833984,0.267351359128952,0.29542434215545654,0.0,422.8411865234375,0.5611209869384766,0.600338876247406,0.4377579092979431,0.10599449276924133,30.384170532226562,0.366761177778244,13.213787078857422,0.36562126874923706,0.7667699456214905,0.19995661079883575,0.2344571202993393,0.0,573.9050903320312,0.3951297998428345,0.48359689116477966,0.3035227358341217,0.08046552538871765,70.18856811523438,0.3607552647590637,8.083169937133789,0.24455998837947845,0.5177577137947083,0.19469505548477173,0.22096846997737885,0.0,412.1494140625,0.11583167314529419,0.11583166569471359,0.3384615480899811,0.01612376980483532,51.500003814697266,0.34935611486434937,10.567934036254883,0.3065258264541626,0.5449978113174438,0.26591429114341736,0.26591429114341736,0.0,263.70001220703125,0.14956404268741608,0.14956405758857727,0.2469988912343979,0.02563527598977089,25.12580108642578,0.3360387682914734,15.511765480041504,0.518099308013916,0.8927648663520813,0.3489556908607483,0.3489556908607483,0.0,453.8564453125,0.330772340297699,0.34030571579933167,0.21159106492996216,0.0523279532790184,82.96859741210938,0.3491118848323822,21.612211227416992,0.7109153270721436,1.347009301185608
2019,2,30.462723411104005,104.05145537836557,5264.609,467.0,9.088212013244629,144.0544891357422,19.896129608154297,31.40043067932129,1.2630430459976196,6.9844255447387695,42.54100036621094,0.2915500998497009,0.32194221019744873,0.0,387.6654968261719,0.5653491020202637,0.5903998613357544,0.428081214427948,0.11962862312793732,31.22103500366211,0.34493327140808105,12.114546775817871,0.38018327951431274,0.7701680064201355,0.2596093714237213,0.2792835533618927,0.30758610367774963,438.9871520996094,0.09665435552597046,0.14694800972938538,-0.07432032376527786,0.02401161752641201,69.48796081542969,0.3469228744506836,6.178585529327393,0.23338782787322998,0.5344024896621704,0.24145279824733734,0.2549528479576111,0.0,344.1790771484375,0.09172719717025757,0.10098017007112503,-0.11892099678516388,0.02084708772599697,55.41382598876953,0.3357394337654114,8.825103759765625,0.2888890206813812,0.6270776391029358,0.32609185576438904,0.32609185576438904,0.0,248.36965942382812,0.09033489227294922,0.09704898297786713,-0.13424208760261536,0.020138533785939217,17.547321319580078,0.2990325689315796,14.609980583190918,0.551140308380127,0.8928091526031494,0.3784181773662567,0.3784181773662567,0.0,437.1474609375,0.12022958695888519,0.1298561990261078,-0.1443432718515396,0.030610185116529465,85.64682006835938,0.3142627775669098,20.816545486450195,0.7464419007301331,1.402561902999878
2019,2,30.42337630340841,103.56232320650996,5270.352,491.0,0.0,-0.0,21.656078338623047,27.759178161621094,1.1997568607330322,6.685184001922607,39.25504684448242,0.30302324891090393,0.334301620721817,0.0,363.84832763671875,0.5732481479644775,0.5946451425552368,0.4353581666946411,0.12198738008737564,40.37794494628906,0.35737812519073486,11.370260238647461,0.3347015976905823,0.6634938716888428,0.25492626428604126,0.2754051089286804,0.621014416217804,376.1761474609375,0.3861438035964966,0.46477052569389343,0.026612231507897377,0.0791357234120369,79.79627990722656,0.35576558113098145,5.289508819580078,0.20451152324676514,0.4739688038825989,0.22201958298683167,0.2384897768497467,0.0,309.9531555175781,0.5686098337173462,0.6275777220726013,0.1866273134946823,0.1527867168188095,64.9576644897461,0.34723228216171265,7.947516441345215,0.25045424699783325,0.5847975015640259,0.33029064536094666,0.33029064536094666,0.0,235.99270629882812,0.5292776226997375,0.5292776226997375,0.3693925738334656,0.1325017362833023,23.576814651489258,0.3076212704181671,13.88192367553711,0.49468982219696045,0.8334819674491882,0.3623042404651642,0.3623042404651642,0.0,419.20001220703125,0.4627320468425751,0.6267837285995483,0.358965665102005,0.12889526784420013,100.84455108642578,0.32954466342926025,19.96190643310547,0.6540620923042297,1.2333825826644897
2019,2,29.230593526217948,105.14048379224445,5278.891,337.0,1.8543341159820557,-0.0,29.53547477722168,25.068422317504883,1.2665730714797974,6.207960605621338,28.66961097717285,0.2670768201351166,0.2948332726955414,0.0,422.3334655761719,0.556961178779602,0.5960504412651062,0.43599045276641846,0.1058107390999794,30.16041374206543,0.36705338954925537,13.197920799255371,0.36742138862609863,0.7737788558006287,0.20057342946529388,0.2358287274837494,0.0,570.4154663085938,0.3941449820995331,0.4839226305484772,0.3025418519973755,0.08112672716379166,70.18795013427734,0.3614499270915985,8.03402042388916,0.24441291391849518,0.5174267292022705,0.19626767933368683,0.22244343161582947,0.0,410.27899169921875,0.4350042939186096,0.47288504242897034,0.3438376486301422,0.11147549748420715,51.8919677734375,0.350222647190094,10.519974708557129,0.30575066804885864,0.5439522862434387,0.266613632440567,0.266613632440567,0.0,263.41571044921875,0.4539877474308014,0.453987717628479,0.3007684051990509,0.10759510099887848,25.003005981445312,0.3364357650279999,15.495041847229004,0.5194051861763,0.8938767910003662,0.3486670255661011,0.3486670255661011,0.0,453.31732177734375,0.414777934551239,0.4686489999294281,0.12873901426792145,0.09331723302602768,84.18031311035156,0.3500542640686035,21.586538314819336,0.7096183896064758,1.3395917415618896
2019,2,30.326631646952837,103.91509160905017,5279.7964,476.0,5.649356842041016,190.92868041992188,21.899730682373047,32.60509490966797,1.2104926109313965,7.199999809265137,46.53017807006836,0.29319101572036743,0.3237204849720001,0.0,382.9493408203125,0.5704823136329651,0.5945398211479187,0.4341367483139038,0.11954649537801743,35.190147399902344,0.3543388247489929,11.967166900634766,0.36312174797058105,0.7356168627738953,0.25437039136886597,0.276402086019516,0.35391366481781006,427.96673583984375,0.2555205225944519,0.2555204927921295,0.18201103806495667,0.03559400886297226,75.77252960205078,0.3549939692020416,6.0227155685424805,0.223148375749588,0.507632315158844,0.23183511197566986,0.24638882279396057,0.0,337.2914733886719,0.21311704814434052,0.21939954161643982,0.153761625289917,0.02835896983742714,59.5577392578125,0.3448505103588104,8.648499488830566,0.2746898829936981,0.5974096655845642,0.32319071888923645,0.32319071888923645,0.0,245.4089813232422,0.5363778471946716,0.5363778471946716,0.37743040919303894,0.13007193803787231,20.078001022338867,0.30849090218544006,14.435821533203125,0.5280776619911194,0.8700297474861145,0.37060272693634033,0.37060272693634033,0.0,432.10052490234375,0.19238096475601196,0.19238094985485077,0.036423854529857635,0.02408609725534916,91.7882308959961,0.3259025812149048,20.576215744018555,0.7062605619430542,1.323343276977539
2019,2,29.354832999769062,105.1256617403428,5281.076,355.0,2.8209102153778076,311.07537841796875,28.839275360107422,30.91120147705078,1.276587963104248,6.475956439971924,30.324893951416016,0.2663159966468811,0.29264363646507263,0.0,422.5013427734375,0.5424028635025024,0.5815044641494751,0.43398624658584595,0.10504840314388275,29.73872184753418,0.3667076528072357,13.203166961669922,0.3731182813644409,0.7867891192436218,0.20244930684566498,0.23754289746284485,0.0,569.9573364257812,0.3872435688972473,0.4814850986003876,0.3015798032283783,0.0828370451927185,67.34878540039062,0.360993355512619,8.027567863464355,0.248549684882164,0.5287940502166748,0.20204363763332367,0.22833102941513062,0.0,410.3768005371094,0.2688635587692261,0.2688635587692261,0.14444445073604584,0.05538589134812355,50.810306549072266,0.3488788604736328,10.522481918334961,0.3114430904388428,0.5501996278762817,0.27018409967422485,0.27018409967422485,0.0,263.2165222167969,0.3981873095035553,0.3981873095035553,0.12411949783563614,0.09214054048061371,25.688562393188477,0.3377448320388794,15.483325004577637,0.5239447951316833,0.9070693850517273,0.34748318791389465,0.34748318791389465,0.0,453.00628662109375,0.5270302295684814,0.5531848073005676,0.13155539333820343,0.13284417986869812,88.64158630371094,0.3522225618362427,21.571727752685547,0.711698591709137,1.3321597576141357
2019,2,29.418165612031153,105.14964724490929,5281.076,381.0,1.4118095636367798,311.0577087402344,28.379430770874023,29.10493278503418,1.2799999713897705,6.504981994628906,31.04914093017578,0.2659463882446289,0.2915358543395996,0.0,422.75177001953125,0.535088300704956,0.5742253065109253,0.43324336409568787,0.1046578511595726,29.64027976989746,0.3663228452205658,13.210992813110352,0.37568262219429016,0.7914520502090454,0.20337393879890442,0.23820924758911133,0.0,571.2778930664062,0.38355785608291626,0.4800344705581665,0.30125248432159424,0.08365824073553085,65.58688354492188,0.3603285849094391,8.046167373657227,0.2512224316596985,0.5363481640815735,0.2049628645181656,0.23133498430252075,0.0,411.3092041015625,0.19160646200180054,0.19160646200180054,0.1287064105272293,0.03318623825907707,49.895896911621094,0.34751808643341064,10.546390533447266,0.31555041670799255,0.5549043416976929,0.2720489501953125,0.2720489501953125,0.0,263.1612854003906,0.25066137313842773,0.25066137313842773,0.12192226946353912,0.04740006476640701,26.27927017211914,0.33849895000457764,15.480074882507324,0.5259348154067993,0.9153358340263367,0.34687742590904236,0.34687742590904236,0.0,452.9901123046875,0.1472003012895584,0.23501361906528473,-0.05434858053922653,0.0245880838483572,91.0752944946289,0.3533228933811188,21.57095718383789,0.7132476568222046,1.3296300172805786
2019,2,30.81845711584476,106.78952178922349,5301.4033,367.0,0.0,-0.0,25.258373260498047,29.607994079589844,1.2867980003356934,6.403005123138428,29.203977584838867,0.2653837502002716,0.3092702627182007,0.0,399.22637939453125,0.5181397795677185,0.6290420293807983,0.4129423201084137,0.11571652442216873,73.72968292236328,0.40253400802612305,12.475824356079102,0.288409024477005,0.7743732333183289,0.19918130338191986,0.21949021518230438,0.0,515.3596801757812,0.34798663854599,0.3707430362701416,-0.01950412057340145,0.06208375468850136,83.88379669189453,0.3994617164134979,7.258586883544922,0.22019118070602417,0.4527696371078491,0.2132197767496109,0.2635229825973511,0.0,377.7279968261719,0.2667767405509949,0.2865583598613739,-0.02933761104941368,0.050584979355335236,28.377979278564453,0.3688153624534607,9.685333251953125,0.3333805501461029,0.6354740858078003,0.28483444452285767,0.28483444452285767,0.0,235.7618408203125,0.3716558516025543,0.37165582180023193,0.07326734811067581,0.0705031156539917,66.71283721923828,0.3988172709941864,13.868343353271484,0.397493839263916,0.8788459897041321,0.41321858763694763,0.41321858763694763,0.0,433.89599609375,0.5314959287643433,0.5333333611488342,0.09292354434728622,0.14673089981079102,110.28520965576172,0.39115288853645325,20.661714553833008,0.6131845712661743,1.1228715181350708
2019,2,30.391845999859484,103.51893169415887,5302.542,493.0,3.704791784286499,-0.0,19.824270248413086,27.856101989746094,1.1984317302703857,6.599999904632568,37.429019927978516,0.3037741780281067,0.33521443605422974,0.0,362.26092529296875,0.576098620891571,0.5968964099884033,0.437484472990036,0.12222735583782196,41.718379974365234,0.3600986897945404,11.320653915405273,0.329644113779068,0.6526944637298584,0.2543691098690033,0.2754329741001129,0.6313862800598145,372.19866943359375,0.5768251419067383,0.7816666960716248,0.2615543305873871,0.20783394575119019,81.96308898925781,0.35820794105529785,5.233341693878174,0.20142337679862976,0.4664488434791565,0.219803586602211,0.23621848225593567,0.0,307.546630859375,0.261336088180542,0.261336088180542,-0.034701988101005554,0.04761543497443199,66.18950653076172,0.3498934209346771,7.885810852050781,0.24630148708820343,0.5769237875938416,0.33015546202659607,0.33015546202659607,0.0,235.01588439941406,0.3270893394947052,0.3270893394947052,0.00518418475985527,0.06024985760450363,24.25188636779785,0.3102833032608032,13.824463844299316,0.4881843030452728,0.8270644545555115,0.36067506670951843,0.36067506670951843,0.0,417.64752197265625,0.2999696731567383,0.2999696731567383,0.22702549397945404,0.06428350508213043,102.59507751464844,0.3327535390853882,19.887977600097656,0.6427352428436279,1.210579514503479
2019,2,30.383494103586383,103.48794094183741,5302.542,497.0,0.9274099469184875,-0.0,23.025402069091797,28.591310501098633,1.2274646759033203,6.730095386505127,40.80640411376953,0.30273276567459106,0.33417242765426636,0.1888434737920761,358.19110107421875,0.5762390494346619,0.5967386960983276,0.4369087815284729,0.12192019820213318,42.591697692871094,0.3614443838596344,11.187570571899414,0.32530054450035095,0.6447322368621826,0.25306087732315063,0.274184912443161,2.988837480545044,365.9541931152344,0.31786036491394043,0.4465968608856201,0.09275820106267929,0.08030714839696884,82.7137451171875,0.3593120872974396,5.11218786239624,0.1991928368806839,0.4612390995025635,0.21801641583442688,0.23431971669197083,0.3894992172718048,303.0375671386719,0.28035980463027954,0.28035983443260193,0.0035252482630312443,0.05985681712627411,66.88155364990234,0.35117048025131226,7.760207176208496,0.24317769706249237,0.5715227127075195,0.32857659459114075,0.32857659459114075,0.01443480234593153,232.61526489257812,0.19129440188407898,0.19129438698291779,-0.03547413647174835,0.03978923708200455,24.87885284423828,0.31215083599090576,13.682401657104492,0.48185867071151733,0.8201130032539368,0.35853347182273865,0.35853347182273865,0.0,414.6612854003906,0.23034174740314484,0.23034176230430603,-0.03128419816493988,0.05099765956401825,103.27337646484375,0.3345966041088104,19.74577522277832,0.6334478259086609,1.194084882736206
2019,2,30.35546419436442,103.52809514682369,5310.349,537.0,4.6273674964904785,180.0,20.77227020263672,27.21393585205078,1.180009126663208,6.665409088134766,40.274208068847656,0.30318522453308105,0.3346920311450958,0.0,363.3790283203125,0.5784218907356262,0.5989943146705627,0.43916356563568115,0.12217441201210022,42.193241119384766,0.3619343638420105,11.355594635009766,0.3291516900062561,0.6529874801635742,0.25408291816711426,0.27580296993255615,0.6045030951499939,375.4512939453125,0.42370855808258057,0.46315789222717285,0.0717499777674675,0.08849693834781647,83.3056869506836,0.36013680696487427,5.279531955718994,0.20127594470977783,0.46470531821250916,0.21940280497074127,0.23543290793895721,0.0,309.0126647949219,0.49113425612449646,0.49113425612449646,0.1308431178331375,0.13010145723819733,66.50761413574219,0.35177212953567505,7.923401355743408,0.2460276037454605,0.5722847580909729,0.3293026089668274,0.3293026089668274,0.0,235.40524291992188,0.45382264256477356,0.45382264256477356,0.06544150412082672,0.10787364095449448,24.337270736694336,0.31255897879600525,13.847367286682129,0.48722177743911743,0.8265851140022278,0.36057519912719727,0.36057519912719727,0.0,418.0237121582031,0.41776740550994873,0.41776740550994873,0.07291258126497269,0.11434293538331985,102.84942626953125,0.3348713219165802,19.90589141845703,0.6402922868728638,1.2035788297653198
2019,2,30.3856478493952,103.97276116297438,5315.166,449.0,5.438905239105225,80.21122741699219,19.3968563079834,33.908382415771484,1.2400000095367432,7.199999809265137,42.55934524536133,0.29248639941215515,0.3229239583015442,0.0,384.8935546875,0.5677971839904785,0.5923655033111572,0.43134671449661255,0.11952514946460724,33.428585052490234,0.35020697116851807,12.027923583984375,0.3703959584236145,0.750362753868103,0.25638681650161743,0.27738791704177856,0.33741194009780884,432.5154113769531,0.4277534484863281,0.5735433101654053,0.20529280602931976,0.09023592621088028,72.9212646484375,0.351392537355423,6.0870137214660645,0.2275131493806839,0.5190354585647583,0.2358003705739975,0.2500258684158325,0.0,340.1658020019531,0.29057300090789795,0.5054131150245667,0.15050305426120758,0.04418579488992691,57.77275466918945,0.34083330631256104,8.722200393676758,0.2807188332080841,0.6101788282394409,0.32432839274406433,0.32432839274406433,0.0,246.65240478515625,0.22029441595077515,0.2432643473148346,0.07379793375730515,0.04040735587477684,19.015233993530273,0.30431511998176575,14.508965492248535,0.5378603935241699,0.8796491026878357,0.37376564741134644,0.37376564741134644,0.0,434.2194519042969,0.3723244071006775,0.4827369749546051,0.09607461839914322,0.0899830013513565,89.17916107177734,0.3208391070365906,20.67711639404297,0.7233701944351196,1.3573756217956543
2019,2,29.986527091404415,105.51292574863247,5316.8657,295.0,4.748579025268555,193.00222778320312,27.962886810302734,29.743743896484375,1.2494584321975708,7.060670375823975,34.958839416503906,0.2727808654308319,0.30037519335746765,0.0,419.734130859375,0.5423058867454529,0.577201783657074,0.4270849823951721,0.11078902333974838,32.54328536987305,0.35631945729255676,13.116691589355469,0.3924662172794342,0.8287715911865234,0.23371751606464386,0.2607927918434143,0.0,567.49609375,0.5395442247390747,0.5395442247390747,0.13208477199077606,0.12393330782651901,61.86082077026367,0.35367321968078613,7.992902755737305,0.26919496059417725,0.595364511013031,0.23347115516662598,0.25213131308555603,0.0,411.64837646484375,0.5196588039398193,0.557417094707489,0.1169208213686943,0.10952659696340561,39.8776969909668,0.3293919861316681,10.555086135864258,0.34475043416023254,0.6054111123085022,0.2980707287788391,0.2980707287788391,0.0,260.8052062988281,0.5750988125801086,0.5750988125801086,0.19999998807907104,0.1375061273574829,24.589168548583984,0.3217228651046753,15.341483116149902,0.5470226407051086,0.9826159477233887,0.36997705698013306,0.36997705698013306,0.0,452.92669677734375,0.5385069251060486,0.547191321849823,0.20694442093372345,0.14038874208927155,97.75801849365234,0.34222009778022766,21.56793785095215,0.7465129494667053,1.3342279195785522
2019,2,29.71783949832798,105.10032958725819,5320.855,379.0,7.656455993652344,103.93570709228516,20.920494079589844,32.95402145385742,1.2790498733520508,7.107797145843506,28.086002349853516,0.26888975501060486,0.29467183351516724,0.0,420.7273864746094,0.5334418416023254,0.5700991153717041,0.4299777150154114,0.10716314613819122,29.181285858154297,0.3610544800758362,13.147730827331543,0.38812047243118286,0.8188070058822632,0.2179236114025116,0.24920563399791718,0.0,560.1676635742188,0.4021203815937042,0.48945945501327515,0.3184848129749298,0.08884808421134949,63.65151596069336,0.3574995696544647,7.88968563079834,0.257381796836853,0.5576826930046082,0.22000540792942047,0.24284148216247559,0.0,406.4017639160156,0.3793981671333313,0.4950672686100006,0.03897984325885773,0.06764565408229828,47.42250442504883,0.3418130874633789,10.420557975769043,0.32351019978523254,0.5765954852104187,0.2850458323955536,0.2850458323955536,0.0,262.23114013671875,0.4780731499195099,0.4797135889530182,0.08851849287748337,0.10390862077474594,23.935943603515625,0.3297361731529236,15.425360679626465,0.5420452356338501,0.937650203704834,0.3566587567329407,0.3566587567329407,0.0,452.7916564941406,0.6351404190063477,0.695852518081665,0.14919741451740265,0.18117347359657288,92.24668884277344,0.34609732031822205,21.561508178710938,0.7335696816444397,1.3478076457977295
2019,2,29.736705954885107,105.12835503737908,5320.855,367.0,3.503612756729126,322.4839172363281,21.121376037597656,31.26300811767578,1.2712078094482422,6.900000095367432,27.821256637573242,0.26919206976890564,0.29507365822792053,0.0,420.6357727050781,0.5341354608535767,0.570573627948761,0.4298022389411926,0.10742734372615814,29.35141944885254,0.36053240299224854,13.144867897033691,0.38848865032196045,0.8190528750419617,0.21909461915493011,0.2500762343406677,0.0,560.6253662109375,0.38018959760665894,0.38018959760665894,0.15449821949005127,0.08025801926851273,63.44984436035156,0.3570159077644348,7.89613151550293,0.25821757316589355,0.560579776763916,0.22099463641643524,0.2435130923986435,0.0,406.7601013183594,0.35287439823150635,0.47141143679618835,0.17406904697418213,0.0673777163028717,46.899620056152344,0.34079521894454956,10.4297456741333,0.32505229115486145,0.5791831612586975,0.2859814763069153,0.2859814763069153,0.0,262.1477355957031,0.33160287141799927,0.3316028416156769,0.1149144321680069,0.06804490834474564,23.9621639251709,0.3290720283985138,15.420454978942871,0.5426315665245056,0.9407676458358765,0.35758674144744873,0.35758674144744873,0.0,452.83770751953125,0.47994908690452576,0.5353356599807739,0.13003899157047272,0.11158816516399384,92.50524139404297,0.3456152081489563,21.56369972229004,0.7350189089775085,1.348464012145996
2019,2,29.27371303340477,105.43019158768683,5325.381,324.0,3.853504180908203,15.992325782775879,36.52519226074219,26.143627166748047,1.2688119411468506,6.515671253204346,30.18269157409668,0.267101913690567,0.294174462556839,0.0,424.6053466796875,0.5534252524375916,0.5930030941963196,0.4398924708366394,0.10550042241811752,30.83484649658203,0.3649861514568329,13.268917083740234,0.36703193187713623,0.7598184943199158,0.20073217153549194,0.23300586640834808,0.0,586.1885375976562,0.38884255290031433,0.4795756936073303,0.3049015998840332,0.08090846240520477,65.83518981933594,0.35719797015190125,8.256175994873047,0.2516183853149414,0.5379490256309509,0.19795621931552887,0.22463500499725342,0.0,419.3104553222656,0.2737528085708618,0.33552873134613037,0.09339307248592377,0.049493540078401566,48.1064453125,0.34350743889808655,10.751550674438477,0.31909871101379395,0.5599925518035889,0.2686595022678375,0.2686595022678375,0.0,264.17877197265625,0.48392072319984436,0.48392072319984436,0.37297219038009644,0.10180483013391495,27.111560821533203,0.3371146619319916,15.53992748260498,0.5192079544067383,0.9114528894424438,0.3481973111629486,0.3481973111629486,0.0,455.0737609863281,0.11547749489545822,0.16120576858520508,0.2705531120300293,0.015472508035600185,86.27761840820312,0.34975600242614746,21.67017936706543,0.7174476981163025,1.357383131980896
2019,2,30.97718773604428,104.09511443677987,5326.595,518.0,2.847557306289673,49.391056060791016,24.49559211730957,25.19706153869629,1.1799999475479126,6.699999809265137,41.65681838989258,0.26500317454338074,0.28793230652809143,0.8973430395126343,326.65521240234375,0.5370433330535889,0.5535628199577332,0.4128572344779968,0.1112605482339859,42.089378356933594,0.3590792417526245,10.179932594299316,0.3318973779678345,0.6972517967224121,0.2403104603290558,0.2643500566482544,31.90384292602539,342.1363830566406,0.2556079030036926,0.37710168957710266,0.07169930636882782,0.04904647544026375,78.22415924072266,0.3592204451560974,4.369472503662109,0.2109578549861908,0.4720798432826996,0.2401551455259323,0.25105151534080505,4.6566338539123535,273.6173095703125,0.36798515915870667,0.516694962978363,0.10192588716745377,0.09105578809976578,68.03193664550781,0.352376788854599,6.896427631378174,0.25211894512176514,0.5420783162117004,0.31091898679733276,0.31091898679733276,0.0,213.40203857421875,0.5003888010978699,0.6839901208877563,0.13288024067878723,0.18866117298603058,23.801069259643555,0.3201098144054413,12.553061485290527,0.48403650522232056,0.8112767934799194,0.3796592354774475,0.3796592354774475,0.0,395.5406799316406,0.32226428389549255,0.4201618731021881,-0.03424561023712158,0.08359164744615555,92.79426574707031,0.33354806900024414,18.835269927978516,0.6374296545982361,1.2438368797302246
2019,2,29.262395834931123,105.11541918522305,5329.3174,352.0,4.6273674964904785,180.0,30.0,28.763689041137695,1.2699999809265137,6.300000190734863,32.14225769042969,0.266857385635376,0.2942611873149872,0.0,422.2029113769531,0.5530887842178345,0.5921418070793152,0.435100257396698,0.10561814904212952,29.99831771850586,0.36710453033447266,13.193840980529785,0.36904290318489075,0.7784644961357117,0.2010965496301651,0.2365482598543167,0.0,569.11962890625,0.22009781002998352,0.22009782493114471,0.12183155119419098,0.030197419226169586,69.70791625976562,0.36162832379341125,8.015769958496094,0.2450527846813202,0.5191593170166016,0.1977808028459549,0.22394751012325287,0.0,409.6400451660156,0.28266358375549316,0.3320358097553253,0.06940478831529617,0.05122155696153641,51.85923385620117,0.3503250777721405,10.503591537475586,0.3063962459564209,0.5445702075958252,0.2674674391746521,0.2674674391746521,0.0,263.2958984375,0.2747696042060852,0.2747695744037628,0.102366141974926,0.0608065165579319,25.05311393737793,0.3367694616317749,15.487995147705078,0.5206760764122009,0.896370530128479,0.34836694598197937,0.34836694598197937,0.0,453.0914611816406,0.2935589849948883,0.3440225124359131,0.09288819879293442,0.06872128695249557,85.31063079833984,0.3507102131843567,21.57578468322754,0.709588348865509,1.336025357246399
2019,2,29.317104545755857,105.1140725367049,5329.3174,360.0,4.346482753753662,282.2969970703125,26.569923400878906,27.969846725463867,1.2681390047073364,6.300000190734863,31.806819915771484,0.2665320932865143,0.29330217838287354,0.0,422.33642578125,0.5467389225959778,0.585812509059906,0.4343629777431488,0.10528174042701721,29.819116592407227,0.3669187128543854,13.198013305664062,0.3715283274650574,0.7838519215583801,0.2019054889678955,0.23719488084316254,0.0,569.2412719726562,0.3894810378551483,0.48239949345588684,0.3017362058162689,0.0823594331741333,68.38893127441406,0.3613545000553131,8.01748275756836,0.24698582291603088,0.5244449973106384,0.20030899345874786,0.2265392541885376,0.0,409.8638610839844,0.3214293122291565,0.35595521330833435,0.09801211208105087,0.06882637739181519,51.32406234741211,0.3496277630329132,10.509329795837402,0.30909809470176697,0.5475456714630127,0.26906153559684753,0.26906153559684753,0.0,263.2355041503906,0.4515126049518585,0.45151257514953613,0.15734897553920746,0.11590328812599182,25.37485694885254,0.33732983469963074,15.484441757202148,0.5226777791976929,0.9023468494415283,0.3478449285030365,0.3478449285030365,0.0,453.00421142578125,0.34859389066696167,0.3547995090484619,0.05485844984650612,0.08016739040613174,87.24972534179688,0.35161250829696655,21.571630477905273,0.7107056379318237,1.3333877325057983
2019,2,30.39508330722429,103.62538381360778,5329.443,476.0,0.9274099469184875,-0.0,25.029043197631836,27.42643165588379,1.1906087398529053,6.724155902862549,37.99350357055664,0.3011818528175354,0.33238282799720764,0.0,367.4859619140625,0.5739181041717529,0.5956212878227234,0.4358397126197815,0.1216074600815773,39.70121383666992,0.35752058029174805,11.483936309814453,0.3393799364566803,0.6758147478103638,0.254940390586853,0.2759021520614624,0.5647051930427551,386.07818603515625,0.3497191071510315,0.393606036901474,0.0346718467772007,0.06796736270189285,79.6686782836914,0.3563554584980011,5.42976713180542,0.20763267576694489,0.47917211055755615,0.22368718683719635,0.2396085411310196,0.0,315.08978271484375,0.2879832088947296,0.3147030770778656,0.003502222476527095,0.06188759207725525,64.15229034423828,0.3475090265274048,8.079225540161133,0.25450971722602844,0.5854424834251404,0.3289184272289276,0.3289184272289276,0.0,237.72503662109375,0.2877781093120575,0.32879549264907837,0.0679023414850235,0.06361914426088333,22.993804931640625,0.30857834219932556,13.98382568359375,0.500115692615509,0.8396271467208862,0.3638347089290619,0.3638347089290619,0.0,421.5325012207031,0.30438143014907837,0.357359379529953,0.04950552061200142,0.0595686212182045,99.37460327148438,0.32965052127838135,20.07297706604004,0.6622133851051331,1.2463315725326538
2019,2,30.2581799866814,103.57875945299295,5352.4097,491.0,2.979785919189453,201.10203552246094,19.776124954223633,30.360231399536133,1.183003306388855,6.83040189743042,40.808067321777344,0.30092617869377136,0.332500159740448,0.0,367.6178283691406,0.5834013223648071,0.6037279367446899,0.4429936707019806,0.12178313732147217,42.87385177612305,0.36610251665115356,11.488057136535645,0.33022549748420715,0.6595526933670044,0.2530858814716339,0.2765292227268219,0.5199463367462158,387.5260009765625,0.564440131187439,0.6165103316307068,0.16352544724941254,0.12042757868766785,86.11630249023438,0.3646758496761322,5.450789451599121,0.20241409540176392,0.463090181350708,0.21905070543289185,0.23410767316818237,0.0,314.7835388183594,0.5708068013191223,0.5861586928367615,0.12571975588798523,0.13391126692295074,66.83971405029297,0.3560877740383148,8.071372985839844,0.24727745354175568,0.5619397163391113,0.3265048563480377,0.3265048563480377,0.0,237.1092987060547,0.49305999279022217,0.5650075674057007,0.02130061201751232,0.11282394081354141,24.2845401763916,0.3181092143058777,13.947606086730957,0.48747560381889343,0.8282439708709717,0.36080843210220337,0.36080843210220337,0.0,419.96075439453125,0.48880597949028015,0.48880597949028015,0.01894019916653633,0.1170201525092125,102.75914001464844,0.33971333503723145,19.998132705688477,0.6384273171424866,1.193778395652771
2019,2,30.307497644332503,103.67092907176767,5355.5557,463.0,2.8362720012664795,229.1949920654297,25.307931900024414,29.36374855041504,1.2028319835662842,6.5,40.23467254638672,0.2991097569465637,0.33032307028770447,0.0,371.2608642578125,0.5777434706687927,0.5993499159812927,0.43903982639312744,0.12116645276546478,40.2243537902832,0.3611598014831543,11.60190200805664,0.34034934639930725,0.6818154454231262,0.2537044286727905,0.2762063443660736,0.49220290780067444,396.8915710449219,0.5825003981590271,0.7472665905952454,0.24207139015197754,0.21418693661689758,81.99030303955078,0.3602760434150696,5.583089828491211,0.20866475999355316,0.47766000032424927,0.22315865755081177,0.23836927115917206,0.0,320.2705993652344,0.43054527044296265,0.6408735513687134,0.06737850606441498,0.12481507658958435,64.43218994140625,0.3512668311595917,8.212066650390625,0.2556055784225464,0.576137125492096,0.3262113630771637,0.3262113630771637,0.0,239.25344848632812,0.23988904058933258,0.2647058963775635,-0.026545891538262367,0.05572621524333954,22.97132110595703,0.3134499788284302,14.073732376098633,0.5002569556236267,0.8409907221794128,0.36379274725914,0.36379274725914,0.0,423.2518615722656,0.1849513202905655,0.21291053295135498,-0.06846436113119125,0.04378984495997429,99.31031799316406,0.3339385390281677,20.15485191345215,0.6604461073875427,1.2376899719238281
2019,2,30.585076684909506,104.11101559113646,5357.028,485.0,2.344594955444336,293.288818359375,21.260223388671875,30.441734313964844,1.2799999713897705,6.800000190734863,51.92874526977539,0.2861325442790985,0.31516149640083313,0.15398678183555603,379.1929931640625,0.5596051216125488,0.583353579044342,0.42405039072036743,0.11817612498998642,31.95433235168457,0.3449939787387848,11.844968795776367,0.3774263560771942,0.7695960998535156,0.2579840123653412,0.2779647409915924,5.701000690460205,427.30096435546875,0.20248447358608246,0.256135493516922,-0.040147896856069565,0.03920099511742592,69.48204803466797,0.3471860885620117,5.938027858734131,0.2329336702823639,0.5318208932876587,0.24451065063476562,0.25703123211860657,0.7990924119949341,334.91717529296875,0.19211483001708984,0.24070857465267181,-0.03719595819711685,0.040531180799007416,56.34069061279297,0.33638203144073486,8.567130088806152,0.28725385665893555,0.6203413605690002,0.3241552710533142,0.3241552710533142,0.0,243.50250244140625,0.33471232652664185,0.3554285764694214,0.04563598334789276,0.07878147065639496,17.774805068969727,0.30043521523475647,14.323676109313965,0.5471028685569763,0.8864322900772095,0.38143256306648254,0.38143256306648254,0.0,431.8246154785156,0.3515496253967285,0.38726872205734253,0.01850295439362526,0.08280027657747269,84.88864135742188,0.31455838680267334,20.563077926635742,0.7402011752128601,1.3993126153945923
2019,2,29.365343100952035,105.15692003872745,5357.0527,362.0,2.976372241973877,200.93077087402344,25.962858200073242,31.104591369628906,1.2828811407089233,6.2661919593811035,32.65267562866211,0.26627153158187866,0.2924656271934509,0.0,422.695556640625,0.5412770509719849,0.5804128646850586,0.43413177132606506,0.10498087853193283,29.818927764892578,0.3664630949497223,13.209236145019531,0.37326642870903015,0.7858685851097107,0.20257404446601868,0.2374536544084549,0.0,571.54150390625,0.11750000715255737,0.11749999970197678,0.008460241369903088,0.02100900188088417,66.77558135986328,0.360507994890213,8.049880027770996,0.24949194490909576,0.5315814018249512,0.20250986516475677,0.2288384735584259,0.0,411.3062744140625,0.19935272634029388,0.19935275614261627,-0.03964759781956673,0.036940060555934906,50.343299865722656,0.3480682075023651,10.54631519317627,0.3131740689277649,0.5522959232330322,0.27054092288017273,0.27054092288017273,0.0,263.25311279296875,0.36642879247665405,0.36642879247665405,0.01897270232439041,0.08068761974573135,25.990257263183594,0.3379375636577606,15.485477447509766,0.5240167379379272,0.9097650647163391,0.3473791778087616,0.3473791778087616,0.0,453.1343994140625,0.2930361032485962,0.31274130940437317,0.12914586067199707,0.055488068610429764,89.17332458496094,0.3523878753185272,21.57782745361328,0.712417483329773,1.3329493999481201
2019,2,29.490929223021276,105.17093499333843,5374.285,343.0,9.716111183166504,340.983154296875,27.990463256835938,28.492155075073242,1.2727299928665161,6.922075271606445,28.933223724365234,0.2655051350593567,0.29025739431381226,0.0,422.9371032714844,0.5265978574752808,0.565747857093811,0.43212610483169556,0.10421178489923477,29.531625747680664,0.36592158675193787,13.216784477233887,0.37861669063568115,0.797217071056366,0.20446445047855377,0.2391708642244339,0.0,572.3406982421875,0.37949031591415405,0.47856876254081726,0.3007219135761261,0.0846482515335083,63.66706848144531,0.35965579748153687,8.061136245727539,0.2541328966617584,0.5446738004684448,0.2083347588777542,0.234777569770813,0.0,412.1279296875,0.2185758352279663,0.2185758501291275,0.029019590467214584,0.043015722185373306,48.918174743652344,0.34608057141304016,10.5673828125,0.32002413272857666,0.5600482821464539,0.27414509654045105,0.27414509654045105,0.0,263.0469665527344,0.4104701578617096,0.4104701578617096,-0.0018876735121011734,0.08681444078683853,26.95058250427246,0.3394101560115814,15.473350524902344,0.5281583666801453,0.9246845245361328,0.3461848795413971,0.3461848795413971,0.0,452.8876647949219,0.5240945816040039,0.548287570476532,0.018675711005926132,0.1334344744682312,93.94117736816406,0.35469406843185425,21.566078186035156,0.714668333530426,1.3255743980407715
2019,2,29.98518044288628,105.16716259384722,5375.0493,402.0,8.745722770690918,58.25569534301758,12.861812591552734,34.65125274658203,1.284441351890564,7.410102367401123,31.85315704345703,0.27311795949935913,0.30029159784317017,0.0,418.4715576171875,0.5431426167488098,0.57673579454422,0.42752379179000854,0.11085818707942963,29.685632705688477,0.35472729802131653,13.07723617553711,0.3973967134952545,0.8374150991439819,0.23430122435092926,0.2613818049430847,0.0,552.0735473632812,0.35559263825416565,0.35559266805648804,0.09997289627790451,0.07218530029058456,62.93632125854492,0.3536338210105896,7.775683403015137,0.2635953426361084,0.580776035785675,0.23384074866771698,0.2522345185279846,0.0,403.2109680175781,0.4312097132205963,0.443403035402298,0.11587411165237427,0.08972221612930298,43.90066146850586,0.33382076025009155,10.33874225616455,0.332952082157135,0.6013854146003723,0.2981318533420563,0.2981318533420563,0.0,261.1881408691406,0.5150179266929626,0.5150179266929626,0.18160325288772583,0.14157842099666595,21.476322174072266,0.3185984492301941,15.364008903503418,0.5559832453727722,0.9616767168045044,0.36963772773742676,0.36963772773742676,0.0,452.92803955078125,0.2797125577926636,0.2808988690376282,0.029346374794840813,0.061315372586250305,91.75749969482422,0.3366747498512268,21.56800079345703,0.7555897831916809,1.3692245483398438
2019,2,29.85097041937966,105.07553252629998,5380.5205,396.0,9.811824798583984,229.06410217285156,18.549409866333008,33.29853439331055,1.2989983558654785,7.099040508270264,33.55086898803711,0.2709932029247284,0.29746755957603455,0.0,419.37921142578125,0.5382677912712097,0.5734007358551025,0.4287569224834442,0.10900136828422546,29.027210235595703,0.35780400037765503,13.105600357055664,0.3933824896812439,0.8296706676483154,0.22607119381427765,0.2552630603313446,0.0,553.446533203125,0.23213288187980652,0.23280976712703705,0.03744335472583771,0.04130713269114494,63.530303955078125,0.3557460904121399,7.795022010803223,0.2594354450702667,0.5662547945976257,0.2268882393836975,0.24751435220241547,0.0,403.31488037109375,0.30181458592414856,0.3459022641181946,0.04668712243437767,0.054620370268821716,46.35672378540039,0.3387511670589447,10.34140682220459,0.3261156380176544,0.5880385041236877,0.29155591130256653,0.29155591130256653,0.0,261.740966796875,0.3840729594230652,0.38552436232566833,0.11980929970741272,0.09010336548089981,22.26046371459961,0.3238449692726135,15.396528244018555,0.5501713156700134,0.9457985758781433,0.3631155788898468,0.3631155788898468,0.0,452.81475830078125,0.28198039531707764,0.2923784554004669,0.07380397617816925,0.05822526291012764,91.03556823730469,0.34064021706581116,21.562606811523438,0.7455912828445435,1.3636313676834106
2019,2,29.927778435025267,105.0844284329016,5380.5205,396.0,7.870814800262451,125.83728790283203,14.163662910461426,37.711509704589844,1.3112164735794067,7.017921447753906,32.258724212646484,0.2722110152244568,0.29908615350723267,0.0,418.67803955078125,0.5410618185997009,0.5753121972084045,0.42805016040802,0.11006559431552887,29.085132598876953,0.35590389370918274,13.083688735961914,0.39615049958229065,0.8350802659988403,0.2307882010936737,0.2587699890136719,0.0,550.611572265625,0.4516286253929138,0.4543682932853699,0.10589761286973953,0.10208475589752197,63.335853576660156,0.3545883297920227,7.755093097686768,0.261027067899704,0.5724273324012756,0.23087304830551147,0.2502197027206421,0.0,402.1207275390625,0.4357580542564392,0.4734592139720917,0.04531703516840935,0.0856684148311615,45.46686935424805,0.33656933903694153,10.31078815460205,0.3284774720668793,0.5952656269073486,0.2953248918056488,0.2953248918056488,0.0,261.4471435546875,0.3629951775074005,0.3643016219139099,0.034354910254478455,0.07813359797000885,21.48273468017578,0.32057029008865356,15.379243850708008,0.5544343590736389,0.9519731998443604,0.3668537139892578,0.3668537139892578,0.0,452.85589599609375,0.3573558032512665,0.41479888558387756,-0.013696539215743542,0.07907939702272415,90.67156982421875,0.33772656321525574,21.564565658569336,0.7522857189178467,1.3713628053665161
2019,2,29.916728782614825,105.13078078835217,5380.5205,381.0,5.622066020965576,145.30740356445312,14.504051208496094,34.233489990234375,1.308645486831665,7.557842254638672,31.094158172607422,0.27203643321990967,0.29885411262512207,0.0,418.9617004394531,0.5406612753868103,0.5750381946563721,0.4281514883041382,0.10991302877664566,29.40610122680664,0.356248676776886,13.09255313873291,0.3952186703681946,0.8329389095306396,0.2301119863986969,0.25826725363731384,0.0,553.224365234375,0.4232707917690277,0.4995766282081604,0.3348017632961273,0.09257642924785614,63.165122985839844,0.3546000123023987,7.791892051696777,0.26164761185646057,0.5739440321922302,0.23030179738998413,0.24983187019824982,0.0,403.5208740234375,0.08009152859449387,0.08009153604507446,0.026086948812007904,0.005670479964464903,45.03171157836914,0.33612334728240967,10.346688270568848,0.3298584520816803,0.5950090885162354,0.2947845757007599,0.2947845757007599,0.0,261.46600341796875,0.5168548226356506,0.5168548226356506,0.38135799765586853,0.11593873798847198,21.9672908782959,0.321326345205307,15.380352973937988,0.5528522729873657,0.9541963338851929,0.36631783843040466,0.36631783843040466,0.0,452.8887023925781,0.5871012210845947,0.5871012210845947,0.44139036536216736,0.15537942945957184,91.50769805908203,0.33876311779022217,21.56612777709961,0.7504831552505493,1.3661420345306396
2019,2,30.894186029035428,106.75098177881856,5382.1514,367.0,8.774272918701172,102.10806274414062,26.90826416015625,32.8024787902832,1.2861307859420776,6.502805233001709,31.82235336303711,0.2656649053096771,0.3057463467121124,0.0,397.9287414550781,0.5254719257354736,0.6278806924819946,0.41925516724586487,0.11487767100334167,72.69989776611328,0.40010693669319153,12.435273170471191,0.2909139096736908,0.7737652659416199,0.20406867563724518,0.22387826442718506,0.0,511.8131408691406,0.5275239944458008,0.5342008471488953,0.15011489391326904,0.12125172466039658,84.07596588134766,0.39763495326042175,7.2086358070373535,0.2215937227010727,0.4582262635231018,0.21409852802753448,0.2665694057941437,0.0,376.7395935058594,0.4421199560165405,0.5578370690345764,0.1635991632938385,0.09143040329217911,27.65781021118164,0.365791916847229,9.659989356994629,0.33591732382774353,0.6319201588630676,0.2850033640861511,0.2850033640861511,0.0,235.5648956298828,0.43110737204551697,0.5546990633010864,0.2263672649860382,0.10711537301540375,63.05418395996094,0.3939693570137024,13.856758117675781,0.4035229980945587,0.8885291218757629,0.4149581789970398,0.4149581789970398,0.0,433.6286926269531,0.601578950881958,0.6671540141105652,0.17980992794036865,0.19786730408668518,111.9135513305664,0.38821303844451904,20.648984909057617,0.6168521642684937,1.118916392326355
2019,2,29.754493308987307,105.04346267152359,5402.737,392.0,7.725449562072754,213.35324096679688,27.856361389160156,28.322988510131836,1.280774712562561,7.011178970336914,32.781978607177734,0.2694731056690216,0.2954471707344055,0.0,420.193359375,0.5347802042961121,0.5710147619247437,0.42963916063308716,0.10767293721437454,28.83638572692871,0.3602480888366699,13.13104248046875,0.3901965618133545,0.8239339590072632,0.22018316388130188,0.2508855164051056,0.0,556.05419921875,0.22036458551883698,0.24488124251365662,-0.08724508434534073,0.03370952978730202,63.91362380981445,0.35739004611968994,7.831748962402344,0.25709766149520874,0.5574195384979248,0.22191420197486877,0.24413740634918213,0.0,404.2776794433594,0.23765340447425842,0.24277016520500183,0.017450282350182533,0.039422422647476196,47.71165084838867,0.3418841063976288,10.366094589233398,0.32238298654556274,0.5782429575920105,0.28685125708580017,0.28685125708580017,0.0,262.115478515625,0.3336341679096222,0.3395827114582062,0.08084374666213989,0.07378336042165756,23.04720115661621,0.3278140723705292,15.418557167053223,0.5452141761779785,0.9368393421173096,0.35844939947128296,0.35844939947128296,0.0,452.7291259765625,0.2892688512802124,0.32484492659568787,0.03409908339381218,0.061614133417606354,91.23320007324219,0.3441143333911896,21.558530807495117,0.7373221516609192,1.3546679019927979
2019,2,29.842346517942296,105.01894207483068,5402.737,393.0,8.295483589172363,296.3656311035156,18.93168067932129,33.32941436767578,1.2923741340637207,7.494497776031494,31.86652374267578,0.27085694670677185,0.2972864508628845,0.0,419.2591552734375,0.5379552245140076,0.5731868743896484,0.42883601784706116,0.10888229310512543,28.657039642333984,0.3580136001110077,13.101848602294922,0.39372366666793823,0.8309841752052307,0.22554340958595276,0.2548706829547882,0.0,551.2196655273438,0.35439783334732056,0.35650137066841125,0.011752406135201454,0.06236917898058891,63.825496673583984,0.3561581075191498,7.763657093048096,0.2582843005657196,0.562703549861908,0.2264423966407776,0.24721166491508484,0.0,402.0242919921875,0.4008404016494751,0.45684802532196045,-0.005477136466652155,0.06848597526550293,47.110382080078125,0.33994004130363464,10.30831527709961,0.32382258772850037,0.585982620716095,0.29113420844078064,0.29113420844078064,0.0,261.7990417480469,0.39788520336151123,0.4000000059604645,0.004637568257749081,0.07324918359518051,21.896480560302734,0.3238827586174011,15.399943351745605,0.550778329372406,0.941570520401001,0.3626973032951355,0.3626973032951355,0.0,452.7514953613281,0.41259974241256714,0.515557050704956,0.03601709380745888,0.0998062938451767,90.2303237915039,0.3403295576572418,21.559595108032227,0.7456040978431702,1.3666882514953613
2019,2,30.922751030383804,104.11990703863702,5414.522,504.0,1.424190878868103,130.6250762939453,24.198558807373047,26.700218200683594,1.17011559009552,6.750852108001709,41.29201889038086,0.26865753531455994,0.29230841994285583,0.74628084897995,337.1290283203125,0.5403357744216919,0.5578285455703735,0.4144505262374878,0.11241242289543152,39.99525833129883,0.35647714138031006,10.511960983276367,0.3413294553756714,0.7141447067260742,0.2439664751291275,0.2678113877773285,26.56373405456543,359.1067199707031,0.3672643005847931,0.45584726333618164,0.08444444835186005,0.08682128041982651,76.72953796386719,0.3572652339935303,4.683704376220703,0.2156718671321869,0.4831102192401886,0.2425491213798523,0.2537142336368561,3.872718095779419,285.7922668457031,0.3499560058116913,0.35728102922439575,0.06713013350963593,0.08052487671375275,65.78985595703125,0.34966692328453064,7.228706359863281,0.25952571630477905,0.5563021898269653,0.3137076795101166,0.3137076795101166,0.0,219.43699645996094,0.47517144680023193,0.4908995032310486,0.11444166302680969,0.12599049508571625,22.343427658081055,0.31632933020591736,12.908059120178223,0.497929185628891,0.8278862237930298,0.3815203607082367,0.3815203607082367,0.0,402.7531433105469,0.47694456577301025,0.48606646060943604,0.11654927581548691,0.1347862333059311,90.9507827758789,0.3298948407173157,19.178720474243164,0.6583003997802734,1.2778129577636719
2019,2,30.865349022522807,106.77954678016694,5422.966,340.0,3.238112449645996,270.0,25.41526985168457,32.135948181152344,1.293677568435669,6.471536636352539,29.496448516845703,0.2663215696811676,0.3077797293663025,0.0,398.2713928222656,0.5233577489852905,0.6288574934005737,0.41699454188346863,0.11561153829097748,73.24420166015625,0.40117475390434265,12.4459810256958,0.2896183431148529,0.7740941047668457,0.20118077099323273,0.2214529812335968,0.0,512.6688232421875,0.24858300387859344,0.24858298897743225,0.25826194882392883,0.03833150118589401,84.17057800292969,0.3984971344470978,7.2206878662109375,0.22066175937652588,0.4552036225795746,0.21350105106830597,0.26528698205947876,0.0,376.7541809082031,0.1708521842956543,0.21943925321102142,0.22375212609767914,0.02472095564007759,28.016525268554688,0.36720436811447144,9.66036319732666,0.3345510959625244,0.632455587387085,0.28476494550704956,0.28476494550704956,0.0,235.5012664794922,0.17972709238529205,0.197626993060112,0.21519942581653595,0.02719270810484886,64.86172485351562,0.39616289734840393,13.853015899658203,0.4004278779029846,0.8828282952308655,0.4149593114852905,0.4149593114852905,0.0,433.58349609375,0.3801344335079193,0.4682842195034027,0.2701649069786072,0.07024884223937988,110.89547729492188,0.3894808888435364,20.646833419799805,0.6148582100868225,1.119919776916504
2019,2,29.915921685324154,105.04184847694223,5430.4,402.0,4.6546854972839355,293.43084716796875,14.089021682739258,37.689022064208984,1.22646164894104,6.900000095367432,57.43690490722656,0.27202364802360535,0.2988371253013611,0.0,418.626953125,0.5406319499015808,0.5750181674957275,0.42815887928009033,0.10990186780691147,28.79066276550293,0.35613104701042175,13.08209228515625,0.3961867392063141,0.8354198336601257,0.23006251454353333,0.25823044776916504,0.0,549.1376342773438,0.42318493127822876,0.49953556060791016,0.3347355127334595,0.09256129711866379,63.53633117675781,0.35489675402641296,7.734333038330078,0.2600472867488861,0.5694015026092529,0.2302599996328354,0.24980349838733673,0.0,401.2407531738281,0.2572108209133148,0.3943268060684204,-0.027551943436264992,0.04378042370080948,46.09077453613281,0.3375597298145294,10.288224220275879,0.32662686705589294,0.5934897661209106,0.2947450578212738,0.2947450578212738,0.0,261.5125427246094,0.33943116664886475,0.3412052094936371,-0.03242833912372589,0.055954959243535995,21.280061721801758,0.32082587480545044,15.38309097290039,0.5546202063560486,0.948330819606781,0.36627861857414246,0.36627861857414246,0.0,452.8164978027344,0.393662691116333,0.5025031566619873,0.04831986874341965,0.08418340981006622,90.04708099365234,0.33763667941093445,21.56269073486328,0.7519920468330383,1.373759150505066
2019,2,29.917268333842294,105.03106637059501,5430.4,392.0,0.0,-0.0,-9999.0,-9999.0,-9999.0,-9999.0,-9999.0,0.27204495668411255,0.2988654375076294,0.0,418.5723876953125,0.5406808257102966,0.5750515460968018,0.4281465411186218,0.10992047190666199,28.715715408325195,0.3560797870159149,13.080387115478516,0.3963575065135956,0.835822343826294,0.23014497756958008,0.2582917809486389,0.0,548.5809936523438,0.4233280420303345,0.4996039867401123,0.3348459303379059,0.09258652478456497,63.57780456542969,0.35491013526916504,7.726492404937744,0.2598799169063568,0.5689589977264404,0.23032966256141663,0.249850794672966,0.0,400.9375305175781,0.24783852696418762,0.30245670676231384,-0.03262303024530411,0.03805633634328842,46.2044677734375,0.33769476413726807,10.280449867248535,0.32627373933792114,0.5934430360794067,0.294810950756073,0.294810950756073,0.0,261.5127868652344,0.5168911218643188,0.5168911218643188,0.38136863708496094,0.11595339328050613,21.181079864501953,0.3207027018070221,15.383105278015137,0.5549185276031494,0.9477235078811646,0.36634397506713867,0.36634397506713867,0.0,452.8085632324219,0.3838794231414795,0.46176186203956604,0.029930628836154938,0.06604591757059097,89.8595199584961,0.33744215965270996,21.562313079833984,0.7523064613342285,1.3748538494110107
2019,2,29.340550499094874,105.16015734609228,5435.0337,360.0,8.491116523742676,29.837587356567383,27.2757625579834,29.595701217651367,1.28006911277771,6.246168613433838,31.87236785888672,0.2664251923561096,0.2929023802280426,0.0,422.6742248535156,0.5441873073577881,0.5833243131637573,0.43456515669822693,0.1051323413848877,29.899747848510742,0.366530179977417,13.208569526672363,0.37214094400405884,0.7832574248313904,0.20219682157039642,0.23708683252334595,0.0,571.6688232421875,0.38781413435935974,0.4814987778663635,0.3018946349620819,0.08257929235696793,67.33181762695312,0.3605942726135254,8.051673889160156,0.2486804723739624,0.5293338298797607,0.20135734975337982,0.2276671975851059,0.0,411.30645751953125,0.10771235078573227,0.10771233588457108,0.12306170910596848,0.018332643434405327,50.555362701416016,0.3483310639858246,10.546319961547852,0.31205204129219055,0.5510591268539429,0.2698359489440918,0.2698359489440918,0.0,263.2995300292969,0.19068220257759094,0.19068220257759094,0.07901086658239365,0.034113045781850815,25.849702835083008,0.33766818046569824,15.488207817077637,0.5231291055679321,0.9071274399757385,0.34761446714401245,0.34761446714401245,0.0,453.2060852050781,0.2221526801586151,0.2221526950597763,0.010608015581965446,0.043386418372392654,88.27080535888672,0.351939857006073,21.581241607666016,0.7120474576950073,1.3345777988433838
2019,2,29.132230216079986,105.32508611675605,5449.6885,298.0,4.878055095672607,220.64999389648438,35.734249114990234,25.857309341430664,1.2799999713897705,6.392370700836182,31.437152862548828,0.26796412467956543,0.2966576814651489,0.0,424.1293640136719,0.5699334740638733,0.6094960570335388,0.44215407967567444,0.10636517405509949,30.724821090698242,0.3661898076534271,13.254042625427246,0.36225786805152893,0.7525261044502258,0.19860579073429108,0.23107025027275085,0.0,581.4376831054688,0.3966774642467499,0.48234912753105164,0.3059859871864319,0.07897065579891205,70.07469177246094,0.35936322808265686,8.189263343811035,0.244967520236969,0.5182098150253296,0.19140590727329254,0.21795691549777985,0.0,416.1767578125,0.39420315623283386,0.44705504179000854,0.1193905770778656,0.08260908722877502,50.73940658569336,0.34769490361213684,10.671198844909668,0.30797824263572693,0.5467882752418518,0.26460784673690796,0.26460784673690796,0.0,264.437744140625,0.4817894995212555,0.4817894995212555,0.3720666468143463,0.09998715668916702,25.19167137145996,0.33497267961502075,15.55516242980957,0.515933096408844,0.8896596431732178,0.34954017400741577,0.34954017400741577,0.0,455.1593017578125,0.632914662361145,0.7338060140609741,0.21048389375209808,0.1546923667192459,80.06271362304688,0.3467670977115631,21.674251556396484,0.7145149111747742,1.3655402660369873
2019,2,31.083100304265717,107.961284364048,5453.3887,487.0,2.354872703552246,293.18109130859375,25.287817001342773,27.989681243896484,1.2627921104431152,6.286531448364258,37.44594955444336,0.3052467405796051,0.3432934880256653,0.0,372.9696044921875,0.5763218998908997,0.658176064491272,0.4138679504394531,0.13905124366283417,80.55205535888672,0.4167589545249939,11.65530014038086,0.2748483419418335,0.7391112446784973,0.14796984195709229,0.18531447649002075,0.06879410147666931,439.9154052734375,0.30182385444641113,0.42487776279449463,0.25057050585746765,0.07134298980236053,102.69358825683594,0.42097193002700806,6.1950225830078125,0.1948065459728241,0.39747461676597595,0.18871773779392242,0.241825133562088,0.0,328.926025390625,0.37667858600616455,0.47739914059638977,0.29918521642684937,0.07608573883771896,36.569095611572266,0.398223876953125,8.434000968933105,0.3032444417476654,0.5515748858451843,0.26374784111976624,0.26374784111976624,0.0,218.22146606445312,0.3222431242465973,0.324196994304657,0.07112040370702744,0.049914874136447906,81.959228515625,0.42225247621536255,12.836556434631348,0.35876691341400146,0.7574158906936646,0.45558568835258484,0.45558568835258484,0.0,413.9132080078125,0.7084205746650696,0.7084205746650696,0.5593788027763367,0.21094129979610443,88.5141372680664,0.4075107276439667,19.710153579711914,0.5806388854980469,1.0080773830413818
2019,2,29.810816214393377,105.05127947567028,5508.6367,392.0,7.040490627288818,49.052677154541016,20.407634735107422,33.88216781616211,1.3088440895080566,7.022919178009033,31.64066505432129,0.27035877108573914,0.2966243028640747,0.0,419.67864990234375,0.5368121862411499,0.5724049210548401,0.4291251301765442,0.10844692587852478,28.874343872070312,0.35881513357162476,13.114957809448242,0.3921773433685303,0.8276182413101196,0.22361372411251068,0.25343602895736694,0.0,554.0343017578125,0.3139992356300354,0.3333333432674408,0.16298677027225494,0.06068911775946617,63.73948287963867,0.35647696256637573,7.803299903869629,0.25826770067214966,0.5620138645172119,0.22481223940849304,0.24610492587089539,0.0,403.4372253417969,0.3611075282096863,0.42095914483070374,0.11042842268943787,0.05757882818579674,47.05038833618164,0.34023740887641907,10.344544410705566,0.3241633176803589,0.5837409496307373,0.28959232568740845,0.28959232568740845,0.0,261.90240478515625,0.5520373582839966,0.5587056875228882,0.210728257894516,0.13933412730693817,22.502241134643555,0.32543668150901794,15.406023979187012,0.5483193397521973,0.9413583874702454,0.3611680567264557,0.3611680567264557,0.0,452.7689208984375,0.29397445917129517,0.41187646985054016,0.05817800387740135,0.06312770396471024,90.94557189941406,0.3419569432735443,21.5604248046875,0.7423117160797119,1.360747218132019
2019,2,29.817286370021925,105.05532388032576,5508.6367,413.0,5.408817768096924,260.1559143066406,18.282241821289062,33.78617477416992,1.307580590248108,7.099999904632568,39.88167953491211,0.270465224981308,0.2967658042907715,0.0,419.6278076171875,0.5370564460754395,0.5725719928741455,0.4290633499622345,0.10853994637727737,28.899139404296875,0.3586428165435791,13.11336898803711,0.3923790156841278,0.8279529213905334,0.22402605414390564,0.2537425756454468,0.0,553.9334106445312,0.41270989179611206,0.49452489614486694,0.326654314994812,0.09071478247642517,63.70315933227539,0.3563511073589325,7.801878929138184,0.2584625780582428,0.5627259016036987,0.22516056895256042,0.24634140729904175,0.0,403.4156494140625,0.22588053345680237,0.316569060087204,0.08923058956861496,0.03907733038067818,46.93441390991211,0.33998656272888184,10.34399127960205,0.32449060678482056,0.5844724178314209,0.2899217903614044,0.2899217903614044,0.0,261.8753967285156,0.26441723108291626,0.27036914229393005,0.04636459797620773,0.05029221624135971,22.46196174621582,0.32516926527023315,15.404435157775879,0.5486322045326233,0.9420986771583557,0.36149483919143677,0.36149483919143677,0.0,452.77703857421875,0.3735930919647217,0.4005066156387329,0.037812698632478714,0.08802233636379242,90.95799255371094,0.3417328894138336,21.56081199645996,0.7428696155548096,1.3612617254257202
2019,2,29.835073724124122,105.12700838886094,5508.6367,397.0,6.396484851837158,29.958972930908203,17.808115005493164,35.07603073120117,1.2899999618530273,7.171806335449219,33.485958099365234,0.27074626088142395,0.29713931679725647,0.0,419.7111511230469,0.5377011895179749,0.5730131268501282,0.42890027165412903,0.10878553986549377,29.363346099853516,0.35818976163864136,13.115973472595215,0.3921966850757599,0.82672518491745,0.2251145839691162,0.25455185770988464,0.0,556.4583740234375,0.41459885239601135,0.4954284429550171,0.32811158895492554,0.0910477563738823,63.30647277832031,0.3557071089744568,7.837441921234131,0.2600446045398712,0.5677458643913269,0.22608013451099396,0.24696572124958038,0.0,404.92144775390625,0.2762380540370941,0.4001857042312622,0.06579745560884476,0.05555319786071777,45.91048812866211,0.33828654885292053,10.382601737976074,0.32758137583732605,0.5877782106399536,0.2907915711402893,0.2907915711402893,0.0,261.7764892578125,0.4600624740123749,0.4600624740123749,0.04071246087551117,0.07526621967554092,22.85082244873047,0.324823796749115,15.398616790771484,0.5482694506645203,0.9479330778121948,0.3623574674129486,0.3623574674129486,0.0,452.8630676269531,0.41053682565689087,0.45048701763153076,0.04947927966713905,0.08592581748962402,91.9179458618164,0.34183862805366516,21.56490707397461,0.7435103058815002,1.3583317995071411
2019,2,29.813241965366455,105.08927993484775,5508.6367,408.0,10.558908462524414,295.7353515625,19.892244338989258,32.69474411010742,1.305206537246704,7.099999904632568,31.726181030273438,0.27040135860443115,0.29668089747428894,0.0,419.7845153808594,0.5369098782539368,0.5724717378616333,0.4291004240512848,0.10848413407802582,29.11724853515625,0.35872846841812134,13.118266105651855,0.39182573556900024,0.8264181613922119,0.2237786501646042,0.2535586357116699,0.0,555.6510620117188,0.4122805893421173,0.49431952834129333,0.32632312178611755,0.09063910692930222,63.53597640991211,0.35621702671051025,7.826071739196777,0.25897812843322754,0.5641843676567078,0.2249515801668167,0.24619951844215393,0.0,404.3580322265625,0.23872458934783936,0.3577270805835724,0.0978672057390213,0.034222446382045746,46.57666015625,0.339504599571228,10.368154525756836,0.3256269693374634,0.5849311947822571,0.28972411155700684,0.28972411155700684,0.0,261.8756103515625,0.3939528465270996,0.4056110382080078,0.028869960457086563,0.05812788009643555,22.784996032714844,0.3255433142185211,15.404446601867676,0.5477470755577087,0.9439470171928406,0.3612987697124481,0.3612987697124481,0.0,452.8138427734375,0.466907799243927,0.5639846920967102,0.0550529807806015,0.09468890726566315,91.48739624023438,0.34226322174072266,21.562562942504883,0.7420900464057922,1.358599066734314
2019,2,29.817825921249398,105.05370522664334,5508.6367,403.0,9.432013511657715,12.98098373413086,17.534801483154297,33.62152099609375,1.308651328086853,7.099999904632568,39.51223373413086,0.27047374844551086,0.2967771291732788,0.0,419.6169738769531,0.5370759963989258,0.5725853443145752,0.42905840277671814,0.1085473895072937,28.888662338256836,0.35862985253334045,13.113030433654785,0.39241814613342285,0.8280503153800964,0.22405903041362762,0.25376710295677185,0.0,553.8369140625,0.4127671420574188,0.49455228447914124,0.3266984820365906,0.0907248705625534,63.710262298583984,0.3563520610332489,7.800519943237305,0.2584443986415863,0.5626823902130127,0.22518843412399292,0.24636033177375793,0.0,403.3643493652344,0.2180597186088562,0.31578946113586426,0.1363232582807541,0.03797531872987747,46.94792938232422,0.34000012278556824,10.34267520904541,0.3244457542896271,0.5844836235046387,0.28994813561439514,0.28994813561439514,0.0,261.87408447265625,0.41287505626678467,0.4182432293891907,0.17505259811878204,0.08653859049081802,22.442825317382812,0.3251364827156067,15.404358863830566,0.5486945509910583,0.9420354962348938,0.3615209758281708,0.3615209758281708,0.0,452.7754821777344,0.4419916272163391,0.49731266498565674,0.1006065085530281,0.10000156611204147,90.93024444580078,0.3416937291622162,21.56073760986328,0.7429383397102356,1.3614299297332764
2019,2,30.08624150916157,105.06071047439832,5514.366,425.0,3.343010425567627,73.91119384765625,11.1870756149292,40.008056640625,1.309999942779541,7.099059104919434,36.434165954589844,0.27471470832824707,0.3024138808250427,0.0,417.06427001953125,0.5468060970306396,0.5792421102523804,0.42659708857536316,0.1122535988688469,28.89942169189453,0.35187670588493347,13.033258438110352,0.40229469537734985,0.8471803665161133,0.24048613011837006,0.2659800350666046,0.0,542.8154907226562,0.5109633207321167,0.513869047164917,0.07028919458389282,0.13576005399227142,63.08219909667969,0.352272629737854,7.645288467407227,0.2635385990142822,0.5830399394035339,0.23906557261943817,0.25578173995018005,0.0,398.57470703125,0.5574380159378052,0.5760024785995483,0.05382712557911873,0.14562465250492096,44.135555267333984,0.3327115476131439,10.219863891601562,0.3318319022655487,0.6096720695495605,0.3030737340450287,0.3030737340450287,0.0,260.8649597167969,0.4885461926460266,0.49013835191726685,0.03853309154510498,0.12377277761697769,19.565608978271484,0.3135807514190674,15.34499740600586,0.5640897750854492,0.961863100528717,0.37453916668891907,0.37453916668891907,0.0,452.9157409667969,0.43431395292282104,0.484518826007843,-0.01182115450501442,0.10659769177436829,89.18364715576172,0.331130713224411,21.56741714477539,0.766947329044342,1.3914978504180908
2019,2,30.38915270282321,103.74719753618582,5527.992,463.0,2.1494221687316895,90.0,17.140544891357422,31.31951141357422,1.2313051223754883,6.800000190734863,47.138519287109375,0.2981088161468506,0.3290497660636902,0.0,373.6375732421875,0.5719679594039917,0.5946505665779114,0.4343986213207245,0.1208803728222847,37.54960632324219,0.35510215163230896,11.67617416381836,0.3501637279987335,0.7018347978591919,0.2554360628128052,0.2764579653739929,0.48341819643974304,402.5057067871094,0.37488457560539246,0.45959970355033875,0.16154275834560394,0.05582031235098839,77.41630554199219,0.35476523637771606,5.662285804748535,0.21455642580986023,0.49295610189437866,0.22789119184017181,0.2431885451078415,0.0,323.9397277832031,0.5342558026313782,0.5660497546195984,0.18694517016410828,0.12143634259700775,61.950050354003906,0.3453165888786316,8.306146621704102,0.26363325119018555,0.5937448143959045,0.32726380228996277,0.32726380228996277,0.0,240.86643981933594,0.5023952126502991,0.5023952126502991,0.1860080361366272,0.12605096399784088,21.61123275756836,0.3072551488876343,14.168614387512207,0.5132164359092712,0.8535575866699219,0.36730000376701355,0.36730000376701355,0.0,425.9849548339844,0.4251038134098053,0.45090511441230774,0.18229995667934418,0.09488526731729507,95.835693359375,0.32672804594039917,20.284997940063477,0.6833764910697937,1.2845667600631714
2019,2,30.949969383214043,104.41473388208877,5541.8325,464.0,2.146212339401245,329.7574157714844,21.229827880859375,32.46269226074219,1.2737200260162354,6.931610584259033,30.556514739990234,0.2764332592487335,0.29802703857421875,0.17839621007442474,374.79632568359375,0.540795087814331,0.5574032664299011,0.4141393303871155,0.1143958568572998,31.752246856689453,0.34902673959732056,11.70681095123291,0.37872689962387085,0.7984949946403503,0.25833746790885925,0.28725022077560425,6.3460893630981445,420.2265319824219,0.633689820766449,0.633689820766449,0.4323109984397888,0.2323106974363327,73.65364074707031,0.3543892502784729,5.8293023109436035,0.23585887253284454,0.5147312879562378,0.26556041836738586,0.27714717388153076,0.9257617592811584,329.1908264160156,0.47572362422943115,0.5593071579933167,0.32954785227775574,0.17787589132785797,58.534725189208984,0.34439754486083984,8.417052268981934,0.2900669276714325,0.5945413708686829,0.32507234811782837,0.32507234811782837,0.0,241.45091247558594,0.24564458429813385,0.24564459919929504,-0.0932149738073349,0.052690763026475906,14.681138038635254,0.3040851354598999,14.202995300292969,0.5604162812232971,0.9030025005340576,0.4024358093738556,0.4024358093738556,0.0,428.501220703125,0.6368789672851562,0.6368789672851562,0.48817384243011475,0.17799146473407745,81.74524688720703,0.3179750144481659,20.40481948852539,0.7371976971626282,1.4284693002700806
2019,2,30.897151331235968,104.42632308572666,5541.8325,463.0,2.7802884578704834,-0.0,22.227006912231445,31.355777740478516,1.25,7.0,34.50421905517578,0.27752184867858887,0.30003538727760315,0.1361735314130783,379.8694152832031,0.5433782935142517,0.5612165927886963,0.4152488708496094,0.11493504792451859,30.603986740112305,0.3471733629703522,11.866663932800293,0.3843909204006195,0.807794451713562,0.25965559482574463,0.2875763475894928,4.850203990936279,430.3482666015625,0.20164607465267181,0.201646089553833,0.004498529247939587,0.038272425532341,72.21475219726562,0.35265836119651794,5.9929304122924805,0.23891229927539825,0.5237617492675781,0.2654304504394531,0.27689942717552185,0.7066531777381897,335.6427307128906,0.18165117502212524,0.20856672525405884,0.001507429638877511,0.03410261124372482,57.039772033691406,0.3421749770641327,8.588105201721191,0.2945438027381897,0.6037313938140869,0.32536840438842773,0.32536840438842773,0.0,244.19923400878906,0.2573189437389374,0.2573189437389374,0.00221074977889657,0.05249306187033653,14.178596496582031,0.30228620767593384,14.36466121673584,0.5667833089828491,0.9100024104118347,0.4019584059715271,0.4019584059715271,0.0,432.107177734375,0.6343109607696533,0.6343109607696533,0.48352426290512085,0.1775495409965515,80.48381042480469,0.31571441888809204,20.5765323638916,0.7496466636657715,1.446237564086914
2019,2,29.431101464187197,105.28655056545219,5565.6196,401.0,1.4119105339050293,131.05413818359375,21.610698699951172,31.248640060424805,1.25,6.566198825836182,43.40129852294922,0.26590874791145325,0.29132264852523804,0.0,423.30902099609375,0.5337918400764465,0.5729996562004089,0.43369463086128235,0.10457199811935425,30.1793155670166,0.3653675317764282,13.22840690612793,0.3746015429496765,0.7842692136764526,0.20349839329719543,0.2378970980644226,0.0,577.666015625,0.38242292404174805,0.4792786240577698,0.30153894424438477,0.08371962606906891,64.00643157958984,0.3583948314189911,8.136140823364258,0.2540232539176941,0.5453078150749207,0.2055182307958603,0.23196856677532196,0.0,414.99072265625,0.157975435256958,0.1579754650592804,0.26571667194366455,0.023854289203882217,48.18527603149414,0.34438109397888184,10.640788078308105,0.3214520514011383,0.5623713135719299,0.272536039352417,0.272536039352417,0.0,263.2320556640625,0.3398253619670868,0.3398253917694092,0.18891535699367523,0.06779515743255615,27.521562576293945,0.3391883373260498,15.484238624572754,0.5246692895889282,0.9239659309387207,0.34674587845802307,0.34674587845802307,0.0,453.43359375,0.2808417081832886,0.29908865690231323,0.20001089572906494,0.04204025864601135,92.53325653076172,0.35381990671157837,21.59207534790039,0.7149245738983154,1.3319554328918457
2019,2,30.413405753452903,103.84394219264136,5569.3174,458.0,1.4198853969573975,49.225650787353516,16.40357780456543,38.06456756591797,1.2035102844238281,6.919826984405518,43.88859176635742,0.29600226879119873,0.32673102617263794,0.0,378.0546875,0.5693185925483704,0.5928536653518677,0.4321635961532593,0.1204165443778038,35.455078125,0.3517359793186188,11.814208984375,0.35974690318107605,0.7236803770065308,0.25652143359184265,0.27709096670150757,0.4306407868862152,414.0225524902344,0.31640058755874634,0.32506033778190613,-0.08836641907691956,0.05739506706595421,74.70430755615234,0.3520996868610382,5.825238227844238,0.2205687314271927,0.5061644911766052,0.2320663332939148,0.24692194163799286,0.0,330.3492126464844,0.3361823260784149,0.46954813599586487,-0.037918876856565475,0.06630098819732666,59.84513473510742,0.3421275317668915,8.470492362976074,0.2716691195964813,0.6044789552688599,0.3267689645290375,0.3267689645290375,0.0,243.24574279785156,0.3970262408256531,0.39702627062797546,-0.07090259343385696,0.08766338974237442,20.33233070373535,0.3044910430908203,14.308572769165039,0.5252630710601807,0.8659852147102356,0.37065955996513367,0.37065955996513367,0.0,429.5171813964844,0.45091795921325684,0.5332594513893127,0.04651961475610733,0.11644937098026276,92.59449005126953,0.3226548731327057,20.45319938659668,0.70346999168396,1.3224722146987915
2019,2,31.606188530643344,106.4027973321613,5573.5664,409.0,5.109873294830322,334.8421936035156,27.7091064453125,26.624784469604492,1.2579764127731323,6.702769756317139,32.929325103759766,0.2674364745616913,0.2771970331668854,0.0059288181364536285,373.5501403808594,0.5944271087646484,0.617381751537323,0.47021639347076416,0.1084955707192421,61.68860626220703,0.37269964814186096,11.673256874084473,0.32256755232810974,0.814467191696167,0.2372366487979889,0.252665251493454,4.4330153465271,446.3587341308594,0.5239350199699402,0.5428128838539124,0.16946657001972198,0.0917976126074791,84.91632080078125,0.3769359588623047,6.224306106567383,0.232033833861351,0.5130634307861328,0.22334285080432892,0.2936460077762604,0.5477588176727295,345.44671630859375,0.44728535413742065,0.44789618253707886,0.1616678535938263,0.08227822929620743,28.397554397583008,0.34104490280151367,8.843563079833984,0.3411756157875061,0.60431307554245,0.29050007462501526,0.29050007462501526,0.0,228.57366943359375,0.40605998039245605,0.4430379867553711,0.20142309367656708,0.08564826101064682,32.411006927490234,0.3430614769458771,13.445509910583496,0.46686190366744995,0.9573727250099182,0.43036651611328125,0.43036651611328125,0.0,420.9226379394531,0.5754725933074951,0.99896639585495,0.26582953333854675,0.14363853633403778,124.67705535888672,0.3591039180755615,20.043935775756836,0.631142795085907,1.0704220533370972
2019,2,29.114714867142048,105.5024156474495,5603.2583,369.0,5.971502304077148,297.6629943847656,35.34644317626953,27.430330276489258,1.2486220598220825,6.09993839263916,35.99953842163086,0.2683633863925934,0.2970987558364868,0.0,426.0528259277344,0.573548436164856,0.6137294173240662,0.4472946524620056,0.10642573237419128,31.065292358398438,0.3652339279651642,13.3141508102417,0.36066922545433044,0.7395869493484497,0.19769452512264252,0.22717931866645813,3.5405243397690356E-4,592.1864013671875,0.3943454623222351,0.4789522588253021,0.3088163733482361,0.07784625142812729,68.08607482910156,0.3571016490459442,8.340648651123047,0.24818874895572662,0.5260482430458069,0.1902536302804947,0.217290997505188,0.0,422.1202087402344,0.10290941596031189,0.10330747067928314,0.21417470276355743,0.013841555453836918,48.900245666503906,0.3444400727748871,10.82359504699707,0.3138526380062103,0.553632378578186,0.26500827074050903,0.26500827074050903,0.0,265.3268127441406,0.4799993634223938,0.4799993634223938,0.37351590394973755,0.09991485625505447,25.879915237426758,0.3344792425632477,15.60745906829834,0.5152403116226196,0.8936113119125366,0.34974515438079834,0.34974515438079834,0.0,456.79034423828125,0.3158684968948364,0.37983259558677673,0.26965975761413574,0.06288891285657883,78.73394012451172,0.344911128282547,21.751920700073242,0.7206575870513916,1.387442946434021
2019,2,29.705715202563663,105.3245465655286,5608.5303,345.0,1.4140980243682861,229.02304077148438,23.957075119018555,29.525596618652344,1.276041865348816,7.265430927276611,30.999401092529297,0.2687024176120758,0.29442280530929565,0.0,421.52825927734375,0.5330119729042053,0.5698050260543823,0.4300864338874817,0.10699941962957382,30.496004104614258,0.36076003313064575,13.172758102416992,0.3848601281642914,0.8078062534332275,0.21719790995121002,0.24866609275341034,0.0,570.69482421875,0.27845197916030884,0.27845194935798645,0.12075906991958618,0.054270293563604355,62.266380310058594,0.35577914118766785,8.037955284118652,0.26095524430274963,0.5687597990036011,0.21939235925674438,0.24242527782917023,0.0,412.2876281738281,0.2964971363544464,0.3635600209236145,0.1548190861940384,0.04983748123049736,44.92607498168945,0.3378819227218628,10.571476936340332,0.33153608441352844,0.5830231308937073,0.2844659686088562,0.2844659686088562,0.0,262.18865966796875,0.3716239333152771,0.3716239333152771,0.23522166907787323,0.07454776018857956,25.99945640563965,0.33152949810028076,15.42286205291748,0.5373541712760925,0.9503806829452515,0.35608363151550293,0.35608363151550293,0.0,453.12261962890625,0.4395209550857544,0.5436073541641235,0.30255869030952454,0.10566084086894989,95.22677612304688,0.3484988808631897,21.577266693115234,0.7310808300971985,1.337164044380188
2019,2,29.704096548881264,105.326165219211,5608.5303,349.0,5.084199905395508,236.91783142089844,24.398305892944336,29.410221099853516,1.2697710990905762,7.202580451965332,28.7479190826416,0.2686725854873657,0.2943831980228424,0.0,421.54949951171875,0.532943606376648,0.5697582364082336,0.43010374903678894,0.10697337239980698,30.50322723388672,0.36079341173171997,13.173421859741211,0.3847666382789612,0.8075578808784485,0.21708247065544128,0.24858026206493378,0.0,570.843017578125,0.18047338724136353,0.18047337234020233,0.3190082907676697,0.02880355343222618,62.25536346435547,0.35578152537345886,8.040042877197266,0.26094552874565125,0.5687124133110046,0.21929483115673065,0.24235905706882477,0.0,412.3621520996094,0.14773568511009216,0.14773571491241455,0.3224978446960449,0.02283993549644947,44.926727294921875,0.33789458870887756,10.57338809967041,0.33154869079589844,0.5829421877861023,0.2843737304210663,0.2843737304210663,0.0,262.1953430175781,0.3687436282634735,0.3687436282634735,0.3102998733520508,0.07411747425794601,26.035890579223633,0.331619530916214,15.42325496673584,0.5372220873832703,0.950331449508667,0.3559921383857727,0.3559921383857727,0.0,453.125732421875,0.5251007676124573,0.5344021320343018,0.2981068193912506,0.1149250715970993,95.25237274169922,0.34857726097106934,21.577415466308594,0.7309278845787048,1.336988091468811
2019,2,29.879267874664823,105.16796969113791,5612.0605,389.0,1.4154952764511108,229.07215881347656,20.92972755432129,32.14579772949219,1.2799999713897705,7.472253322601318,31.591516494750977,0.2714402973651886,0.2980617880821228,0.0,419.4522399902344,0.5392935872077942,0.574102520942688,0.42849746346473694,0.10939207673072815,29.64812660217285,0.3571756184101105,13.107882499694824,0.3933756351470947,0.8288356065750122,0.22780296206474304,0.2565505802631378,0.0,556.5109252929688,0.18472813069820404,0.18472811579704285,0.20659860968589783,0.028374241665005684,63.05323791503906,0.35494887828826904,7.83818244934082,0.26159441471099854,0.5730637311935425,0.2283511906862259,0.2485075742006302,0.0,405.16888427734375,0.22278478741645813,0.22278481721878052,0.12151701003313065,0.03228151425719261,44.9787483215332,0.3364815413951874,10.388945579528809,0.33021965622901917,0.5924257040023804,0.2929396331310272,0.2929396331310272,0.0,261.5911560058594,0.2852386236190796,0.2852386236190796,0.2541516423225403,0.049545951187610626,22.686017990112305,0.32317450642585754,15.387714385986328,0.5499587655067444,0.9538107514381409,0.36448797583580017,0.36448797583580017,0.0,452.9132995605469,0.3476408123970032,0.36598455905914307,0.27122581005096436,0.069791778922081,92.31339263916016,0.34065940976142883,21.56730079650879,0.7466516494750977,1.3594852685928345
2019,2,30.52228362387488,103.93934465967986,5612.3623,508.0,2.9808311462402344,21.154123306274414,20.82161521911621,25.725608825683594,1.2304775714874268,6.855311393737793,37.46506881713867,0.29308730363845825,0.32337573170661926,0.058383673429489136,377.8305358886719,0.5642682313919067,0.5881954431533813,0.42736464738845825,0.11989608407020569,33.403297424316406,0.3463521897792816,11.805379867553711,0.3685191869735718,0.7429631352424622,0.25848010182380676,0.2776450514793396,2.4539973735809326,416.68328857421875,0.2327844351530075,0.27769461274147034,-0.17816537618637085,0.038609057664871216,70.90640258789062,0.3474354147911072,5.83421516418457,0.2262672483921051,0.520885705947876,0.23792652785778046,0.251950204372406,0.30297374725341797,331.22137451171875,0.17360378801822662,0.19471724331378937,-0.16780899465084076,0.03218239173293114,57.75581741333008,0.3370169699192047,8.485087394714355,0.2791598439216614,0.6191008687019348,0.3273094594478607,0.3273094594478607,0.0,243.2265625,0.260734885931015,0.27970749139785767,-0.1547650694847107,0.044746171683073044,19.0764217376709,0.2996668219566345,14.30744457244873,0.536512017250061,0.8761149048805237,0.3754581809043884,0.3754581809043884,0.0,430.5506286621094,0.26916345953941345,0.26916345953941345,-0.16566959023475647,0.048799335956573486,88.87643432617188,0.3161773979663849,20.502410888671875,0.7240507006645203,1.3655725717544556
2019,2,31.24452868060257,104.1123622396546,5632.4355,607.0,4.273874759674072,130.52911376953125,26.271133422851562,24.651697158813477,1.2675292491912842,6.629079818725586,35.086570739746094,0.25158581137657166,0.270183801651001,1.3410656452178955,294.91668701171875,0.5218609571456909,0.5333890318870544,0.4052840769290924,0.10680247098207474,48.128440856933594,0.3678779900074005,9.174238204956055,0.3047707974910736,0.6565486788749695,0.22982442378997803,0.2571302652359009,47.52586364746094,290.5681457519531,0.5865573883056641,0.6188172101974487,0.2459069937467575,0.1755344271659851,83.85455322265625,0.3670865595340729,3.423130750656128,0.19805072247982025,0.43468570709228516,0.2394913136959076,0.24935249984264374,6.9592695236206055,236.49684143066406,0.5557900071144104,0.6869520545005798,0.30319151282310486,0.16390247642993927,75.22833251953125,0.3626859784126282,5.885578632354736,0.23134148120880127,0.4929558038711548,0.30316975712776184,0.30316975712776184,0.0,195.27061462402344,0.6471764445304871,0.7001163959503174,0.32542183995246887,0.2133093625307083,27.111896514892578,0.33216947317123413,11.486506462097168,0.4475960433483124,0.7679531574249268,0.38053804636001587,0.38053804636001587,0.0,373.5886535644531,0.5498377084732056,0.5570635199546814,0.11062086373567581,0.13856200873851776,97.25959014892578,0.3452126681804657,17.789936065673828,0.5756838917732239,1.15353524684906
2019,2,30.49667946562601,103.64667602113798,5661.5176,494.0,1.076275110244751,270.0,20.201148986816406,27.433643341064453,1.2000000476837158,6.692923069000244,45.00935745239258,0.30173856019973755,0.332745760679245,0.0,366.7779846191406,0.5678814053535461,0.5903550386428833,0.431013822555542,0.12165224552154541,37.70017623901367,0.35160520672798157,11.461812019348145,0.34494316577911377,0.6848731637001038,0.25661468505859375,0.2757616639137268,0.6022830009460449,383.32659912109375,0.3700000047683716,0.3857142925262451,0.006956571713089943,0.07100057601928711,75.40482330322266,0.35060063004493713,5.390483379364014,0.2107149064540863,0.4895634353160858,0.2268696129322052,0.24331247806549072,0.0,314.3867492675781,0.3544771373271942,0.39411982893943787,-0.014314154163002968,0.07555752992630005,62.43621063232422,0.3415873348712921,8.061198234558105,0.2588745355606079,0.6017907857894897,0.3310694992542267,0.3310694992542267,0.0,237.84803771972656,0.38486313819885254,0.38486313819885254,-0.05887502059340477,0.08274557441473007,22.167221069335938,0.3018629252910614,13.991061210632324,0.5080864429473877,0.8466336131095886,0.3659583330154419,0.3659583330154419,0.0,422.2374572753906,0.3949611186981201,0.41038426756858826,-0.03658419847488403,0.08898990601301193,97.2505111694336,0.32265686988830566,20.10654640197754,0.6775026321411133,1.280612587928772
2019,2,30.463802513558946,103.65476037134789,5668.9673,484.0,3.8570237159729004,343.8257141113281,22.42053985595703,27.30561065673828,1.2101554870605469,6.695430755615234,42.728153228759766,0.30119413137435913,0.3322356641292572,0.0,367.7516784667969,0.5696122050285339,0.5919495224952698,0.43238380551338196,0.12155883759260178,38.07829666137695,0.35318613052368164,11.492239952087402,0.34449949860572815,0.685168981552124,0.25618159770965576,0.27590855956077576,0.5802180767059326,386.1926574707031,0.7168697118759155,0.7289643883705139,0.4181770384311676,0.30737680196762085,76.4953842163086,0.352236807346344,5.431160926818848,0.21058370172977448,0.48796939849853516,0.22639881074428558,0.24258504807949066,0.0,315.6836853027344,0.6396061778068542,0.7442023754119873,0.3792780041694641,0.28225821256637573,62.711341857910156,0.34319913387298584,8.094452857971191,0.2586100399494171,0.5976486802101135,0.3302101790904999,0.3302101790904999,0.0,238.1911163330078,0.16727463901042938,0.1672746241092682,-0.13530205190181732,0.037469521164894104,22.257244110107422,0.30382993817329407,14.011242866516113,0.5071747899055481,0.8461306095123291,0.36573541164398193,0.36573541164398193,0.0,422.5582580566406,0.24475616216659546,0.25811001658439636,0.29683586955070496,0.04552728682756424,97.48829650878906,0.3245120048522949,20.121822357177734,0.6752645969390869,1.2744379043579102
2019,2,30.543303826240827,103.75393523787758,5692.627,493.0,3.514275074005127,142.25750732421875,21.437559127807617,30.948816299438477,1.2400000095367432,6.9987287521362305,44.8028678894043,0.295011967420578,0.32532647252082825,0.1505354642868042,363.48382568359375,0.5639880895614624,0.5865862965583801,0.4282310903072357,0.12000780552625656,37.37846755981445,0.35104578733444214,11.354165077209473,0.34829628467559814,0.6974328756332397,0.25450819730758667,0.27350300550460815,5.8321213722229,385.1900939941406,0.25279486179351807,0.29168036580085754,0.07368340343236923,0.04712478443980217,74.315673828125,0.35038870573043823,5.343070030212402,0.21408739686012268,0.49591064453125,0.22946181893348694,0.24459008872509003,0.7811823487281799,312.4456481933594,0.2764976918697357,0.38367050886154175,0.0736842155456543,0.04693472757935524,61.98398971557617,0.341307669878006,7.991396903991699,0.2622794508934021,0.5993455052375793,0.32703110575675964,0.32703110575675964,0.0,235.48057556152344,0.35304054617881775,0.35304054617881775,0.11637630313634872,0.05655709654092789,22.00128746032715,0.3036995828151703,13.851799011230469,0.5097059011459351,0.8463952541351318,0.3682416081428528,0.3682416081428528,0.0,420.328857421875,0.43413445353507996,0.462480366230011,0.11067584156990051,0.10214467346668243,94.90629577636719,0.32238611578941345,20.01565933227539,0.6825356483459473,1.292176604270935
2019,2,30.50611492345509,103.80298089036442,5692.627,480.0,1.076379656791687,90.0,22.005455017089844,28.323781967163086,1.2100000381469727,6.916259288787842,47.61054992675781,0.2974521219730377,0.32816237211227417,0.02022711932659149,373.4126281738281,0.5661938190460205,0.5895571112632751,0.42915913462638855,0.12081962078809738,35.234989166259766,0.34851187467575073,11.668512344360352,0.3582386374473572,0.7169795036315918,0.257893443107605,0.2769627273082733,1.2060929536819458,402.27044677734375,0.3050520420074463,0.30745813250541687,-0.05597968026995659,0.053603388369083405,72.8177261352539,0.34865108132362366,5.648793697357178,0.21935881674289703,0.5072628855705261,0.232869490981102,0.24805626273155212,0.10496576130390167,324.2251281738281,0.3272665739059448,0.3664271831512451,-0.007870249450206757,0.06443879008293152,59.7486572265625,0.3388296961784363,8.310772895812988,0.27024897933006287,0.6123992204666138,0.3292974829673767,0.3292974829673767,0.0,241.150146484375,0.5248554944992065,0.5248554944992065,0.07739431411027908,0.13845688104629517,20.42139434814453,0.300301730632782,14.185302734375,0.5242576003074646,0.8635278344154358,0.3710755407810211,0.3710755407810211,0.0,427.20025634765625,0.4959530830383301,0.505250871181488,0.10990162938833237,0.12888053059577942,92.64582824707031,0.31882205605506897,20.342870712280273,0.7040093541145325,1.3286278247833252
2019,2,30.475659263260056,103.56690270329183,5699.463,501.0,3.2250945568084717,270.0,22.28901481628418,29.045413970947266,1.2032921314239502,6.7968430519104,43.825592041015625,0.3034442961215973,0.33460500836372375,0.0,363.13763427734375,0.5698142051696777,0.5916381478309631,0.432788223028183,0.12199023365974426,39.401695251464844,0.35438644886016846,11.348051071166992,0.3370053768157959,0.6668615341186523,0.2555409371852875,0.27507561445236206,0.6469355821609497,373.8698425292969,0.6498774290084839,0.65755295753479,0.2878764867782593,0.17743931710720062,77.58331298828125,0.3527791500091553,5.256660461425781,0.2057424783706665,0.47856104373931885,0.22330035269260406,0.24017924070358276,0.0,309.1221923828125,0.7809435129165649,0.7809435129165649,0.4182629883289337,0.2977737486362457,64.17670440673828,0.34421631693840027,7.926210403442383,0.2522067725658417,0.5927823185920715,0.3313603103160858,0.3313603103160858,0.0,235.88906860351562,0.6865478754043579,0.6865478754043579,0.4175347089767456,0.22422651946544647,23.23969268798828,0.30415332317352295,13.87582778930664,0.4980531632900238,0.8362782597541809,0.36305227875709534,0.36305227875709534,0.0,419.3153991699219,0.5563486218452454,0.6703420877456665,0.2866709530353546,0.1829906553030014,99.9466781616211,0.3260519206523895,19.96739959716797,0.6607711911201477,1.2491519451141357
2019,2,29.961466943484048,105.40755273163849,5704.522,341.0,2.830601692199707,130.9043426513672,28.774869918823242,26.94597816467285,1.2842694520950317,7.261593341827393,32.44230270385742,0.27274325489997864,0.2997935712337494,0.0,419.6556396484375,0.5422829389572144,0.5761476755142212,0.42774125933647156,0.11053073406219482,31.393835067749023,0.35585951805114746,13.114238739013672,0.39387157559394836,0.8294867873191833,0.2328498363494873,0.26030275225639343,0.0,564.2772827148438,0.2186277210712433,0.2810615301132202,0.0036424952559173107,0.03747488185763359,62.07318878173828,0.3534262180328369,7.947567462921143,0.2674766182899475,0.5910110473632812,0.2326146513223648,0.2514021098613739,0.0,409.8744201660156,0.1452241688966751,0.1452241688966751,-0.005922167096287012,0.017063839361071587,41.29581069946289,0.3307477533817291,10.509600639343262,0.34095630049705505,0.6024037599563599,0.2969721853733063,0.2969721853733063,0.0,261.15545654296875,0.5198655724525452,0.5198655724525452,0.3822425603866577,0.11715522408485413,23.586111068725586,0.321082204580307,15.362085342407227,0.5496070981025696,0.9758434891700745,0.36848753690719604,0.36848753690719604,0.0,453.08343505859375,0.3254494071006775,0.46988770365715027,0.08816122263669968,0.058052908629179,96.02243041992188,0.34091758728027344,21.575401306152344,0.7487419843673706,1.3439325094223022
2019,2,31.536390221853758,105.24720345775658,5707.529,519.0,4.6273674964904785,180.0,21.49212074279785,26.178272247314453,1.29791259765625,7.177473545074463,34.25247573852539,0.2700608968734741,0.27971935272216797,0.5279880166053772,378.8196716308594,0.5734308958053589,0.5925109386444092,0.45404860377311707,0.10942820459604263,31.83407974243164,0.34214743971824646,11.821615219116211,0.4034477472305298,0.8850379586219788,0.24446086585521698,0.2653992176055908,6.36329984664917,440.23895263671875,0.4918375611305237,0.5968523025512695,0.1438797265291214,0.12452464550733566,70.24671936035156,0.357109397649765,6.11092472076416,0.26974621415138245,0.6189730763435364,0.24196645617485046,0.2992984354496002,1.272647500038147,342.1189270019531,0.5868571400642395,0.6671162843704224,0.2643207609653473,0.16297022998332977,45.499725341796875,0.3371107280254364,8.739648818969727,0.32667914032936096,0.644669771194458,0.3015645444393158,0.3015645444393158,0.0195690356194973,244.4265594482422,0.8375049829483032,0.8375049829483032,0.43188855051994324,0.3873460590839386,9.719999313354492,0.28931769728660583,14.37688159942627,0.6123989820480347,1.032052993774414,0.4277518093585968,0.4277518093585968,0.0,429.4625549316406,0.7533156275749207,0.7533156275749207,0.36570248007774353,0.2987649738788605,95.85482025146484,0.32596442103385925,20.450597763061523,0.7410691976547241,1.406862735748291
2019,2,29.97924983848519,105.6913299226798,5721.18,270.0,4.275047302246094,90.0,28.355127334594727,27.779170989990234,1.2688415050506592,6.992485523223877,32.10725021362305,0.2677021622657776,0.30102208256721497,0.0,418.4917297363281,0.5297741293907166,0.5830536484718323,0.42123663425445557,0.10947518795728683,38.589019775390625,0.3654325008392334,13.077866554260254,0.37280964851379395,0.813179075717926,0.2239820659160614,0.25140658020973206,0.0,565.9964599609375,0.339944452047348,0.339944452047348,0.1624225676059723,0.05741661787033081,62.863224029541016,0.36126747727394104,7.971780776977539,0.2626720666885376,0.5674746036529541,0.2270030677318573,0.24980559945106506,0.0,409.1294250488281,0.47898662090301514,0.4994720220565796,0.21293191611766815,0.09468812495470047,39.13629150390625,0.3374462425708771,10.490498542785645,0.34273383021354675,0.6105996370315552,0.2960100471973419,0.2960100471973419,0.0,258.0029296875,0.3609698712825775,0.3609699010848999,0.09917876124382019,0.06280875951051712,33.169288635253906,0.33791956305503845,15.176642417907715,0.5193358063697815,0.9623261094093323,0.3735111355781555,0.3735111355781555,0.0,450.21966552734375,0.4007243812084198,0.401991069316864,0.1205211877822876,0.08208657801151276,99.53280639648438,0.3532198965549469,21.43903160095215,0.7179108262062073,1.3160648345947266
2019,2,30.91224092920083,104.19347774691784,5727.0103,485.0,2.146000623703003,149.76710510253906,21.290672302246094,35.878170013427734,1.2646454572677612,6.800000190734863,37.55937957763672,0.27113595604896545,0.2945695221424103,0.5872909426689148,348.13677978515625,0.5413371920585632,0.5589722990989685,0.41478684544563293,0.11312010884284973,37.60598373413086,0.354079008102417,10.860921859741211,0.3522404730319977,0.7375566959381104,0.24801179766654968,0.2728281319141388,20.909774780273438,377.2989196777344,0.5182847380638123,0.6780978441238403,0.30450868606567383,0.14032898843288422,75.56439971923828,0.35603341460227966,5.019565582275391,0.2215106189250946,0.49349245429039,0.24816972017288208,0.2594473958015442,3.0476627349853516,298.59649658203125,0.629004716873169,0.7097852230072021,0.3819431662559509,0.22485749423503876,63.54819107055664,0.3476938307285309,7.578175067901611,0.2683706283569336,0.5686694383621216,0.31676119565963745,0.31676119565963745,0.0,225.8205108642578,0.7719937562942505,0.8279188871383667,0.44303229451179504,0.33000317215919495,20.287433624267578,0.3126745820045471,13.283559799194336,0.5153642296791077,0.8487173318862915,0.38652360439300537,0.38652360439300537,0.0,410.30914306640625,0.5352147221565247,0.6590961217880249,0.362215131521225,0.16741515696048737,88.3521728515625,0.32625052332878113,19.538530349731445,0.6815370321273804,1.3203400373458862
2019,2,30.542496728950155,103.62403716508965,5731.787,509.0,0.9274099469184875,180.0,20.13170623779297,24.060062408447266,1.2343041896820068,6.900000095367432,45.81974411010742,0.297534704208374,0.32808586955070496,0.17345097661018372,356.00274658203125,0.5647705793380737,0.5866774320602417,0.4293518662452698,0.12043655663728714,39.69387435913086,0.35374030470848083,11.11966609954834,0.3361506462097168,0.6687820553779602,0.252663791179657,0.2714731693267822,6.731466770172119,366.96124267578125,0.43677854537963867,0.4419216811656952,0.13716007769107819,0.09451117366552353,76.39138793945312,0.3519882261753082,5.0736589431762695,0.20648205280303955,0.4807276427745819,0.2239094078540802,0.23993638157844543,0.9000991582870483,302.19537353515625,0.43600115180015564,0.63371741771698,0.12113693356513977,0.10834629088640213,64.44207763671875,0.343671053647995,7.725520133972168,0.25200116634368896,0.588986873626709,0.32766151428222656,0.32766151428222656,0.0,231.555419921875,0.5733969211578369,0.5733969211578369,0.22584640979766846,0.1702415496110916,23.730224609375,0.3055512309074402,13.6209077835083,0.4940221607685089,0.8293687701225281,0.36345359683036804,0.36345359683036804,0.0,414.92376708984375,0.4658549427986145,0.5989927649497986,0.16187706589698792,0.13330185413360596,98.81875610351562,0.3258872926235199,19.75827407836914,0.6580552458763123,1.248016119003296
2019,2,31.915302333870322,105.08254223315599,5733.9907,549.0,4.297680854797363,149.49989318847656,26.309249877929688,26.271596908569336,1.2853327989578247,7.215143203735352,31.71525001525879,0.25777116417884827,0.270406037569046,9.833351135253906,277.6982116699219,0.574030339717865,0.5875537991523743,0.42899227142333984,0.10498510301113129,37.183048248291016,0.36005473136901855,8.370777130126953,0.3251679837703705,0.7624034285545349,0.22338584065437317,0.25225144624710083,96.28257751464844,272.0165100097656,0.5126131176948547,0.643377423286438,0.2200206220149994,0.1515708863735199,64.53755950927734,0.3650739789009094,2.475125789642334,0.21507729589939117,0.49742674827575684,0.21451903879642487,0.25873416662216187,22.460758209228516,225.439453125,0.6155432462692261,0.638595461845398,0.24357467889785767,0.19106899201869965,56.802616119384766,0.3600108027458191,5.2045817375183105,0.24818302690982819,0.5150861740112305,0.28964078426361084,0.28964078426361084,0.3702152371406555,187.7352294921875,0.6261050701141357,0.6444039344787598,0.2915039658546448,0.22012272477149963,15.160364151000977,0.320485383272171,11.021471977233887,0.4951726198196411,0.859054446220398,0.4303876459598541,0.4303876459598541,0.0,361.956787109375,0.47505754232406616,0.47812336683273315,0.3934277594089508,0.0670042634010315,101.65795135498047,0.34305062890052795,17.236038208007812,0.5686221122741699,1.096352458000183
2019,2,29.679036400960893,105.38222057855386,5751.0376,334.0,3.3304619789123535,73.8487777709961,22.17660140991211,32.050010681152344,1.2508692741394043,6.955422878265381,30.234180450439453,0.26828086376190186,0.293862521648407,0.0,421.92987060546875,0.5320448279380798,0.5691433548927307,0.4303310811519623,0.10663103312253952,30.794898986816406,0.36111199855804443,13.185308456420898,0.38309091329574585,0.8026074171066284,0.21556510031223297,0.24745215475559235,0.0,574.3364868164062,0.3980276882648468,0.48750174045562744,0.31532740592956543,0.08812663704156876,61.87722396850586,0.3554829955101013,8.08924674987793,0.2614005506038666,0.5699655413627625,0.2180130034685135,0.24148881435394287,0.0,414.2176818847656,0.3070605397224426,0.41627246141433716,0.14432089030742645,0.046580296009778976,44.53003692626953,0.33738115429878235,10.620966911315918,0.33301660418510437,0.5831633806228638,0.28316134214401245,0.28316134214401245,0.0,262.27032470703125,0.5008580088615417,0.5008580088615417,0.37665796279907227,0.10947523266077042,26.82025909423828,0.3329995274543762,15.427666664123535,0.5348814129829407,0.951761782169342,0.354789674282074,0.354789674282074,0.0,453.2236633300781,0.4156669080257416,0.5155709385871887,0.2318750023841858,0.05528688058257103,96.01481628417969,0.3498780429363251,21.58207893371582,0.728773295879364,1.333535075187683
2019,2,31.174730371812977,105.87943710061941,5776.579,397.0,1.4263707399368286,49.45002746582031,26.282642364501953,29.044025421142578,1.2861275672912598,7.090971946716309,29.273183822631836,0.26814448833465576,0.28797784447669983,0.0,400.0450439453125,0.5693360567092896,0.6113108396530151,0.45109686255455017,0.11059537529945374,44.89081573486328,0.35676246881484985,12.501407623291016,0.37937796115875244,0.8677203059196472,0.24295449256896973,0.25716158747673035,0.0,504.0890808105469,0.3050389289855957,0.37965449690818787,0.0914379209280014,0.05302971601486206,71.78215789794922,0.3650563359260559,7.099846363067627,0.26677048206329346,0.603040874004364,0.23440268635749817,0.28976956009864807,0.0,378.4993591308594,0.4004403054714203,0.4974246919155121,0.35136544704437256,0.09520697593688965,31.589487075805664,0.3332977592945099,9.705111503601074,0.3535401523113251,0.6568982005119324,0.29743513464927673,0.29743513464927673,0.0,248.29098510742188,0.4675324559211731,0.4675324559211731,0.1693899780511856,0.10037922114133835,24.67800521850586,0.31719887256622314,14.605352401733398,0.5522664189338684,1.0264281034469604,0.4160681664943695,0.4160681664943695,0.0,440.977783203125,0.4867939352989197,0.5351002812385559,0.1883380264043808,0.11322124302387238,107.35232543945312,0.3426588177680969,20.99894142150879,0.7274502515792847,1.2995789051055908
2019,2,29.058119956571716,105.21567315420766,5795.1455,279.0,1.8543341159820557,-0.0,33.548606872558594,27.42707633972168,1.2815296649932861,6.053370952606201,30.93135643005371,0.2682606875896454,0.29790714383125305,0.0,422.92620849609375,0.577783465385437,0.6170763969421387,0.4408576488494873,0.10684403032064438,30.73200798034668,0.3671744763851166,13.21644401550293,0.3595711588859558,0.7522460222244263,0.1977550983428955,0.2319004237651825,0.0,574.8707885742188,0.4023628830909729,0.48569726943969727,0.3051000237464905,0.0783916488289833,73.24385833740234,0.3612922132015228,8.096771240234375,0.24004365503787994,0.504788339138031,0.18813671171665192,0.2143697440624237,0.0,412.2716064453125,0.18086260557174683,0.18985019624233246,0.2177402526140213,0.0326521135866642,52.7525634765625,0.35097405314445496,10.571066856384277,0.300013929605484,0.5376350283622742,0.26204419136047363,0.26204419136047363,0.0,264.0936279296875,0.48151695728302,0.48151695728302,0.3708341121673584,0.098966084420681,24.159358978271484,0.33429598808288574,15.534919738769531,0.5135496258735657,0.8770873546600342,0.3502771556377411,0.3502771556377411,0.0,454.424560546875,0.33609694242477417,0.33609694242477417,0.07188539206981659,0.07041230797767639,77.50273132324219,0.34622684121131897,21.639265060424805,0.7096163630485535,1.3590091466903687
2019,2,30.292136041203385,105.13374609055269,5817.704,368.0,2.14729642868042,90.0,26.5598087310791,28.079017639160156,1.3012431859970093,7.47037410736084,36.48777770996094,0.2779678404331207,0.30673763155937195,0.0,415.4701232910156,0.5542697310447693,0.5843482613563538,0.4247090518474579,0.11509650945663452,29.5157527923584,0.3473522961139679,12.983441352844238,0.4092893898487091,0.8621140718460083,0.2530868351459503,0.2753482162952423,0.0,537.709228515625,0.20224235951900482,0.20224234461784363,0.256421834230423,0.028192585334181786,62.60041046142578,0.3496188223361969,7.573369026184082,0.2687716782093048,0.6016793251037598,0.24971027672290802,0.26300862431526184,0.0,396.717041015625,0.2227848619222641,0.26560232043266296,0.30386418104171753,0.03619915992021561,41.15986633300781,0.326443076133728,10.172232627868652,0.3397948145866394,0.6278124451637268,0.31314194202423096,0.31314194202423096,0.0,260.0444030761719,0.23451633751392365,0.23451635241508484,0.2845763862133026,0.041603196412324905,17.783357620239258,0.3051643669605255,15.296730041503906,0.5741844177246094,0.9821075797080994,0.38452503085136414,0.38452503085136414,0.0,452.98675537109375,0.274951696395874,0.3871319591999054,0.35849055647850037,0.05444043502211571,89.42678833007812,0.3244888484477997,21.570796966552734,0.7826598286628723,1.402758240699768
2019,2,30.985004540190964,104.35841097668269,5826.104,455.0,1.8543341159820557,180.0,19.1368350982666,35.11211395263672,1.282963514328003,7.083683490753174,36.58250045776367,0.2738972306251526,0.29516279697418213,0.31930437684059143,364.1456604003906,0.5386555790901184,0.5545387268066406,0.41325998306274414,0.11356346309185028,34.06142807006836,0.35169747471809387,11.369573593139648,0.3680232763290405,0.777127206325531,0.25467410683631897,0.2833833694458008,11.350744247436523,401.9446716308594,0.15687069296836853,0.15687069296836853,-0.11242418736219406,0.044770896434783936,75.20335388183594,0.3561611473560333,5.501323223114014,0.23016299307346344,0.5027797818183899,0.26161736249923706,0.27314573526382446,1.656984567642212,316.5740966796875,0.14526057243347168,0.15262460708618164,-0.1107708066701889,0.03988080844283104,60.90901565551758,0.3469550609588623,8.074797630310059,0.2814673185348511,0.580821692943573,0.32259389758110046,0.32259389758110046,0.0,235.35971069335938,0.1584254503250122,0.158425435423851,-0.06990502029657364,0.047321680933237076,16.423938751220703,0.30770641565322876,13.844688415527344,0.5445731282234192,0.8843243718147278,0.39910951256752014,0.39910951256752014,0.0,421.1360778808594,0.2479076236486435,0.2729141116142273,-0.0470808669924736,0.07237469404935837,84.20829010009766,0.3217654228210449,20.054100036621094,0.7141451835632324,1.3888845443725586
2019,2,30.958325738588197,104.35490612325468,5826.104,459.0,0.0,-0.0,18.417238235473633,33.83098602294922,1.2770684957504272,6.9995808601379395,37.136451721191406,0.2743762731552124,0.296144038438797,0.3092040419578552,365.7650451660156,0.5399574041366577,0.5564477443695068,0.4138522446155548,0.11380930989980698,33.70878982543945,0.35099107027053833,11.42049503326416,0.36979934573173523,0.7793642282485962,0.25501540303230286,0.2831338346004486,10.997346878051758,405.3274841308594,0.41791844367980957,0.41791844367980957,0.08497534692287445,0.11045584082603455,74.60568237304688,0.3553999364376068,5.553945541381836,0.23108768463134766,0.5062432885169983,0.2609689235687256,0.2724584639072418,1.6045703887939453,318.69232177734375,0.5088016986846924,0.5881720185279846,0.23798929154872894,0.1569504290819168,60.370330810546875,0.34601545333862305,8.130455017089844,0.2828327715396881,0.584392786026001,0.3225559592247009,0.3225559592247009,0.0,236.21197509765625,0.7942108511924744,0.7942108511924744,0.4155692756175995,0.3372219204902649,16.364442825317383,0.30708765983581543,13.894822120666504,0.5461395978927612,0.8859375715255737,0.3983491063117981,0.3983491063117981,0.0,422.302978515625,0.6439735293388367,0.6439735293388367,0.3232409358024597,0.1998249739408493,83.86538696289062,0.3209613561630249,20.109664916992188,0.7181758284568787,1.3936710357666016
2019,2,31.84657866843461,105.18387084549448,5843.1265,553.0,9.774433135986328,264.6081237792969,24.459505081176758,23.68067169189453,1.2799999713897705,7.020637035369873,35.63783264160156,0.26093265414237976,0.27288544178009033,6.263613224029541,302.0286560058594,0.5790185332298279,0.5939090251922607,0.4395909905433655,0.10611084848642349,35.250701904296875,0.3555928170681,9.242657661437988,0.345570832490921,0.8017324209213257,0.22726020216941833,0.25417622923851013,68.35366821289062,309.195556640625,0.5171128511428833,0.6375313997268677,0.16856816411018372,0.143743097782135,65.0339584350586,0.36317798495292664,3.392139196395874,0.22956892848014832,0.5327560901641846,0.2174251526594162,0.2671512961387634,14.699197769165039,252.70367431640625,0.6108347773551941,0.6114414930343628,0.2081643044948578,0.15806911885738373,53.776912689208984,0.3549441695213318,6.1026787757873535,0.26774507761001587,0.5500447154045105,0.29162147641181946,0.29162147641181946,0.23399904370307922,202.15586853027344,0.7459799647331238,0.7459799647331238,0.27632027864456177,0.2794440984725952,13.200942039489746,0.31229764223098755,11.87775707244873,0.5266045331954956,0.9058352112770081,0.4313512444496155,0.4313512444496155,0.0,378.3256530761719,0.5422204732894897,0.5422204732894897,0.20018252730369568,0.21390597522258759,101.79329681396484,0.3396795988082886,18.015506744384766,0.6071133017539978,1.1615713834762573
2019,2,29.42624996224104,105.35796306882311,5903.721,389.0,4.2287821769714355,48.94453811645508,31.758298873901367,24.79532241821289,1.2611180543899536,6.397477149963379,32.03128433227539,0.26596397161483765,0.29141679406166077,0.0,423.60205078125,0.534492552280426,0.5737428069114685,0.43418022990226746,0.10459759831428528,30.4847354888916,0.3649107813835144,13.237564086914062,0.3735499382019043,0.7793890237808228,0.20338177680969238,0.23752737045288086,0.0,581.0257568359375,0.26718008518218994,0.26718008518218994,0.047246020287275314,0.057149820029735565,63.44541931152344,0.35744577646255493,8.18346118927002,0.2550911605358124,0.5488455295562744,0.20526553690433502,0.23175270855426788,0.0,416.8913269042969,0.2767476439476013,0.3153657615184784,0.03753219172358513,0.050119657069444656,47.40947341918945,0.34290269017219543,10.689521789550781,0.32394886016845703,0.5656023025512695,0.2724686861038208,0.2724686861038208,0.0,263.3006286621094,0.4283778965473175,0.4283779263496399,0.09416341036558151,0.09034489840269089,28.080385208129883,0.3393995463848114,15.488271713256836,0.5236459970474243,0.9271125793457031,0.3467867076396942,0.3467867076396942,0.0,453.7078552246094,0.6058230996131897,0.6988809704780579,0.2154293954372406,0.13031254708766937,92.83390808105469,0.353838711977005,21.605134963989258,0.7156788110733032,1.334132194519043
2019,2,30.0299186037555,105.28978341371592,5912.855,420.0,5.0950212478637695,155.20211791992188,30.371442794799805,24.574697494506836,1.2722489833831787,7.300000190734863,35.884159088134766,0.2738247811794281,0.3012310564517975,0.0,418.5832824707031,0.5447643399238586,0.5778452754020691,0.4271135628223419,0.11147589236497879,30.62192153930664,0.35416004061698914,13.080727577209473,0.3977993428707123,0.8386073708534241,0.23703907430171967,0.2634173035621643,0.0,556.0072631835938,0.44576337933540344,0.44576340913772583,0.12555766105651855,0.07872181385755539,62.515869140625,0.35302993655204773,7.831088066101074,0.26668962836265564,0.5900309085845947,0.23615360260009766,0.2538047730922699,0.0,405.59417724609375,0.44922754168510437,0.47426286339759827,0.0541573166847229,0.07143620401620865,41.98411560058594,0.33094164729118347,10.399850845336914,0.3384696841239929,0.6060246229171753,0.30031946301460266,0.30031946301460266,0.0,260.9515686035156,0.4101668894290924,0.41016685962677,0.03532765060663223,0.0745273232460022,21.87700653076172,0.3174307644367218,15.350091934204102,0.5558465719223022,0.9733265042304993,0.37180742621421814,0.37180742621421814,0.0,452.98822021484375,0.4257362484931946,0.4257362484931946,0.06072874367237091,0.09481146186590195,93.78264617919922,0.33688539266586304,21.57086753845215,0.7564235329627991,1.3597193956375122
2019,2,30.99632173866461,104.32499001428712,5947.9053,468.0,2.1464767456054688,329.74530029296875,20.100000381469727,33.599998474121094,1.2599999904632568,6.900000095367432,39.099998474121094,0.2724221348762512,0.29368630051612854,0.40358588099479675,358.3040771484375,0.5378310680389404,0.5535327792167664,0.41292238235473633,0.1131284162402153,35.307334899902344,0.35301119089126587,11.1843900680542,0.3623489439487457,0.7653704881668091,0.2525523006916046,0.2808871269226074,14.343989372253418,392.32879638671875,0.4805842638015747,0.6190476417541504,0.24797268211841583,0.12908267974853516,75.87117004394531,0.35691389441490173,5.323729991912842,0.22716760635375977,0.497119277715683,0.2590048313140869,0.2704538404941559,2.094351291656494,309.779052734375,0.5224261283874512,0.5722618103027344,0.2558335065841675,0.15604868531227112,62.11304473876953,0.34810760617256165,7.8893513679504395,0.27689725160598755,0.573948323726654,0.3209901750087738,0.3209901750087738,0.0,231.97732543945312,0.6288908123970032,0.6323686838150024,0.24924004077911377,0.19631327688694,17.452550888061523,0.30968353152275085,13.64572525024414,0.5356570482254028,0.8736714720726013,0.39681798219680786,0.39681798219680786,0.0,417.1231994628906,0.39637598395347595,0.5101935267448425,0.13850416243076324,0.09774632006883621,85.50980377197266,0.32372352480888367,19.86301040649414,0.7019633650779724,1.3671208620071411
2019,2,31.22943462353665,105.97726531863096,5958.9536,363.0,4.289612770080566,30.315963745117188,26.518329620361328,35.921810150146484,1.2801804542541504,7.197633266448975,26.95823097229004,0.26725444197654724,0.2861456274986267,0.0,398.2177429199219,0.5703534483909607,0.6129459142684937,0.4535544216632843,0.11004908382892609,48.18033218383789,0.36026090383529663,12.444304466247559,0.3690474331378937,0.8574327230453491,0.24134255945682526,0.25517207384109497,0.0,500.5647888183594,0.4497218728065491,0.4497218728065491,0.0647391751408577,0.07618288695812225,73.8702392578125,0.3678325116634369,7.05020809173584,0.26187628507614136,0.588805079460144,0.23250757157802582,0.29144254326820374,0.0,376.57891845703125,0.2008495032787323,0.2643473148345947,0.030288327485322952,0.03994005545973778,30.30833625793457,0.334987998008728,9.655869483947754,0.3536544740200043,0.6520691514015198,0.29550474882125854,0.29550474882125854,0.0,246.1189727783203,0.42632758617401123,0.42632758617401123,0.07801016420125961,0.08130066841840744,27.060020446777344,0.3231097161769867,14.47758674621582,0.537814199924469,1.0190675258636475,0.4178311824798584,0.4178311824798584,0.0,439.373046875,0.561420202255249,0.6442577242851257,0.20130959153175354,0.14254172146320343,110.25733947753906,0.34645703434944153,20.92252540588379,0.7141093015670776,1.269468069076538
2019,2,31.139155663608587,105.87863000332874,5961.8364,397.0,5.105329513549805,205.0484161376953,28.529327392578125,28.646865844726562,1.2734389305114746,6.828886032104492,31.55876922607422,0.2680353820323944,0.2890390455722809,0.0,400.7314147949219,0.566978394985199,0.6107561588287354,0.4487662613391876,0.11075325310230255,45.04231643676758,0.35751521587371826,12.522856712341309,0.3787158727645874,0.8660506010055542,0.2430534064769745,0.2574698030948639,0.0,506.33245849609375,0.25779005885124207,0.3007778823375702,0.08303652703762054,0.037970416247844696,71.60148620605469,0.36537858843803406,7.131443500518799,0.2664041519165039,0.6010961532592773,0.23478956520557404,0.28825268149375916,0.0,379.5851135253906,0.2879776358604431,0.2879776358604431,-0.04820936545729637,0.03979850932955742,31.641990661621094,0.3336740732192993,9.732951164245605,0.35325103998184204,0.6565457582473755,0.2980518043041229,0.2980518043041229,0.0,248.49732971191406,0.3415999710559845,0.3416000008583069,0.10912696272134781,0.05728631094098091,25.28081703186035,0.3184656798839569,14.6174898147583,0.5499635338783264,1.0237054824829102,0.41478678584098816,0.41478678584098816,0.0,441.33563232421875,0.4546281099319458,0.5121443271636963,0.18944960832595825,0.10190281271934509,107.13129425048828,0.34324759244918823,21.01598358154297,0.7271018028259277,1.2986210584640503
2019,2,31.748215358296655,105.17336074431151,5963.1084,549.0,2.150865316390991,210.45472717285156,22.79938316345215,24.968509674072266,1.2999999523162842,7.132001876831055,28.269454956054688,0.2639029920101166,0.2751758098602295,4.6309380531311035,324.8648376464844,0.5749867558479309,0.5906426310539246,0.4419593811035156,0.10718761384487152,34.41388702392578,0.3521169126033783,10.007308959960938,0.3614821135997772,0.8226121068000793,0.2331053614616394,0.25892719626426697,49.852840423583984,347.3665466308594,0.5351688265800476,0.6586763858795166,0.17340311408042908,0.15441295504570007,67.22948455810547,0.3617236316204071,4.190333843231201,0.24016278982162476,0.5530254244804382,0.2267175316810608,0.2771640121936798,10.829520225524902,278.8873291015625,0.649977445602417,0.6638830900192261,0.24061229825019836,0.2030465304851532,51.97822570800781,0.350258469581604,6.873276710510254,0.2838876247406006,0.5751426815986633,0.29580768942832947,0.29580768942832947,0.17318189144134521,214.6852264404297,0.7687559127807617,0.7687559127807617,0.3162544071674347,0.28636157512664795,12.304875373840332,0.3060046136379242,12.618355751037598,0.5505579710006714,0.9397177696228027,0.43001529574394226,0.43001529574394226,0.0,393.51312255859375,0.5535945892333984,0.5535945892333984,0.16891229152679443,0.1656908541917801,99.56876373291016,0.33555880188941956,18.738719940185547,0.6463519930839539,1.2365381717681885
2019,2,31.225122672817964,104.28726156027392,5993.764,525.0,2.147792100906372,329.6851501464844,22.8399715423584,30.81425666809082,1.2697334289550781,6.800000190734863,37.162498474121094,0.2639617621898651,0.28146180510520935,0.7167242169380188,331.3468017578125,0.5256474018096924,0.5365275740623474,0.4072912335395813,0.10994425415992737,40.9247932434082,0.36133354902267456,10.33219051361084,0.33592489361763,0.7221481800079346,0.24435463547706604,0.2760021388530731,25.40388298034668,344.1960144042969,0.4269728362560272,0.5827679634094238,0.13646526634693146,0.10772037506103516,81.67723846435547,0.3642936944961548,4.490030288696289,0.2136210948228836,0.45908865332603455,0.2576283812522888,0.26890137791633606,3.7193381786346436,277.09344482421875,0.5483112335205078,0.6703296899795532,0.2655898630619049,0.1539074033498764,68.94254302978516,0.3577651381492615,7.009592056274414,0.2562221586704254,0.5303617119789124,0.3164519667625427,0.3164519667625427,0.0,216.89285278320312,0.6461688876152039,0.7839981317520142,0.3492562174797058,0.21795277297496796,20.43111801147461,0.3195030689239502,12.758403778076172,0.5022785067558289,0.8352532386779785,0.39700084924697876,0.39700084924697876,0.0,398.2724304199219,0.5983967781066895,0.6074657440185547,0.2310485690832138,0.17322765290737152,90.80548858642578,0.3344278633594513,18.965354919433594,0.6432209610939026,1.2800681591033936
2019,2,29.038446402723913,105.46091033484403,6025.402,333.0,4.265905857086182,209.7648468017578,33.18064880371094,29.082229614257812,1.2418969869613647,6.012559413909912,33.51688766479492,0.26887810230255127,0.2984245717525482,0.0,426.1011962890625,0.5826783776283264,0.6228036880493164,0.4490930140018463,0.10688470304012299,30.92973518371582,0.36563828587532043,13.315662384033203,0.3582790493965149,0.734601616859436,0.1966128945350647,0.22574320435523987,0.0,590.9497680664062,0.2531328499317169,0.25313282012939453,0.07700593024492264,0.05062657222151756,70.0985107421875,0.35789254307746887,8.323236465454102,0.2450823187828064,0.5166813135147095,0.18668685853481293,0.21370233595371246,0.0,421.1949157714844,0.37814033031463623,0.46249139308929443,-0.009850962087512016,0.07637397944927216,50.104164123535156,0.34621062874794006,10.799869537353516,0.3085744380950928,0.5472471714019775,0.26287445425987244,0.26287445425987244,0.0,265.63555908203125,0.47852206230163574,0.47852206230163574,0.37312328815460205,0.09892699122428894,24.78608512878418,0.33304110169410706,15.625621795654297,0.5138736963272095,0.8825425505638123,0.35036134719848633,0.35036134719848633,0.0,457.1111145019531,0.6227561235427856,0.6372391581535339,0.14907114207744598,0.1829657405614853,75.22576904296875,0.3429121673107147,21.767194747924805,0.7203203439712524,1.3947875499725342
2019,2,30.497219016853467,103.68143917295066,6037.512,494.0,1.0762813091278076,270.0,22.846214294433594,28.604568481445312,1.2017461061477661,6.714503288269043,40.9589958190918,0.3009076416492462,0.3318663239479065,0.0,368.519775390625,0.5676005482673645,0.5902915000915527,0.43065738677978516,0.12150125950574875,37.107017517089844,0.3508712947368622,11.516242980957031,0.34809058904647827,0.6923288702964783,0.25698956847190857,0.27612319588661194,0.5780112147331238,387.9290466308594,0.6298632621765137,0.673747718334198,0.2758733034133911,0.17775531113147736,74.80805206298828,0.35013437271118164,5.455648422241211,0.21272234618663788,0.4936898648738861,0.22824369370937347,0.24442316591739655,0.0,316.8724060058594,0.7336594462394714,0.8117262125015259,0.38453108072280884,0.2867205739021301,61.79266357421875,0.3409253656864166,8.124933242797852,0.2615492343902588,0.6044561266899109,0.3307594954967499,0.3307594954967499,0.0,238.73826599121094,0.8514337539672852,0.8514337539672852,0.4663805365562439,0.34908783435821533,21.746320724487305,0.30142807960510254,14.043427467346191,0.5119885802268982,0.8507750034332275,0.3671269416809082,0.3671269416809082,0.0,423.5198059082031,0.6842786073684692,0.7125679850578308,0.3800630271434784,0.20745567977428436,96.20092010498047,0.3217340409755707,20.16761016845703,0.6838240623474121,1.291966199874878
2019,2,31.370649894798234,104.2163841490294,6038.5806,608.0,2.148637533187866,149.6465606689453,31.650691986083984,25.05025863647461,1.2559183835983276,6.73622989654541,35.57622528076172,0.2536010146141052,0.26923078298568726,1.147146463394165,301.982421875,0.5167028903961182,0.5250470042228699,0.4029353857040405,0.10672415047883987,46.77104568481445,0.3684875965118408,9.401103019714355,0.30969858169555664,0.6748846769332886,0.23399831354618073,0.2659599781036377,40.61964416503906,297.0325012207031,0.571784496307373,0.7528026700019836,0.26901742815971375,0.15208406746387482,85.69731140136719,0.36957848072052,3.6114487648010254,0.20055288076400757,0.42901840806007385,0.25054606795310974,0.26101481914520264,5.952953338623047,243.083251953125,0.6929360628128052,0.7806004881858826,0.41174110770225525,0.24412137269973755,75.13419342041016,0.3651362359523773,6.080264091491699,0.23562641441822052,0.4910656809806824,0.308395117521286,0.308395117521286,0.0,199.93319702148438,0.6691075563430786,0.8723137974739075,0.430196076631546,0.24402351677417755,24.577150344848633,0.3301006555557251,11.76077651977539,0.46317246556282043,0.7883636951446533,0.3913940191268921,0.3913940191268921,0.0,378.07733154296875,0.7244925498962402,0.7400221824645996,0.3753507435321808,0.2308233231306076,95.90941619873047,0.3445552885532379,18.00368309020996,0.5851947665214539,1.1849229335784912
2019,2,31.532889827526816,106.46558593409488,6039.0146,390.0,1.8543341159820557,-0.0,28.30682373046875,27.944374084472656,1.2878855466842651,6.700350284576416,38.54707717895508,0.26868534088134766,0.2779565751552582,6.550478283315897E-4,384.13763427734375,0.5921703577041626,0.6166368126869202,0.47179725766181946,0.10896933823823929,63.84934997558594,0.37441641092300415,12.004281044006348,0.319012850522995,0.8065416812896729,0.2406545877456665,0.2539287209510803,1.2716057300567627,472.0179748535156,0.5618294477462769,0.5985428094863892,0.21983139216899872,0.12380725145339966,85.48052978515625,0.37758633494377136,6.630230903625488,0.23462975025177002,0.5136186480522156,0.22861583530902863,0.3005695641040802,0.16869401931762695,361.52606201171875,0.3782166540622711,0.5103862285614014,0.3526957333087921,0.09491965174674988,24.043642044067383,0.33749300241470337,9.265573501586914,0.3534736931324005,0.6049942970275879,0.2914641201496124,0.2914641201496124,0.0,232.79954528808594,0.4265762269496918,0.487331360578537,0.25413596630096436,0.11120368540287018,35.00818634033203,0.34578296542167664,13.694090843200684,0.4625134766101837,0.9754583239555359,0.42859911918640137,0.42859911918640137,0.0,428.3392333984375,0.5689735412597656,0.6166982650756836,0.22671851515769958,0.14460451900959015,126.99261474609375,0.36005404591560364,20.397106170654297,0.6437931060791016,1.0757865905761719
2019,2,30.021294702318137,105.03322457550487,6039.6157,405.0,5.623970031738281,325.2792053222656,15.072953224182129,31.90268898010254,1.278329610824585,7.31011962890625,36.704532623291016,0.27368852496147156,0.30104994773864746,0.0,417.57135009765625,0.5444517135620117,0.5776313543319702,0.42719265818595886,0.11135681718587875,28.70306396484375,0.3534107208251953,13.049104690551758,0.40017497539520264,0.843049168586731,0.23651130497455597,0.2630248963832855,0.0,544.2639770507812,0.570315957069397,0.5738872289657593,0.2474786639213562,0.1519278883934021,63.310691833496094,0.3532668650150299,7.665689945220947,0.26183316111564636,0.5768561363220215,0.23570774495601654,0.2535020709037781,0.0,399.06036376953125,0.4826565980911255,0.5595959424972534,0.13962766528129578,0.107157863676548,45.12289810180664,0.3348420262336731,10.232316970825195,0.3291294574737549,0.6034068465232849,0.2998977601528168,0.2998977601528168,0.0,261.1231994628906,0.410183310508728,0.4112280607223511,0.049465030431747437,0.08267197757959366,20.071340560913086,0.31621718406677246,15.360188484191895,0.5609273314476013,0.9553139805793762,0.3713891804218292,0.3713891804218292,0.0,452.87091064453125,0.48406118154525757,0.5580331683158875,0.07621331512928009,0.12164169549942017,89.1301040649414,0.3332875072956085,21.565282821655273,0.7617601752281189,1.3871053457260132
2019,2,31.415120509604243,106.05622708008538,6054.5757,360.0,6.330546855926514,136.85023498535156,30.91141700744629,28.22685432434082,1.3142338991165161,6.862827777862549,27.012935638427734,0.26835355162620544,0.28070268034935,0.0,393.9973449707031,0.5839734077453613,0.6154520511627197,0.4662919342517853,0.1093762069940567,49.9534797668457,0.3591645658016205,12.312417030334473,0.36430615186691284,0.8562424778938293,0.24155615270137787,0.25432026386260986,0.0,488.84674072265625,0.23704743385314941,0.25256672501564026,-0.07268744707107544,0.0333363302052021,76.38392639160156,0.36773112416267395,6.885165214538574,0.25954076647758484,0.585827648639679,0.23113705217838287,0.2996959388256073,0.0,371.04345703125,0.18481925129890442,0.1895679235458374,-0.04173434525728226,0.028024297207593918,28.798229217529297,0.333141952753067,9.513935089111328,0.3558815121650696,0.6454289555549622,0.29277491569519043,0.29277491569519043,0.0,243.5772247314453,0.22511757910251617,0.23535911738872528,0.010565917938947678,0.038686927407979965,25.727094650268555,0.32100579142570496,14.328072547912598,0.5359039306640625,1.025327444076538,0.42462819814682007,0.42462819814682007,0.0,436.7912902832031,0.362396776676178,0.4025115668773651,0.04809765890240669,0.07989432662725449,113.92512512207031,0.3457699120044708,20.799585342407227,0.7063248157501221,1.2434992790222168
2019,2,31.65361998854885,104.98579311759936,6072.4067,605.0,7.637691020965576,276.93341064453125,27.63616371154785,24.111690521240234,1.2967336177825928,7.502919673919678,29.167003631591797,0.26696959137916565,0.2778666615486145,4.454310417175293,337.6515197753906,0.5580188035964966,0.5713658928871155,0.4312059283256531,0.1082894578576088,35.12010955810547,0.3531762957572937,10.412412643432617,0.36262398958206177,0.809798538684845,0.24081595242023468,0.26991817355155945,40.64524841308594,365.00103759765625,0.5892808437347412,0.6925145387649536,0.3639505207538605,0.20516055822372437,72.33808898925781,0.362894743680954,4.5683913230896,0.23807695508003235,0.5323899984359741,0.24414783716201782,0.28566864132881165,10.008489608764648,291.4338684082031,0.704599142074585,0.7826589345932007,0.3918498456478119,0.2522315979003906,54.81087112426758,0.3510361909866333,7.216035842895508,0.28490352630615234,0.5709976553916931,0.3053514063358307,0.3053514063358307,0.16846905648708344,221.2777862548828,0.7901570796966553,0.7901570796966553,0.4124256372451782,0.3377131223678589,12.751214027404785,0.3057202696800232,13.006430625915527,0.5543234944343567,0.9366892576217651,0.4273710548877716,0.4273710548877716,0.0,401.8745422363281,0.6801694631576538,0.6801694631576538,0.3116990327835083,0.21581776440143585,95.34647369384766,0.33283230662345886,19.136882781982422,0.6656576991081238,1.292304277420044
2019,2,31.60942583800815,105.02756597626806,6075.3774,492.0,3.392319679260254,254.1518096923828,27.262893676757812,26.674213409423828,1.293299913406372,7.0,25.363990783691406,0.268576055765152,0.2790863811969757,2.9263734817504883,351.0165100097656,0.5595868825912476,0.5737892389297485,0.4359416365623474,0.10886714607477188,34.23432540893555,0.35065266489982605,10.877817153930664,0.3736107051372528,0.8290064334869385,0.24317507445812225,0.27105778455734253,27.449190139770508,386.7298278808594,0.5702128410339355,0.7268656492233276,0.28024956583976746,0.17525196075439453,72.75382995605469,0.3617628812789917,5.060290336608887,0.24590733647346497,0.5510176420211792,0.2465202957391739,0.29063880443573,6.617005348205566,306.7813415527344,0.7455968856811523,0.7920861840248108,0.38363394141197205,0.2712027132511139,53.09445571899414,0.3479558229446411,7.696521759033203,0.29575031995773315,0.589646577835083,0.30644702911376953,0.30644702911376953,0.11048677563667297,228.94493103027344,0.8509911298751831,0.8861127495765686,0.4654027819633484,0.4003404974937439,11.861842155456543,0.30132681131362915,13.46084976196289,0.5708693861961365,0.96151202917099,0.4274229407310486,0.4274229407310486,0.0,410.8280334472656,0.6856521368026733,0.7083221673965454,0.3277784287929535,0.21602138876914978,95.01179504394531,0.33074021339416504,19.56324005126953,0.6879591345787048,1.3308600187301636
2019,2,30.135019615585215,105.18090554329396,6142.455,347.0,5.648964881896973,190.90794372558594,26.424489974975586,29.165809631347656,1.2858161926269531,7.405580997467041,31.276165008544922,0.27548542618751526,0.3034382164478302,0.0,417.1559143066406,0.5485743284225464,0.5804517865180969,0.42614978551864624,0.11292711645364761,29.856382369995117,0.35135364532470703,13.03612232208252,0.4029228985309601,0.8493291735649109,0.24347136914730072,0.26819947361946106,0.0,546.5238647460938,0.2676849067211151,0.2676848769187927,0.10010464489459991,0.042213909327983856,62.73925018310547,0.35180363059043884,7.697518825531006,0.266696959733963,0.5923687219619751,0.24158741533756256,0.25749388337135315,0.0,400.839599609375,0.16312657296657562,0.16312658786773682,0.17814111709594727,0.022332027554512024,42.20140838623047,0.32987138628959656,10.277937889099121,0.3373299539089203,0.6140294671058655,0.30545899271965027,0.30545899271965027,0.0,260.61077880859375,0.21614062786102295,0.21614062786102295,0.28873834013938904,0.032896604388952255,19.874649047851562,0.3122347593307495,15.330044746398926,0.5641457438468933,0.9738141894340515,0.3769049346446991,0.3769049346446991,0.0,452.951171875,0.3034643232822418,0.3308675289154053,0.21066071093082428,0.058675285428762436,91.26792907714844,0.33130690455436707,21.569103240966797,0.7677794098854065,1.381049394607544
2019,2,29.073209554536575,105.61048196147975,6243.407,369.0,6.384677410125732,150.22691345214844,31.633785247802734,25.84242820739746,1.2400000095367432,6.133781433105469,30.325359344482422,0.2681507170200348,0.2991030812263489,0.0,422.3351745605469,0.5776593089103699,0.6226010322570801,0.44845831394195557,0.10682454705238342,35.27058792114258,0.37179431319236755,13.19797420501709,0.3487061560153961,0.7317556142807007,0.1908905804157257,0.22498242557048798,0.018912900239229202,583.5911254882812,0.13746629655361176,0.13746631145477295,0.06835442036390305,0.02320430986583233,69.94488525390625,0.36362895369529724,8.219326972961426,0.24313680827617645,0.507513165473938,0.18800830841064453,0.21537341177463531,0.0,416.002197265625,0.1925465613603592,0.19254659116268158,0.09580104053020477,0.02587825618684292,50.115562438964844,0.3515460193157196,10.666723251342773,0.3094121217727661,0.5519454479217529,0.26612091064453125,0.26612091064453125,0.0,262.51214599609375,0.485920250415802,0.485920250415802,0.37701648473739624,0.10045520216226578,30.748144149780273,0.34388381242752075,15.44189167022705,0.4984095096588135,0.8813542723655701,0.35487765073776245,0.35487765073776245,0.0,452.802978515625,0.49604031443595886,0.5050569176673889,0.20862945914268494,0.10307718068361282,78.90202331542969,0.35229596495628357,21.56204605102539,0.6986990571022034,1.3691617250442505
2019,2,29.048684498742627,105.4253400857407,6244.639,323.0,1.060828685760498,270.0,33.86273956298828,28.6175479888916,1.2272123098373413,5.959847927093506,29.29734992980957,0.2687341570854187,0.29822057485580444,0.0,425.5943908691406,0.5810793042182922,0.6210663318634033,0.447610467672348,0.1068369671702385,30.90390968322754,0.36583516001701355,13.299824714660645,0.3587151765823364,0.7378686666488647,0.19690433144569397,0.22686323523521423,0.0,588.5068969726562,0.022950217127799988,0.06787330657243729,9.036556584760547E-4,0.0032557968515902758,70.41971588134766,0.35835230350494385,8.288829803466797,0.24456222355365753,0.5156525373458862,0.1872391253709793,0.2141299694776535,0.0,419.8630676269531,0.3960188925266266,0.4359371066093445,0.286391943693161,0.07895524799823761,50.41710662841797,0.34679898619651794,10.765719413757324,0.30768683552742004,0.5462875366210938,0.2629275918006897,0.2629275918006897,0.0,265.36566162109375,0.47912317514419556,0.47912317514419556,0.3727838099002838,0.09901957213878632,24.77616310119629,0.33335432410240173,15.60974407196045,0.513968288898468,0.8826862573623657,0.3502837121486664,0.3502837121486664,0.0,456.65924072265625,-0.4785992205142975,-0.4785992205142975,-0.23863637447357178,-0.006413229275494814,75.90421295166016,0.343609094619751,21.745677947998047,0.7186732888221741,1.3884263038635254
2019,2,28.88429527930629,102.82444454148889,6263.2686,1456.0,12.944518089294434,23.71402931213379,35.601444244384766,24.845312118530273,1.3086386919021606,6.365121364593506,41.456478118896484,0.2679135799407959,0.2979087233543396,2.237380266189575,205.02052307128906,0.6246645450592041,0.652804970741272,0.39101412892341614,0.1127728745341301,85.05196380615234,0.42746204137802124,6.336973190307617,0.16770321130752563,0.5097330808639526,0.21190181374549866,0.2682412266731262,54.274417877197266,161.85189819335938,0.2519606351852417,0.31960177421569824,-0.17171427607536316,0.04823074862360954,114.72803497314453,0.4138041138648987,1.5151758193969727,0.1259118616580963,0.36328715085983276,0.1854185163974762,0.1910611391067505,2.106265068054199,164.29733276367188,0.12328744679689407,0.13494402170181274,-0.14788329601287842,0.023485934361815453,83.99285888671875,0.4042629301548004,4.158745288848877,0.18018405139446259,0.48599472641944885,0.2704000473022461,0.2704000473022461,0.16156965494155884,147.5068359375,0.1396159529685974,0.19106699526309967,-0.12419674545526505,0.02874680981040001,56.066131591796875,0.40547695755958557,8.66736888885498,0.27086320519447327,0.6030891537666321,0.33709797263145447,0.33709797263145447,0.0,309.6979064941406,0.2288782000541687,0.24843944609165192,-0.02692575193941593,0.05156129598617554,119.56303405761719,0.41506731510162354,14.747519493103027,0.3657407760620117,0.8414868712425232
2019,2,29.048684498742627,105.53152020002535,6269.3843,326.0,3.8528664112091064,344.0408935546875,31.343351364135742,27.447460174560547,1.2568602561950684,6.115586280822754,31.982864379882812,0.26874634623527527,0.2986261546611786,0.0,425.3394775390625,0.5815792083740234,0.6231067776679993,0.44983887672424316,0.10686424374580383,32.20120620727539,0.3672451972961426,13.291858673095703,0.35549408197402954,0.7320131063461304,0.19487760961055756,0.22492891550064087,0.005689576733857393,590.5670776367188,0.162943497300148,0.162943497300148,0.12025316804647446,0.02884100005030632,69.66301727294922,0.35917261242866516,8.317766189575195,0.24515460431575775,0.515657901763916,0.18704044818878174,0.2142140120267868,0.0,420.671875,0.32014748454093933,0.3201475143432617,0.07273221015930176,0.06303703784942627,49.79997634887695,0.347204327583313,10.786458015441895,0.309868186712265,0.549792468547821,0.26396554708480835,0.26396554708480835,0.0,264.8896179199219,0.4804122745990753,0.4804122745990753,0.3744927942752838,0.09939504414796829,26.580495834350586,0.3360658288002014,15.581743240356445,0.5095428228378296,0.8831456303596497,0.35162416100502014,0.35162416100502014,0.0,456.1422424316406,0.4242788553237915,0.4799377918243408,0.17206624150276184,0.10055409371852875,76.13336944580078,0.3453134298324585,21.721057891845703,0.7153104543685913,1.3910216093063354
2019,2,30.630889489132613,106.53970065270418,6325.15,388.0,5.11780309677124,57.16386032104492,21.066286087036133,30.471630096435547,1.309999942779541,6.400285243988037,29.954740524291992,0.24645709991455078,0.30168578028678894,0.0,405.4797058105469,0.48138290643692017,0.6204908490180969,0.392848402261734,0.10778116434812546,72.51245880126953,0.40734127163887024,12.67124080657959,0.2878979444503784,0.7601416707038879,0.2112419754266739,0.22793303430080414,0.0,535.6132202148438,0.29368895292282104,0.3088916838169098,0.08014050871133804,0.04562382027506828,79.45285034179688,0.40217509865760803,7.543848514556885,0.2248862087726593,0.4567682445049286,0.21304816007614136,0.2535352110862732,0.0,388.6244201660156,0.22777047753334045,0.2534722089767456,0.14677168428897858,0.03473898395895958,28.19168472290039,0.37258514761924744,9.964729309082031,0.3352036476135254,0.6629538536071777,0.2861546277999878,0.2861546277999878,0.0,239.25479125976562,0.2848896384239197,0.3163265287876129,0.18546365201473236,0.05304795131087303,65.10111236572266,0.4059259593486786,14.073811531066895,0.39807477593421936,0.8944724202156067,0.39399322867393494,0.39399322867393494,0.0,437.94158935546875,0.4914044737815857,0.599051833152771,0.24632953107357025,0.11659944802522659,114.06092071533203,0.39660754799842834,20.85436248779297,0.6170729398727417,1.1495041847229004
2019,2,30.105375511781908,105.00412002292903,6333.332,422.0,6.664595603942871,106.08584594726562,13.86526870727539,36.233917236328125,1.285066843032837,7.5414299964904785,36.785118103027344,0.27501705288887024,0.30281567573547363,0.0,416.62310791015625,0.5474997162818909,0.5797166228294373,0.4264216125011444,0.11251779645681381,28.451845169067383,0.3510971963405609,13.019472122192383,0.403571754693985,0.849340558052063,0.24165713787078857,0.26685065031051636,0.0,539.3033447265625,0.2610580623149872,0.30230456590652466,0.16247130930423737,0.04512965679168701,63.16767883300781,0.3519013226032257,7.595821857452393,0.26283854246139526,0.5817604660987854,0.24005480110645294,0.25645336508750916,0.0,396.733154296875,0.4178467392921448,0.43600502610206604,0.10923472791910172,0.058770276606082916,44.61690139770508,0.33294856548309326,10.17264461517334,0.3303527235984802,0.6114077568054199,0.3040093779563904,0.3040093779563904,0.0,260.8260498046875,0.35669398307800293,0.35850387811660767,0.10511989146471024,0.06871682405471802,18.953506469726562,0.31239795684814453,15.342707633972168,0.5664792656898499,0.9593135714530945,0.3754671812057495,0.3754671812057495,0.0,452.9143371582031,0.29078465700149536,0.3700000047683716,0.09517602622509003,0.06863918155431747,87.94004821777344,0.32941362261772156,21.567350387573242,0.7702450752258301,1.40084969997406
2019,2,30.50126342150894,106.47798223502343,6378.9497,382.0,1.0763274431228638,270.0,24.413076400756836,32.73509216308594,1.2830219268798828,6.300000190734863,28.31673240661621,0.2415875494480133,0.3032422363758087,0.0,408.51605224609375,0.4646797478199005,0.6190275549888611,0.3812786042690277,0.10652488470077515,72.24417114257812,0.4105948805809021,12.76612663269043,0.28716176748275757,0.7542430758476257,0.2109856754541397,0.2278280407190323,0.0,544.93359375,0.29967543482780457,0.32592299580574036,-0.08828739076852798,0.05400151386857033,77.66341400146484,0.4044271409511566,7.675120830535889,0.22556160390377045,0.4545336365699768,0.21153530478477478,0.24603191018104553,0.0,392.9162902832031,0.310838520526886,0.31871575117111206,-0.07168085128068924,0.057162292301654816,28.997833251953125,0.3763677477836609,10.074776649475098,0.3331836462020874,0.6732408404350281,0.28624698519706726,0.28624698519706726,0.0,240.75489807128906,0.28045788407325745,0.28658536076545715,0.0018464677268639207,0.049149010330438614,66.84130859375,0.41159728169441223,14.162053108215332,0.3949374854564667,0.8891253471374512,0.3872250020503998,0.3872250020503998,0.0,439.6248474121094,0.4358813762664795,0.47667086124420166,0.08033541589975357,0.10156089067459106,112.53324890136719,0.4001084864139557,20.93451690673828,0.6177741289138794,1.1671315431594849
2019,2,32.08912255203469,105.50430184719511,6422.4243,784.0,7.04550838470459,218.19859313964844,25.864229202270508,26.571918487548828,1.2332404851913452,6.745735168457031,34.89490509033203,0.2591782808303833,0.27217450737953186,0.33688944578170776,274.26361083984375,0.60934978723526,0.6223076581954956,0.4597627818584442,0.10536277294158936,32.92079162597656,0.3602728545665741,8.560210227966309,0.33234119415283203,0.8263803720474243,0.21463531255722046,0.24431049823760986,52.35594940185547,240.7261962890625,0.12813737988471985,0.16248255968093872,-0.08456890285015106,0.021885864436626434,58.74509048461914,0.3660195767879486,2.653101921081543,0.22130784392356873,0.5313941240310669,0.18847499787807465,0.24786384403705597,3.516362428665161,214.91552734375,0.12935809791088104,0.12935809791088104,-0.15853363275527954,0.022417757660150528,55.7187385559082,0.364899605512619,5.4204912185668945,0.2488016039133072,0.535058319568634,0.28412535786628723,0.28412535786628723,0.0,191.50904846191406,0.13608600199222565,0.13608600199222565,-0.07092906534671783,0.03163999691605568,10.753111839294434,0.31728729605674744,11.265238761901855,0.5127208232879639,0.8864158987998962,0.44205352663993835,0.44205352663993835,0.0,360.5348205566406,0.12965723872184753,0.12965722382068634,-0.14239533245563507,0.034398067742586136,112.74514770507812,0.34920138120651245,17.168325424194336,0.5392515659332275,1.0166009664535522
2019,2,31.207339777816827,104.29777166145688,6436.606,519.0,1.8543341159820557,-0.0,22.959346771240234,32.2574577331543,1.25,6.800000190734863,35.89549255371094,0.2651624083518982,0.282884806394577,0.6648726463317871,334.98291015625,0.5267106890678406,0.5379080772399902,0.40779709815979004,0.11032354831695557,40.1876220703125,0.3604322373867035,10.44743824005127,0.33926069736480713,0.7282619476318359,0.24562324583530426,0.2772330343723297,23.569494247436523,350.138671875,0.4948391020298004,0.6665658354759216,0.20691165328025818,0.12182938307523727,81.16082000732422,0.36363282799720764,4.5995659828186035,0.21530811488628387,0.4629407823085785,0.25855931639671326,0.26991400122642517,3.4502620697021484,281.3311767578125,0.6442329287528992,0.6741059422492981,0.3965904116630554,0.20984917879104614,68.1608657836914,0.35684192180633545,7.125152111053467,0.25885337591171265,0.5352404713630676,0.317404568195343,0.317404568195343,0.0,218.9862060546875,0.7339566349983215,0.8005710244178772,0.47313567996025085,0.29945430159568787,19.90795135498047,0.3182040750980377,12.88154125213623,0.5072084665298462,0.8411348462104797,0.3977428078651428,0.3977428078651428,0.0,400.77752685546875,0.554816722869873,0.697808563709259,0.4119766056537628,0.15533219277858734,90.13175964355469,0.3331579267978668,19.084644317626953,0.6505641937255859,1.2921628952026367
2019,2,30.372172446011685,107.14444393757252,6471.846,461.0,8.729798316955566,102.17168426513672,32.61680221557617,28.582088470458984,1.2700409889221191,6.8248796463012695,36.3318977355957,0.27327418327331543,0.33286887407302856,0.0,401.7090148925781,0.5048645734786987,0.6405023336410522,0.3927379846572876,0.1241106241941452,79.99063873291016,0.4099958837032318,12.553406715393066,0.27642300724983215,0.7883055210113525,0.1675882637500763,0.19262108206748962,0.027982018887996674,519.0328979492188,0.3210892081260681,0.3717726767063141,0.252541720867157,0.07077226787805557,83.57028198242188,0.40412867069244385,7.309927940368652,0.21173274517059326,0.42274966835975647,0.21172426640987396,0.2567126154899597,0.0,372.97998046875,0.34779804944992065,0.34802570939064026,0.05568097531795502,0.07615067064762115,34.89204406738281,0.38050755858421326,9.563589096069336,0.3160202205181122,0.6344258785247803,0.28529149293899536,0.28529149293899536,0.0,234.8945770263672,0.30487316846847534,0.3121819794178009,0.017941264435648918,0.0630592480301857,87.6642074584961,0.4163091778755188,13.817328453063965,0.368326336145401,0.8255457878112793,0.4109538793563843,0.4109538793563843,0.0,430.3897705078125,0.34458985924720764,0.3733593821525574,0.00920214131474495,0.08621048182249069,100.83922576904297,0.402685284614563,20.4947509765625,0.5803847908973694,1.1100281476974487
2019,2,31.03189644686901,104.3683815266382,6513.0293,467.0,2.1637802124023438,90.0,19.133878707885742,34.126014709472656,1.2697792053222656,6.902125835418701,34.74598693847656,0.2732679545879364,0.2936227321624756,0.32552894949913025,361.98291015625,0.5364170074462891,0.5512152910232544,0.41224369406700134,0.11318453401327133,34.543128967285156,0.3528164029121399,11.301793098449707,0.36550408601760864,0.7744967341423035,0.25434640049934387,0.2841832637786865,11.563004493713379,397.02093505859375,0.6391178369522095,0.6391178369522095,0.3011494278907776,0.23513145744800568,76.21317291259766,0.35745108127593994,5.428984642028809,0.2288445234298706,0.4971591830253601,0.2631244659423828,0.27474406361579895,1.6892859935760498,313.6163024902344,0.65234375,0.7092449069023132,0.4303959012031555,0.22767837345600128,61.736663818359375,0.3485184907913208,7.998128890991211,0.27955162525177,0.5752320289611816,0.32290470600128174,0.32290470600128174,0.0,234.266845703125,0.8485817909240723,0.8485817909240723,0.46815717220306396,0.3677753508090973,16.39850616455078,0.3085600435733795,13.780403137207031,0.5428755879402161,0.8827833533287048,0.40078073740005493,0.40078073740005493,0.0,419.5487365722656,0.7261978983879089,0.7261978983879089,0.3755371868610382,0.30217093229293823,84.68018341064453,0.3229755163192749,19.9785099029541,0.7083570957183838,1.3829306364059448
2019,2,30.394811302060027,106.07590063393317,6513.634,289.0,6.991211414337158,66.67047882080078,30.050527572631836,30.27169418334961,1.2923260927200317,6.636602878570557,30.077800750732422,0.2576986849308014,0.3057393729686737,0.0,412.34356689453125,0.5775803327560425,0.5775803327560425,0.12338769435882568,0.13330554962158203,55.270687103271484,0.3846106231212616,12.885736465454102,0.33774664998054504,0.802452564239502,0.22754760086536407,0.2473355084657669,0.0,549.335205078125,0.38086462020874023,0.5739609003067017,0.1338220238685608,0.07409390062093735,70.27782440185547,0.38148579001426697,7.737115383148193,0.24818052351474762,0.523773729801178,0.22805513441562653,0.25382429361343384,0.0,398.3282775878906,0.3699760437011719,0.6128817796707153,0.09982728213071823,0.08254130929708481,32.51700973510742,0.35292941331863403,10.213545799255371,0.3422277271747589,0.6503669023513794,0.2996375858783722,0.2996375858783722,0.0,248.98751831054688,0.4539033770561218,0.45679011940956116,0.15323805809020996,0.1070084422826767,47.57026290893555,0.3666333556175232,14.646324157714844,0.46754831075668335,0.9402300715446472,0.38854652643203735,0.38854652643203735,0.0,444.8587951660156,0.4501383304595947,0.5227882266044617,0.11985201388597488,0.1104712262749672,105.8586654663086,0.37095898389816284,21.183752059936523,0.6798046827316284,1.2481063604354858
2019,2,29.154329520900863,105.69590941946167,6534.23,377.0,3.314673900604248,106.2304458618164,29.52487564086914,28.309795379638672,1.2853072881698608,6.099999904632568,33.86173629760742,0.266696035861969,0.29878324270248413,0.0,419.7840270996094,0.5655087232589722,0.6152313351631165,0.444078266620636,0.10632898658514023,38.23584747314453,0.37573176622390747,13.118250846862793,0.34359031915664673,0.7368397116661072,0.18782328069210052,0.22550933063030243,0.027157194912433624,577.6365966796875,0.15421979129314423,0.15421979129314423,0.06767761707305908,0.029317181557416916,68.75413513183594,0.3672221004962921,8.135344505310059,0.24322198331356049,0.5042982697486877,0.1910821497440338,0.2191951423883438,0.0,412.0653076171875,0.32039931416511536,0.34524714946746826,0.07454639673233032,0.061954230070114136,49.52037048339844,0.3544023036956787,10.565776824951172,0.3125264644622803,0.5581821799278259,0.2696850299835205,0.2696850299835205,0.0,260.1255798339844,0.49143797159194946,0.49143797159194946,0.37992486357688904,0.10213340073823929,35.71504592895508,0.3523033857345581,15.301505088806152,0.48834410309791565,0.8858906626701355,0.35806816816329956,0.35806816816329956,0.0,449.5406188964844,0.6023410558700562,0.6407407522201538,0.1736859828233719,0.15877698361873627,84.03474426269531,0.36029770970344543,21.406696319580078,0.6821817755699158,1.3439037799835205
2019,2,28.22511082967644,101.80306069059078,6542.979,2623.0,15.898844718933105,165.0482177734375,32.15211486816406,24.85634422302246,1.1888881921768188,6.300000190734863,64.37821960449219,0.2673889696598053,0.28029972314834595,13.88974666595459,112.6363525390625,0.6491041779518127,0.6717081069946289,0.3951036036014557,0.1144765168428421,47.8701171875,0.361289381980896,3.0858314037323,0.2501823902130127,0.44336244463920593,0.21533046662807465,0.23632492125034332,117.96629333496094,144.75045776367188,0.3171656131744385,0.3998202979564667,-0.23137618601322174,0.053087081760168076,47.31489562988281,0.32862329483032227,0.3772417902946472,0.29661330580711365,0.526983380317688,0.21748001873493195,0.223396435379982,32.57422637939453,125.01853942871094,0.2631949186325073,0.37588125467300415,-0.1556972861289978,0.04724348708987236,42.821144104003906,0.3073556423187256,2.3703670501708984,0.3710457682609558,0.6208915710449219,0.24539437890052795,0.24539437890052795,2.8542022705078125,90.25045013427734,0.27020877599716187,0.3355732858181,-0.19112321734428406,0.055283863097429276,49.540531158447266,0.3154604434967041,5.140955924987793,0.4117630422115326,0.7252727746963501,0.29086312651634216,0.29086312651634216,0.0,219.10365295410156,0.31276679039001465,0.36270871758461,-0.18538407981395721,0.06365592777729034,79.18885040283203,0.3210303485393524,10.433506965637207,0.527329683303833,0.8920525312423706
2019,2,30.93029582936624,104.18162099721673,6559.4624,487.0,3.8584723472595215,163.75148010253906,21.413633346557617,32.87273406982422,1.2471424341201782,6.800000190734863,38.0150146484375,0.27004119753837585,0.2932433485984802,0.6363117098808289,344.5396423339844,0.540289580821991,0.5575825572013855,0.4143034815788269,0.11276204138994217,38.351051330566406,0.35500383377075195,10.746979713439941,0.3488282561302185,0.7312484383583069,0.2467838078737259,0.2716667354106903,22.64537811279297,371.2684631347656,0.4816421568393707,0.5396931171417236,0.3435436189174652,0.12896810472011566,76.11528778076172,0.35671916604042053,4.910183906555176,0.2197570949792862,0.48944756388664246,0.24724642932415009,0.2584669291973114,3.302049160003662,294.3629455566406,0.42307689785957336,0.5543175339698792,0.34145599603652954,0.10283824801445007,64.34806060791016,0.3486468195915222,7.463099956512451,0.26566869020462036,0.5637543201446533,0.31589275598526,0.31589275598526,0.0,223.76119995117188,0.603534460067749,0.6543624401092529,0.3217375874519348,0.15809398889541626,20.806432723999023,0.31394729018211365,13.162423133850098,0.5104248523712158,0.8428698778152466,0.3857957124710083,0.3857957124710083,0.0,407.8233642578125,0.47373950481414795,0.5099431872367859,0.17062997817993164,0.13293130695819855,89.06660461425781,0.327536940574646,19.4201602935791,0.6740590333938599,1.3080641031265259
2019,2,30.527674677048495,105.25501580280222,6559.9272,361.0,5.675703048706055,70.98844909667969,16.781679153442383,33.39774703979492,1.2782143354415894,7.138586044311523,35.513641357421875,0.2809653878211975,0.3102465569972992,0.0,413.5177917480469,0.5621066689491272,0.5895833969116211,0.4237183630466461,0.11773712933063507,30.77791976928711,0.3439110517501831,12.922430992126465,0.41601651906967163,0.8807771801948547,0.26525962352752686,0.28429004549980164,0.0,532.9949340820312,0.48531535267829895,0.528642475605011,0.3829054832458496,0.10322333127260208,62.732032775878906,0.3484553396701813,7.5069708824157715,0.2751307189464569,0.6222842335700989,0.26001104712486267,0.2712089717388153,0.0,395.0011291503906,0.21939747035503387,0.3063938617706299,0.010182486847043037,0.03216120973229408,37.746925354003906,0.3206005096435547,10.128233909606934,0.3488111197948456,0.6425190567970276,0.32272130250930786,0.32272130250930786,0.0,258.8872985839844,0.2845733165740967,0.28457334637641907,0.03839617222547531,0.04348280280828476,15.950885772705078,0.2967541217803955,15.22866439819336,0.5838008522987366,1.0080336332321167,0.3955075144767761,0.3955075144767761,0.0,452.4164733886719,0.2800295352935791,0.2925347089767456,0.0865800753235817,0.044119227677583694,91.53309631347656,0.3197455108165741,21.543642044067383,0.7934902906417847,1.3986717462539673
2019,2,31.250726831066856,104.32364336576897,6646.7554,532.0,0.9274099469184875,180.0,26.459362030029297,30.995046615600586,1.255603551864624,6.800000190734863,37.3149528503418,0.26563766598701477,0.2823849618434906,0.6154282689094543,336.17333984375,0.5248870253562927,0.5349872708320618,0.40699008107185364,0.11023455858230591,39.999183654785156,0.36091312766075134,10.486184120178223,0.33966904878616333,0.7317137122154236,0.24660591781139374,0.27968651056289673,21.80904769897461,350.26019287109375,0.5302718877792358,0.688804566860199,0.19499799609184265,0.15793751180171967,81.9272232055664,0.3646171987056732,4.626072406768799,0.21546430885791779,0.4597848951816559,0.26164957880973816,0.27321165800094604,3.1936774253845215,282.14227294921875,0.6705516576766968,0.725089430809021,0.36354368925094604,0.237125426530838,68.38577270507812,0.3578963279724121,7.152527809143066,0.2592755854129791,0.5332368612289429,0.3188762366771698,0.3188762366771698,0.0,219.8732452392578,0.742772102355957,0.8504282236099243,0.455710768699646,0.3044622838497162,19.281330108642578,0.31789252161979675,12.933720588684082,0.5105127096176147,0.845715343952179,0.40083807706832886,0.40083807706832886,0.0,401.4687805175781,0.5886397957801819,0.6406136155128479,0.3101302683353424,0.1564016044139862,89.99061584472656,0.33334609866142273,19.11756134033203,0.651123583316803,1.2979068756103516
2019,2,30.21317427974896,107.02802126816809,6714.388,369.0,4.383627414703369,257.8092041015625,29.65336799621582,26.00290870666504,1.2808520793914795,6.2774739265441895,35.53858184814453,0.2677890658378601,0.3285634219646454,0.0,400.98907470703125,0.5031424164772034,0.6386935114860535,0.39452049136161804,0.12033542990684509,77.89265441894531,0.4097136855125427,12.530908584594727,0.27564531564712524,0.7645662426948547,0.1729874610900879,0.20036320388317108,0.05136503651738167,518.88916015625,0.4869176745414734,0.4869176745414734,0.012383217923343182,0.11345181614160538,80.08580780029297,0.40265750885009766,7.307574272155762,0.21450790762901306,0.42121851444244385,0.20725475251674652,0.25100526213645935,0.0,371.9449157714844,0.42561253905296326,0.42561253905296326,0.12632210552692413,0.12010785937309265,37.065792083740234,0.38039636611938477,9.537049293518066,0.3143500089645386,0.6297885775566101,0.2840502858161926,0.2840502858161926,0.0,235.70729064941406,0.4116324782371521,0.4116324782371521,0.1626937985420227,0.10340207815170288,83.52726745605469,0.41515251994132996,13.865134239196777,0.3715372681617737,0.8298735618591309,0.4059772491455078,0.4059772491455078,0.0,428.6915283203125,0.4063526690006256,0.4063526690006256,0.11773665994405746,0.10435136407613754,101.28252410888672,0.40334659814834595,20.413883209228516,0.5711303949356079,1.112551212310791
2019,2,30.17032231862535,107.02047646918567,6714.388,354.0,4.6647210121154785,293.3772277832031,34.08790969848633,27.447668075561523,1.2848089933395386,6.358133316040039,39.01873779296875,0.26749753952026367,0.3284807503223419,0.0,400.5707702636719,0.5041139721870422,0.6389665007591248,0.3953533470630646,0.11999417096376419,77.61539459228516,0.40958845615386963,12.517836570739746,0.2751832604408264,0.7598559260368347,0.17300103604793549,0.2012125849723816,0.05819818004965782,517.9412231445312,0.3275213837623596,0.39301931858062744,0.2555566132068634,0.0713592991232872,79.42613983154297,0.40226277709007263,7.294127464294434,0.21475552022457123,0.4199177622795105,0.20620444416999817,0.24996408820152283,0.0,371.0050354003906,0.2525433897972107,0.2525433897972107,0.16862086951732635,0.052857331931591034,37.798118591308594,0.3804742395877838,9.51294994354248,0.31336429715156555,0.627382218837738,0.2837260067462921,0.2837260067462921,0.0,235.71426391601562,0.22673387825489044,0.28375494480133057,0.1372910588979721,0.045085664838552475,83.13981628417969,0.4149429500102997,13.865545272827148,0.3715750575065613,0.8289599418640137,0.4055219292640686,0.4055219292640686,0.0,427.9654541015625,0.21739131212234497,0.21739129722118378,0.26050978899002075,0.04139130562543869,101.00308227539062,0.40354079008102417,20.37930679321289,0.5677295923233032,1.111193060874939
2019,2,28.040776051228036,101.53410555145113,6746.2466,2332.0,21.31743621826172,5.393685340881348,37.9402961730957,19.478988647460938,1.243276596069336,6.147024631500244,59.808406829833984,0.2727738320827484,0.2839961349964142,13.233824729919434,135.16773986816406,0.658438503742218,0.6794414520263672,0.4097675383090973,0.11740685999393463,32.521263122558594,0.32501575350761414,3.8104350566864014,0.29392555356025696,0.43465274572372437,0.2186223417520523,0.2340008169412613,106.11231231689453,201.51052856445312,0.3161689043045044,0.4697043001651764,-0.07973137497901917,0.08832447975873947,32.5543212890625,0.28073179721832275,1.3436368703842163,0.3565889596939087,0.5443390607833862,0.22823187708854675,0.23501558601856232,33.11427688598633,157.7818603515625,0.22915074229240417,0.29100701212882996,-0.09892978519201279,0.0663098394870758,30.68617057800293,0.2522541284561157,3.1966049671173096,0.4398062229156494,0.6357107162475586,0.24548333883285522,0.24548333883285522,2.8690435886383057,102.17085266113281,0.2459624856710434,0.26594090461730957,-0.06369518488645554,0.08254500478506088,39.86457061767578,0.25138887763023376,5.841282844543457,0.5022428631782532,0.8244219422340393,0.2804683446884155,0.2804683446884155,0.0,230.55044555664062,0.28677672147750854,0.2871704697608948,-0.04560742899775505,0.1017196998000145,60.67526626586914,0.25665050745010376,10.978592872619629,0.6511818170547485,0.9465348124504089
2019,2,31.03594085152448,104.32202917118764,6816.773,474.0,2.163874626159668,270.0,21.843015670776367,34.11870193481445,1.2799999713897705,6.900000095367432,37.2486457824707,0.27125033736228943,0.2918240427970886,0.44340798258781433,354.4161376953125,0.5357791781425476,0.550610363483429,0.41198432445526123,0.11264695227146149,36.13105010986328,0.3543306291103363,11.06164836883545,0.35839977860450745,0.7592306733131409,0.25145822763442993,0.2804849147796631,15.749188423156738,385.07733154296875,0.5385949611663818,0.686274528503418,0.22232428193092346,0.14332011342048645,76.85220336914062,0.35815489292144775,5.201805114746094,0.2251259833574295,0.4909379482269287,0.2591854929924011,0.2706432342529297,2.3010025024414062,304.9698486328125,0.6243194937705994,0.7147737145423889,0.34701400995254517,0.22040490806102753,63.17426681518555,0.349701464176178,7.760739326477051,0.27381590008735657,0.5671351552009583,0.3205234706401825,0.3205234706401825,0.0,229.83392333984375,0.7098357081413269,0.8368939757347107,0.43485239148139954,0.2844311594963074,17.820573806762695,0.31111034750938416,13.51964282989502,0.5310487747192383,0.8684813380241394,0.39723601937294006,0.39723601937294006,0.0,414.38385009765625,0.6170173287391663,0.7076530456542969,0.32755595445632935,0.1987515687942505,86.30358123779297,0.32536178827285767,19.732563018798828,0.6931540966033936,1.354684829711914
2019,2,32.10744945736436,107.58399090571385,6877.028,752.0,20.342069625854492,137.9247589111328,28.707979202270508,28.011302947998047,1.2439534664154053,6.257567405700684,41.32915496826172,0.29024025797843933,0.307426393032074,0.0,301.84417724609375,0.6303544044494629,0.6674984097480774,0.4554850459098816,0.1222374364733696,69.87401580810547,0.391902357339859,9.43263053894043,0.26927030086517334,0.763249397277832,0.17036233842372894,0.22250662744045258,15.609230041503906,267.0190124511719,0.17146234214305878,0.17146235704421997,-0.08525700867176056,0.025479303672909737,95.09840393066406,0.39625346660614014,3.540982961654663,0.1725519597530365,0.3679163157939911,0.16735592484474182,0.2068401575088501,4.026156902313232,228.75784301757812,0.26645684242248535,0.2968246638774872,0.015101154334843159,0.039267219603061676,49.841583251953125,0.3841994106769562,5.762350559234619,0.2513461709022522,0.5085448026657104,0.25754180550575256,0.25754180550575256,0.0,189.6992950439453,0.33110368251800537,0.33110368251800537,-0.027913454920053482,0.04612274467945099,42.75715637207031,0.3817536234855652,11.158782005310059,0.37787654995918274,0.6893073320388794,0.47706079483032227,0.47706079483032227,0.0,367.81036376953125,0.45514702796936035,0.5140549540519714,0.05883501097559929,0.10141059011220932,83.46045684814453,0.3732365071773529,17.514780044555664,0.4947323203086853,0.8870915770530701
2019,2,28.11353966221817,103.08154293092741,6888.6494,1957.0,19.24336814880371,272.6578674316406,31.104598999023438,25.71619987487793,1.2780606746673584,6.11004638671875,39.37508010864258,0.2824988067150116,0.30659395456314087,1.3817777633666992,227.51290893554688,0.6369713544845581,0.6704745292663574,0.3970184028148651,0.12018588930368423,64.12975311279297,0.4199169874191284,7.066597938537598,0.21690601110458374,0.5857354402542114,0.21398328244686127,0.25365880131721497,29.49419593811035,258.00927734375,0.16869065165519714,0.1785714328289032,-0.12624728679656982,0.03187284991145134,94.89274597167969,0.3960902988910675,3.218522071838379,0.20571118593215942,0.5875893831253052,0.19272148609161377,0.20175759494304657,0.6825843453407288,240.571533203125,0.17604456841945648,0.1827654242515564,-0.12442970275878906,0.03516488894820213,65.98905944824219,0.364494651556015,6.150998592376709,0.33279815316200256,0.7230491638183594,0.2439754605293274,0.2439754605293274,0.09978339076042175,166.69744873046875,0.18188218772411346,0.1969940960407257,-0.11370142549276352,0.04392968863248825,51.06123733520508,0.3742726743221283,9.799861907958984,0.3923323452472687,0.8364453911781311,0.3211475908756256,0.3211475908756256,0.0,328.8447265625,0.25463414192199707,0.2627640962600708,-0.06884314864873886,0.06549189984798431,89.34110260009766,0.37667348980903625,15.659273147583008,0.5671510696411133,1.1101300716400146
2019,2,30.923830132838738,105.92552191000678,6891.716,363.0,7.923323154449463,125.56005096435547,26.8028621673584,30.076566696166992,1.2893930673599243,6.962479591369629,29.601469039916992,0.26621365547180176,0.2952336370944977,0.0,404.48333740234375,0.549861490726471,0.6082625389099121,0.43344059586524963,0.11137418448925018,47.91775894165039,0.3649003505706787,12.640104293823242,0.3683725595474243,0.8490498661994934,0.2420475035905838,0.2576678395271301,0.0,519.8277587890625,0.3160453736782074,0.3247152864933014,0.03889456018805504,0.06415721029043198,71.40521240234375,0.36949998140335083,7.321517467498779,0.26127538084983826,0.5800197720527649,0.2356998324394226,0.2783588171005249,0.0,385.8680725097656,0.2700296640396118,0.3360080122947693,-0.006730095949023962,0.0626903548836708,31.45132827758789,0.3378876745700836,9.89405345916748,0.35089701414108276,0.653445303440094,0.3007003664970398,0.3007003664970398,0.0,248.76296997070312,0.293481707572937,0.293481707572937,-0.00513572758063674,0.05969417840242386,31.027490615844727,0.3310289978981018,14.633115768432617,0.5264031291007996,1.0006273984909058,0.40681326389312744,0.40681326389312744,0.0,442.887939453125,0.6470394134521484,0.6470394134521484,0.4975896179676056,0.18109728395938873,106.93714141845703,0.3498808741569519,21.089902877807617,0.7170553803443909,1.2787821292877197
2019,2,30.26437813714568,105.45040023366104,6935.939,299.0,4.2873687744140625,270.0,17.082433700561523,31.940673828125,1.287411093711853,7.1852498054504395,27.00271224975586,0.2775292694568634,0.306154727935791,0.0,417.3558349609375,0.5532634854316711,0.5836598873138428,0.4249635934829712,0.11471323668956757,32.25151062011719,0.3506711721420288,13.042369842529297,0.4053941071033478,0.8595417141914368,0.2513880431652069,0.27408522367477417,0.0,554.3777465820312,0.13491474092006683,0.13491475582122803,0.23917442560195923,0.020655445754528046,62.43289566040039,0.3516985774040222,7.808136940002441,0.27436405420303345,0.6140779852867126,0.24827519059181213,0.2620343267917633,0.0,405.6745300292969,0.11486554890871048,0.17037037014961243,0.17842154204845428,0.019594034180045128,37.627288818359375,0.3236883878707886,10.401910781860352,0.34992706775665283,0.6215529441833496,0.311784565448761,0.311784565448761,0.0,259.94183349609375,0.21653394401073456,0.21653394401073456,0.25459524989128113,0.034732043743133545,20.160110473632812,0.3084258735179901,15.290696144104004,0.5648256540298462,1.003166913986206,0.3831787705421448,0.3831787705421448,0.0,452.87603759765625,0.3312954306602478,0.34244436025619507,0.25286129117012024,0.058278292417526245,96.64616394042969,0.33195412158966064,21.56552505493164,0.7687335014343262,1.3491883277893066
2019,2,29.23948943281957,105.69348366848861,7039.295,403.0,3.704791784286499,180.0,30.90155029296875,28.48080062866211,1.282422661781311,6.300000190734863,36.75391387939453,0.26563695073127747,0.29738301038742065,0.0,420.46270751953125,0.5537621378898621,0.6044885516166687,0.4399421811103821,0.10568460077047348,37.766441345214844,0.3744325637817383,13.139459609985352,0.34714314341545105,0.7452895045280457,0.18976087868213654,0.22685304284095764,0.020210590213537216,579.1661987304688,0.3709092438220978,0.47222575545310974,0.2921930253505707,0.07732781767845154,66.6211929321289,0.36563432216644287,8.15698528289795,0.24652670323848724,0.5132023096084595,0.19452209770679474,0.22317242622375488,0.0,413.277587890625,0.20217587053775787,0.20217588543891907,0.16162940859794617,0.026808518916368484,48.23265075683594,0.35189810395240784,10.596860885620117,0.3177633285522461,0.5639604926109314,0.27160313725471497,0.27160313725471497,0.0,260.2286376953125,0.4914127290248871,0.4914127290248871,0.3800167441368103,0.10300081968307495,36.38184356689453,0.3525089919567108,15.30756664276123,0.4913642406463623,0.8964292407035828,0.3573668301105499,0.3573668301105499,0.0,449.7923583984375,0.2551800608634949,0.32431358098983765,0.23489059507846832,0.039792194962501526,87.55475616455078,0.3613687753677368,21.418684005737305,0.6839285492897034,1.3385157585144043
2019,2,29.158909017682763,105.65171526892098,7039.295,356.0,3.4962642192840576,142.6414337158203,30.317224502563477,26.940793991088867,1.2623682022094727,6.022070407867432,36.07449722290039,0.26695775985717773,0.29816368222236633,0.0,421.17852783203125,0.5656312704086304,0.613196849822998,0.44424960017204285,0.10626666992902756,36.5855827331543,0.37325015664100647,13.161828994750977,0.3479747176170349,0.7387908101081848,0.19032567739486694,0.22625432908535004,0.020764321088790894,580.8665161132812,0.15056665241718292,0.15056665241718292,0.16566430032253265,0.01605040580034256,68.32634735107422,0.3648042678833008,8.180926322937012,0.2447824627161026,0.5105836987495422,0.19150713086128235,0.21938222646713257,0.0,414.3569030761719,0.18878668546676636,0.20911793410778046,0.1837875247001648,0.02967960201203823,49.22771072387695,0.35188761353492737,10.624536514282227,0.3135335445404053,0.5579822659492493,0.26893913745880127,0.26893913745880127,0.0,261.2524108886719,0.4890586733818054,0.4890586733818054,0.3784596920013428,0.10178379714488983,33.611812591552734,0.34842944145202637,15.367788314819336,0.4947972297668457,0.8893712162971497,0.3560520112514496,0.3560520112514496,0.0,451.1187744140625,0.1531471312046051,0.23014532029628754,0.2935560345649719,0.02705036848783493,83.44969940185547,0.3571309447288513,21.48184585571289,0.690899133682251,1.3520114421844482
2019,2,30.981232140699756,104.18539339670794,7054.034,493.0,2.146392822265625,149.7491455078125,27.303897857666016,28.601945877075195,1.2100000381469727,6.800000190734863,42.159053802490234,0.2679271697998047,0.29026493430137634,0.703619658946991,339.2405090332031,0.5374968647956848,0.5537756085395813,0.4129425585269928,0.1120133250951767,39.385494232177734,0.3566083610057831,10.579277038574219,0.34407615661621094,0.7243033647537231,0.24513553082942963,0.27078014612197876,25.014251708984375,362.2481384277344,0.49562036991119385,0.6094710826873779,0.17440733313560486,0.15139509737491608,77.21868896484375,0.3582179844379425,4.749773025512695,0.217448428273201,0.4823765158653259,0.2474701851606369,0.25856927037239075,3.651334047317505,288.04388427734375,0.5965923070907593,0.6198019981384277,0.2568042278289795,0.1774493157863617,65.64104461669922,0.3505820333957672,7.292116641998291,0.26202285289764404,0.5550055503845215,0.31483185291290283,0.31483185291290283,0.0,220.77285766601562,0.717856764793396,0.7801371216773987,0.33819499611854553,0.2727711498737335,21.305843353271484,0.3159591257572174,12.986639022827148,0.5044676065444946,0.8359220623970032,0.3862956166267395,0.3862956166267395,0.0,404.13311767578125,0.5439252257347107,0.6306190490722656,0.2894161641597748,0.15724878013134003,89.88166809082031,0.32959526777267456,19.244434356689453,0.6632595062255859,1.29281485080719
2019,2,31.239949183820684,104.23821590778705,7057.261,534.0,1.4269367456436157,229.469482421875,24.32198715209961,29.19495964050293,1.2494046688079834,6.800000190734863,35.87606430053711,0.26022279262542725,0.2778617739677429,0.900231122970581,320.28167724609375,0.5240955352783203,0.5349487662315369,0.40650245547294617,0.10895141959190369,43.123409271240234,0.36346668004989624,9.980669975280762,0.32632988691329956,0.7024781703948975,0.24004770815372467,0.27065253257751465,31.904321670532227,327.56182861328125,0.5916542410850525,0.6982397437095642,0.28778135776519775,0.1895660161972046,82.5137939453125,0.3653658926486969,4.164190292358398,0.2088140994310379,0.4508468806743622,0.2526349425315857,0.26351380348205566,4.671621322631836,264.65399169921875,0.6999054551124573,0.7342134118080139,0.34946537017822266,0.2517559826374054,70.942138671875,0.35951292514801025,6.666214466094971,0.24857856333255768,0.5183290839195251,0.31263619661331177,0.31263619661331177,0.0,210.36334228515625,0.6602108478546143,0.7542471289634705,0.3513804078102112,0.22354739904403687,22.376102447509766,0.32337072491645813,12.374314308166504,0.4859791398048401,0.8153017163276672,0.39252880215644836,0.39252880215644836,0.0,390.7508544921875,0.5887903571128845,0.5887904167175293,0.26244035363197327,0.1635659635066986,92.78302001953125,0.33781692385673523,18.6071834564209,0.622355043888092,1.2419496774673462
2019,2,30.806600366143638,105.77568273730783,7060.6133,368.0,5.690274238586426,71.03932189941406,15.577008247375488,36.30220031738281,1.2899999618530273,7.227601051330566,29.70577049255371,0.2698131799697876,0.2995108664035797,0.0,407.8742980957031,0.551794707775116,0.6034896969795227,0.4299139082431793,0.1130356639623642,42.773216247558594,0.3589702546596527,12.746071815490723,0.3844780921936035,0.8631487488746643,0.24784404039382935,0.2643686532974243,0.0,527.498046875,0.12653060257434845,0.12653061747550964,-0.15467076003551483,0.0069844890385866165,68.34170532226562,0.36392977833747864,7.4295501708984375,0.2683277726173401,0.6001414656639099,0.2418554127216339,0.2757881283760071,0.0,390.4342956542969,0.10925151407718658,0.10925151407718658,-0.0016736385878175497,0.01303370576351881,32.9194450378418,0.3328282833099365,10.011136054992676,0.35213524103164673,0.6529145240783691,0.30642834305763245,0.30642834305763245,0.0,252.2245330810547,0.22960472106933594,0.22960470616817474,-0.08510638028383255,0.016784105449914932,26.69061279296875,0.3205307126045227,14.836736679077148,0.5461369156837463,1.0108710527420044,0.4033316969871521,0.4033316969871521,0.0,445.8642883300781,0.20974403619766235,0.20974400639533997,0.19251121580600739,0.030727501958608627,103.21566009521484,0.3424888849258423,21.231632232666016,0.7390167713165283,1.312327265739441
2019,2,30.002967796988468,105.48354919089236,7081.07,277.0,1.8543341159820557,-0.0,27.835304260253906,26.948583602905273,1.2771048545837402,6.830227375030518,30.26215171813965,0.2733989953994751,0.30066511034965515,0.0,419.6273498535156,0.54378741979599,0.5771769285202026,0.4273606836795807,0.11110378056764603,32.01934051513672,0.35534659028053284,13.113354682922363,0.3946920931339264,0.8319569826126099,0.23538976907730103,0.2621910870075226,0.0,566.204833984375,0.5235997438430786,0.5235997438430786,0.12005551904439926,0.1267634928226471,61.87664794921875,0.35307708382606506,7.974715709686279,0.2696897089481354,0.5976433753967285,0.2347603142261505,0.25285884737968445,0.0,411.1201171875,0.5027526617050171,0.597430408000946,0.16602395474910736,0.11784306168556213,39.96149444580078,0.3287294805049896,10.54154109954834,0.34469321370124817,0.6057971715927124,0.29900163412094116,0.29900163412094116,0.0,260.95269775390625,0.28970223665237427,0.28970223665237427,0.06724846363067627,0.0602290965616703,23.64862823486328,0.31977686285972595,15.35015869140625,0.5502071976661682,0.9842661023139954,0.370500385761261,0.370500385761261,0.0,453.0968933105469,0.22021418809890747,0.24272508919239044,-0.08240646123886108,0.04014504700899124,97.33966827392578,0.3406967520713806,21.57604217529297,0.7499911189079285,1.3376126289367676
2019,2,31.32780239277567,104.27809810760908,7094.3833,567.0,0.9274099469184875,180.0,30.501602172851562,27.6668643951416,1.2497302293777466,6.699999809265137,39.79385757446289,0.2600698471069336,0.27585798501968384,0.8537305593490601,319.77703857421875,0.5201370716094971,0.5288817882537842,0.4047042429447174,0.10850125551223755,43.29627990722656,0.3649047911167145,9.966353416442871,0.3248260021209717,0.7045344710350037,0.2408277839422226,0.27399522066116333,30.237680435180664,323.7535400390625,0.6240387558937073,0.816044270992279,0.20416828989982605,0.17791345715522766,84.16838073730469,0.3675164580345154,4.134026050567627,0.2080044150352478,0.4429014325141907,0.2573891282081604,0.2685401141643524,4.4303131103515625,263.1138000488281,0.7754854559898376,0.8262012004852295,0.49082881212234497,0.340360552072525,71.85580444335938,0.3619624078273773,6.632910251617432,0.2475823312997818,0.511467456817627,0.3144323229789734,0.3144323229789734,0.0,210.409912109375,0.7386893630027771,0.894157350063324,0.48629897832870483,0.3165283799171448,21.648941040039062,0.32376760244369507,12.377053260803223,0.48834338784217834,0.8191771507263184,0.3974147140979767,0.3974147140979767,0.0,390.1878967285156,0.7444120645523071,0.7534486651420593,0.4403209686279297,0.2672439217567444,92.94852447509766,0.3390090763568878,18.58037567138672,0.6184029579162598,1.2438322305679321
2019,2,30.254942679316592,106.35994537103768,7205.035,319.0,1.0736151933670044,270.0,25.037385940551758,31.334260940551758,1.299881935119629,6.4011383056640625,31.729429244995117,0.2476428598165512,0.3041321039199829,0.0,411.3876647949219,0.479808509349823,0.610861599445343,0.392238974571228,0.10650722682476044,64.60569763183594,0.4011712968349457,12.855864524841309,0.30143022537231445,0.7641770243644714,0.20422378182411194,0.22659417986869812,0.0,551.90087890625,0.19520851969718933,0.23868612945079803,0.03919166326522827,0.026411572471261024,71.55062103271484,0.3940597176551819,7.773252010345459,0.23526711761951447,0.47072458267211914,0.21120119094848633,0.24568124115467072,0.0,396.5279846191406,0.24036654829978943,0.24657951295375824,0.02565712295472622,0.0446506105363369,32.68248748779297,0.3683067560195923,10.167384147644043,0.33596736192703247,0.6512402892112732,0.29021263122558594,0.29021263122558594,0.0,245.04469299316406,0.21761298179626465,0.22026698291301727,0.013743732124567032,0.043622247874736786,62.830387115478516,0.3977620601654053,14.414393424987793,0.4168640673160553,0.8975571393966675,0.38808494806289673,0.38808494806289673,0.0,440.6611022949219,0.3902602791786194,0.44348233938217163,0.12779095768928528,0.12229780107736588,108.6050796508789,0.3923174738883972,20.983861923217773,0.6258329153060913,1.2169233560562134
2019,2,31.282257134615776,104.26678090913543,7315.325,548.0,3.859593629837036,16.30570411682129,28.007930755615234,31.43648338317871,1.25,6.740964889526367,37.27622985839844,0.2607147693634033,0.27739012241363525,0.8478959798812866,321.7862854003906,0.5223212242126465,0.5321103930473328,0.40570566058158875,0.1088750883936882,42.85718536376953,0.3638518750667572,10.029324531555176,0.3271210193634033,0.7067312002182007,0.24112434685230255,0.2731951177120209,30.040115356445312,328.3086242675781,0.6774953007698059,0.7750189900398254,0.35218214988708496,0.24139156937599182,83.21409606933594,0.36628398299217224,4.20096492767334,0.2091894894838333,0.44816821813583374,0.2558572292327881,0.2669312655925751,4.400035381317139,265.8601989746094,0.7470756769180298,0.7820383310317993,0.436139315366745,0.2956925630569458,71.08274841308594,0.3604739010334015,6.704107284545898,0.24931441247463226,0.5167675614356995,0.3141403794288635,0.3141403794288635,0.0,211.42379760742188,0.7186155915260315,0.8730702996253967,0.47720474004745483,0.3015311062335968,21.694839477539062,0.3229607343673706,12.43669319152832,0.48979854583740234,0.8204649090766907,0.39573296904563904,0.39573296904563904,0.0,391.6634521484375,0.6264507174491882,0.6882919669151306,0.35021284222602844,0.18874959647655487,92.53945922851562,0.33787742257118225,18.6506404876709,0.623719334602356,1.24906587600708
2019,2,29.45696870939824,99.3751871854148,7366.567,3234.0,12.81065845489502,175.31033325195312,43.04768371582031,17.578174591064453,1.1602237224578857,6.472123146057129,53.25796127319336,0.1577121615409851,0.17592480778694153,159.1959686279297,2.870979070663452,0.24209964275360107,0.24209962785243988,-0.1989637166261673,0.056142907589673996,26.67654037475586,0.3512941896915436,-4.88515567779541,0.17138256132602692,0.32079753279685974,0.12680350244045258,0.1381644606590271,885.1110229492188,0.0,0.20762285590171814,0.23271101713180542,-0.2174195796251297,0.04928002506494522,47.91604232788086,0.345159113407135,-12.466352462768555,0.07699882239103317,0.2690272331237793,0.14706075191497803,0.14784446358680725,403.3367919921875,0.0,0.20141631364822388,0.21608315408229828,-0.23335936665534973,0.045897144824266434,42.18827819824219,0.34668710827827454,-10.34196949005127,0.060295745730400085,0.11735133826732635,0.1495908796787262,0.1495908796787262,96.58016967773438,0.06188760697841644,0.17269077897071838,0.1726907640695572,-0.2296784669160843,0.04034056514501572,25.333335876464844,0.3621238172054291,-5.67754602432251,0.11963525414466858,0.23109720647335052,0.17472000420093536,0.17472000420093536,2.860832929611206,45.86756896972656,0.29052305221557617,0.31370899081230164,-0.1838873326778412,0.072398342192173,33.61531448364258,0.37058600783348083,2.0479397773742676,0.23503583669662476,0.48617878556251526
2019,2,27.929204883769767,102.72580922618667,7418.6543,2200.0,2.0985794067382812,270.0,30.39301300048828,25.914134979248047,1.2320728302001953,6.1944804191589355,39.95702362060547,0.2915043234825134,0.3095903694629669,1.7871745824813843,222.98330688476562,0.6480266451835632,0.6788338422775269,0.40481284260749817,0.12589824199676514,58.1463508605957,0.41496995091438293,6.912379264831543,0.2585046589374542,0.5807849764823914,0.22588877379894257,0.2556625008583069,32.951759338378906,304.72857666015625,0.24098637700080872,0.2777196764945984,-0.1196788102388382,0.06053784489631653,84.90943145751953,0.3843688368797302,3.8278422355651855,0.2750822901725769,0.7302966713905334,0.2152886986732483,0.22011767327785492,0.8828462958335876,269.979248046875,0.13126565515995026,0.14784008264541626,-0.1720696985721588,0.02692553959786892,53.48175048828125,0.33996954560279846,6.89990758895874,0.4502594769001007,0.8848786354064941,0.2537077069282532,0.2537077069282532,0.1290586143732071,168.15943908691406,0.13145355880260468,0.16959460079669952,-0.17224833369255066,0.028880354017019272,54.08786392211914,0.3592735826969147,9.884140014648438,0.48600709438323975,0.9905715584754944,0.3044641315937042,0.3044641315937042,0.0,329.4128112792969,0.1554984599351883,0.16592557728290558,-0.1561814248561859,0.040507443249225616,75.12183380126953,0.3537321388721466,15.686324119567871,0.7388404607772827,1.3847057819366455
2019,2,31.385471946699887,104.29292015951073,7442.223,588.0,2.8546454906463623,49.51312255859375,27.930383682250977,24.877609252929688,1.2767058610916138,6.699999809265137,31.109764099121094,0.259484201669693,0.27413520216941833,0.85197514295578,317.66094970703125,0.5174402594566345,0.5248398780822754,0.4034848213195801,0.10808274149894714,43.78178787231445,0.36618465185165405,9.900279998779297,0.3221884071826935,0.7022688984870911,0.2406427562236786,0.2752631604671478,30.16533851623535,318.492431640625,0.4936896860599518,0.6932188272476196,0.1806410551071167,0.129375159740448,85.37948608398438,0.3690626323223114,4.0609450340271,0.2066120207309723,0.4363434612751007,0.2595137357711792,0.2707989513874054,4.42120361328125,260.0804443359375,0.6582266092300415,0.7693949937820435,0.4143170714378357,0.20928122103214264,72.78095245361328,0.3638134300708771,6.555365085601807,0.24559386074543,0.5051473379135132,0.3150158226490021,0.3150158226490021,0.0,209.38905334472656,0.698983907699585,0.8787646293640137,0.4404163658618927,0.2805022597312927,21.517925262451172,0.32462793588638306,12.31700325012207,0.4870697557926178,0.8182857632637024,0.39971649646759033,0.39971649646759033,0.0,388.6037902832031,0.7204938530921936,0.7763406038284302,0.3716535270214081,0.25102004408836365,93.43437957763672,0.3403375744819641,18.50494384765625,0.6122841238975525,1.238386869430542
2019,2,31.205181572906962,104.30370226585796,7474.9126,519.0,1.0842537879943848,90.0,23.322452545166016,31.503503799438477,1.25,6.800000190734863,36.011268615722656,0.26559653878211975,0.28331008553504944,0.6434251070022583,336.3061218261719,0.5269085168838501,0.5381199717521667,0.4078948497772217,0.11044123023748398,39.922271728515625,0.36016812920570374,10.489459037780762,0.3404271900653839,0.7306404709815979,0.2461313158273697,0.2778531014919281,22.80961036682129,352.158935546875,0.49701279401779175,0.6905286312103271,0.2524377107620239,0.1364763081073761,81.04989624023438,0.3634932339191437,4.638722896575928,0.2158966362476349,0.46398383378982544,0.25914034247398376,0.2705378830432892,3.338963031768799,282.8276672363281,0.6268001198768616,0.7394669055938721,0.3772415518760681,0.20983275771141052,67.91534423828125,0.35661956667900085,7.166377067565918,0.2597832977771759,0.5367125272750854,0.31784412264823914,0.31784412264823914,0.0,219.7642822265625,0.6143712401390076,0.8351971507072449,0.35832327604293823,0.2070431113243103,19.6778564453125,0.31774255633354187,12.927310943603516,0.5091559886932373,0.8435089588165283,0.3982599377632141,0.3982599377632141,0.0,401.6787414550781,0.532039999961853,0.6337571144104004,0.2897129952907562,0.16312173008918762,89.88838195800781,0.3327450454235077,19.127559661865234,0.6530989408493042,1.2967524528503418
2019,2,31.287915733852593,104.09888683627108,7503.843,615.0,0.0,-0.0,26.584875106811523,25.31515121459961,1.2423025369644165,6.703629493713379,34.802398681640625,0.24835024774074554,0.26638278365135193,1.4680194854736328,286.6200256347656,0.5191625952720642,0.5299831032752991,0.40392547845840454,0.10581929981708527,49.7307243347168,0.3698432743549347,8.91100025177002,0.29769018292427063,0.6441775560379028,0.22684802114963531,0.2542506754398346,52.00851821899414,277.62249755859375,0.5587317943572998,0.668735921382904,0.27155452966690063,0.15955546498298645,84.92279052734375,0.3685583472251892,3.177661895751953,0.1946154534816742,0.4266612231731415,0.23769916594028473,0.24726638197898865,7.618077754974365,226.98512268066406,0.6364588737487793,0.6897801160812378,0.3497052788734436,0.21254263818264008,76.92269897460938,0.364732563495636,5.624796390533447,0.22582462430000305,0.4818926155567169,0.30072733759880066,0.30072733759880066,0.0,190.4541778564453,0.6973524689674377,0.699491024017334,0.36971643567085266,0.24365496635437012,28.245595932006836,0.33521372079849243,11.20318603515625,0.4368792474269867,0.7549939751625061,0.3791392743587494,0.3791392743587494,0.0,367.8988952636719,0.6938349008560181,0.7184094190597534,0.28523290157318115,0.21387048065662384,98.54549407958984,0.34801602363586426,17.51899528503418,0.5598769187927246,1.127831220626831
2019,2,31.29546499193608,104.35598522570963,7566.0015,542.0,2.1698033809661865,270.0,25.78333282470703,30.120933532714844,1.2499558925628662,6.761513710021973,35.88115310668945,0.26683253049850464,0.28250330686569214,0.5326007008552551,339.04351806640625,0.5231767892837524,0.5320678949356079,0.4062720835208893,0.11031077802181244,39.50509262084961,0.3611687123775482,10.578466415405273,0.3413160443305969,0.737826406955719,0.2483188360929489,0.2831628918647766,18.867794036865234,352.5590515136719,0.520634651184082,0.6007656455039978,0.25922632217407227,0.16867336630821228,82.6854248046875,0.3655606210231781,4.69987678527832,0.21619297564029694,0.45724788308143616,0.26565951108932495,0.27753692865371704,2.763855457305908,284.74237060546875,0.5684685111045837,0.6222748756408691,0.3279091715812683,0.19620783627033234,68.37767791748047,0.35882869362831116,7.230218410491943,0.26067566871643066,0.5327059030532837,0.3211129307746887,0.3211129307746887,0.0,221.78182983398438,0.6563147306442261,0.6816640496253967,0.38351908326148987,0.25351086258888245,18.334697723388672,0.3169810473918915,13.045989990234375,0.5162932276725769,0.8534365296363831,0.4047911763191223,0.4047911763191223,0.0,403.2822570800781,0.5207468867301941,0.5207468867301941,0.3065953552722931,0.15268297493457794,89.6297836303711,0.333103209733963,19.203916549682617,0.6544035077095032,1.309051752090454
2019,2,28.797788718869437,106.22762600637772,7632.517,777.0,10.62183952331543,260.0590515136719,33.99222183227539,29.119171142578125,1.2082937955856323,5.632948875427246,38.35201644897461,0.27241477370262146,0.30913570523262024,0.0,387.5339660644531,0.6198338270187378,0.6759406924247742,0.46584418416023254,0.11103396862745285,64.20368194580078,0.4197590947151184,12.11043643951416,0.27515849471092224,0.6845577359199524,0.1476777344942093,0.22785624861717224,0.2050333172082901,503.0664367675781,0.3437086045742035,0.5135586261749268,0.2698480486869812,0.0714927539229393,87.18064880371094,0.4139004051685333,7.082554817199707,0.20479261875152588,0.39504197239875793,0.18144382536411285,0.20250074565410614,0.0,362.8597412109375,0.39193081855773926,0.39193084836006165,-0.05664064362645149,0.05679077282547951,62.54700469970703,0.40655648708343506,9.304096221923828,0.27063071727752686,0.5326142907142639,0.27305519580841064,0.27305519580841064,0.0,239.59848022460938,0.5415412783622742,0.5415412783622742,0.3940722346305847,0.1049383282661438,60.24441146850586,0.41066327691078186,14.09402847290039,0.39008402824401855,0.8158763647079468,0.38220903277397156,0.38220903277397156,0.0,419.503662109375,0.33418700098991394,0.3596244156360626,0.014359896071255207,0.0691891685128212,85.0714111328125,0.4092363715171814,19.976364135742188,0.5454906225204468,1.1746091842651367
2019,2,31.184161370541016,104.31259371335854,7640.6562,513.0,0.9274099469184875,-0.0,23.375389099121094,30.246551513671875,1.2599999904632568,6.800000190734863,33.790626525878906,0.26673638820648193,0.28475120663642883,0.5959851741790771,339.85198974609375,0.5281130075454712,0.5397346615791321,0.40845921635627747,0.1108231320977211,39.195098876953125,0.35922008752822876,10.601750373840332,0.3437630832195282,0.7365587949752808,0.24731719493865967,0.2788792550563812,21.131805419921875,358.1360168457031,0.43539631366729736,0.6364678740501404,0.20896205306053162,0.11511878669261932,80.46300506591797,0.3627470135688782,4.746538162231445,0.21759498119354248,0.46814557909965515,0.25983238220214844,0.27128925919532776,3.092780351638794,287.0159912109375,0.610696017742157,0.6994866728782654,0.3367582857608795,0.2132224142551422,67.1086654663086,0.35560333728790283,7.2800822257995605,0.2624095678329468,0.5417734980583191,0.3186633884906769,0.3186633884906769,0.0,221.78695678710938,0.6464092135429382,0.6746567487716675,0.34008800983428955,0.23427797853946686,19.202669143676758,0.316470205783844,13.04629135131836,0.5138487815856934,0.849045991897583,0.39876022934913635,0.39876022934913635,0.0,404.1336975097656,0.40324413776397705,0.5342902541160583,0.24832327663898468,0.11325732618570328,89.21250915527344,0.3314517140388489,19.244462966918945,0.6604598760604858,1.3084908723831177
2019,2,31.311361687191624,106.4127678821168,7666.6274,373.0,7.456539630889893,8.323811531066895,24.159753799438477,31.080646514892578,1.3016445636749268,6.615262031555176,31.378358840942383,0.2645206153392792,0.2831134796142578,0.0,393.1077880859375,0.5684674978256226,0.6164438128471375,0.4557900130748749,0.10882504284381866,63.43210220336914,0.3784121870994568,12.284618377685547,0.32039594650268555,0.8036446571350098,0.23699001967906952,0.2501757740974426,0.0,495.0921630859375,0.15527236461639404,0.4483065903186798,0.020701831206679344,0.022006627172231674,82.63867950439453,0.38053083419799805,6.973128795623779,0.23819155991077423,0.5162392854690552,0.22793664038181305,0.29310518503189087,0.0,373.36102294921875,0.157693549990654,0.1576935350894928,0.0016538206255063415,0.028652919456362724,24.395618438720703,0.34216129779815674,9.573359489440918,0.354114830493927,0.623120129108429,0.291297972202301,0.291297972202301,0.0,237.27493286132812,0.16841904819011688,0.17299270629882812,0.044343236833810806,0.028826279565691948,39.54167175292969,0.3533993065357208,13.95734977722168,0.46236106753349304,0.9748252630233765,0.4202234148979187,0.4202234148979187,0.0,433.9427795410156,0.2089853584766388,0.21602550148963928,0.021219663321971893,0.05005199462175369,122.97808837890625,0.3645703196525574,20.663942337036133,0.6540990471839905,1.1213544607162476
2019,2,31.274440330469083,104.40206557599592,7703.555,529.0,3.524371862411499,37.954566955566406,26.122848510742188,27.772480010986328,1.279572606086731,6.919053077697754,29.12734603881836,0.2705792784690857,0.28624242544174194,0.35262516140937805,350.1260070800781,0.5250073075294495,0.5340741276741028,0.4071878492832184,0.11133451014757156,37.29841232299805,0.35893815755844116,10.930418014526367,0.3509979546070099,0.7573086023330688,0.25256410241127014,0.2882680892944336,12.493876457214355,369.43072509765625,0.5282413363456726,0.6303630471229553,0.20304416120052338,0.1093011423945427,81.734130859375,0.36433857679367065,5.027279376983643,0.2210465371608734,0.46603214740753174,0.27030685544013977,0.28255927562713623,1.8298979997634888,297.26898193359375,0.5665127038955688,0.6672115325927734,0.27993664145469666,0.13553960621356964,66.31744384765625,0.35691118240356445,7.575361251831055,0.26837384700775146,0.5452026724815369,0.32479730248451233,0.32479730248451233,0.0,228.29751586914062,0.721222996711731,0.726834237575531,0.23391015827655792,0.20706310868263245,16.44465446472168,0.3130912482738495,13.429265975952148,0.5323953628540039,0.8730785250663757,0.40890899300575256,0.40890899300575256,0.0,410.83099365234375,0.6629264950752258,0.6886409521102905,0.25089389085769653,0.20409142971038818,87.64544677734375,0.3296361565589905,19.56338119506836,0.6755079627037048,1.3469622135162354
2019,2,27.858327472525247,102.87295510184933,7727.693,2234.0,27.399158477783203,182.02435302734375,30.200536727905273,26.884733200073242,1.2156851291656494,6.099999904632568,43.18600082397461,0.292060524225235,0.31029224395751953,1.2084367275238037,234.63150024414062,0.6481195092201233,0.679757833480835,0.40715906023979187,0.1260450929403305,52.82822036743164,0.4125281572341919,7.29447078704834,0.2651510238647461,0.5956580638885498,0.2243245542049408,0.2522393763065338,27.455657958984375,322.4664611816406,0.46429792046546936,0.6818332672119141,0.030636275187134743,0.09949904680252075,81.67840576171875,0.38086143136024475,4.155081748962402,0.2799373269081116,0.7581198215484619,0.21242855489253998,0.21798259019851685,0.5969555974006653,285.5578308105469,0.43629875779151917,0.49347421526908875,0.05422261357307434,0.09689441323280334,50.5195198059082,0.33282265067100525,7.3066887855529785,0.4625732898712158,0.9034940600395203,0.24894164502620697,0.24894164502620697,0.08726577460765839,175.441650390625,0.3052109181880951,0.33048781752586365,0.03314393386244774,0.07211243361234665,50.66895294189453,0.3511628210544586,10.314964294433594,0.500420331954956,1.0223430395126343,0.3023506700992584,0.3023506700992584,0.0,337.4378967285156,0.33369389176368713,0.3677830994129181,-0.023776227608323097,0.07885269075632095,69.94877624511719,0.34625500440597534,16.068471908569336,0.7548885345458984,1.3906145095825195
2019,2,30.853220267657424,106.2319379570964,7787.1533,311.0,15.523386001586914,7.80322265625,25.075693130493164,34.3053092956543,1.2966760396957397,6.51255464553833,27.21542739868164,0.2577921450138092,0.29573139548301697,0.0,403.4858703613281,0.5250579118728638,0.6132599711418152,0.4201895296573639,0.10932396352291107,60.02199172973633,0.38395699858665466,12.608933448791504,0.32881423830986023,0.8047000169754028,0.2309083640575409,0.246501162648201,0.0,523.7218627929688,0.45418253540992737,0.48184797167778015,0.3579360246658325,0.08758766204118729,76.2210922241211,0.3839651048183441,7.376363754272461,0.24325692653656006,0.5206295847892761,0.22635698318481445,0.27030497789382935,0.0,385.98394775390625,0.31029412150382996,0.31029412150382996,-0.033098191022872925,0.05529441311955452,28.82672882080078,0.3517225980758667,9.897024154663086,0.3457944691181183,0.6511593461036682,0.29427051544189453,0.29427051544189453,0.0,243.35084533691406,0.372702032327652,0.37329474091529846,-0.006284689996391535,0.06743162870407104,45.41801452636719,0.3641678988933563,14.314756393432617,0.4646274447441101,0.9550432562828064,0.4027245044708252,0.4027245044708252,0.0,439.84649658203125,0.4393981397151947,0.5074096322059631,0.10441421717405319,0.10314307361841202,112.79310607910156,0.3705100119113922,20.945070266723633,0.6680627465248108,1.1996604204177856
2019,2,30.937305536222254,106.0699700295321,7792.337,342.0,5.103404998779297,334.99810791015625,26.260541915893555,34.155067443847656,1.2899999618530273,6.560774803161621,26.810182571411133,0.2629854679107666,0.29418742656707764,0.0,403.10333251953125,0.5427417755126953,0.6109046339988708,0.4308931231498718,0.11037196218967438,53.315879821777344,0.3725096881389618,12.596979141235352,0.35097232460975647,0.8304932713508606,0.23749229311943054,0.25285619497299194,0.0,518.7421264648438,-0.015753936022520065,0.17305698990821838,0.2817460298538208,-0.0010334581602364779,73.96659851074219,0.3754461109638214,7.306227207183838,0.25331124663352966,0.5548514127731323,0.23152275383472443,0.276928186416626,0.0,384.6427001953125,0.12940822541713715,0.13576745986938477,0.02167213335633278,0.02039281278848648,30.024620056152344,0.3431779146194458,9.86263370513916,0.34929847717285156,0.6510065793991089,0.29741472005844116,0.29741472005844116,0.0,245.94842529296875,0.21108853816986084,0.22904062271118164,5.576065159402788E-4,0.030721737071871758,36.65876388549805,0.34421756863594055,14.467554092407227,0.5004978179931641,0.9832664132118225,0.40668660402297974,0.40668660402297974,0.0,441.0406494140625,0.6475134491920471,0.6475134491920471,0.5012989640235901,0.18093779683113098,110.18994140625,0.35823559761047363,21.001935958862305,0.6950635313987732,1.2402445077896118
2019,2,31.190899072232767,104.34654976788053,7844.4766,517.0,1.0840915441513062,270.0,24.609722137451172,29.68801498413086,1.2623591423034668,6.800000190734863,34.278717041015625,0.268610417842865,0.2862433195114136,0.4928739070892334,345.6129455566406,0.528249979019165,0.5395469069480896,0.40855342149734497,0.11125656217336655,38.05002975463867,0.358312726020813,10.785001754760742,0.3486667573451996,0.7475183010101318,0.2497052401304245,0.28223446011543274,17.4747257232666,366.3960266113281,0.472820520401001,0.7003329396247864,0.2054564654827118,0.13579405844211578,80.2724609375,0.36252361536026,4.914384365081787,0.22006508708000183,0.4713272452354431,0.2632894217967987,0.27498212456703186,2.557698965072632,293.3589172363281,0.6656960248947144,0.7488234043121338,0.36468735337257385,0.24994723498821259,66.18721008300781,0.35506799817085266,7.456441879272461,0.266358345746994,0.5470263361930847,0.320928156375885,0.320928156375885,0.0,225.2361602783203,0.8253368139266968,0.8796258568763733,0.4982208013534546,0.3723723292350769,18.04878044128418,0.314504474401474,13.249185562133789,0.5229191184043884,0.8602786660194397,0.40195754170417786,0.40195754170417786,0.0,408.01812744140625,0.6817587018013,0.7326502203941345,0.35512441396713257,0.21904906630516052,88.15687561035156,0.32984089851379395,19.429433822631836,0.6709819436073303,1.3292113542556763
2019,2,31.068010706300857,106.45750158388498,7883.1553,530.0,2.1646006107330322,90.0,22.38480567932129,35.431060791015625,1.2746554613113403,7.039743900299072,34.39049530029297,0.25764620304107666,0.28915730118751526,0.0,397.5238037109375,0.5373367071151733,0.6172124147415161,0.4334339499473572,0.10813729465007782,66.9607162475586,0.3891231417655945,12.422618865966797,0.3075868487358093,0.7854745984077454,0.22919724881649017,0.2434810996055603,0.0,510.0458679199219,0.377579927444458,0.46736541390419006,0.05299144983291626,0.06426410377025604,81.652587890625,0.38835522532463074,7.183744430541992,0.23297329246997833,0.4932708442211151,0.22302499413490295,0.27898108959198,0.0,379.2353820800781,0.3605683743953705,0.42906129360198975,0.012691679410636425,0.06904884427785873,25.399463653564453,0.3526741862297058,9.723983764648438,0.3479514718055725,0.6358513236045837,0.289790540933609,0.289790540933609,0.0,237.83030700683594,0.3809187412261963,0.38734567165374756,0.07343284785747528,0.07027949392795563,48.44072341918945,0.3725842535495758,13.990017890930176,0.4374319612979889,0.9462986588478088,0.41032013297080994,0.41032013297080994,0.0,435.39556884765625,0.4234350919723511,0.4539048671722412,0.11300233751535416,0.11494173109531403,120.62275695800781,0.37619850039482117,20.733121871948242,0.6398201584815979,1.1254867315292358
2019,2,31.27740563266962,104.16679894531507,7919.2803,567.0,2.169381856918335,270.0,26.32152557373047,25.9990234375,1.2300000190734863,6.7322869300842285,39.11039733886719,0.25375890731811523,0.271376371383667,1.2032749652862549,301.8636779785156,0.5209097862243652,0.5314714312553406,0.404876708984375,0.10719237476587296,46.752811431884766,0.3671346604824066,9.395637512207031,0.31048962473869324,0.6708659529685974,0.23295679688453674,0.2621467113494873,42.63238525390625,299.8057861328125,0.5674114227294922,0.7233178615570068,0.2139730453491211,0.1610238403081894,84.04771423339844,0.3673868179321289,3.6221606731414795,0.20094391703605652,0.436587929725647,0.24508754909038544,0.25529277324676514,6.2442240715026855,243.90802001953125,0.6653615236282349,0.772382378578186,0.32420092821121216,0.21225033700466156,74.32622528076172,0.3626791536808014,6.0939435958862305,0.23601555824279785,0.4975717067718506,0.3063914179801941,0.3063914179801941,0.0,199.51699829101562,0.7373059391975403,0.8882968425750732,0.4994567334651947,0.30524465441703796,25.48563575744629,0.32987430691719055,11.73629379272461,0.45948418974876404,0.7828957438468933,0.3858436644077301,0.3858436644077301,0.0,378.21734619140625,0.767517626285553,0.767517626285553,0.39806658029556274,0.24975022673606873,95.96086120605469,0.3435373306274414,18.01034927368164,0.5877246260643005,1.1798640489578247
2019,2,31.20033007096081,104.21315130076563,8052.936,528.0,3.2494893074035645,90.0,22.755996704101562,31.69539451599121,1.2400000095367432,6.900000095367432,37.46067428588867,0.2601458430290222,0.2786581218242645,0.9332185387611389,319.6540832519531,0.5258626341819763,0.5376725792884827,0.407321959733963,0.10911410301923752,43.23795700073242,0.3630013167858124,9.960026741027832,0.32611969113349915,0.6995571851730347,0.23938080668449402,0.26873061060905457,33.084346771240234,327.834716796875,0.4715419113636017,0.7526048421859741,0.2676236033439636,0.16611041128635406,81.85437774658203,0.3644767701625824,4.151413917541504,0.2086917608976364,0.45361757278442383,0.24997934699058533,0.26073434948921204,4.842804908752441,264.3474426269531,0.7063835859298706,0.7507879734039307,0.3926680088043213,0.2620078921318054,70.7054672241211,0.35854649543762207,6.653965473175049,0.24830041825771332,0.5205115079879761,0.31159707903862,0.31159707903862,0.0,209.84716796875,0.71659916639328,0.8624445199966431,0.45067477226257324,0.2734542489051819,22.876567840576172,0.32346615195274353,12.343951225280762,0.4834809899330139,0.8118502497673035,0.38986435532569885,0.38986435532569885,0.0,390.4171447753906,0.6837923526763916,0.6837923526763916,0.3605820834636688,0.21737758815288544,92.93331146240234,0.33756223320961,18.591293334960938,0.6222688555717468,1.237586498260498
2019,2,31.391942102328425,104.27675145909095,8084.0522,597.0,3.526033878326416,142.0107421875,30.322355270385742,26.200286865234375,1.2899969816207886,6.786560535430908,33.567710876464844,0.2579003572463989,0.2725888192653656,0.9254512786865234,313.3697204589844,0.51676344871521,0.5241561532020569,0.40312308073043823,0.1076657772064209,44.612953186035156,0.36698779463768005,9.763883590698242,0.31861016154289246,0.695067822933197,0.23895078897476196,0.2731707990169525,32.76565933227539,312.2059020996094,0.6220551133155823,0.737187922000885,0.28924301266670227,0.20129702985286713,85.67485046386719,0.3694695234298706,3.9357781410217285,0.20485930144786835,0.4333506226539612,0.25766879320144653,0.2687722444534302,4.802497386932373,255.29844665527344,0.7229981422424316,0.8254455924034119,0.4311678111553192,0.26758161187171936,73.53267669677734,0.3644760251045227,6.422972679138184,0.24276070296764374,0.5004969835281372,0.31346428394317627,0.31346428394317627,0.0,206.84619140625,0.7053965926170349,0.8863150477409363,0.461381733417511,0.3131960928440094,22.255691528320312,0.3261496126651764,12.1674222946167,0.48089343309402466,0.8106746077537537,0.3980635702610016,0.3980635702610016,0.0,385.6938171386719,0.7509104013442993,0.7810026407241821,0.4088916778564453,0.26358839869499207,94.13350677490234,0.3416268825531006,18.366371154785156,0.6044467091560364,1.224116325378418
2019,2,28.978886189953037,105.66437911591277,8110.4253,392.0,5.5984625816345215,70.71407318115234,31.454843521118164,26.96828269958496,1.2564884424209595,5.944218158721924,37.555850982666016,0.26900553703308105,0.30127227306365967,0.0,419.8750915527344,0.5899672508239746,0.6362133622169495,0.45268306136131287,0.10758866369724274,37.72612762451172,0.3761364817619324,13.12109661102295,0.339849054813385,0.7206374406814575,0.18591637909412384,0.2228611260652542,0.034369390457868576,577.9373779296875,0.38509806990623474,0.4814467132091522,0.3008897304534912,0.07437217980623245,72.73381042480469,0.3682224750518799,8.13947868347168,0.23777981102466583,0.49084338545799255,0.18398109078407288,0.2109827697277069,0.0,411.8976135253906,0.08840034157037735,0.11533888429403305,0.2532094419002533,0.01204149890691042,51.853641510009766,0.35722318291664124,10.561477661132812,0.3026421368122101,0.5460484027862549,0.2649896442890167,0.2649896442890167,0.0,261.0292053222656,0.4889214038848877,0.4889214038848877,0.37859511375427246,0.0999688133597374,32.51224136352539,0.3482969105243683,15.354660034179688,0.48763754963874817,0.8663438558578491,0.35793444514274597,0.35793444514274597,0.0,450.6047668457031,0.20094338059425354,0.20094339549541473,0.2293577790260315,0.025580091401934624,75.9549560546875,0.35499945282936096,21.457368850708008,0.6864758133888245,1.3645011186599731
2019,2,31.03782705127009,104.28456826323763,8161.3965,477.0,2.9829185009002686,21.2576847076416,20.275455474853516,27.19419288635254,1.2584165334701538,6.800000190734863,35.11919403076172,0.2696293592453003,0.29040655493736267,0.5385603904724121,348.3764953613281,0.535327136516571,0.5502188205718994,0.4118014872074127,0.11222194880247116,37.39567947387695,0.3555157482624054,10.869935989379883,0.35275742411613464,0.7470306158065796,0.24913549423217773,0.27747365832328796,19.128324508666992,375.6060791015625,0.6460471153259277,0.7537869811058044,0.3462187349796295,0.21726135909557343,77.33393096923828,0.3586820363998413,5.020813465118408,0.22217600047588348,0.4861101806163788,0.25596803426742554,0.2672896683216095,2.7947826385498047,298.0873107910156,0.6796648502349854,0.7454774975776672,0.4113597869873047,0.2898964583873749,64.30663299560547,0.350606232881546,7.571603775024414,0.2692582309246063,0.560775637626648,0.31858548521995544,0.31858548521995544,0.0,226.2892608642578,0.8195710182189941,0.8734032511711121,0.47713503241539,0.37240853905677795,18.967554092407227,0.3131440579891205,13.31113338470459,0.5215696692466736,0.8569981455802917,0.3943307399749756,0.3943307399749756,0.0,410.2654113769531,0.6396874189376831,0.6974223256111145,0.3466746509075165,0.21314087510108948,87.59293365478516,0.32724782824516296,19.536447525024414,0.6810873746871948,1.332120418548584
2019,2,32.13601445871274,107.77021188390785,8306.098,707.0,23.44951057434082,44.84109115600586,28.91791343688965,27.61261749267578,1.2554867267608643,6.431849956512451,37.45960998535156,0.2870476245880127,0.3083973526954651,0.0,300.2278747558594,0.6205580830574036,0.6614208817481995,0.43734386563301086,0.12134428322315216,68.7572250366211,0.38986411690711975,9.382121086120605,0.2728835642337799,0.7468215823173523,0.16421471536159515,0.21546101570129395,16.416515350341797,259.7306823730469,0.23377910256385803,0.32708999514579773,-0.036534637212753296,0.069064661860466,93.91048431396484,0.3952380120754242,3.4269602298736572,0.17544673383235931,0.3761419951915741,0.16621120274066925,0.20050173997879028,4.366119861602783,223.30026245117188,0.23756906390190125,0.32219019532203674,0.16971279680728912,0.048303112387657166,50.40718460083008,0.3854701519012451,5.613696098327637,0.251495361328125,0.5192642211914062,0.2531658113002777,0.2531658113002777,0.0,189.45364379882812,0.5522956252098083,0.5522956252098083,0.31897711753845215,0.09932885318994522,42.651161193847656,0.3806699216365814,11.144331932067871,0.38659411668777466,0.712381899356842,0.4751977026462555,0.4751977026462555,0.0,366.70849609375,0.7945466041564941,0.8247255086898804,0.2736273407936096,0.33728501200675964,78.62265014648438,0.3691464364528656,17.462308883666992,0.505894124507904,0.8843609094619751
2019,2,32.22333257554131,107.8049750357205,8311.252,770.0,28.56886863708496,79.7249755859375,32.859230041503906,22.352548599243164,1.2411308288574219,6.386906623840332,40.57126235961914,0.28224289417266846,0.30495649576187134,0.0,291.0760498046875,0.619469404220581,0.6594354510307312,0.4325764775276184,0.11871959269046783,67.55378723144531,0.3863791525363922,9.096126556396484,0.27293142676353455,0.7464072108268738,0.16503240168094635,0.21672767400741577,18.694772720336914,236.2131805419922,0.34803324937820435,0.35837385058403015,-0.09550125151872635,0.05171981826424599,92.39785766601562,0.39192745089530945,3.0636394023895264,0.17348621785640717,0.3749904930591583,0.1648833453655243,0.19394603371620178,4.999886989593506,208.4674072265625,0.31432974338531494,0.31432974338531494,-0.13003569841384888,0.053624652326107025,52.80653381347656,0.38490334153175354,5.217115879058838,0.24351219832897186,0.519006073474884,0.2523173987865448,0.2523173987865448,0.0,185.70379638671875,0.549676775932312,0.549676775932312,0.31027427315711975,0.0990418866276741,39.45388412475586,0.3760680854320526,10.923752784729004,0.39048418402671814,0.7116362452507019,0.4744219183921814,0.4744219183921814,0.0,360.1934814453125,0.72064208984375,0.7425512075424194,0.16558565199375153,0.22015616297721863,77.24724578857422,0.3643975555896759,17.152070999145508,0.4961772561073303,0.8651508688926697
2019,2,31.113823510523968,106.29041460831131,8314.946,328.0,4.6273674964904785,-0.0,22.258575439453125,30.6370849609375,1.3006032705307007,7.217462539672852,34.62172317504883,0.26149600744247437,0.28852149844169617,0.0,397.9486389160156,0.5494635701179504,0.6151676774024963,0.44032716751098633,0.10900314152240753,60.4146728515625,0.3790043890476227,12.435894966125488,0.3289831280708313,0.8100056052207947,0.2341952621936798,0.24841055274009705,0.0,507.4256286621094,0.46919143199920654,0.491420179605484,0.37508127093315125,0.08896071463823318,78.96451568603516,0.38093554973602295,7.146839618682861,0.2428985834121704,0.525977373123169,0.22709937393665314,0.28320953249931335,0.0,378.7602844238281,0.12353391945362091,0.13971880078315735,0.10776092857122421,0.016784528270363808,26.99649429321289,0.34597909450531006,9.711801528930664,0.3502410054206848,0.6396406292915344,0.2924589514732361,0.2924589514732361,0.0,240.7583465576172,0.5451402068138123,0.5451402068138123,0.4021323323249817,0.1151464655995369,40.886940002441406,0.3551303446292877,14.162256240844727,0.47163429856300354,0.9711843729019165,0.4126647412776947,0.4126647412776947,0.0,436.9229736328125,0.31439006328582764,0.39551442861557007,0.07667414098978043,0.05294296517968178,117.1702651977539,0.3655316233634949,20.805856704711914,0.6659867167472839,1.1726006269454956
2019,2,29.923194479142325,101.38588503243462,8341.471,3601.0,8.692511558532715,102.22552490234375,47.172279357910156,20.9997615814209,1.122944951057434,6.599999904632568,91.23454284667969,0.16962234675884247,0.18099245429039001,81.19723510742188,7.867424488067627,0.3645401895046234,0.3645401895046234,-0.08728179335594177,0.06003976985812187,28.26080894470215,0.3656975030899048,-2.2915565967559814,0.23765364289283752,0.3573831617832184,0.15192432701587677,0.15928694605827332,414.3984375,0.2727527320384979,0.20573028922080994,0.2772795259952545,-0.12216819077730179,0.03597676381468773,20.94115447998047,0.3492811918258667,-5.832756042480469,0.23614758253097534,0.37470564246177673,0.160442054271698,0.16325590014457703,119.76364135742188,3.776751756668091,0.21639740467071533,0.2358187586069107,-0.12387429177761078,0.03497195616364479,23.6162166595459,0.3426704704761505,-2.974022626876831,0.2962527275085449,0.40912139415740967,0.16599497199058533,0.16599497199058533,21.044963836669922,10.406950950622559,0.17207792401313782,0.22927506268024445,-0.11779081076383591,0.03106006607413292,33.11405563354492,0.3442046642303467,-0.6257653832435608,0.3041417896747589,0.4686819016933441,0.20789466798305511,0.20789466798305511,0.0,107.9863510131836,0.28941136598587036,0.3354838788509369,-0.01740572601556778,0.05978873372077942,60.933284759521484,0.3458091616630554,5.142207145690918,0.3430233299732208,0.5803031325340271
2019,2,28.931994283275007,105.68297356730562,8414.572,334.0,2.135370969772339,209.7393798828125,30.637765884399414,26.94520378112793,1.2549371719360352,6.0,32.59651184082031,0.2695392966270447,0.30222854018211365,0.0,418.7720642089844,0.5963557958602905,0.6426842212677002,0.4549437463283539,0.10797957330942154,38.69179153442383,0.3779456317424774,13.086627006530762,0.3361900746822357,0.7154046893119812,0.18385504186153412,0.22209227085113525,0.04170221835374832,575.4046630859375,0.38546866178512573,0.4833425283432007,0.30084219574928284,0.07367224991321564,74.1178970336914,0.3701948821544647,8.103704452514648,0.23529478907585144,0.4836123585700989,0.18210294842720032,0.2087952047586441,0.0,410.09466552734375,0.06057184934616089,0.09626373648643494,0.1452406644821167,0.007462497800588608,52.724815368652344,0.3597353398799896,10.51524829864502,0.2993026673793793,0.5429530739784241,0.2642846405506134,0.2642846405506134,0.0,260.4324645996094,0.49018946290016174,0.49018946290016174,0.37907782196998596,0.09967157989740372,33.011962890625,0.34990063309669495,15.31955623626709,0.4833439886569977,0.8595196008682251,0.3590632379055023,0.3590632379055023,0.0,449.6986389160156,0.35926109552383423,0.42469996213912964,0.18533428013324738,0.057994548231363297,74.41522216796875,0.3558971881866455,21.414220809936523,0.6817320585250854,1.3628169298171997
2019,2,28.786467061294744,105.63258126630065,8493.622,324.0,2.1346371173858643,209.70484924316406,33.43388366699219,26.214807510375977,1.2306442260742188,5.800000190734863,36.92876052856445,0.2712104320526123,0.30415356159210205,0.0,420.69915771484375,0.6158791184425354,0.65939861536026,0.461538702249527,0.10886940360069275,36.97983932495117,0.3761219084262848,13.146848678588867,0.3357226550579071,0.7027320265769958,0.18389683961868286,0.21894846856594086,0.037946563214063644,579.9458618164062,0.39627280831336975,0.485960990190506,0.30774250626564026,0.07190292328596115,76.76480102539062,0.3687114119529724,8.167716979980469,0.23222626745700836,0.4759259521961212,0.17571969330310822,0.20200321078300476,0.0,412.6531982421875,0.07856880128383636,0.07856879383325577,0.3851255476474762,0.011486758477985859,54.12263107299805,0.3596456050872803,10.580851554870605,0.2924516201019287,0.5332287549972534,0.25981342792510986,0.25981342792510986,0.0,262.36370849609375,0.4849853217601776,0.4849853217601776,0.3774036765098572,0.09751465916633606,29.01373291015625,0.34334495663642883,15.433159828186035,0.4871455729007721,0.8442103862762451,0.358046293258667,0.358046293258667,0.0,452.308349609375,0.1982651948928833,0.29558128118515015,0.29115745425224304,0.03197721391916275,66.74466705322266,0.3484671711921692,21.53849220275879,0.6922999024391174,1.3921669721603394
2019,2,31.291688133343808,104.3584109766827,8516.827,539.0,0.9274099469184875,180.0,26.271183013916016,30.104127883911133,1.25,6.76008939743042,34.770103454589844,0.2671005427837372,0.2828233242034912,0.5209779739379883,339.8680114746094,0.5234199166297913,0.5323854088783264,0.40638700127601624,0.11039623618125916,39.337181091308594,0.3609620928764343,10.604594230651855,0.3420781195163727,0.7392228245735168,0.2486046999692917,0.2834373712539673,18.456560134887695,353.9151611328125,0.5263667702674866,0.752924382686615,0.2957039475440979,0.1524437665939331,82.56558990478516,0.36540812253952026,4.724769115447998,0.21657969057559967,0.45813629031181335,0.26586785912513733,0.2777625620365143,2.7035410404205322,285.7056884765625,0.7790382504463196,0.8085653185844421,0.4402076303958893,0.280999094247818,68.19876098632812,0.3586162030696869,7.256465435028076,0.26127713918685913,0.5338197946548462,0.3213244676589966,0.3213244676589966,0.0,222.25576782226562,0.6367394328117371,0.8932880759239197,0.47067734599113464,0.26412472128868103,18.21647071838379,0.3166869282722473,13.073868751525879,0.5174121260643005,0.8547687530517578,0.40495622158050537,0.40495622158050537,0.0,403.85076904296875,0.6856851577758789,0.6856851577758789,0.41713064908981323,0.22689323127269745,89.47480010986328,0.3328132927417755,19.230987548828125,0.6560799479484558,1.311806321144104
2019,2,28.933880483020605,105.65171526892098,8763.148,310.0,3.704791784286499,180.0,33.48336410522461,26.22887420654297,1.239111304283142,5.949923038482666,38.29712677001953,0.26955661177635193,0.30188190937042236,0.0,420.2346496582031,0.5961073637008667,0.6414601802825928,0.45479583740234375,0.10788401961326599,37.35668182373047,0.3758423924446106,13.132332801818848,0.3393842279911041,0.716629683971405,0.1857307106256485,0.2220197319984436,0.03445775806903839,578.7937622070312,0.38820502161979675,0.4825880527496338,0.3028624355792999,0.07385450601577759,73.6363525390625,0.36805450916290283,8.15153980255127,0.23664945363998413,0.48804762959480286,0.1820753961801529,0.20888090133666992,0.0,412.3461608886719,0.1440536081790924,0.1440536081790924,0.2158433496952057,0.019677722826600075,52.3553352355957,0.3575010299682617,10.572978973388672,0.30035123229026794,0.542994499206543,0.2636783719062805,0.2636783719062805,0.0,261.4772033691406,0.48770973086357117,0.48770973086357117,0.3781432509422302,0.09934739023447037,31.439626693725586,0.3466724753379822,15.381011009216309,0.48827439546585083,0.8615128993988037,0.3577265441417694,0.3577265441417694,0.0,451.1932067871094,0.18214288353919983,0.24229808151721954,0.2684650123119354,0.0341973602771759,73.7074203491211,0.35308322310447693,21.485389709472656,0.6888728141784668,1.3720041513442993
2019,2,30.379989250158374,106.14515939149531,8955.033,327.0,3.512075901031494,322.3039855957031,28.21267318725586,29.347911834716797,1.308363437652588,6.52534818649292,32.904727935791016,0.2550658583641052,0.30527809262275696,0.0,411.9542236328125,0.4978395402431488,0.6065483689308167,0.3978253901004791,0.10949088633060455,57.81480026245117,0.3888804614543915,12.87356948852539,0.3288419842720032,0.7932643890380859,0.22288799285888672,0.2428690493106842,0.0,549.48779296875,0.4386765658855438,0.5573815107345581,0.21465708315372467,0.1106342300772667,70.98646545410156,0.38493847846984863,7.739264965057373,0.24466180801391602,0.5110751390457153,0.22433841228485107,0.2520104944705963,0.0,397.7303466796875,0.3800410330295563,0.4036802649497986,0.1684027910232544,0.07673028856515884,32.313655853271484,0.356858491897583,10.198213577270508,0.34062090516090393,0.6520033478736877,0.2972054183483124,0.2972054183483124,0.0,247.84495544433594,0.3878290355205536,0.40490978956222534,0.1965193897485733,0.08543592691421509,51.15874099731445,0.3744085431098938,14.57911491394043,0.4549804627895355,0.930272102355957,0.3882525563240051,0.3882525563240051,0.0,443.8899230957031,0.4697527289390564,0.5282555222511292,0.2714610993862152,0.12059464305639267,106.72770690917969,0.3761734068393707,21.137615203857422,0.6675074696540833,1.237786054611206
2019,2,30.263299034690746,106.2084920037574,8955.464,243.0,3.3485450744628906,106.06143188476562,28.965898513793945,29.769807815551758,1.2995473146438599,6.308658599853516,33.15633773803711,0.25286659598350525,0.3044869899749756,0.0,412.4281921386719,0.49263742566108704,0.606198787689209,0.39782950282096863,0.10799051076173782,59.06697082519531,0.3924051523208618,12.888381004333496,0.31968703866004944,0.7811100482940674,0.212906613945961,0.23518507182598114,0.0,552.5834350585938,0.25369977951049805,0.290373295545578,-0.07205427438020706,0.04513319209218025,70.06365203857422,0.3867604732513428,7.782865047454834,0.24222847819328308,0.49651336669921875,0.21790197491645813,0.24864812195301056,0.0,398.3072814941406,0.22098559141159058,0.2747853100299835,0.023032842203974724,0.036529988050460815,33.36287307739258,0.36038732528686523,10.213006973266602,0.3387250304222107,0.64639812707901,0.2940177023410797,0.2940177023410797,0.0,247.60345458984375,0.2281249761581421,0.25700777769088745,0.15625973045825958,0.03586124628782272,55.318443298339844,0.3820992708206177,14.564908981323242,0.4426976442337036,0.917015016078949,0.3872109651565552,0.3872109651565552,0.0,442.8258361816406,0.30759528279304504,0.36668628454208374,0.23026803135871887,0.062338124960660934,106.75574493408203,0.3818347454071045,21.086944580078125,0.6510142683982849,1.23799729347229
2019,2,31.270667930977865,104.14712539146726,8999.347,581.0,1.4272035360336304,229.4786376953125,25.16251564025879,25.25951385498047,1.2168878316879272,6.699999809265137,38.93716812133789,0.25268059968948364,0.27057474851608276,1.2632476091384888,298.66107177734375,0.5209575295448303,0.5317786931991577,0.40487465262413025,0.10695786774158478,47.380924224853516,0.36758294701576233,9.293682098388672,0.30784139037132263,0.664778470993042,0.2315872609615326,0.26014387607574463,44.7593994140625,295.3709716796875,0.5416334867477417,0.6374478340148926,0.16644543409347534,0.1492229551076889,84.08596801757812,0.36743077635765076,3.529740333557129,0.1996224969625473,0.43515411019325256,0.24300570785999298,0.25306135416030884,6.55544376373291,240.42921447753906,0.5807596445083618,0.6697247624397278,0.3316691815853119,0.1763719767332077,74.80165100097656,0.36288490891456604,5.996763706207275,0.23387949168682098,0.4948897063732147,0.3050402104854584,0.3050402104854584,0.0,197.58392333984375,0.6864937543869019,0.7843586802482605,0.40185871720314026,0.2588768005371094,26.152894973754883,0.33096474409103394,11.622583389282227,0.4543655216693878,0.7765079140663147,0.3838994801044464,0.3838994801044464,0.0,376.0679626464844,0.6675869822502136,0.6855097413063049,0.2961275577545166,0.20161126554012299,96.5267562866211,0.3443876802921295,17.907997131347656,0.582054615020752,1.1683484315872192
2019,2,28.266611683180855,102.97886767007076,9267.546,1545.0,3.155993700027466,90.0,29.941295623779297,29.511276245117188,1.2854511737823486,6.253220081329346,36.246219635009766,0.27901220321655273,0.30442214012145996,2.149184226989746,210.0253143310547,0.6331441402435303,0.6664166450500488,0.3903235197067261,0.1183132752776146,73.68254852294922,0.4241405427455902,6.496129035949707,0.19345209002494812,0.5650619268417358,0.21280963718891144,0.2575893998146057,37.11895751953125,216.4062042236328,0.4080376625061035,0.49785515666007996,0.04415088891983032,0.10949490964412689,101.5960922241211,0.40327900648117065,2.525172472000122,0.17763341963291168,0.5106307864189148,0.18980664014816284,0.1987333744764328,1.0616753101348877,208.05947875976562,0.2685065269470215,0.28575190901756287,-0.017138035967946053,0.0619983896613121,73.3978500366211,0.38017237186431885,5.30763578414917,0.28032544255256653,0.6521546840667725,0.2475852072238922,0.2475852072238922,0.15520069003105164,154.78541564941406,0.11318163573741913,0.12953367829322815,-0.0277955811470747,0.021651411429047585,55.17155075073242,0.3889254331588745,9.095894813537598,0.34164315462112427,0.7401493191719055,0.328673392534256,0.328673392534256,0.0,315.88983154296875,0.1193080022931099,0.12545855343341827,-0.034388694912195206,0.023033101111650467,100.5964584350586,0.3929758071899414,15.042372703552246,0.490089476108551,1.0180038213729858
2019,2,28.29841399189403,102.96970421740595,9267.546,1581.0,4.306273460388184,102.41410064697266,29.52879524230957,30.198413848876953,1.294085144996643,6.196242809295654,39.12672424316406,0.2781534492969513,0.30394554138183594,2.2784669399261475,206.9300994873047,0.6321577429771423,0.6654639840126038,0.38888585567474365,0.11783087998628616,75.5569839477539,0.4250009059906006,6.3953633308410645,0.1881147027015686,0.5614504814147949,0.21229581534862518,0.2582302689552307,38.42485046386719,207.65383911132812,0.22408223152160645,0.28020378947257996,-0.14693471789360046,0.04001886397600174,103.02653503417969,0.4048268496990204,2.3835067749023438,0.17078539729118347,0.49331456422805786,0.18869034945964813,0.19769512116909027,1.125539779663086,201.41494750976562,0.2084275335073471,0.24401913583278656,-0.14883315563201904,0.039757244288921356,75.0317153930664,0.3835563361644745,5.135625839233398,0.26787707209587097,0.6353837847709656,0.24797070026397705,0.24797070026397705,0.16453668475151062,152.57386779785156,0.19306790828704834,0.1957121044397354,-0.15290722250938416,0.036281660199165344,55.834983825683594,0.39189404249191284,8.965254783630371,0.3300512135028839,0.7187159061431885,0.3304392099380493,0.3304392099380493,0.0,313.505859375,0.30013126134872437,0.30262354016304016,-0.08195880055427551,0.06328921765089035,102.97075653076172,0.39645224809646606,14.928850173950195,0.4717208445072174,0.9943085312843323
2019,2,30.632236137650757,106.1632142916607,9401.773,276.0,5.6694865226745605,49.289546966552734,27.160802841186523,31.504703521728516,1.3070882558822632,6.835729122161865,29.615814208984375,0.25630369782447815,0.3021557033061981,0.0,408.2920837402344,0.5084410309791565,0.6104221343994141,0.4048777222633362,0.110069639980793,58.8182487487793,0.3864114582538605,12.759127616882324,0.33154383301734924,0.802789568901062,0.23040077090263367,0.24724818766117096,0.0,537.6123046875,0.22071942687034607,0.30751559138298035,0.22052925825119019,0.04681459069252014,73.71757507324219,0.38486868143081665,7.572004318237305,0.2446150779724121,0.5197198390960693,0.227757066488266,0.2603957951068878,0.0,392.5099182128906,0.2707790434360504,0.44335779547691345,0.04459663853049278,0.05191376432776451,30.287885665893555,0.35439157485961914,10.064356803894043,0.34313076734542847,0.6573627591133118,0.2973390519618988,0.2973390519618988,0.0,245.88548278808594,0.17143867909908295,0.19858907163143158,0.06187500059604645,0.028407389298081398,47.80630874633789,0.3685934245586395,14.463851928710938,0.4622388482093811,0.9446922540664673,0.3946222960948944,0.3946222960948944,0.0,442.6444091796875,0.13333334028720856,0.18082033097743988,0.04498978331685066,0.021087652072310448,109.13912963867188,0.3724590539932251,21.078306198120117,0.6737862825393677,1.2218741178512573
2019,2,32.331398889571574,105.59700655809625,9468.186,524.0,7.147917747497559,310.19677734375,27.02051544189453,27.586702346801758,1.2899999618530273,6.798720359802246,32.59825897216797,0.2550353705883026,0.2696548402309418,0.43120259046554565,228.00697326660156,0.6168360710144043,0.6247789263725281,0.45451846718788147,0.10379113256931305,36.98830795288086,0.37219563126564026,7.1117424964904785,0.29248636960983276,0.7855364084243774,0.20329682528972626,0.24011912941932678,69.85308837890625,146.14808654785156,0.33781975507736206,0.4177693724632263,0.06906669586896896,0.05554670840501785,59.62940979003906,0.37329843640327454,1.0745774507522583,0.19018368422985077,0.4598844051361084,0.1709827035665512,0.2248961180448532,4.89371919631958,155.3313446044922,0.35010841488838196,0.3757791519165039,0.02515346184372902,0.057206351310014725,63.417823791503906,0.38112571835517883,3.857374906539917,0.20704862475395203,0.4773009717464447,0.28092730045318604,0.28092730045318604,0.0,166.8365478515625,0.4241871237754822,0.4720301628112793,0.11598393321037292,0.10465107858181,13.0020170211792,0.3355029225349426,9.81391429901123,0.452091783285141,0.7914344668388367,0.44791659712791443,0.44791659712791443,0.0,328.69171142578125,0.7402858138084412,0.7402858138084412,0.6140123605728149,0.21209825575351715,119.09539794921875,0.3615395426750183,15.651986122131348,0.4378131926059723,0.83197420835495
2019,2,32.28396743166607,105.67920116781441,9570.326,839.0,10.153055191040039,154.67919921875,25.406835556030273,27.626245498657227,1.240195393562317,6.695603370666504,39.32052230834961,0.25584644079208374,0.2701481282711029,0.36959269642829895,241.08059692382812,0.6153704524040222,0.6242951154708862,0.4555451571941376,0.10409881919622421,39.35405731201172,0.3712739646434784,7.522218704223633,0.2989156246185303,0.795459508895874,0.20551659166812897,0.2409396767616272,62.49055862426758,169.89498901367188,0.3969593048095703,0.43432343006134033,-0.034848473966121674,0.08100917190313339,63.32825469970703,0.37362009286880493,1.5127384662628174,0.1936415135860443,0.4653884470462799,0.1744072139263153,0.22939258813858032,4.55674409866333,170.52615356445312,0.37561556696891785,0.40942761301994324,-0.05025525391101837,0.0798468291759491,61.678123474121094,0.3782006502151489,4.2556257247924805,0.2169674187898636,0.4953280985355377,0.28155338764190674,0.28155338764190674,0.0,172.41427612304688,0.3569880723953247,0.3569880723953247,0.01849968172609806,0.08942551165819168,14.059195518493652,0.3351236581802368,10.142016410827637,0.4558905363082886,0.799601674079895,0.44676876068115234,0.44676876068115234,0.0,336.2774658203125,0.7376676201820374,0.7376676201820374,0.6102769374847412,0.2111813724040985,118.2828140258789,0.3608044385910034,16.013212203979492,0.4548494517803192,0.859419584274292
