Year,Zone,latitude,longitude,yield,Elevation,Slope,Aspect,Sand,Clay,BD,pH,SOC,P1_EVI,P1_EVI_max,P1_FDD,P1_GDD,P1_NDVI,P1_NDVI_max,P1_NDWI,P1_NIRv,P1_PPT,P1_SM,P1_Tmean,P1_VPD,P1_VPD_max,P2_EVI,P2_EVI_max,P2_FDD,P2_GDD,P2_NDVI,P2_NDVI_max,P2_NDWI,P2_NIRv,P2_PPT,P2_SM,P2_Tmean,P2_VPD,P2_VPD_max,P3_EVI,P3_EVI_max,P3_FDD,P3_GDD,P3_NDVI,P3_NDVI_max,P3_NDWI,P3_NIRv,P3_PPT,P3_SM,P3_Tmean,P3_VPD,P3_VPD_max,P4_EVI,P4_EVI_max,P4_FDD,P4_GDD,P4_NDVI,P4_NDVI_max,P4_NDWI,P4_NIRv,P4_PPT,P4_SM,P4_Tmean,P4_VPD,P4_VPD_max,P5_EVI,P5_EVI_max,P5_FDD,P5_GDD,P5_NDVI,P5_NDVI_max,P5_NDWI,P5_NIRv,P5_PPT,P5_SM,P5_Tmean,P5_VPD,P5_VPD_max
2017,1,36.744375001720606,81.59851263024217,2568.2056,1528.0,2.492248773574829,111.83380126953125,35.32646942138672,22.045719146728516,1.3691014051437378,7.900000095367432,8.93421745300293,0.06060359254479408,0.06060359254479408,0.0,403.0798645019531,0.23752164840698242,0.2607027292251587,0.04120359569787979,0.061233893036842346,1.4793964624404907,0.06080414727330208,19.194278717041016,1.5598944425582886,1.9430370330810547,0.044777289032936096,0.048497676849365234,278.96075439453125,232.00674438476562,0.12538333237171173,0.15985557436943054,-0.028896469622850418,0.029288174584507942,19.890825271606445,0.04886971041560173,-0.3584274649620056,0.3638305366039276,1.0999271869659424,0.0460645966231823,0.05330502986907959,0.0,539.212646484375,0.17712126672267914,0.2305191159248352,-0.007700555957853794,0.04875817894935608,27.740915298461914,0.048715025186538696,14.573315620422363,1.2608307600021362,2.3577687740325928,0.06722709536552429,0.07023917138576508,0.0,490.79022216796875,0.09414497762918472,0.096722312271595,0.048628464341163635,0.03029451332986355,0.5026296973228455,0.024181464686989784,23.370962142944336,2.48625111579895,2.8894145488739014,0.06844224780797958,0.06844224780797958,0.0,539.012939453125,0.3126278817653656,0.32582634687423706,0.08341390639543533,0.09817355871200562,8.842952728271484,0.030303606763482094,25.66728401184082,2.7016255855560303,3.6901156902313232
2017,1,41.26999692468179,79.92495403657024,2577.267,1190.0,0.9274099469184875,-0.0,25.512861251831055,23.150684356689453,1.4113057851791382,7.800000190734863,12.066812515258789,0.10303627699613571,0.10303627699613571,0.0,232.70358276367188,0.24012228846549988,0.27530619502067566,0.05598125606775284,0.06493756175041199,15.185295104980469,0.1885303258895874,11.081122398376465,0.7226250767707825,1.0049433708190918,0.04887896031141281,0.06952457129955292,977.8068237304688,27.131820678710938,0.1146761104464531,0.1597920060157776,0.020521996542811394,0.01959414780139923,60.00846481323242,0.2627779245376587,-7.257061004638672,0.17078466713428497,0.3790266513824463,0.05818901211023331,0.0785483568906784,26.431554794311523,152.96603393554688,0.11296379566192627,0.11296379566192627,0.02664065547287464,0.026919111609458923,70.29283905029297,0.2607232332229614,3.4198508262634277,0.39993858337402344,0.7199558019638062,0.11151760816574097,0.12401243299245834,0.0,259.6070251464844,0.3388223350048065,0.3388223350048065,0.18298466503620148,0.11836811155080795,6.002942085266113,0.19214798510074615,12.362239837646484,1.028952956199646,1.3960617780685425,0.14120176434516907,0.14120176434516907,0.0,326.29803466796875,0.34806567430496216,0.34806567430496216,0.20392757654190063,0.116160549223423,38.0810661315918,0.1900942474603653,15.538002014160156,1.1128183603286743,1.5915443897247314
2017,1,41.36647403507414,79.30430513824427,2751.4353,1374.0,1.5447862148284912,126.88818359375,25.85370445251465,20.790348052978516,1.3811047077178955,7.952043533325195,15.216002464294434,0.07642397284507751,0.07642397284507751,3.8837413787841797,190.96511840820312,0.3134959936141968,0.3310792148113251,0.08133533596992493,0.09021060913801193,18.331634521484375,0.19871895015239716,8.908637046813965,0.6073342561721802,0.859158456325531,0.03141537681221962,0.052020035684108734,1259.6259765625,10.271639823913574,0.2760358452796936,0.5302754044532776,0.14565885066986084,0.07969064265489578,68.46344757080078,0.2660488486289978,-9.537055969238281,0.1440431773662567,0.32149747014045715,0.03597192093729973,0.05116225406527519,66.49888610839844,93.8457260131836,0.3494398593902588,0.4129921793937683,0.14575400948524475,0.0978517085313797,65.7676773071289,0.2667211890220642,0.7391037940979004,0.2967923581600189,0.5784234404563904,0.08578673005104065,0.09843967854976654,3.8192508220672607,197.92495727539062,0.6224191188812256,0.656764030456543,0.41326645016670227,0.2671150267124176,5.515665054321289,0.21106286346912384,9.243128776550293,0.7651393413543701,1.0806074142456055,0.11365063488483429,0.11365063488483429,0.20874565839767456,277.0681457519531,0.47208285331726074,0.7929200530052185,0.2698465883731842,0.16051848232746124,41.42280197143555,0.19994936883449554,13.183781623840332,0.9026622772216797,1.3338714838027954
2017,1,42.20999326315239,86.31224173114298,2760.9834,1079.0,2.236935615539551,214.02127075195312,33.80293655395508,12.482010841369629,1.4037528038024902,8.100000381469727,13.966197967529297,0.11718155443668365,0.11718155443668365,1.356297492980957,270.3786926269531,0.5742830634117126,0.5742830634117126,0.2402925044298172,0.14374122023582458,24.963924407958984,0.20018945634365082,12.810589790344238,0.8323181867599487,1.2112245559692383,0.04998290166258812,0.056972067803144455,878.426513671875,41.79944610595703,0.20847110450267792,0.28199589252471924,0.019268987700343132,0.04969283938407898,40.2135124206543,0.2507374882698059,-6.3864665031433105,0.18775467574596405,0.4342549443244934,0.053681086748838425,0.07111792266368866,31.897199630737305,195.064453125,0.30303025245666504,0.30303025245666504,0.06723063439130783,0.07295726984739304,40.58294677734375,0.23219425976276398,4.409925937652588,0.4924631416797638,0.8506118655204773,0.1103462427854538,0.12329094111919403,0.12643571197986603,304.9823303222656,0.17617195844650269,0.19761662185192108,0.05028161779046059,0.042462173849344254,12.161687850952148,0.19902373850345612,14.516946792602539,1.2181390523910522,1.7445980310440063,0.15910379588603973,0.15910379588603973,0.0,382.1148681640625,0.6668300032615662,0.6668300032615662,0.3379597067832947,0.19431829452514648,36.020965576171875,0.2089504599571228,18.195945739746094,1.3667011260986328,1.913476586341858
2017,1,39.35712283657247,75.44514491783217,2853.3284,1473.0,3.704791784286499,180.0,33.86241912841797,24.19012451171875,1.3884488344192505,7.975960731506348,15.121639251708984,0.08386311680078506,0.08386311680078506,0.28107333183288574,275.616455078125,0.6460742354393005,0.6969801783561707,0.3190915286540985,0.20083539187908173,13.38634967803955,0.18276260793209076,13.11120891571045,0.9468166828155518,1.1902093887329102,0.031898051500320435,0.05777088180184364,905.2379150390625,61.962371826171875,0.21779070794582367,0.3644883632659912,0.16851599514484406,0.056782033294439316,115.43938446044922,0.2493462711572647,-6.437218189239502,0.20774291455745697,0.6867073178291321,0.07125814259052277,0.08806464821100235,48.24283981323242,239.07473754882812,0.6441887021064758,0.6619431972503662,0.39298295974731445,0.21914435923099518,53.70502853393555,0.26356005668640137,5.157618999481201,0.5012789964675903,1.0346373319625854,0.10997726023197174,0.11410705000162125,1.262484073638916,319.4840087890625,0.7773123383522034,0.7798131108283997,0.5004401803016663,0.32511794567108154,7.333612442016602,0.12859664857387543,15.15340518951416,1.3304423093795776,1.7247058153152466,0.11245585232973099,0.11245585232973099,0.004065512213855982,375.0403137207031,0.6086851358413696,0.6107671856880188,0.39607712626457214,0.2644743025302887,29.999528884887695,0.13556122779846191,17.858869552612305,1.5124454498291016,1.955909013748169
2017,1,42.0633869387172,86.41896139665509,2890.231,1065.0,3.1088616847991943,306.5903625488281,37.0312385559082,12.073355674743652,1.3989070653915405,8.044259071350098,13.952088356018066,0.11849379539489746,0.11849379539489746,0.46471402049064636,305.4588928222656,0.611945629119873,0.611945629119873,0.2459365874528885,0.15113791823387146,25.0237979888916,0.17406393587589264,14.52353286743164,0.9548962116241455,1.373248815536499,0.053207237273454666,0.05846194922924042,722.7372436523438,61.731502532958984,0.284858375787735,0.32666337490081787,-0.011720302514731884,0.07013768702745438,35.98492431640625,0.21727176010608673,-5.0458455085754395,0.20810946822166443,0.4914568066596985,0.057271163910627365,0.07203307002782822,18.459548950195312,251.65928649902344,0.08963356912136078,0.1091594398021698,0.0950290784239769,0.024935338646173477,35.954345703125,0.19933997094631195,6.3026957511901855,0.5909025073051453,0.991266131401062,0.10759708285331726,0.120615154504776,0.04332121089100838,346.4527282714844,0.16929031908512115,0.19108185172080994,0.0334562249481678,0.040922123938798904,9.993067741394043,0.16724571585655212,16.495685577392578,1.4276180267333984,2.0139594078063965,0.15203945338726044,0.15203945338726044,0.0,422.0451965332031,0.680141270160675,0.680141270160675,0.2653527855873108,0.20867057144641876,30.043088912963867,0.17802710831165314,20.09739112854004,1.5897175073623657,2.2292418479919434
2017,1,41.122851049019125,79.8093384644565,2907.5537,1210.0,2.2252888679504395,33.573997497558594,26.154674530029297,22.59386444091797,1.409999966621399,7.800000190734863,13.918095588684082,0.10296299308538437,0.10296299308538437,0.0,261.4593505859375,0.5882724523544312,0.6230924725532532,0.22629795968532562,0.1686304658651352,12.957581520080566,0.17585475742816925,12.450446128845215,0.8216067552566528,1.1456246376037598,0.05063091218471527,0.06869789958000183,860.9277954101562,41.769447326660156,0.24603259563446045,0.3410590589046478,0.05033805966377258,0.06215021014213562,55.647422790527344,0.24011841416358948,-6.253117084503174,0.183579683303833,0.42409491539001465,0.05778452008962631,0.07570604234933853,21.622861862182617,204.1688232421875,0.18139933049678802,0.18310269713401794,-0.03255939111113548,0.04894688352942467,63.12757110595703,0.23920796811580658,4.9336748123168945,0.465548038482666,0.8517842292785645,0.10738950222730637,0.12050119042396545,0.0,294.6903381347656,0.49210843443870544,0.497340589761734,0.21095021069049835,0.16800032556056976,5.319907188415527,0.17160111665725708,14.032873153686523,1.2013635635375977,1.6211886405944824,0.1381881833076477,0.1381881833076477,0.0,359.1423645019531,0.4710482954978943,0.4856262803077698,0.21551468968391418,0.17116345465183258,35.22745132446289,0.1701929122209549,17.10201644897461,1.2890868186950684,1.8340327739715576
2017,1,41.2853585278109,79.48648617088385,2993.9812,1280.0,2.6352274417877197,69.40803527832031,29.093873977661133,20.84955406188965,1.4299999475479126,8.0,14.563579559326172,0.08727974444627762,0.08727974444627762,0.24526992440223694,229.39036560058594,0.2063841074705124,0.21765564382076263,0.02679757960140705,0.05638726428151131,14.6294527053833,0.17403243482112885,10.91167163848877,0.7178478837013245,1.0099440813064575,0.04159954935312271,0.061026137322187424,1031.1181640625,19.335311889648438,0.11232476681470871,0.19645510613918304,-0.03710627928376198,0.028083020821213722,63.790706634521484,0.25071975588798523,-7.7235331535339355,0.16630049049854279,0.3719349205493927,0.046347010880708694,0.06362451612949371,30.36743927001953,136.0787353515625,0.12674787640571594,0.19887647032737732,-0.04387177154421806,0.031500332057476044,66.34153747558594,0.24912916123867035,2.8570618629455566,0.36522844433784485,0.6953697800636292,0.09797287732362747,0.11000678688287735,0.2411971539258957,245.27505493164062,0.2546134889125824,0.2664390206336975,0.073304183781147,0.08449779450893402,4.848097324371338,0.18271706998348236,11.668278694152832,0.9500041604042053,1.3054120540618896,0.12332161515951157,0.12332161515951157,0.013182914815843105,322.1849060058594,0.40075206756591797,0.4513522684574127,0.16132955253124237,0.1376878321170807,37.951560974121094,0.1689891815185547,15.341510772705078,1.0856773853302002,1.5778318643569946
2017,1,39.12131665466414,75.74832365755701,3085.2239,1415.0,4.529853820800781,127.80470275878906,35.38811492919922,22.813495635986328,1.3922454118728638,7.863414287567139,11.761392593383789,0.08608315140008926,0.08608315140008926,0.5108188986778259,259.0101013183594,0.37828686833381653,0.48616811633110046,0.11877427250146866,0.10420045256614685,16.00553321838379,0.20609885454177856,12.309489250183105,0.9298239946365356,1.2131308317184448,0.04007486626505852,0.065312959253788,973.3971557617188,73.00383758544922,0.16323037445545197,0.3715795874595642,0.17495979368686676,0.04965957626700401,100.70467376708984,0.24935777485370636,-6.873231410980225,0.19883818924427032,0.6678551435470581,0.0650954619050026,0.08118727803230286,74.4888687133789,242.31411743164062,0.36019718647003174,0.5865230560302734,0.161050483584404,0.1062055453658104,54.521732330322266,0.2539251148700714,4.535817623138428,0.519606351852417,1.1012998819351196,0.10476379841566086,0.11019078642129898,1.721129298210144,302.3922424316406,0.7010791301727295,0.7010791301727295,0.4120212495326996,0.2626380920410156,8.481039047241211,0.14836598932743073,14.317671775817871,1.3506073951721191,1.738840937614441,0.11545832455158234,0.11545832455158234,0.0,353.43048095703125,0.16487477719783783,0.16487477719783783,0.09089008718729019,0.047713134437799454,37.26176834106445,0.16802169382572174,16.83002281188965,1.4909512996673584,1.9630486965179443
2017,1,40.224627569217205,77.13810951928869,3085.6755,1602.0,2.2162351608276367,326.7806701660156,34.76519775390625,24.2825984954834,1.3774492740631104,7.699999809265137,16.43849754333496,0.09189043194055557,0.09189043194055557,13.065004348754883,162.23133850097656,0.4851815104484558,0.5959475040435791,0.09604087471961975,0.1029425784945488,26.035110473632812,0.2641894817352295,7.103158950805664,0.6704794764518738,0.9840763211250305,0.032890379428863525,0.056271836161613464,1615.9957275390625,63.857120513916016,0.07571186125278473,0.29527148604393005,0.5256383419036865,0.03132157027721405,102.32722473144531,0.2842255234718323,-11.848386764526367,0.12493902444839478,0.4088897705078125,0.051020823419094086,0.06427767872810364,175.44039916992188,154.01634216308594,0.2062998116016388,0.3697315454483032,-0.003985302522778511,0.05723113939166069,50.673072814941406,0.2702594995498657,-0.5790285468101501,0.3934099078178406,0.8239842653274536,0.10256094485521317,0.11406641453504562,6.149906158447266,179.30007934570312,0.5318441987037659,0.6655413508415222,0.28170451521873474,0.18676525354385376,10.22964859008789,0.2637206017971039,8.245245933532715,0.9718718528747559,1.3235340118408203,0.13160955905914307,0.13160955905914307,0.0,249.4473419189453,0.7509937882423401,0.762851893901825,0.400865375995636,0.31506964564323425,49.19908142089844,0.26484835147857666,11.87844467163086,1.0973721742630005,1.5461994409561157
2017,1,39.34984558365325,75.47047707091679,3095.2231,1460.0,4.53903865814209,127.71443176269531,36.40431213378906,23.69975471496582,1.3981736898422241,7.806746959686279,17.469764709472656,0.08459692448377609,0.08459692448377609,0.2835690975189209,278.7969970703125,0.49857863783836365,0.6371930837631226,0.1495727300643921,0.15799112617969513,13.397003173828125,0.1824503093957901,13.262544631958008,0.9563723206520081,1.202237606048584,0.03287706896662712,0.05869492143392563,883.1689453125,63.083152770996094,0.27469930052757263,0.3845118284225464,0.14128677546977997,0.06970898061990738,115.7402572631836,0.2512572109699249,-6.260196685791016,0.209906205534935,0.6932122707366943,0.07259499281644821,0.08951378613710403,45.149261474609375,243.39915466308594,0.7658146619796753,0.783736526966095,0.4764989912509918,0.3446471691131592,53.80811309814453,0.26543089747428894,5.358105182647705,0.5079360604286194,1.049726128578186,0.11140920221805573,0.11543732136487961,1.1317172050476074,323.6824035644531,0.8260616660118103,0.8266230225563049,0.56026691198349,0.39111602306365967,7.247942924499512,0.12827657163143158,15.359556198120117,1.347598671913147,1.7448590993881226,0.11367296427488327,0.11367296427488327,0.0023038405925035477,378.84991455078125,0.6999748945236206,0.7009031176567078,0.45314154028892517,0.27697986364364624,29.708932876586914,0.13487890362739563,18.040361404418945,1.5301756858825684,1.978142499923706
2017,1,41.2837398741285,79.27951253638712,3099.1755,1362.0,2.7802884578704834,180.0,22.945566177368164,23.154163360595703,1.3700000047683716,7.9738335609436035,17.709754943847656,0.07920944690704346,0.07920944690704346,3.9576268196105957,202.5696563720703,0.1750723123550415,0.2799661159515381,-0.016235752031207085,0.04515104368329048,17.51883316040039,0.19501496851444244,9.45771598815918,0.645412802696228,0.9137704968452454,0.03390651196241379,0.053172413259744644,1204.497802734375,16.23837661743164,0.1799612045288086,0.35674941539764404,0.09298775345087051,0.043485257774591446,66.37242126464844,0.25491103529930115,-9.070682525634766,0.1503635197877884,0.3440288007259369,0.03857098147273064,0.053140945732593536,64.30948638916016,116.94551086425781,0.2385486364364624,0.3068903088569641,0.010782912373542786,0.0573338158428669,63.688316345214844,0.2575967013835907,1.4225953817367554,0.32444873452186584,0.6384526491165161,0.08645791560411453,0.09926582127809525,3.891909599304199,214.38458251953125,0.5388161540031433,0.5824906826019287,0.3120575249195099,0.1974005252122879,5.606945037841797,0.20088604092597961,10.023460388183594,0.8425918221473694,1.1839041709899902,0.11505108326673508,0.11505108326673508,0.21271690726280212,290.49114990234375,0.4521005153656006,0.591563880443573,0.24545718729496002,0.1513114720582962,40.84419631958008,0.19202634692192078,13.822782516479492,0.9738442897796631,1.430901288986206
2017,1,41.27916037734662,79.31670143917285,3151.5205,1351.0,2.4668335914611816,90.0,21.496089935302734,23.866865158081055,1.3920906782150269,8.0,15.089797973632812,0.08087097853422165,0.08087097853422165,3.272350549697876,208.219970703125,0.21434161067008972,0.2840791344642639,-0.0294672679156065,0.04774116724729538,16.9359073638916,0.19090570509433746,9.75940990447998,0.6610678434371948,0.9347919821739197,0.03547840192914009,0.05469744652509689,1169.1185302734375,17.160676956176758,0.1911577582359314,0.38238444924354553,0.07720853388309479,0.05206330865621567,65.77223205566406,0.25350117683410645,-8.793571472167969,0.15368738770484924,0.35049939155578613,0.04016246274113655,0.05520009249448776,57.881874084472656,121.83206176757812,0.2573156952857971,0.5666961669921875,0.03116973116993904,0.0642799586057663,64.0634536743164,0.255502313375473,1.7283834218978882,0.3336234390735626,0.652460515499115,0.08863535523414612,0.10130942612886429,3.218012571334839,221.0683135986328,0.581118106842041,0.6101943254470825,0.3414500951766968,0.2307451218366623,5.470705509185791,0.19693009555339813,10.373824119567871,0.867014467716217,1.2124112844467163,0.11667073518037796,0.11667073518037796,0.17588427662849426,297.1498107910156,0.48691126704216003,0.7141286134719849,0.28120851516723633,0.1710415780544281,40.273807525634766,0.1873011440038681,14.141615867614746,0.9987157583236694,1.4637765884399414
2017,1,39.78723880598575,76.12346337008235,3235.852,1439.0,1.5218448638916016,232.4604949951172,31.520605087280273,23.10905647277832,1.4099788665771484,7.599999904632568,12.2878999710083,0.10534465312957764,0.10534465312957764,3.5612528324127197,299.938720703125,0.2950887978076935,0.3117333650588989,0.09672722965478897,0.09523226320743561,14.789531707763672,0.21510033309459686,14.113212585449219,1.1458244323730469,1.5520116090774536,0.04064177721738815,0.061024073511362076,886.55078125,110.40482330322266,0.0289725624024868,0.20185309648513794,0.1573438048362732,0.020299512892961502,97.58341217041016,0.2814379632472992,-5.924777984619141,0.20610851049423218,0.7446860074996948,0.0700700432062149,0.08449295163154602,61.60023498535156,312.16448974609375,0.1873476207256317,0.22901539504528046,0.037376370280981064,0.05651279166340828,44.06205368041992,0.26453325152397156,6.772006988525391,0.6608672142028809,1.3696212768554688,0.11681539565324783,0.12649507820606232,1.6436591148376465,344.5684814453125,0.32222869992256165,0.3258301913738251,0.10517014563083649,0.11800029873847961,7.689596652984619,0.20234861969947815,16.329753875732422,1.6506942510604858,2.0888068675994873,0.1402110755443573,0.1402110755443573,0.0,409.1053466796875,0.19504868984222412,0.19504868984222412,0.08434221148490906,0.05575212091207504,25.277833938598633,0.19539794325828552,19.4812068939209,1.870683193206787,2.460693120956421
2017,1,41.2082829661021,79.26172518228492,3277.4133,1401.0,0.9274099469184875,180.0,27.135162353515625,22.64613914489746,1.3718328475952148,8.0,16.720151901245117,0.08193075656890869,0.08193075656890869,3.866346836090088,213.8546600341797,0.4007914364337921,0.5440352559089661,0.1657043993473053,0.12297578901052475,16.670202255249023,0.1908518224954605,9.999443054199219,0.6815994381904602,0.9653019905090332,0.03642527014017105,0.05451423302292824,1148.939208984375,21.502288818359375,0.2017544060945511,0.3739370107650757,0.07822457700967789,0.04601158946752548,64.43843841552734,0.2447035163640976,-8.606389045715332,0.15657733380794525,0.3652207851409912,0.041243113577365875,0.055369988083839417,60.887290954589844,137.9215850830078,0.18720336258411407,0.2544308304786682,-0.025693006813526154,0.044822484254837036,61.92153549194336,0.24914231896400452,2.082007884979248,0.3501874506473541,0.6940070986747742,0.08752987533807755,0.10041378438472748,3.80214524269104,230.1512908935547,0.6648265719413757,0.7109920382499695,0.4108327031135559,0.28114500641822815,5.669936656951904,0.19107520580291748,10.778531074523926,0.9146528244018555,1.2797987461090088,0.11654853820800781,0.11654853820800781,0.20781072974205017,303.6145324707031,0.5932927131652832,0.843466579914093,0.31689009070396423,0.19434286653995514,40.21009826660156,0.18384526669979095,14.447938919067383,1.0409011840820312,1.5221775770187378
2017,1,41.28751227361973,80.20037487223738,3395.159,1139.0,1.8543341159820557,-0.0,30.55396842956543,19.73013687133789,1.431161642074585,8.047806739807129,17.348669052124023,0.11241216212511063,0.11241216212511063,0.0,228.19705200195312,0.5256295800209045,0.5934934616088867,0.20565283298492432,0.13790833950042725,16.05888557434082,0.20031745731830597,10.86652660369873,0.7037875056266785,0.9717357158660889,0.05278909578919411,0.07457885891199112,973.9351196289062,28.803939819335938,0.14786183834075928,0.1854400634765625,-0.02926776371896267,0.029496878385543823,58.68634796142578,0.2740574777126312,-7.2147417068481445,0.1705787479877472,0.3741040527820587,0.0652722716331482,0.0878574401140213,26.2684383392334,152.7435302734375,0.10612177103757858,0.10612177103757858,-0.049670230597257614,0.025297468528151512,74.04199981689453,0.2718125581741333,3.418245792388916,0.4063664674758911,0.7077446579933167,0.12014211714267731,0.13281574845314026,0.0,260.474365234375,0.516584038734436,0.516584038734436,0.26605024933815,0.17314308881759644,6.880272388458252,0.20189747214317322,12.403541564941406,1.039459228515625,1.4031012058258057,0.15233546495437622,0.15233546495437622,0.0,321.3013000488281,0.20794764161109924,0.20794764161109924,0.11756899207830429,0.06238862872123718,38.91017532348633,0.2070906013250351,15.30006217956543,1.09091055393219,1.5477876663208008
2017,1,41.259214818334556,80.81859801959028,3678.732,1144.0,1.543163537979126,53.066558837890625,26.900339126586914,21.721128463745117,1.4045599699020386,8.01864242553711,18.377803802490234,0.12252120673656464,0.12252120673656464,0.0,263.2611083984375,0.7077489495277405,0.8184517621994019,0.38865116238594055,0.2958264946937561,15.70969295501709,0.17731992900371552,12.536242485046387,0.8205246329307556,1.1462470293045044,0.057208120822906494,0.07979577779769897,818.2824096679688,39.68014907836914,0.29300838708877563,0.3109973967075348,-0.008278386667370796,0.06926155090332031,48.879608154296875,0.24067601561546326,-5.943528652191162,0.18619854748249054,0.39337873458862305,0.07255160063505173,0.0967777743935585,16.71935272216797,217.6010284423828,0.18519924581050873,0.1855289489030838,-0.051316022872924805,0.057516321539878845,67.72630310058594,0.24005430936813354,5.429234504699707,0.5058914422988892,0.845356822013855,0.12807366251945496,0.14127510786056519,0.0,310.7663269042969,0.09917398542165756,0.13868142664432526,0.04059330001473427,0.03094523772597313,7.233595371246338,0.17322808504104614,14.798396110534668,1.288337230682373,1.6998536586761475,0.16382884979248047,0.16382884979248047,0.0,365.4320983886719,0.3467550575733185,0.3474862575531006,0.186558336019516,0.14448216557502747,34.43182373046875,0.1844119280576706,17.401527404785156,1.340664029121399,1.8755223751068115
2017,1,41.284818976583445,79.41048525252894,3773.331,1312.0,0.0,-0.0,22.520429611206055,24.303997039794922,1.3914421796798706,8.0,14.517544746398926,0.08430937677621841,0.08430937677621841,1.6107933521270752,219.5118408203125,0.33861905336380005,0.3674808442592621,0.11647956818342209,0.07716704905033112,15.693559646606445,0.18175581097602844,10.376239776611328,0.6911659240722656,0.9745150804519653,0.03876662254333496,0.058135807514190674,1094.9559326171875,18.1917724609375,0.1199536994099617,0.21736539900302887,0.030485639348626137,0.02121724560856819,64.7425308227539,0.25228002667427063,-8.219573974609375,0.16043096780776978,0.36163851618766785,0.04348214715719223,0.059764664620161057,42.857337951660156,129.01686096191406,0.16325092315673828,0.19085106253623962,-0.024270115420222282,0.035831984132528305,65.36912536621094,0.2522563636302948,2.3286359310150146,0.35020211338996887,0.6743538975715637,0.09373632818460464,0.10605541616678238,1.5840457677841187,233.892822265625,0.3207462430000305,0.3437223434448242,0.13484056293964386,0.10139043629169464,5.126795768737793,0.18941473960876465,11.062322616577148,0.9104149341583252,1.2605955600738525,0.12027953565120697,0.12027953565120697,0.0865778923034668,310.5108947753906,0.4199412763118744,0.4345362186431885,0.17175854742527008,0.12729589641094208,39.016387939453125,0.17747844755649567,14.782110214233398,1.044461727142334,1.5236749649047852
2017,1,39.125628605382836,75.64968834225479,3777.038,1513.0,2.389787197113037,270.0,35.20029830932617,23.32333755493164,1.3894128799438477,7.814114570617676,13.494606971740723,0.08367907255887985,0.08367907255887985,0.5712557435035706,244.19984436035156,0.6732461452484131,0.7187930941581726,0.31529682874679565,0.21212022006511688,17.246320724487305,0.21060113608837128,11.601361274719238,0.873153030872345,1.1332494020462036,0.0379592664539814,0.0641036331653595,1042.6365966796875,63.256587982177734,0.045796290040016174,0.28246110677719116,0.5481415390968323,0.024138586595654488,105.61219787597656,0.2523062527179718,-7.47618293762207,0.19153529405593872,0.63493412733078,0.06432194262742996,0.08076683431863785,83.30191802978516,220.18089294433594,0.48629266023635864,0.48629266023635864,0.21354809403419495,0.14914311468601227,56.37105178833008,0.2604382634162903,3.699432134628296,0.4788391888141632,1.017244577407837,0.10425815731287003,0.10932692885398865,1.924762487411499,283.9099426269531,0.5646342039108276,0.6704638004302979,0.3451179563999176,0.20746766030788422,8.993293762207031,0.15214437246322632,13.427865982055664,1.2513319253921509,1.6219651699066162,0.11307675391435623,0.11307675391435623,0.0,335.3985595703125,0.7081294059753418,0.7081294059753418,0.42813822627067566,0.2662385106086731,39.55572509765625,0.1724991351366043,15.971360206604004,1.3884081840515137,1.8212623596191406
2017,1,37.29441403486526,78.54433162750338,3791.4539,1657.0,5.006104469299316,291.69097900390625,35.514949798583984,21.931428909301758,1.3376729488372803,7.618021488189697,16.263689041137695,0.06219932436943054,0.06219932436943054,0.0,377.89837646484375,0.5566772222518921,0.6553421020507812,0.25030845403671265,0.1395505666732788,2.7070016860961914,0.07876967638731003,17.995161056518555,1.4386827945709229,1.807518482208252,0.04497750103473663,0.05224478617310524,367.2416076660156,210.39466857910156,0.16530337929725647,0.3022751808166504,0.08933870494365692,0.04798073694109917,22.377002716064453,0.06091850996017456,-1.1973049640655518,0.3283073306083679,0.9017752408981323,0.044508159160614014,0.05430860072374344,7.494071006774902,479.71734619140625,0.06574138253927231,0.07912998646497726,0.09761272370815277,0.02118397131562233,19.268545150756836,0.06100859493017197,12.76279067993164,1.1306662559509277,2.070730447769165,0.06529093533754349,0.06874120980501175,0.0,463.4095764160156,0.11450335383415222,0.11450335383415222,3.8132272311486304E-4,0.04151188209652901,3.77432918548584,0.03733083978295326,22.067123413085938,2.3867716789245605,2.8824880123138428,0.06994150578975677,0.06994150578975677,0.0,507.7254943847656,0.36586612462997437,0.36586612462997437,0.17457915842533112,0.11676058918237686,15.536949157714844,0.04520068317651749,24.177404403686523,2.511564254760742,3.4053008556365967
2017,1,41.14441080261254,79.067419853881,3831.8901,1530.0,2.225510597229004,33.582603454589844,29.05416488647461,23.748743057250977,1.3707208633422852,7.900000095367432,12.864047050476074,0.07721775025129318,0.07721775025129318,6.382233142852783,200.97015380859375,0.4039873778820038,0.4326416552066803,0.09594210982322693,0.10577188432216644,18.100521087646484,0.20290453732013702,9.266091346740723,0.6479572653770447,0.9218054413795471,0.03250497952103615,0.04979175329208374,1240.737548828125,21.190345764160156,0.20550379157066345,0.3763740360736847,0.039141278713941574,0.044912319630384445,65.30018615722656,0.23999696969985962,-9.309520721435547,0.14878065884113312,0.3591672480106354,0.03783658519387245,0.04975159838795662,81.88954162597656,134.73440551757812,0.2265080362558365,0.3174571692943573,-0.026461288332939148,0.05673181265592575,58.692955017089844,0.24977965652942657,1.4282394647598267,0.3332286477088928,0.6879011988639832,0.08012501150369644,0.09333869069814682,6.276254653930664,217.23321533203125,0.6311125159263611,0.6413136720657349,0.36265823245048523,0.2569485902786255,6.358460426330566,0.1974831372499466,10.04556941986084,0.8741941452026367,1.2470018863677979,0.11091064661741257,0.11091064661741257,0.34303608536720276,288.6569519042969,0.6115245223045349,0.7102263569831848,0.3093005120754242,0.2037588506937027,41.835716247558594,0.19318649172782898,13.72923469543457,0.997570276260376,1.4677526950836182
2017,1,39.45899100013845,75.61249943946903,3849.6436,1472.0,0.9274099469184875,180.0,29.49121856689453,24.200302124023438,1.3975754976272583,7.835925579071045,14.618712425231934,0.09299379587173462,0.09299379587173462,0.0655486062169075,329.4785461425781,0.700576901435852,0.714594841003418,0.35686367750167847,0.23213103413581848,9.203970909118652,0.16230368614196777,15.686333656311035,1.1422096490859985,1.4436702728271484,0.03736734017729759,0.06044355779886246,646.4974365234375,87.21451568603516,0.15855732560157776,0.25637757778167725,0.08896712958812714,0.026354951784014702,111.10636901855469,0.2522236108779907,-4.2693352699279785,0.23577983677387238,0.800602376461029,0.08210969716310501,0.09857239574193954,9.55845832824707,308.8466491699219,0.28868451714515686,0.32067206501960754,0.1439865231513977,0.08681946247816086,48.33442306518555,0.2596719264984131,8.08887004852295,0.6238281726837158,1.2745158672332764,0.1197114810347557,0.12389498949050903,0.2208564132452011,384.76788330078125,0.5585425496101379,0.5677812099456787,0.3112345337867737,0.2031177431344986,5.169144630432129,0.1150391697883606,18.3117618560791,1.633132815361023,2.0800135135650635,0.12272032350301743,0.12272032350301743,0.0,440.7976989746094,0.6485734581947327,0.6497839093208313,0.36716005206108093,0.21509592235088348,19.848308563232422,0.1132722869515419,20.990365982055664,1.8539389371871948,2.3924295902252197
2017,1,41.20181281047355,79.45603051068882,3942.313,1297.0,2.6322693824768066,290.6161804199219,24.646589279174805,22.89681625366211,1.3953133821487427,7.900000095367432,14.97007942199707,0.08987973630428314,0.08987973630428314,0.7082886099815369,239.98170471191406,0.5195045471191406,0.5280588865280151,0.19008414447307587,0.16286318004131317,14.053537368774414,0.17207437753677368,11.393972396850586,0.7549442052841187,1.064105749130249,0.04361642152070999,0.06153663992881775,985.5551147460938,26.227340698242188,0.15485310554504395,0.2564244568347931,-0.03142339736223221,0.033612363040447235,61.63335037231445,0.2394849956035614,-7.323112964630127,0.1718868762254715,0.3937763571739197,0.048257824033498764,0.06460236757993698,31.630191802978516,160.8454132080078,0.16307510435581207,0.17889998853206635,-0.05170975998044014,0.03873094543814659,63.91584396362305,0.23996080458164215,3.4923031330108643,0.39356279373168945,0.756032407283783,0.09756774455308914,0.10996683686971664,0.6965273022651672,260.78326416015625,0.4703886806964874,0.5197537541389465,0.22948329150676727,0.18868796527385712,4.970383644104004,0.17343956232070923,12.385083198547363,1.0289908647537231,1.4101650714874268,0.12439034879207611,0.12439034879207611,0.03806952387094498,334.20037841796875,0.6480045318603516,0.8017464280128479,0.40913155674934387,0.25391051173210144,37.606266021728516,0.16334936022758484,15.912490844726562,1.1558185815811157,1.6736000776290894
2017,1,38.89979297343001,75.95637639450868,3970.047,1500.0,0.9274099469184875,-0.0,32.66227340698242,25.190099716186523,1.367857813835144,7.573920726776123,13.34002685546875,0.08145041018724442,0.08145041018724442,0.5856602787971497,242.40914916992188,0.2501993179321289,0.3030417561531067,0.062376100569963455,0.06783286482095718,17.814733505249023,0.21728430688381195,11.515403747558594,0.853884756565094,1.1302273273468018,0.04177270457148552,0.06846598535776138,1025.376708984375,71.19078826904297,0.14850902557373047,0.17285503447055817,0.030943574383854866,0.030902020633220673,90.2791976928711,0.23628686368465424,-7.283862113952637,0.19114656746387482,0.6334034204483032,0.0538867749273777,0.06974844634532928,85.40242004394531,228.54959106445312,0.13730986416339874,0.1783919781446457,-0.018335094675421715,0.03760286793112755,57.04557800292969,0.2403404861688614,3.868842363357544,0.49507930874824524,1.0786194801330566,0.09492319822311401,0.10115347057580948,1.9732964038848877,286.3780822753906,0.3330724537372589,0.3330724537372589,0.10869356989860535,0.09635031223297119,9.722285270690918,0.14797860383987427,13.543084144592285,1.2979421615600586,1.6838860511779785,0.11059559881687164,0.11059559881687164,0.0,333.0372314453125,0.15804089605808258,0.15804089605808258,0.09034094214439392,0.04619821906089783,43.587100982666016,0.1771409809589386,15.858916282653809,1.383041262626648,1.87236750125885
2017,1,38.802236760582716,76.12884996415491,4010.7368,1376.0,3.0149478912353516,127.9296646118164,28.74300765991211,27.671058654785156,1.3686968088150024,7.400000095367432,14.122152328491211,0.0792115181684494,0.0792115181684494,0.46490150690078735,255.7159423828125,0.5310004353523254,0.7455500364303589,0.2540079951286316,0.1627296656370163,16.76115608215332,0.20977941155433655,12.154810905456543,0.8632375597953796,1.1388739347457886,0.0423545241355896,0.06976310163736343,934.5645751953125,75.30738067626953,0.2515562176704407,0.3401242196559906,0.0764988362789154,0.053616929799318314,83.33775329589844,0.22259703278541565,-6.559215068817139,0.19932222366333008,0.6545121073722839,0.04887159541249275,0.06465968489646912,67.79307556152344,242.90951538085938,0.3145920932292938,0.4633010923862457,0.1876867562532425,0.09284467995166779,57.145748138427734,0.2276034653186798,4.732876777648926,0.5138083696365356,1.129929542541504,0.09053396433591843,0.0970907062292099,1.5664174556732178,305.8171081542969,0.7111566662788391,0.7111566662788391,0.3685164153575897,0.27870112657546997,9.62348461151123,0.13193660974502563,14.488127708435059,1.3653730154037476,1.7755217552185059,0.10825685411691666,0.10825685411691666,0.0,349.771728515625,0.15483026206493378,0.15483026206493378,0.09007501602172852,0.04545659199357033,42.81313705444336,0.1620425581932068,16.65579605102539,1.4241726398468018,1.962946891784668
2017,1,41.25113046812466,80.37797194899402,4056.4067,1167.0,4.787563323974609,165.10325622558594,27.23453712463379,20.845674514770508,1.4199999570846558,7.900000095367432,16.584463119506836,0.11835868656635284,0.11835868656635284,0.0,235.91871643066406,0.654621422290802,0.7544112205505371,0.3029751777648926,0.22137406468391418,15.842323303222656,0.2053791880607605,11.234225273132324,0.7285861968994141,0.9997643232345581,0.05547308549284935,0.07754980027675629,930.14794921875,36.532588958740234,0.2960923910140991,0.3658461570739746,0.05020195618271828,0.07867199182510376,55.82402420043945,0.27638494968414307,-6.821491718292236,0.1745213121175766,0.3852653503417969,0.0694030150771141,0.09263412654399872,24.590288162231445,172.14581298828125,0.1872939020395279,0.18938103318214417,-0.0199116300791502,0.04821496456861496,73.40082550048828,0.2736378014087677,3.9879870414733887,0.4393380284309387,0.748587429523468,0.12423206120729446,0.13735753297805786,0.0,274.16064453125,0.4496261477470398,0.45665889978408813,0.15677376091480255,0.16081909835338593,7.14826774597168,0.20449493825435638,13.055268287658691,1.1153048276901245,1.4966647624969482,0.15888234972953796,0.15888234972953796,0.0,330.2655029296875,0.49816590547561646,0.49819493293762207,0.21404580771923065,0.18140314519405365,37.86478805541992,0.21459037065505981,15.726927757263184,1.1454615592956543,1.6105302572250366
2017,1,41.26110101808016,79.35604854686845,4121.181,1338.0,1.5431886911392212,126.9327392578125,28.49047088623047,22.440298080444336,1.3977822065353394,7.9753875732421875,14.017189025878906,0.08325380086898804,0.08325380086898804,2.509943723678589,216.63076782226562,0.21508030593395233,0.23433323204517365,3.5031576408073306E-4,0.06003982573747635,16.14027976989746,0.1856255978345871,10.196229934692383,0.6854649186134338,0.9681776165962219,0.03768507018685341,0.05662214010953903,1119.5101318359375,19.27159309387207,0.16227039694786072,0.27317115664482117,0.01608387567102909,0.04702442139387131,64.7278823852539,0.2500622868537903,-8.398767471313477,0.15854322910308838,0.36164048314094543,0.04239168390631676,0.05785505101084709,50.25587844848633,131.39447021484375,0.18091654777526855,0.3346934914588928,-7.726004696451128E-4,0.05478786677122116,64.14541625976562,0.25158268213272095,2.19293475151062,0.348874568939209,0.6785452961921692,0.09121523797512054,0.10377384722232819,2.4682655334472656,231.47259521484375,0.37565281987190247,0.39290252327919006,0.1515374779701233,0.14757177233695984,5.327488422393799,0.19073063135147095,10.90496826171875,0.9081997275352478,1.2625077962875366,0.11877184361219406,0.11877184361219406,0.13490596413612366,307.0038146972656,0.4131775498390198,0.4587051570415497,0.2021942287683487,0.14753088355064392,39.52989196777344,0.18066944181919098,14.612804412841797,1.039218783378601,1.5177912712097168
2017,1,39.091672550860835,75.71679335400809,4261.162,1449.0,1.512359380722046,127.81629180908203,32.767494201660156,22.485210418701172,1.3610857725143433,7.808541774749756,12.899999618530273,0.08422672003507614,0.08422672003507614,0.5739231109619141,246.20433044433594,0.5520792007446289,0.6176404356956482,0.29645010828971863,0.16451172530651093,17.15587615966797,0.2117442935705185,11.696686744689941,0.8841372132301331,1.1543426513671875,0.039269689470529556,0.06516582518815994,1032.0277099609375,67.10749816894531,0.1168830618262291,0.3194531798362732,0.21224848926067352,0.06964049488306046,102.0265884399414,0.2500949501991272,-7.365802764892578,0.19239749014377594,0.641090452671051,0.06310390681028366,0.07933773100376129,83.69087982177734,226.2310028076172,0.5468997955322266,0.5468997955322266,0.2575220465660095,0.1707095056772232,55.96477508544922,0.2562291622161865,3.852436065673828,0.49124330282211304,1.046769380569458,0.10310131311416626,0.10846596956253052,1.9337496757507324,286.97955322265625,0.6858585476875305,0.7005073428153992,0.3962511718273163,0.25552403926849365,9.010250091552734,0.15246745944023132,13.573610305786133,1.2799102067947388,1.655330777168274,0.11358006298542023,0.11358006298542023,0.0,337.7265319824219,0.16270889341831207,0.16270889341831207,0.09066670387983322,0.047046925872564316,39.83636474609375,0.17430159449577332,16.082216262817383,1.410937786102295,1.8597031831741333
2017,1,38.9989678399597,75.88145457860868,4288.5557,1560.0,0.9274099469184875,180.0,32.79121780395508,24.91037940979004,1.3817378282546997,7.610715389251709,12.167634963989258,0.0843747928738594,0.0843747928738594,0.556226372718811,251.53787231445312,0.41963016986846924,0.551167905330658,0.1821306347846985,0.11608802527189255,16.879474639892578,0.21269960701465607,11.951506614685059,0.900180995464325,1.1869310140609741,0.04172259941697121,0.0674457848072052,997.0849609375,74.43407440185547,0.15419261157512665,0.39419853687286377,0.25731727480888367,0.041638366878032684,93.77500915527344,0.24251295626163483,-7.0431365966796875,0.19520190358161926,0.6540980339050293,0.05924287065863609,0.075088731944561,81.11029815673828,238.8254852294922,0.3980099558830261,0.6432167887687683,0.2407538890838623,0.12827327847480774,55.452911376953125,0.24544253945350647,4.262572765350342,0.5149142146110535,1.1067861318588257,0.09956641495227814,0.10555385798215866,1.874123215675354,295.5138244628906,0.8153881430625916,0.8153881430625916,0.5430801510810852,0.35642802715301514,9.09290599822998,0.14943243563175201,13.982842445373535,1.3400676250457764,1.7288286685943604,0.11361679434776306,0.11361679434776306,0.0,344.13671875,0.16196094453334808,0.16196094453334808,0.09068987518548965,0.047195177525281906,40.52662658691406,0.17456313967704773,16.387462615966797,1.451637625694275,1.939381718635559
2017,1,37.51647726732686,77.80483876790097,4302.1875,1742.0,1.1691755056381226,90.0,34.04049301147461,28.381288528442383,1.3139443397521973,7.599999904632568,11.973384857177734,0.07913760095834732,0.07913760095834732,0.0,360.19744873046875,0.40436846017837524,0.4096828103065491,0.12990069389343262,0.10667870193719864,1.6965254545211792,0.11720547080039978,17.152259826660156,1.1892164945602417,1.4859005212783813,0.04787702485918999,0.06076498702168465,365.7557373046875,154.4478302001953,0.23869751393795013,0.5168465375900269,0.07388497143983841,0.06208178773522377,40.514503479003906,0.09079740196466446,-1.613037347793579,0.2869565486907959,0.8825876116752625,0.053911320865154266,0.06833523511886597,0.0,431.2177734375,0.10219508409500122,0.149460107088089,0.0011403129901736975,0.035067930817604065,23.2176570892334,0.09673178941011429,11.654535293579102,0.9274864792823792,1.8995658159255981,0.09031030535697937,0.095589779317379,0.0,451.6510009765625,0.35102158784866333,0.36333930492401123,0.17326736450195312,0.10094515234231949,1.1593437194824219,0.035821761935949326,21.507190704345703,2.1367621421813965,2.5835554599761963,0.10259581357240677,0.10259581357240677,0.0,492.12176513671875,0.4496864676475525,0.5437052845954895,0.10985174775123596,0.13350288569927216,12.524494171142578,0.046607606112957,23.434370040893555,2.2081246376037598,3.090498685836792
2017,1,36.82953491363931,81.7327226537488,4326.603,1426.0,0.9274099469184875,180.0,37.155521392822266,23.589622497558594,1.4085253477096558,7.800000190734863,11.817451477050781,0.06045214831829071,0.06045214831829071,0.0,400.4902648925781,0.3034200072288513,0.39499497413635254,0.035349536687135696,0.08462679386138916,1.8278625011444092,0.05859120562672615,19.070964813232422,1.5647361278533936,1.9395853281021118,0.04534151405096054,0.04881192371249199,294.1839904785156,223.21815490722656,0.14738816022872925,0.19814454019069672,0.01381109282374382,0.03881809860467911,18.65728187561035,0.046105485409498215,-0.5417239665985107,0.36232495307922363,1.069986343383789,0.04716998711228371,0.054151326417922974,0.0,533.1266479492188,0.2031337469816208,0.2353266179561615,-0.024432217702269554,0.05779675021767616,27.02151107788086,0.04575340077280998,14.408827781677246,1.2610944509506226,2.3451473712921143,0.06680924445390701,0.0695725828409195,0.0,485.70001220703125,0.2309337556362152,0.2309337556362152,0.10194869339466095,0.07912567257881165,0.76101154088974,0.022186027839779854,23.128572463989258,2.4655532836914062,2.8664565086364746,0.06814442574977875,0.06814442574977875,0.0,534.5148315429688,0.23917877674102783,0.2414243519306183,0.01263293158262968,0.07764400541782379,9.384969711303711,0.02902412787079811,25.453086853027344,2.685072898864746,3.6665241718292236
2017,1,36.55976821810795,80.78194420893095,4402.062,1947.0,0.9274099469184875,-0.0,41.576271057128906,17.51576805114746,1.3702027797698975,7.900000095367432,11.330439567565918,0.055825185030698776,0.055825185030698776,0.0,351.064697265625,0.4757322371006012,0.5517989993095398,0.23005783557891846,0.1528702676296234,1.9722083806991577,0.11091851443052292,16.71736717224121,1.2200164794921875,1.5860633850097656,0.04801156371831894,0.052716031670570374,298.40478515625,170.56150817871094,0.17375722527503967,0.328439861536026,0.022407563403248787,0.053721681237220764,28.441829681396484,0.07258886098861694,-0.9759028553962708,0.3412992060184479,1.0208995342254639,0.04083005711436272,0.046598948538303375,0.0,453.92974853515625,0.18393024802207947,0.1871807873249054,-0.049438606947660446,0.0517234206199646,30.358251571655273,0.07216411828994751,12.26837158203125,1.0277503728866577,1.960044503211975,0.06519535183906555,0.06897248327732086,0.0,438.66070556640625,0.29684239625930786,0.3009302020072937,0.11330965161323547,0.09929825365543365,1.920305609703064,0.0394715815782547,20.88860511779785,2.087824583053589,2.5306479930877686,0.07003557682037354,0.07003557682037354,0.0,481.64703369140625,0.2670406103134155,0.3109803795814514,0.10191354155540466,0.08954809606075287,15.67713737487793,0.053890813142061234,22.93557357788086,2.209416389465332,3.1244819164276123
2017,1,41.28481897658345,79.41695540815748,4402.722,1306.0,1.5435535907745361,53.077449798583984,22.908428192138672,24.02591323852539,1.3983467817306519,7.946899890899658,14.761738777160645,0.08456425368785858,0.08456425368785858,1.4945642948150635,220.36048889160156,0.5016013383865356,0.5050833821296692,0.16650670766830444,0.14324943721294403,15.602465629577637,0.18109586834907532,10.422186851501465,0.6934630274772644,0.9775679707527161,0.039009418338537216,0.058382660150527954,1089.4844970703125,18.293230056762695,0.2273503690958023,0.3139619529247284,0.051092762500047684,0.049026522785425186,64.66011810302734,0.25214073061943054,-8.177032470703125,0.16093482077121735,0.3625290095806122,0.04372758790850639,0.06009446457028389,41.79259490966797,129.6332244873047,0.2972921133041382,0.3762308359146118,0.04389205574989319,0.07706775516271591,65.45073699951172,0.25198447704315186,2.374070882797241,0.3514999449253082,0.6761805415153503,0.09409750998020172,0.10639248788356781,1.469746708869934,234.87249755859375,0.5266974568367004,0.5630395412445068,0.2920995354652405,0.20201385021209717,5.103083610534668,0.18883822858333588,11.11441707611084,0.913836658000946,1.2644774913787842,0.12053968012332916,0.12053968012332916,0.0803307369351387,311.51348876953125,0.5734233856201172,0.6457849740982056,0.2629474401473999,0.20008856058120728,38.92536163330078,0.17675118148326874,14.830150604248047,1.048017144203186,1.528348684310913
2017,1,36.816599061483274,81.87932897818398,4411.099,1462.0,0.9274099469184875,180.0,40.10391616821289,20.774702072143555,1.3572295904159546,7.599999904632568,16.538028717041016,0.06013578549027443,0.06013578549027443,0.0,390.9295654296875,0.4802926778793335,0.5405883193016052,0.17798760533332825,0.12998196482658386,2.2069859504699707,0.062387965619564056,18.615694046020508,1.5211892127990723,1.8795892000198364,0.04507070034742355,0.04856365546584129,312.40911865234375,206.87367248535156,0.22574619948863983,0.25369712710380554,0.038259975612163544,0.061084650456905365,18.96923828125,0.047154802829027176,-0.8056141138076782,0.35638636350631714,1.0481165647506714,0.04660101234912872,0.0533851757645607,0.0,514.3024291992188,0.2849937379360199,0.34424901008605957,0.05027146637439728,0.08850784599781036,27.449243545532227,0.04610343277454376,13.900065422058105,1.2218711376190186,2.2647502422332764,0.06619398295879364,0.06896425038576126,0.0,472.3876037597656,0.09253918379545212,0.0950034111738205,0.03341761976480484,0.02959628961980343,1.1094276905059814,0.02263031341135502,22.494647979736328,2.3752567768096924,2.772087812423706,0.0676240548491478,0.0676240548491478,0.0,521.204345703125,0.40782374143600464,0.42738327383995056,0.15515317022800446,0.14002098143100739,10.880977630615234,0.03098716400563717,24.81925392150879,2.5843095779418945,3.548753261566162
2017,1,41.25625397523507,79.54927477281743,4451.2783,1261.0,1.2335584163665771,270.0,32.40498733520508,23.725797653198242,1.4028009176254272,7.900000095367432,14.144548416137695,0.09077456593513489,0.09077456593513489,0.0,236.11407470703125,0.25161170959472656,0.35615500807762146,0.05179790034890175,0.06886852532625198,14.207971572875977,0.1729467362165451,11.24352741241455,0.7385244369506836,1.037723422050476,0.04386719688773155,0.06295139342546463,991.9967041015625,22.9593563079834,0.20470622181892395,0.4502103924751282,0.06158169358968735,0.04643246904015541,62.349334716796875,0.24800504744052887,-7.397231578826904,0.1703096479177475,0.38287460803985596,0.049087610095739365,0.0666741207242012,26.949214935302734,148.44439697265625,0.22339721024036407,0.22339721024036407,0.04003394395112991,0.05578591674566269,66.22744750976562,0.24655425548553467,3.283653497695923,0.38319283723831177,0.7245018482208252,0.10052410513162613,0.11266903579235077,0.0,255.32020568847656,0.697638988494873,0.7028180360794067,0.4511429965496063,0.28351983428001404,4.936295986175537,0.1789306104183197,12.15810489654541,0.9971092343330383,1.3639097213745117,0.12657546997070312,0.12657546997070312,0.0,329.96893310546875,0.4061795473098755,0.4061795473098755,0.2308371365070343,0.13035589456558228,37.53841781616211,0.16731193661689758,15.71280574798584,1.1242215633392334,1.6271016597747803
2017,1,36.56515927128155,80.65582299473529,4456.8438,1995.0,4.361664295196533,328.0966491699219,41.54634094238281,19.72663688659668,1.3281222581863403,7.900000095367432,11.767622947692871,0.05518344044685364,0.05518344044685364,0.0,343.0749206542969,0.3620483875274658,0.42953553795814514,0.09585868567228317,0.09808763116598129,2.118532657623291,0.11779484152793884,16.33690071105957,1.1720366477966309,1.5346580743789673,0.04891466349363327,0.05368201434612274,303.7891845703125,160.0934295654297,0.3929818570613861,0.4771159291267395,0.15285466611385345,0.11091102659702301,29.323427200317383,0.07521525025367737,-1.096914291381836,0.33820685744285583,0.9990130662918091,0.04071129485964775,0.04625442624092102,0.0,440.8711242675781,0.3266695439815521,0.3548171818256378,0.07702037692070007,0.10220155864953995,30.459732055664062,0.07487907260656357,11.915435791015625,0.9958785176277161,1.9040255546569824,0.06508419662714005,0.06889904290437698,0.0,430.57928466796875,0.5569297671318054,0.6007869839668274,0.31422385573387146,0.20851585268974304,2.1951560974121094,0.041124992072582245,20.50377655029297,2.0311739444732666,2.4807322025299072,0.07053091377019882,0.07053091377019882,0.0,472.9037780761719,0.3349819779396057,0.47258031368255615,0.15816228091716766,0.10572826117277145,16.76784324645996,0.05696873739361763,22.519227981567383,2.1405839920043945,3.0428965091705322
2017,1,37.61026108068294,77.64368239672838,4497.611,1625.0,2.9846246242523193,51.61443328857422,33.98307800292969,23.122936248779297,1.3600000143051147,7.599999904632568,14.17474365234375,0.08241553604602814,0.08241553604602814,0.0,351.9848327636719,0.6604676842689514,0.6604676842689514,0.27938592433929443,0.19135047495365143,1.8767540454864502,0.13939917087554932,16.76118278503418,1.1164426803588867,1.4149677753448486,0.04914442077279091,0.06304879486560822,379.35986328125,141.12615966796875,0.24538017809391022,0.2783186137676239,-0.015289735980331898,0.053726717829704285,45.073368072509766,0.11187669634819031,-1.8185778856277466,0.2742779552936554,0.8685824275016785,0.05765964463353157,0.07288699597120285,0.0,413.1753845214844,0.16900810599327087,0.16900810599327087,0.06963496655225754,0.06576675921678543,25.085893630981445,0.11701633036136627,11.166902542114258,0.8718221187591553,1.8378177881240845,0.09517834335565567,0.10063757002353668,0.0,442.27398681640625,0.13490380346775055,0.1422877162694931,-0.005697205662727356,0.04028428718447685,1.3185184001922607,0.04981974884867668,21.060667037963867,2.0504531860351562,2.483905792236328,0.10779794305562973,0.10779794305562973,0.0,482.4869689941406,0.7216487526893616,0.8097016215324402,0.37336623668670654,0.2722965478897095,13.210907936096191,0.061280108988285065,22.975568771362305,2.1091206073760986,2.971709966659546
2017,1,41.167049658660886,79.11646996546892,4508.289,1499.0,1.541779637336731,233.0278778076172,25.016515731811523,23.20612335205078,1.355251431465149,7.989328384399414,19.70471954345703,0.07809875160455704,0.07809875160455704,5.859987258911133,202.88511657714844,0.35436543822288513,0.38953933119773865,0.10151508450508118,0.08755858242511749,17.882535934448242,0.2007216066122055,9.382148742675781,0.6527612805366516,0.9277854561805725,0.03313012421131134,0.05068529024720192,1225.374755859375,21.016511917114258,0.19959968328475952,0.4093021750450134,0.07695373147726059,0.03554798290133476,65.24777221679688,0.24211367964744568,-9.193573951721191,0.1499655693769455,0.3585187494754791,0.03826215863227844,0.05069317668676376,77.8330307006836,134.00201416015625,0.2169075608253479,0.3002920150756836,0.0019041512859985232,0.04938008263707161,59.58009719848633,0.25040188431739807,1.518080472946167,0.33525314927101135,0.6843850612640381,0.0816047191619873,0.09478333592414856,5.762681007385254,218.7519073486328,0.7090414762496948,0.7483429908752441,0.4450356066226959,0.29203879833221436,6.187526702880859,0.1970284879207611,10.142343521118164,0.8780015110969543,1.2466239929199219,0.11210089176893234,0.11210089176893234,0.3149661123752594,290.8173828125,0.675835132598877,0.8211976885795593,0.3663922846317291,0.22488348186016083,41.54753875732422,0.19220325350761414,13.83344841003418,1.0018961429595947,1.4725358486175537
2017,1,39.09948935500753,75.67071300372177,4588.6895,1501.0,0.0,-0.0,33.30717086791992,26.469411849975586,1.3853191137313843,7.849925518035889,15.432092666625977,0.08335500210523605,0.08335500210523605,0.596052348613739,240.63555908203125,0.24078595638275146,0.25682157278060913,0.07080169022083282,0.06605663150548935,17.61032485961914,0.21323449909687042,11.430453300476074,0.8629575967788696,1.1237441301345825,0.038345493376255035,0.06457816064357758,1058.6595458984375,63.14445114135742,0.13423876464366913,0.2389976978302002,0.2581731379032135,0.03786025568842888,104.33113861083984,0.2516270577907562,-7.59935188293457,0.1896461695432663,0.6285900473594666,0.06308777630329132,0.07947438955307007,86.91781616210938,217.54812622070312,0.13966144621372223,0.13966144621372223,-0.05241703242063522,0.03443557769060135,56.65690231323242,0.25925981998443604,3.5305488109588623,0.47518107295036316,1.012895107269287,0.10315914452075958,0.10835327953100204,2.0083110332489014,279.9065246582031,0.22105737030506134,0.22451364994049072,0.049092333763837814,0.06169011443853378,9.185103416442871,0.15395258367061615,13.233247756958008,1.2407119274139404,1.6090441942214966,0.1127239391207695,0.1127239391207695,0.0,330.9548645019531,0.23213781416416168,0.23213781416416168,0.06016124412417412,0.06488678604364395,40.594642639160156,0.17579908668994904,15.75975513458252,1.37187659740448,1.804146647453308
2017,1,41.27457642146368,79.33448879327504,4603.238,1342.0,1.5433940887451172,306.927001953125,26.753559112548828,22.96548080444336,1.3988935947418213,7.926416873931885,14.325091361999512,0.08179226517677307,0.08179226517677307,2.936630964279175,211.41586303710938,0.3998795747756958,0.42468568682670593,0.0772622749209404,0.09652891755104065,16.62063217163086,0.18874973058700562,9.927582740783691,0.6701418161392212,0.9471020698547363,0.03634074702858925,0.05549049377441406,1149.72265625,17.830493927001953,0.23898321390151978,0.36352598667144775,0.03571586683392525,0.05948755890130997,65.40238952636719,0.2524324357509613,-8.640398025512695,0.15554895997047424,0.35446465015411377,0.04103484004735947,0.056282468140125275,54.636924743652344,125.0565185546875,0.2983507513999939,0.662876307964325,0.02475006878376007,0.07958507537841797,64.17940521240234,0.25415563583374023,1.9032323360443115,0.33913281559944153,0.6614404320716858,0.0897337794303894,0.10234887897968292,2.8878674507141113,224.94068908691406,0.6324536800384521,0.709636390209198,0.3926466703414917,0.2728387713432312,5.405719757080078,0.1946292668581009,10.573944091796875,0.8817996978759766,1.2300798892974854,0.11752405762672424,0.11752405762672424,0.1578398048877716,300.9046325683594,0.5496022701263428,0.7809560298919678,0.2783803939819336,0.18215763568878174,39.97232437133789,0.18470802903175354,14.32127571105957,1.0134844779968262,1.483394742012024
2017,1,41.76640634945666,82.23883508241595,4658.456,1199.0,4.1589579582214355,116.43851470947266,25.50135040283203,23.678930282592773,1.4012081623077393,8.024819374084473,15.47415542602539,0.10968805104494095,0.10968805104494095,3.36022686958313,303.32049560546875,0.37930828332901,0.40327832102775574,0.11242951452732086,0.096709705889225,16.61537742614746,0.17202667891979218,14.283822059631348,1.0085750818252563,1.405495524406433,0.05265430733561516,0.06831195205450058,741.8953857421875,50.17313766479492,0.1765999048948288,0.2365736961364746,0.06627622246742249,0.039268266409635544,39.03186798095703,0.2148781418800354,-5.280322551727295,0.20543242990970612,0.42102038860321045,0.058062076568603516,0.07701101899147034,34.157135009765625,294.6186828613281,0.17327077686786652,0.20036140084266663,0.09644006192684174,0.05205854773521423,43.018863677978516,0.2033587247133255,7.039501190185547,0.6228890419006348,1.105715036392212,0.110690176486969,0.12304522842168808,1.3196274042129517,360.2830810546875,0.36941254138946533,0.4226910173892975,0.187390998005867,0.12615443766117096,7.714388847351074,0.16896356642246246,17.09349822998047,1.6131422519683838,2.1179873943328857,0.15501941740512848,0.15501941740512848,0.15379281342029572,419.9765625,0.41482236981391907,0.4322149157524109,0.16991691291332245,0.12025610357522964,30.56388282775879,0.17980383336544037,19.991559982299805,1.7364294528961182,2.459426164627075
2017,1,36.923046721831135,81.03041869693212,4845.522,1408.0,3.5972282886505127,104.92153930664062,36.85344696044922,23.232528686523438,1.3610104322433472,7.709447860717773,11.904629707336426,0.0631360188126564,0.0631360188126564,0.0,397.98583984375,0.31763797998428345,0.4495304226875305,0.025456009432673454,0.06844807416200638,1.5137543678283691,0.06757180392742157,18.951705932617188,1.5250887870788574,1.9099068641662598,0.05003220587968826,0.05343906953930855,273.2437438964844,226.3549346923828,0.2440214902162552,0.48624664545059204,-0.03057403303682804,0.06236056983470917,19.457387924194336,0.04893457517027855,-0.3579299747943878,0.365757554769516,1.0313934087753296,0.053562384098768234,0.06195174157619476,0.0,534.6220092773438,0.2907259166240692,0.322074294090271,0.01425926759839058,0.08558489382266998,25.309829711914062,0.04984177276492119,14.44924259185791,1.2522780895233154,2.338042736053467,0.07331997901201248,0.07618506997823715,0.0,490.32861328125,0.42966756224632263,0.47297951579093933,0.18607839941978455,0.1414044201374054,0.8762702941894531,0.02436794526875019,23.348981857299805,2.501772403717041,2.9450135231018066,0.07542668282985687,0.07542668282985687,0.0,537.5142822265625,0.32714682817459106,0.3347947299480438,0.1183028370141983,0.11759039759635925,9.631743431091309,0.03215748444199562,25.595916748046875,2.7075095176696777,3.6860337257385254
2017,1,38.80600916007394,76.09435435840545,4851.2275,1398.0,2.7802884578704834,-0.0,30.969697952270508,26.44086265563965,1.3611453771591187,7.563650131225586,12.351805686950684,0.07897055149078369,0.07897055149078369,0.5053480863571167,249.41073608398438,0.467441588640213,0.6438519358634949,0.21115076541900635,0.13490362465381622,17.309648513793945,0.2129213958978653,11.85263729095459,0.8469741940498352,1.118836522102356,0.042058538645505905,0.06956218928098679,968.093017578125,72.87114715576172,0.18729811906814575,0.2606845200061798,0.04007768630981445,0.033236101269721985,84.69891357421875,0.2249002903699875,-6.833755016326904,0.19590875506401062,0.6424952745437622,0.04893532022833824,0.06477203220129013,73.69110107421875,235.5424346923828,0.30901479721069336,0.45768091082572937,0.1103833019733429,0.08547595143318176,57.593780517578125,0.2301805317401886,4.37436056137085,0.5019487738609314,1.104993224143982,0.09061215817928314,0.0971112847328186,1.7026963233947754,297.71954345703125,0.6137005686759949,0.6137005686759949,0.34357768297195435,0.23183849453926086,9.817678451538086,0.1358705461025238,14.096040725708008,1.3324075937271118,1.7346642017364502,0.10802211612462997,0.10802211612462997,0.0,341.967041015625,0.15462292730808258,0.15462292730808258,0.09004559367895126,0.04536249488592148,43.81438064575195,0.16663354635238647,16.28414535522461,1.3919371366500854,1.9158542156219482
2017,1,39.09625204764272,75.7564080077669,4862.9116,1408.0,1.5124151706695557,232.1853485107422,32.11919021606445,23.563339233398438,1.396465539932251,7.817672252655029,12.924527168273926,0.08535851538181305,0.08535851538181305,0.539141833782196,253.87582397460938,0.4805212914943695,0.6280860304832458,0.24195200204849243,0.13918432593345642,16.49579429626465,0.20895186066627502,12.063652038574219,0.9121341109275818,1.1924235820770264,0.04010633006691933,0.06558384746313095,996.0558471679688,71.49642181396484,0.20903927087783813,0.26160216331481934,0.3655582070350647,0.05833020061254501,100.13642120361328,0.24884027242660522,-7.057705402374268,0.19623242318630219,0.6576252579689026,0.0637362152338028,0.07982894778251648,78.61898803710938,236.90040588378906,0.4642903506755829,0.4642903506755829,0.21471206843852997,0.1016290932893753,55.06805419921875,0.2535422444343567,4.277875900268555,0.5104913711547852,1.0857034921646118,0.10358400642871857,0.10907609760761261,1.8165594339370728,296.4588928222656,0.5770887732505798,0.5770887732505798,0.2630401849746704,0.1782979816198349,8.729644775390625,0.15013808012008667,14.030588150024414,1.3274693489074707,1.7115576267242432,0.1147087961435318,0.1147087961435318,0.0,347.1006774902344,0.1638960838317871,0.1638960838317871,0.09080366790294647,0.04746685549616814,38.52701187133789,0.17126180231571198,16.52860450744629,1.4613093137741089,1.9281065464019775
2017,1,37.44883270434609,78.14628997196753,4939.425,1628.0,3.6285479068756104,40.021541595458984,32.380496978759766,25.22570037841797,1.3786225318908691,7.800000190734863,12.61972713470459,0.07296670973300934,0.07296670973300934,0.02483237534761429,379.9347839355469,0.7281724214553833,0.7856395244598389,0.3068583905696869,0.2356664538383484,1.8124910593032837,0.08526714146137238,18.09095001220703,1.3774250745773315,1.7225152254104614,0.04727155715227127,0.05708937719464302,351.7572937011719,195.84556579589844,0.24536265432834625,0.3669041693210602,0.029469842091202736,0.05647558718919754,29.647994995117188,0.06746486574411392,-1.1901657581329346,0.3136289417743683,0.9156021475791931,0.05175893008708954,0.06382173299789429,5.672356128692627,479.0979919433594,0.06391406059265137,0.06391406059265137,0.025958115234971046,0.028606457635760307,19.28174591064453,0.06914186477661133,12.7952880859375,1.077213168144226,2.0677719116210938,0.08123328536748886,0.08568890392780304,0.15690623223781586,471.10504150390625,0.43263763189315796,0.43263763189315796,0.19125503301620483,0.15604646503925323,1.5829970836639404,0.029551545158028603,22.426101684570312,2.3589484691619873,2.8366055488586426,0.09039119631052017,0.09039119631052017,0.0,513.115234375,0.7970426678657532,0.8251829147338867,0.3997519016265869,0.3290841579437256,11.82325553894043,0.038166340440511703,24.434059143066406,2.461958169937134,3.3761024475097656
2017,1,39.090053897178436,75.80006706618119,4962.037,1398.0,1.1948060989379883,270.0,29.328393936157227,24.201133728027344,1.4000014066696167,7.701132774353027,12.616156578063965,0.08619901537895203,0.08619901537895203,0.5152812004089355,259.55621337890625,0.5425018072128296,0.7201470136642456,0.2695472836494446,0.17336764931678772,16.0269718170166,0.2072771191596985,12.335281372070312,0.9331885576248169,1.2224135398864746,0.040963832288980484,0.06611856073141098,968.7715454101562,75.31809997558594,0.2585313022136688,0.28896549344062805,0.25551360845565796,0.06110018491744995,97.9825668334961,0.24733006954193115,-6.820255279541016,0.19906003773212433,0.6701885461807251,0.06380830705165863,0.07975900918245316,75.13956451416016,245.49143981933594,0.6575513482093811,0.6575513482093811,0.3656967580318451,0.23733337223529816,54.38649368286133,0.2506457269191742,4.604104518890381,0.5262361764907837,1.118740200996399,0.10357983410358429,0.10922764241695404,1.7361643314361572,303.652587890625,0.6823923587799072,0.6823923587799072,0.4579298198223114,0.25671297311782837,8.547577857971191,0.1484687775373459,14.376973152160645,1.3661766052246094,1.7573795318603516,0.11553584784269333,0.11553584784269333,0.0,354.020263671875,0.1646866798400879,0.1646866798400879,0.09090590476989746,0.0477881133556366,37.719390869140625,0.16947534680366516,16.858108520507812,1.5001407861709595,1.983086347579956
2017,1,41.5540416617863,85.91554672412526,5018.1177,895.0,0.9274099469184875,180.0,41.72903060913086,16.104249954223633,1.376143455505371,8.15783977508545,13.936322212219238,0.10415076464414597,0.10415076464414597,0.3203565776348114,413.0805358886719,0.7100276350975037,0.7100276350975037,0.37456968426704407,0.28487372398376465,16.412918090820312,0.06304868310689926,19.65524673461914,1.504509687423706,2.137335777282715,0.052584268152713776,0.05839239060878754,360.14910888671875,143.54867553710938,0.2919074594974518,0.3081803619861603,-0.059952739626169205,0.07098975777626038,28.119060516357422,0.09152910858392715,-1.6534384489059448,0.2566074728965759,0.6543877720832825,0.05823323875665665,0.06586476415395737,4.855011463165283,458.7413024902344,0.1251889020204544,0.1251889020204544,-0.09586034715175629,0.02757234312593937,23.518028259277344,0.07173123210668564,12.267196655273438,0.9814225435256958,1.6242114305496216,0.08692991733551025,0.09785663336515427,0.029864033684134483,470.96490478515625,0.13020694255828857,0.15217654407024384,0.002360209124162793,0.033415984362363815,2.8256499767303467,0.052383068948984146,22.425477981567383,2.220682144165039,2.989654541015625,0.11575248837471008,0.11575248837471008,0.0,544.79638671875,0.4914834201335907,0.4914834201335907,0.16018517315387726,0.18660590052604675,13.77507209777832,0.05901172012090683,25.942686080932617,2.5368294715881348,3.6072609424591064
2017,1,41.34815158884553,80.81913757081774,5064.367,1203.0,4.6245903968811035,233.10418701171875,30.578371047973633,21.1956844329834,1.4077352285385132,7.900000095367432,15.687430381774902,0.12395737320184708,0.12395737320184708,0.0,244.5026092529297,0.47595036029815674,0.5356594324111938,0.18953540921211243,0.1263553649187088,17.220666885375977,0.1831190586090088,11.64298152923584,0.7472530007362366,1.0498024225234985,0.057779017835855484,0.08098217844963074,881.2234497070312,25.355504989624023,0.22256231307983398,0.2688572406768799,0.0643077865242958,0.04749266430735588,52.40316390991211,0.2499130815267563,-6.533343315124512,0.17960108816623688,0.36768639087677,0.0745319053530693,0.10048861056566238,18.669334411621094,182.2745819091797,0.14740535616874695,0.17273104190826416,0.019657205790281296,0.035937435925006866,73.97897338867188,0.2510928809642792,4.4217634201049805,0.444776713848114,0.7436514496803284,0.13198965787887573,0.14446856081485748,0.0,288.2333679199219,0.36782026290893555,0.37111276388168335,0.1636587679386139,0.10648670047521591,7.94309663772583,0.17925244569778442,13.725398063659668,1.157055377960205,1.5310379266738892,0.16607674956321716,0.16607674956321716,0.0,344.0012512207031,0.44280803203582764,0.5478870272636414,0.2338789999485016,0.15173271298408508,37.54990768432617,0.1907503753900528,16.381011962890625,1.2060279846191406,1.7010529041290283
2017,1,39.14206931096689,75.785784565507,5093.641,1377.0,0.9274099469184875,-0.0,34.353065490722656,23.706071853637695,1.4141654968261719,7.747439861297607,12.011544227600098,0.08783892542123795,0.08783892542123795,0.45875993371009827,270.2698059082031,0.5403545498847961,0.719627857208252,0.27250024676322937,0.160837784409523,15.00915241241455,0.20156100392341614,12.848145484924316,0.9714146852493286,1.2680717706680298,0.04101945459842682,0.06562595814466476,922.0886840820312,78.7974624633789,0.07755109667778015,0.21347033977508545,0.21315403282642365,0.03413764387369156,98.97773742675781,0.24852541089057922,-6.437337398529053,0.2044466733932495,0.6918915510177612,0.0666709616780281,0.08259960263967514,66.89749908447266,257.1891784667969,0.35997316241264343,0.5876652002334595,0.1820109635591507,0.10412336140871048,53.18949508666992,0.2513262629508972,5.14301872253418,0.546294629573822,1.1534547805786133,0.10605508089065552,0.11158836632966995,1.5457242727279663,316.01287841796875,0.7082878351211548,0.7082878351211548,0.4367426931858063,0.2894430160522461,8.027368545532227,0.1451554149389267,14.974626541137695,1.4163074493408203,1.8161613941192627,0.11722608655691147,0.11722608655691147,0.0,367.2056884765625,0.166852667927742,0.166852667927742,0.0911017656326294,0.048350512981414795,35.098663330078125,0.16319626569747925,17.485984802246094,1.564002513885498,2.0585761070251465
2017,1,39.79532315619565,76.16873662307799,5113.905,1413.0,1.5219569206237793,307.5362548828125,33.6052131652832,24.17483901977539,1.3922337293624878,7.744077682495117,15.669838905334473,0.10626856982707977,0.10626856982707977,3.7971129417419434,300.3147277832031,0.5441796779632568,0.7296591401100159,0.2350860834121704,0.1797960102558136,14.86102294921875,0.21704259514808655,14.119887351989746,1.1556700468063354,1.5707844495773315,0.04186268895864487,0.061711326241493225,889.8136596679688,113.16514587402344,-0.001693222438916564,0.27146461606025696,0.13518358767032623,-0.0015495516126975417,95.96175384521484,0.28270646929740906,-5.928614616394043,0.20580919086933136,0.7471329569816589,0.07063417881727219,0.08480081707239151,63.930564880371094,315.9149475097656,0.4318698048591614,0.6683177947998047,0.22690998017787933,0.14451074600219727,43.573123931884766,0.26380035281181335,6.810388565063477,0.6694415211677551,1.3882685899734497,0.11692802608013153,0.1267257183790207,1.772347092628479,345.0557861328125,0.7938731908798218,0.79920494556427,0.5272060036659241,0.3592459261417389,7.6262030601501465,0.20603103935718536,16.346830368041992,1.6673918962478638,2.1074378490448,0.14112071692943573,0.14112071692943573,0.0,409.6569519042969,0.19581326842308044,0.19581326842308044,0.08301912248134613,0.056055910885334015,25.3384952545166,0.19899502396583557,19.507474899291992,1.8879601955413818,2.485297918319702
2017,1,41.15573246018724,79.13587151415246,5124.827,1492.0,2.2256317138671875,33.587303161621094,27.557830810546875,23.36058807373047,1.3407875299453735,8.0,14.367029190063477,0.07937777042388916,0.07937777042388916,5.469228267669678,207.44981384277344,0.23909898102283478,0.3290698528289795,0.005607807543128729,0.07572971284389496,17.45545768737793,0.19792646169662476,9.618123054504395,0.6660791039466858,0.9460572600364685,0.03431744873523712,0.05169934779405594,1198.722412109375,22.21834373474121,0.21077167987823486,0.4693765640258789,0.08786380290985107,0.03944312408566475,64.66803741455078,0.24009697139263153,-8.98094654083252,0.15259398519992828,0.3647322952747345,0.03946717083454132,0.052103590220212936,73.85901641845703,139.3908233642578,0.2585366666316986,0.5593103766441345,0.028082041069865227,0.060384657233953476,59.575706481933594,0.24819087982177734,1.7711297273635864,0.3436525762081146,0.6990761756896973,0.08294586837291718,0.09606636315584183,5.378410339355469,224.44577026367188,0.6807861924171448,0.7092123031616211,0.4186665415763855,0.2665451765060425,6.116750717163086,0.19362102448940277,10.431778907775879,0.9007577300071716,1.2745366096496582,0.11320526897907257,0.11320526897907257,0.29396337270736694,296.16473388671875,0.5518407821655273,0.8239810466766357,0.32859548926353455,0.1868833750486374,41.152530670166016,0.1886097937822342,14.089083671569824,1.0241940021514893,1.5023224353790283
2017,1,41.655642279289054,82.73443295079909,5128.422,1019.0,2.2308990955352783,146.20932006835938,30.368316650390625,21.601930618286133,1.3857249021530151,8.0,15.802303314208984,0.11456726491451263,0.11456726491451263,1.0832159519195557,364.2658386230469,0.4705875515937805,0.49356749653816223,0.14249081909656525,0.10536268353462219,8.621155738830566,0.1277061253786087,17.294410705566406,1.2804566621780396,1.7558530569076538,0.05784817785024643,0.0705631673336029,513.800537109375,84.71611022949219,0.22570516169071198,0.423615038394928,0.026460453867912292,0.04323410987854004,29.019163131713867,0.1687760055065155,-3.275453567504883,0.2372252345085144,0.5037658214569092,0.06325681507587433,0.08024846762418747,13.826321601867676,390.49346923828125,0.3790820240974426,0.5647416710853577,0.1691286712884903,0.09725559502840042,27.22541618347168,0.15101411938667297,10.180192947387695,0.8152077794075012,1.445639729499817,0.10500294715166092,0.11733853816986084,0.0,431.7911376953125,0.6753628253936768,0.7959513664245605,0.4210915267467499,0.306384414434433,3.638916254043579,0.12461937218904495,20.56148338317871,2.0305418968200684,2.6391050815582275,0.14461655914783478,0.14461655914783478,0.0,489.7462463378906,0.6364573240280151,0.7270473837852478,0.31108132004737854,0.2020666003227234,18.73796844482422,0.13862904906272888,23.321250915527344,2.1863043308258057,3.061837911605835
2017,1,41.279427923409834,80.12842281763898,5139.94,1150.0,1.8543341159820557,180.0,30.22200584411621,19.553808212280273,1.399999976158142,7.886058330535889,14.432926177978516,0.10993045568466187,0.10993045568466187,0.0,230.2018585205078,0.6331866979598999,0.7091296315193176,0.3269418776035309,0.17019052803516388,15.769280433654785,0.19704817235469818,10.961993217468262,0.7115992307662964,0.9842503070831299,0.05176245793700218,0.07322392612695694,971.81591796875,28.893667221069336,0.23712250590324402,0.28964921832084656,0.03302469849586487,0.05437222868204117,58.874290466308594,0.27075791358947754,-7.197879791259766,0.1709355115890503,0.37646594643592834,0.0633658692240715,0.08530515432357788,26.193950653076172,154.3133544921875,0.17300823330879211,0.17300823330879211,0.015027414076030254,0.04228464514017105,72.81161499023438,0.2685210704803467,3.462686538696289,0.40695881843566895,0.7147067189216614,0.11775524914264679,0.1304093301296234,0.0,261.25634765625,0.4249308109283447,0.4249308109283447,0.21690602600574493,0.12251168489456177,6.625277996063232,0.1991056501865387,12.440778732299805,1.0420790910720825,1.4081754684448242,0.1493581086397171,0.1493581086397171,0.0,323.5558776855469,0.4390009641647339,0.4390009641647339,0.245721697807312,0.1406223177909851,38.56167984008789,0.20240485668182373,15.40742301940918,1.102020263671875,1.566335678100586
2017,1,38.777172153561295,76.14555821580217,5146.767,1405.0,1.5081857442855835,52.06048583984375,31.595855712890625,24.876916885375977,1.3539338111877441,7.599999904632568,11.307201385498047,0.07809320092201233,0.07809320092201233,0.459929496049881,254.1095428466797,0.4574865698814392,0.6881324052810669,0.19809286296367645,0.14292821288108826,16.92304801940918,0.20989419519901276,12.078553199768066,0.8492192625999451,1.1192561388015747,0.042050521820783615,0.06984636932611465,935.9871826171875,73.78347778320312,0.13599060475826263,0.2934388518333435,0.15703903138637543,0.031259503215551376,82.79486083984375,0.22031249105930328,-6.58170747756958,0.19883626699447632,0.6495327949523926,0.04736722260713577,0.0632123127579689,67.06804656982422,239.9607696533203,0.442318320274353,0.7249967455863953,0.2416912168264389,0.14741936326026917,57.67700958251953,0.22626672685146332,4.672776222229004,0.5070379972457886,1.119320273399353,0.08925452828407288,0.09582054615020752,1.5496649742126465,304.5003662109375,0.7004636526107788,0.7004636526107788,0.4240778386592865,0.27032774686813354,9.769450187683105,0.1299181878566742,14.426223754882812,1.3530398607254028,1.7634550333023071,0.10711681097745895,0.10711681097745895,0.0,347.9034729003906,0.15345574915409088,0.15345574915409088,0.08994085341691971,0.04506247490644455,43.438011169433594,0.16072167456150055,16.56683349609375,1.4042659997940063,1.943708062171936
2017,1,39.71420318983136,76.23018303559446,5153.1494,1262.0,4.811542510986328,90.0,33.29780960083008,22.632417678833008,1.399999976158142,7.769511699676514,10.479308128356934,0.11121135950088501,0.11121135950088501,2.884549856185913,333.2492370605469,0.5589644908905029,0.6543723344802856,0.2394372820854187,0.18964742124080658,11.320938110351562,0.20138077437877655,15.731651306152344,1.2940326929092407,1.752143144607544,0.04812779277563095,0.06542124599218369,730.7825927734375,132.31288146972656,0.11434770375490189,0.2508739233016968,0.20400024950504303,0.04291517660021782,87.88442993164062,0.27619099617004395,-4.5684709548950195,0.22466816008090973,0.8289111852645874,0.07840409129858017,0.09193442016839981,46.9073371887207,363.33624267578125,0.2203567624092102,0.3306889235973358,0.07417278736829758,0.0655091181397438,39.763099670410156,0.2512025237083435,8.552132606506348,0.7575255036354065,1.5612163543701172,0.12061202526092529,0.12984943389892578,1.3651988506317139,385.7870178222656,0.4199158251285553,0.4220043122768402,0.17327645421028137,0.14824135601520538,5.844634056091309,0.1885065883398056,18.305801391601562,1.8792359828948975,2.3486859798431396,0.14445213973522186,0.14445213973522186,0.0,447.8631286621094,0.1985687017440796,0.1985687017440796,0.08528871089220047,0.05751551315188408,20.038923263549805,0.1833924949169159,21.326814651489258,2.1189191341400146,2.7758734226226807
2017,1,39.2929831270197,75.59929604124979,5173.8364,1384.0,3.0267679691314697,156.69808959960938,33.91534423828125,25.735641479492188,1.396436095237732,7.887099742889404,15.463714599609375,0.08743567764759064,0.08743567764759064,0.3349441587924957,282.15863037109375,0.6249986290931702,0.7178851366043091,0.2973448634147644,0.1658347100019455,13.614632606506348,0.18767419457435608,13.420175552368164,0.9883697628974915,1.2607858180999756,0.0368976816534996,0.06184617057442665,865.685791015625,71.87498474121094,0.18979798257350922,0.403143972158432,0.21497087180614471,0.05031609907746315,110.00342559814453,0.2529784142971039,-6.059624195098877,0.21140387654304504,0.7070198059082031,0.07288047671318054,0.0894622951745987,48.84238052368164,257.18310546875,0.5884824991226196,0.721427321434021,0.34902527928352356,0.17934530973434448,52.99747848510742,0.26210296154022217,5.630829811096191,0.5375341176986694,1.1175721883773804,0.11175383627414703,0.11625275015830994,1.1285452842712402,328.5480041503906,0.8303560614585876,0.8358680605888367,0.5396836400032043,0.3518679738044739,7.248716354370117,0.134369358420372,15.591402053833008,1.4093574285507202,1.8126591444015503,0.11700493097305298,0.11700493097305298,0.0,382.4214172363281,0.7498173117637634,0.7498173117637634,0.45889896154403687,0.25061091780662537,30.430723190307617,0.14384005963802338,18.210542678833008,1.5867843627929688,2.0598623752593994
2017,1,41.83539756095557,81.84321471875212,5184.6562,1275.0,1.5520029067993164,233.3115997314453,26.12160301208496,19.083698272705078,1.3877369165420532,8.014659881591797,21.860618591308594,0.11367207020521164,0.11367207020521164,7.507136344909668,243.7640380859375,0.18368038535118103,0.18368038535118103,0.13499154150485992,0.05068613961338997,25.319429397583008,0.20297662913799286,11.250328063964844,0.771856427192688,1.1071932315826416,0.048579055815935135,0.06737084686756134,987.928466796875,22.209636688232422,0.3021830916404724,0.4354824423789978,0.04127834364771843,0.07715507596731186,50.143516540527344,0.23857218027114868,-7.371899604797363,0.17630362510681152,0.3503999412059784,0.05746808648109436,0.07847295701503754,66.79918670654297,209.8173370361328,0.19857878983020782,0.19857878983020782,-0.016684891656041145,0.04191901907324791,61.76152038574219,0.23881103098392487,3.8653554916381836,0.4549364447593689,0.7996647357940674,0.12145746499300003,0.13484779000282288,4.176398277282715,286.5325927734375,0.6000289916992188,0.6124059557914734,0.3498947024345398,0.24417328834533691,12.39475154876709,0.2004377394914627,13.445533752441406,1.2162460088729858,1.6387046575546265,0.1709657460451126,0.1709657460451126,0.48672834038734436,346.6199951171875,0.6738372445106506,0.6738372445106506,0.3717140555381775,0.23127050697803497,44.55802917480469,0.2088894098997116,16.48253631591797,1.3063852787017822,1.8800110816955566
2017,1,41.26271967176257,79.55843822548226,5186.7295,1255.0,4.446784496307373,146.36952209472656,31.833837509155273,22.82614517211914,1.4036177396774292,7.943586826324463,15.236931800842285,0.09081023931503296,0.09081023931503296,0.0,234.95773315429688,0.3971070647239685,0.43817922472953796,0.14040763676166534,0.09694574028253555,14.30322551727295,0.17367027699947357,11.18846321105957,0.7345598340034485,1.0318139791488647,0.04377477988600731,0.06300631165504456,996.7593994140625,22.487375259399414,0.22581572830677032,0.36686500906944275,0.04576897621154785,0.045987360179424286,62.48426818847656,0.24922525882720947,-7.437191009521484,0.16974970698356628,0.38088348507881165,0.0491095595061779,0.0668107196688652,27.15532112121582,146.46783447265625,0.24705754220485687,0.24705754220485687,0.019668206572532654,0.06282808631658554,66.49320220947266,0.24766352772712708,3.2246625423431396,0.380993515253067,0.7192351818084717,0.10072734206914902,0.112857386469841,0.0,253.94863891601562,0.6967363953590393,0.6967363953590393,0.44198521971702576,0.2960291802883148,4.963272571563721,0.18009939789772034,12.092792510986328,0.9907633662223816,1.3555017709732056,0.1267794668674469,0.1267794668674469,0.0,328.65264892578125,0.5082793831825256,0.5082793831825256,0.25909656286239624,0.1690387725830078,37.612266540527344,0.16848427057266235,15.650125503540039,1.1174424886703491,1.617435097694397
2017,1,36.83950546359482,81.50526836811356,5195.348,1446.0,2.494917869567871,68.19078826904297,36.346717834472656,21.490001678466797,1.3126130104064941,7.90651798248291,12.774046897888184,0.06096963956952095,0.06096963956952095,0.0,414.11138916015625,0.52681565284729,0.6822152137756348,0.19140297174453735,0.14662373065948486,1.264190435409546,0.05350039526820183,19.719589233398438,1.6245033740997314,2.0230424404144287,0.04569951817393303,0.04916498810052872,266.9033508300781,247.19320678710938,0.19131074845790863,0.22146593034267426,0.050161492079496384,0.053829554468393326,18.332489013671875,0.0448249951004982,-0.15045902132987976,0.3709658086299896,1.1029869318008423,0.04793195426464081,0.055255986750125885,0.0,560.2247314453125,0.2847565710544586,0.34624943137168884,0.04481887444853783,0.08400660008192062,26.551246643066406,0.04556678235530853,15.141209602355957,1.3160111904144287,2.46034574508667,0.06783076375722885,0.07061363756656647,0.0,504.9974670410156,0.3806230127811432,0.389297753572464,0.21821457147598267,0.11927285045385361,0.24825479090213776,0.021703172475099564,24.04749870300293,2.5952816009521484,3.0016257762908936,0.06900159269571304,0.06900159269571304,0.0,553.7477416992188,0.3252849876880646,0.34133487939834595,0.06404080986976624,0.10844326764345169,7.24152946472168,0.026379231363534927,26.368940353393555,2.829251766204834,3.834292411804199
2017,1,39.8001746581418,76.16900416914119,5202.1045,1412.0,1.5220226049423218,127.53437042236328,32.996131896972656,23.182741165161133,1.3899999856948853,7.861202239990234,12.77762508392334,0.10609380155801773,0.10609380155801773,3.860275983810425,298.6632995605469,0.5881994366645813,0.7211679220199585,0.2507345378398895,0.1832442432641983,15.048008918762207,0.21800324320793152,14.038239479064941,1.1493945121765137,1.5630425214767456,0.04162931442260742,0.06156979873776436,898.20849609375,112.40970611572266,0.004139672499150038,0.3321932256221771,0.24958865344524384,0.0026645755860954523,96.24658203125,0.28313902020454407,-5.998464107513428,0.20481757819652557,0.7431507110595703,0.07026543468236923,0.08444590121507645,64.98381042480469,313.7889099121094,0.5151537656784058,0.7989351153373718,0.2817562222480774,0.19439390301704407,43.7279052734375,0.2643842399120331,6.724462032318115,0.6656298637390137,1.3809231519699097,0.11674696952104568,0.12658652663230896,1.8019448518753052,343.01043701171875,0.8294692635536194,0.8294692635536194,0.5633418560028076,0.3749890625476837,7.714177131652832,0.20722781121730804,16.248023986816406,1.6578972339630127,2.096583604812622,0.14103122055530548,0.14103122055530548,0.0,407.7501525878906,0.1957465261220932,0.1957465261220932,0.08282170444726944,0.05600890517234802,25.61309242248535,0.200089231133461,19.41667366027832,1.8775444030761719,2.472423553466797
2017,1,41.37887033600272,80.81832601442602,5206.298,1224.0,2.7802884578704834,180.0,29.270668029785156,20.103092193603516,1.4233685731887817,7.999950885772705,19.86809730529785,0.12444765865802765,0.12444765865802765,0.0,237.99839782714844,0.5890757441520691,0.695406973361969,0.21410006284713745,0.20270028710365295,17.738431930541992,0.18519869446754456,11.333256721496582,0.7219206094741821,1.016366958618164,0.057973913848400116,0.08138719946146011,903.1077270507812,20.459394454956055,0.27409106492996216,0.31467950344085693,-0.06881691515445709,0.055231496691703796,53.6277961730957,0.2531900703907013,-6.737773895263672,0.17730918526649475,0.3588793873786926,0.07520795613527298,0.10175544768571854,19.362512588500977,170.06082153320312,0.18060341477394104,0.18112677335739136,-0.09618221968412399,0.04750222712755203,76.13827514648438,0.2549765408039093,4.072926998138428,0.4237203598022461,0.7086283564567566,0.13332654535770416,0.14555877447128296,0.0,280.417236328125,0.5342317819595337,0.5716719627380371,0.22718088328838348,0.19060763716697693,8.186332702636719,0.1814172863960266,13.353201866149902,1.1116890907287598,1.4727511405944824,0.1668441742658615,0.1668441742658615,0.0,336.5580749511719,0.5327426791191101,0.7224915027618408,0.29377472400665283,0.21308204531669617,38.627952575683594,0.19302959740161896,16.026575088500977,1.1594080924987793,1.6405706405639648
2017,1,39.24959607376967,75.70143175087897,5211.2974,1365.0,1.1975219249725342,90.0,32.65336227416992,25.21908187866211,1.3973501920700073,8.0,12.498359680175781,0.08930640667676926,0.08930640667676926,0.3587818741798401,285.0100402832031,0.3143822252750397,0.37030529975891113,0.18202945590019226,0.06579963117837906,13.508977890014648,0.19090689718723297,13.554821968078613,1.014885663986206,1.3098195791244507,0.039543017745018005,0.06373590975999832,856.4208374023438,79.59378814697266,0.012822606600821018,0.1693090796470642,0.1992337852716446,0.0059987944550812244,104.08563995361328,0.2514491677284241,-5.9299774169921875,0.21220862865447998,0.7184827327728271,0.07180105149745941,0.08795058727264404,52.31845474243164,268.47662353515625,0.0852024257183075,0.08685234189033508,0.09569408744573593,0.01850839890539646,51.950584411621094,0.2560817003250122,5.8421125411987305,0.5624572038650513,1.1736037731170654,0.11061334609985352,0.11564941704273224,1.2088629007339478,332.5486755371094,0.24166792631149292,0.2544134259223938,0.2795058786869049,0.058392658829689026,7.232700347900391,0.1380602866411209,15.778085708618164,1.4620691537857056,1.871439814567566,0.11881085485219955,0.11881085485219955,0.0,385.5600280761719,0.1692131608724594,0.1692131608724594,0.27014195919036865,0.03662293776869774,30.82157325744629,0.1500292271375656,18.360002517700195,1.6343697309494019,2.131925344467163
2017,1,37.071811251176186,81.02961159964146,5217.9263,1362.0,0.9274099469184875,-0.0,39.961158752441406,19.93573570251465,1.3662070035934448,7.666783809661865,12.162263870239258,0.06550165265798569,0.06550165265798569,0.0,410.2584228515625,0.39367642998695374,0.4336819052696228,0.09362529218196869,0.08696682751178741,1.4495831727981567,0.055824365466833115,19.536115646362305,1.608121633529663,1.9977376461029053,0.05154662951827049,0.05448785796761513,267.5968017578125,240.16213989257812,0.16495075821876526,0.24581459164619446,-0.07028399407863617,0.035754747688770294,16.58878517150879,0.04162422567605972,-0.20942480862140656,0.37301453948020935,1.0181214809417725,0.05849415808916092,0.0677320659160614,0.0,556.2738647460938,0.17282618582248688,0.20975361764431,-0.042161960154771805,0.04793272167444229,23.389415740966797,0.04313592240214348,15.034428596496582,1.3161566257476807,2.4437785148620605,0.07641826570034027,0.07894940674304962,0.0,504.40826416015625,0.2614840567111969,0.26882967352867126,0.036900512874126434,0.08422937244176865,0.6811380982398987,0.019680211320519447,24.019441604614258,2.6210567951202393,3.069690227508545,0.07792748510837555,0.07792748510837555,0.0,552.737548828125,0.29170629382133484,0.29286473989486694,0.10473032295703888,0.09520307183265686,8.098215103149414,0.025972988456487656,26.32083511352539,2.850579261779785,3.8441312313079834
2017,1,37.715901643740125,77.23835902917226,5218.99,1520.0,1.4946342706680298,231.65419006347656,29.431785583496094,25.279155731201172,1.3137434720993042,7.551302909851074,13.464491844177246,0.07979060709476471,0.07979060709476471,0.0,311.2245788574219,0.1583598405122757,0.1583598405122757,0.030529841780662537,0.05663226917386055,6.237010955810547,0.18257124722003937,14.82021713256836,0.9272750616073608,1.1965562105178833,0.050119683146476746,0.06715992838144302,540.6409301757812,105.15982055664062,0.25387343764305115,0.3575928509235382,0.0794084444642067,0.072513148188591,54.55216598510742,0.14461107552051544,-3.3242831230163574,0.24485573172569275,0.7809189558029175,0.05254784971475601,0.06751322001218796,12.985750198364258,324.56549072265625,0.09553837776184082,0.09553837776184082,0.041945043951272964,0.038476694375276566,35.09840774536133,0.15861736238002777,8.421073913574219,0.6973881125450134,1.5314061641693115,0.091440849006176,0.09785601496696472,0.0,388.97149658203125,0.19381462037563324,0.19381462037563324,0.14300620555877686,0.06568405777215958,5.600861072540283,0.07886555790901184,18.52245330810547,1.721375823020935,2.1328518390655518,0.10626639425754547,0.10626639425754547,0.0,428.88238525390625,0.5984777808189392,0.6167921423912048,0.26889127492904663,0.21178948879241943,23.67965316772461,0.09671863913536072,20.422971725463867,1.7516707181930542,2.5145230293273926
2017,1,36.82387631440248,81.90951263321476,5225.264,1458.0,1.8543341159820557,180.0,38.585365295410156,22.04307746887207,1.3635859489440918,7.699999809265137,12.697503089904785,0.06006976589560509,0.06006976589560509,0.0,389.8017578125,0.5744613409042358,0.7655876874923706,0.2585758566856384,0.1466686725616455,2.2761409282684326,0.06251067668199539,18.561988830566406,1.5179556608200073,1.874075174331665,0.0450899563729763,0.04855914041399956,315.7026672363281,204.41256713867188,0.23327280580997467,0.3296394944190979,0.039186764508485794,0.0551411435008049,18.877416610717773,0.04700392484664917,-0.8495427966117859,0.3556264340877533,1.0433167219161987,0.04663272574543953,0.05335775762796402,0.0,511.916015625,0.3373262882232666,0.42161789536476135,0.10374358296394348,0.10666429996490479,27.394989013671875,0.0458337739109993,13.835567474365234,1.2182979583740234,2.2556142807006836,0.06605211645364761,0.068796306848526,0.0,470.600341796875,0.2818606197834015,0.2818606197834015,0.17677849531173706,0.09380868077278137,1.1670750379562378,0.022491632029414177,22.4095401763916,2.364449977874756,2.7608585357666016,0.06751013547182083,0.06751013547182083,0.0,519.47802734375,0.25512638688087463,0.25512638688087463,0.12212496250867844,0.07384460419416428,11.07067584991455,0.03104659542441368,24.73704719543457,2.5728862285614014,3.535402297973633
2017,1,38.84966375938717,76.12076561394501,5231.1245,1359.0,1.1907563209533691,90.0,28.32411003112793,26.128341674804688,1.4071440696716309,7.599999904632568,11.539911270141602,0.08156042546033859,0.08156042546033859,0.44291236996650696,263.699462890625,0.46689659357070923,0.6256574392318726,0.21588245034217834,0.13199786841869354,16.020418167114258,0.20706018805503845,12.536026000976562,0.9028738141059875,1.1920084953308105,0.04313076660037041,0.06971897184848785,905.992431640625,80.04133605957031,0.28791606426239014,0.3509937524795532,0.28013375401496887,0.05480794236063957,83.46390533447266,0.2253335863351822,-6.3049702644348145,0.20290420949459076,0.6733821034431458,0.05179963633418083,0.0674462839961052,64.5865707397461,254.1925811767578,0.4652875065803528,0.6786502599716187,0.24117495119571686,0.1556277722120285,55.77470016479492,0.2283507138490677,5.124486923217773,0.5358206629753113,1.1690165996551514,0.09300985932350159,0.099582739174366,1.4923282861709595,314.5968017578125,0.7190954685211182,0.7190954685211182,0.4548809826374054,0.264377623796463,9.186583518981934,0.13278844952583313,14.909737586975098,1.4141262769699097,1.829744815826416,0.1106448695063591,0.1106448695063591,0.0,359.42510986328125,0.1576641947031021,0.1576641947031021,0.09035710990428925,0.046289876103401184,40.80250930786133,0.16096720099449158,17.115482330322266,1.4873441457748413,2.035839796066284
2017,1,39.133173404365266,75.80114616863612,5251.7837,1365.0,3.0237205028533936,232.20001220703125,31.29899787902832,23.161888122558594,1.3899999856948853,7.74691915512085,11.814223289489746,0.08790421485900879,0.08790421485900879,0.4600523114204407,270.5057373046875,0.4821964204311371,0.5954524874687195,0.23453909158706665,0.16168765723705292,15.008888244628906,0.2018996775150299,12.859318733215332,0.9728719592094421,1.2714810371398926,0.041297417134046555,0.06586818397045135,920.4994506835938,79.5478515625,0.15491658449172974,0.3387864828109741,0.31241053342819214,0.05575157701969147,98.16292572021484,0.24796156585216522,-6.419477462768555,0.20454208552837372,0.692781925201416,0.06632088124752045,0.0822051614522934,67.08595275878906,258.26025390625,0.2842990458011627,0.4105756878852844,0.08123514801263809,0.08835748583078384,53.13270568847656,0.2503581643104553,5.166872978210449,0.5485295057296753,1.1591171026229858,0.10573025047779083,0.1113303080201149,1.5500787496566772,316.4653625488281,0.4575337767601013,0.4575337767601013,0.268099308013916,0.15507151186466217,8.042778968811035,0.1452210396528244,14.995966911315918,1.4214861392974854,1.8222668170928955,0.11728033423423767,0.11728033423423767,0.0,367.4685363769531,0.16683261096477509,0.16683261096477509,0.09111018478870392,0.04838388413190842,35.21607208251953,0.16364894807338715,17.498502731323242,1.567447304725647,2.065350294113159
2017,1,41.22607032020429,79.05744930392551,5286.078,1510.0,1.5426651239395142,53.05263900756836,29.3142147064209,21.372575759887695,1.354596495628357,8.068169593811035,19.47260284423828,0.07308217883110046,0.07308217883110046,7.359574794769287,184.26609802246094,0.4917953610420227,0.5058216452598572,0.18162111937999725,0.14328494668006897,19.645187377929688,0.2119339406490326,8.42411994934082,0.5986036062240601,0.8534290194511414,0.028291329741477966,0.04666607454419136,1333.0211181640625,16.110872268676758,0.20800885558128357,0.36599111557006836,0.08354219049215317,0.053655583411455154,67.65306091308594,0.25167131423950195,-10.052749633789062,0.1392432451248169,0.33173686265945435,0.03318819776177406,0.044921524822711945,93.57019805908203,111.32905578613281,0.15120646357536316,0.22988571226596832,-0.021661540493369102,0.04254505783319473,59.94565963745117,0.2600463926792145,0.4799691438674927,0.3009585440158844,0.6207079887390137,0.07637426257133484,0.08984033018350601,7.237367153167725,195.1791534423828,0.46349668502807617,0.46789616346359253,0.2298068255186081,0.17695139348506927,6.409724712371826,0.211456298828125,8.94960880279541,0.7841623425483704,1.1288707256317139,0.10793621838092804,0.10793621838092804,0.39556685090065,268.9022521972656,0.45477190613746643,0.538326621055603,0.2116868793964386,0.16759102046489716,43.138450622558594,0.2075428068637848,12.786032676696777,0.9095272421836853,1.3486827611923218
2017,1,41.20369901021916,79.36332579978767,5287.0366,1346.0,0.0,-0.0,25.43531036376953,22.84602165222168,1.399999976158142,7.900000095367432,15.145418167114258,0.08614777028560638,0.08614777028560638,2.2034099102020264,227.7635955810547,0.42430034279823303,0.48646023869514465,0.12736132740974426,0.08852376788854599,15.27999210357666,0.18090908229351044,10.740961074829102,0.7206947803497314,1.0180031061172485,0.04024628549814224,0.05822862312197685,1062.1746826171875,24.056900024414062,0.21408173441886902,0.420225590467453,0.15383976697921753,0.05569855123758316,62.935142517089844,0.24178877472877502,-7.924562931060791,0.16472269594669342,0.3805733621120453,0.04497790336608887,0.06026415154337883,45.438053131103516,150.28045654296875,0.26677727699279785,0.3872126638889313,0.04226725921034813,0.06587371975183487,62.940860748291016,0.24418114125728607,2.83357834815979,0.3733646273612976,0.7274888157844543,0.09282679110765457,0.10545454919338226,2.1668219566345215,246.4997100830078,0.6838428378105164,0.7010679841041565,0.4295629560947418,0.2739066779613495,5.303958415985107,0.18164417147636414,11.634900093078613,0.9758272767066956,1.3497979640960693,0.1206900104880333,0.1206900104880333,0.11843020468950272,319.8992004394531,0.5132472515106201,0.7966201305389404,0.3052918016910553,0.18264426290988922,38.83049011230469,0.17292168736457825,15.227656364440918,1.102332353591919,1.6031733751296997
2017,1,41.09320694521582,80.43025490884568,5292.0537,1101.0,2.6284587383270264,110.64749145507812,25.915334701538086,21.643754959106445,1.4216079711914062,7.584281921386719,13.663616180419922,0.11821948736906052,0.11821948736906052,0.0,272.8389892578125,0.744692325592041,0.7996535897254944,0.48211410641670227,0.2795711159706116,13.194095611572266,0.19909155368804932,12.992332458496094,0.8572152853012085,1.1685285568237305,0.055657852441072464,0.07671447098255157,788.0263671875,61.04945373535156,0.19441188871860504,0.33560237288475037,-0.014374621212482452,0.042103588581085205,48.3665885925293,0.26301172375679016,-5.549442291259766,0.18805138766765594,0.43271005153656006,0.06779684871435165,0.0884576216340065,19.311342239379883,240.93104553222656,0.1289646029472351,0.13146573305130005,-0.058821097016334534,0.033575255423784256,62.42531204223633,0.2581084072589874,5.989721775054932,0.54475998878479,0.9180788397789001,0.11941661685705185,0.13383270800113678,0.0,320.1226806640625,0.155701145529747,0.18873247504234314,0.027019403874874115,0.04557887092232704,6.089818954467773,0.19594748318195343,15.243936538696289,1.3619654178619385,1.8132792711257935,0.1575074940919876,0.1575074940919876,0.0,372.6545104980469,0.2601603865623474,0.34743696451187134,0.09052954614162445,0.09664848446846008,31.839189529418945,0.20705066621303558,17.745452880859375,1.387904405593872,1.9277431964874268
2017,1,41.305299627721915,79.61799843825314,5293.535,1242.0,1.8543341159820557,180.0,27.814104080200195,25.818580627441406,1.4312808513641357,8.03366470336914,12.468670845031738,0.09119898080825806,0.09119898080825806,0.0,227.15240478515625,0.07770410180091858,0.08447042107582092,-0.010086490772664547,0.022007698193192482,14.947726249694824,0.17839330434799194,10.816781044006348,0.7076982855796814,0.9921243190765381,0.0432814285159111,0.06344699114561081,1028.3104248046875,19.183422088623047,0.2370700240135193,0.5647184252738953,0.08656522631645203,0.058011800050735474,63.42214584350586,0.2570878863334656,-7.703259468078613,0.16608946025371552,0.36780479550361633,0.04940178617835045,0.06788806617259979,28.5040225982666,133.15228271484375,0.22856184840202332,0.22856184840202332,0.04554080590605736,0.06462021917104721,68.384033203125,0.2548912763595581,2.828331232070923,0.36574268341064453,0.6838096380233765,0.10220881551504135,0.11422692984342575,0.0,244.76126098632812,0.722022533416748,0.722022533416748,0.48680785298347473,0.3212643265724182,5.163131237030029,0.18752963840961456,11.655298233032227,0.9477193355560303,1.2985424995422363,0.1282448172569275,0.1282448172569275,0.0,319.7631530761719,0.29381445050239563,0.29381445050239563,0.17398090660572052,0.08987561613321304,38.19105529785156,0.17604787647724152,15.226816177368164,1.0712655782699585,1.5519111156463623
2017,1,37.05698919927453,80.83719247098314,5303.676,1352.0,2.7802884578704834,180.0,38.885841369628906,22.707120895385742,1.3644386529922485,7.614175796508789,11.904485702514648,0.06681474298238754,0.06681474298238754,0.0,402.2705078125,0.4238782525062561,0.5325774550437927,0.11443523317575455,0.09969712048768997,1.4915286302566528,0.06328892707824707,19.155738830566406,1.5542163848876953,1.935230016708374,0.05293678864836693,0.05597329139709473,268.6629943847656,230.87472534179688,0.30129918456077576,0.3266882300376892,0.04879048466682434,0.07713846862316132,17.670679092407227,0.0448414571583271,-0.28846001625061035,0.3694634735584259,0.9977681040763855,0.06053481623530388,0.0704512670636177,0.0,542.9533081054688,0.3073744773864746,0.34212642908096313,0.06596570461988449,0.08808732777833939,23.239782333374023,0.046063050627708435,14.674412727355957,1.2777283191680908,2.371279716491699,0.07919877022504807,0.0819002017378807,0.0,496.68359375,0.48728546500205994,0.5457878708839417,0.24780669808387756,0.16601885855197906,0.9050800204277039,0.02179850824177265,23.651599884033203,2.564324140548706,3.0294854640960693,0.08092745393514633,0.08092745393514633,0.0,544.14013671875,0.2862432599067688,0.30166664719581604,0.07040639966726303,0.09219203889369965,9.26833438873291,0.0293651781976223,25.911434173583984,2.776660680770874,3.7589943408966064
2017,1,39.17252051206086,75.70870900379819,5304.669,1433.0,4.774456977844238,90.0,36.0048713684082,22.466812133789062,1.3873776197433472,7.820412635803223,12.788664817810059,0.0868462324142456,0.0868462324142456,0.465000182390213,265.9536437988281,0.527381181716919,0.5377250909805298,0.2262367457151413,0.12895673513412476,15.299927711486816,0.20117707550525665,12.642316818237305,0.9510111212730408,1.234009027481079,0.03942547366023064,0.06444252282381058,942.8616943359375,73.51366424560547,0.15950697660446167,0.34667280316352844,0.2308298498392105,0.04599322751164436,103.07389831542969,0.2508544623851776,-6.636244297027588,0.20246703922748566,0.6805521249771118,0.06756392121315002,0.08375193923711777,67.8074722290039,247.79261779785156,0.2059885859489441,0.3097144663333893,0.07099682092666626,0.04954298585653305,53.907649993896484,0.25618329644203186,4.8644633293151855,0.5276656150817871,1.1116207838058472,0.10695236921310425,0.11215142160654068,1.566749930381775,310.1535949707031,0.4389928877353668,0.44399240612983704,0.17752063274383545,0.12623080611228943,8.103483200073242,0.14523522555828094,14.694611549377441,1.3728796243667603,1.7655317783355713,0.1162768006324768,0.1162768006324768,0.0,362.06561279296875,0.46833348274230957,0.46833348274230957,0.18718725442886353,0.13696721196174622,35.24282455444336,0.16204746067523956,17.24121856689453,1.5250869989395142,1.998647928237915
2017,1,39.093286745442185,75.79737376914491,5356.4062,1393.0,3.697981357574463,284.50482177734375,29.350971221923828,24.44723892211914,1.3899999856948853,7.798165798187256,12.013810157775879,0.08625765889883041,0.08625765889883041,0.5131856203079224,259.91265869140625,0.40143585205078125,0.4963219463825226,0.16070055961608887,0.09382575005292892,15.990073204040527,0.20703187584877014,12.35235595703125,0.9344542026519775,1.2237292528152466,0.040931545197963715,0.06606839597225189,967.3439331054688,75.35332489013672,0.1680578589439392,0.21408207714557648,0.38393092155456543,0.036937445402145386,98.13065338134766,0.24746762216091156,-6.809088230133057,0.19923941791057587,0.6708715558052063,0.06396836042404175,0.07992368191480637,74.833984375,245.7832794189453,0.3113688826560974,0.42248016595840454,0.12569430470466614,0.08337816596031189,54.347503662109375,0.25081050395965576,4.620251178741455,0.5266992449760437,1.1192926168441772,0.10372097790241241,0.10935582965612411,1.729103684425354,304.0349426269531,0.5451487302780151,0.5451487302780151,0.2684304714202881,0.15477538108825684,8.52607250213623,0.14836305379867554,14.395516395568848,1.367346167564392,1.7587246894836426,0.1155979186296463,0.1155979186296463,0.0,354.461669921875,0.16477735340595245,0.16477735340595245,0.0909128338098526,0.04780685901641846,37.60676193237305,0.16920840740203857,16.879125595092773,1.5020885467529297,1.984989881515503
2017,1,38.84319806285967,76.18760307963511,5379.5396,1340.0,0.9274099469184875,180.0,27.957048416137695,26.953859329223633,1.399999976158142,7.71226167678833,10.9401216506958,0.08219065517187119,0.08219065517187119,0.3683576285839081,275.79510498046875,0.47502660751342773,0.6440250873565674,0.26242589950561523,0.14337138831615448,14.97123908996582,0.20126989483833313,13.115559577941895,0.9357409477233887,1.2333303689956665,0.04381271079182625,0.07015690952539444,842.5862426757812,85.0451431274414,0.21253623068332672,0.22229117155075073,0.037365250289440155,0.043666720390319824,80.74632263183594,0.22117887437343597,-5.782756328582764,0.2093878537416458,0.6968429684638977,0.051788125187158585,0.06732213497161865,53.714813232421875,268.7211608886719,0.1750134378671646,0.2393062710762024,0.05728481709957123,0.03984377160668373,54.84347915649414,0.22342509031295776,5.810982704162598,0.5596536993980408,1.2189053297042847,0.09294690936803818,0.09964663535356522,1.2411270141601562,330.0700378417969,0.4567595422267914,0.4567595422267914,0.2734459638595581,0.1400475949048996,8.807211875915527,0.12573769688606262,15.658519744873047,1.479132056236267,1.9097589254379272,0.11126317828893661,0.11126317828893661,0.0,374.37127685546875,0.15824198722839355,0.15824198722839355,0.09043386578559875,0.04653231427073479,38.876312255859375,0.1527060717344284,17.82720375061035,1.5515356063842773,2.128744602203369
2017,1,38.841851414341534,76.18032582671589,5383.802,1345.0,0.9274099469184875,-0.0,26.13649559020996,27.317794799804688,1.4074132442474365,7.699999809265137,10.94613265991211,0.08201363682746887,0.08201363682746887,0.37770742177963257,274.07562255859375,0.4372606575489044,0.6030943393707275,0.20771770179271698,0.12030910700559616,15.122380256652832,0.2020394653081894,13.033234596252441,0.9302542805671692,1.2262698411941528,0.04369876906275749,0.0701075941324234,851.005615234375,84.26368713378906,0.18461939692497253,0.21586161851882935,0.0691826343536377,0.04136611148715019,81.052978515625,0.22152726352214813,-5.852992057800293,0.2084978073835373,0.6933517456054688,0.05166076868772507,0.06721417605876923,55.078224182128906,266.57269287109375,0.26515910029411316,0.3625730276107788,0.10610022395849228,0.06524588167667389,55.01022720336914,0.22395309805870056,5.716067314147949,0.5559675097465515,1.211495041847229,0.09284544736146927,0.09952961653470993,1.272629737854004,327.9335632324219,0.49539145827293396,0.49539145827293396,0.2795031666755676,0.15802815556526184,8.869332313537598,0.1264905482530594,15.555282592773438,1.4695936441421509,1.8982808589935303,0.11108583956956863,0.11108583956956863,0.0,372.25634765625,0.1580497920513153,0.1580497920513153,0.09041248261928558,0.04646730795502663,39.182029724121094,0.15367813408374786,17.726491928100586,1.5414551496505737,2.114973306655884
2017,1,37.04054849369049,80.34212969472642,5413.3726,1347.0,3.620473861694336,140.1312713623047,35.82054138183594,22.99186134338379,1.3700000047683716,7.630620002746582,12.421029090881348,0.06743694096803665,0.06743694096803665,0.0,384.31500244140625,0.5009428262710571,0.5009428262710571,0.22138366103172302,0.14572849869728088,1.5850825309753418,0.08374600112438202,18.30071449279785,1.4320745468139648,1.7947447299957275,0.053584594279527664,0.05816536769270897,278.697509765625,210.47288513183594,0.18527436256408691,0.2619948983192444,-0.00948950182646513,0.05972660332918167,19.968093872070312,0.054818905889987946,-0.5207986831665039,0.35861456394195557,0.9445984959602356,0.06093871220946312,0.07116617262363434,0.0,512.0201416015625,0.0879039317369461,0.10312512516975403,0.05280826613306999,0.027391942217946053,22.412508010864258,0.055535513907670975,13.83838176727295,1.1933538913726807,2.208911895751953,0.08065211027860641,0.08362916857004166,0.0,479.1502990722656,0.34442493319511414,0.3563167452812195,0.13824206590652466,0.10625618696212769,1.4935555458068848,0.02831726148724556,22.816680908203125,2.4371631145477295,2.9328112602233887,0.08331794291734695,0.08331794291734695,0.0,524.9630126953125,0.30203914642333984,0.30203914642333984,0.12288185209035873,0.09705919027328491,12.105304718017578,0.03905148431658745,24.99823760986328,2.6133873462677,3.567798614501953
2017,1,41.27161557836419,79.57514647712952,5428.0684,1255.0,0.0,-0.0,27.439037322998047,24.41651725769043,1.409999966621399,7.900000095367432,14.919891357421875,0.09101207554340363,0.09101207554340363,0.0,233.34356689453125,0.58778977394104,0.705979585647583,0.2361474335193634,0.19402363896369934,14.444432258605957,0.17482653260231018,11.11159896850586,0.7289696931838989,1.0233991146087646,0.043716344982385635,0.06316261738538742,1003.037353515625,21.885541915893555,0.22300218045711517,0.31301578879356384,0.013491049408912659,0.05056164413690567,62.6424560546875,0.25103381276130676,-7.489708423614502,0.1690009981393814,0.37815216183662415,0.049255531281232834,0.067145936191082,27.426998138427734,143.83143615722656,0.2254670262336731,0.2254670262336731,-0.011069291271269321,0.05816027894616127,66.90907287597656,0.24932171404361725,3.1460657119750977,0.37816739082336426,0.7120200991630554,0.10113991051912308,0.11325298249721527,0.0,252.13616943359375,0.6783637404441833,0.6783637404441833,0.40839701890945435,0.28623509407043457,5.013664722442627,0.18181398510932922,12.006484031677246,0.9824815392494202,1.3444163799285889,0.1272340714931488,0.1272340714931488,0.0,326.8173828125,0.515080451965332,0.515080451965332,0.2871737778186798,0.18591062724590302,37.724586486816406,0.17032285034656525,15.562731742858887,1.1080515384674072,1.6038405895233154
2017,1,39.246091220341675,75.71113475477127,5460.7666,1365.0,2.566843032836914,111.16736602783203,32.51121520996094,25.21477508544922,1.399999976158142,8.0,12.257144927978516,0.08947637677192688,0.08947637677192688,0.35976678133010864,285.4276428222656,0.6208031177520752,0.679383397102356,0.2816249132156372,0.20450431108474731,13.484892845153809,0.1911015808582306,13.574660301208496,1.0176347494125366,1.3146228790283203,0.039779726415872574,0.06390415132045746,854.7225952148438,80.3277359008789,0.15874671936035156,0.2912052869796753,0.10117439925670624,0.05533991754055023,103.53975677490234,0.25126004219055176,-5.911411285400391,0.21237021684646606,0.7198023796081543,0.07170909643173218,0.08781993389129639,52.462074279785156,269.6534729003906,0.4359869956970215,0.6961814761161804,0.2550574243068695,0.15393830835819244,51.8472785949707,0.25549590587615967,5.870038032531738,0.5649372935295105,1.1791245937347412,0.11051531136035919,0.11559924483299255,1.2121814489364624,333.1127624511719,0.7381513118743896,0.7457792162895203,0.45117294788360596,0.3214934766292572,7.225849151611328,0.13827741146087646,15.804790496826172,1.4675214290618896,1.8776261806488037,0.11897511035203934,0.11897511035203934,0.0,386.0429992675781,0.5511173605918884,0.5511173605918884,0.2565494179725647,0.15962383151054382,30.827335357666016,0.15044298768043518,18.382999420166016,1.6393746137619019,2.1394379138946533
2017,1,37.998871737490745,76.87373387693094,5480.027,1454.0,0.9274099469184875,180.0,34.514102935791016,21.674406051635742,1.3771995306015015,7.5,11.990926742553711,0.073129802942276,0.073129802942276,0.0,287.267333984375,0.2178846001625061,0.23546914756298065,0.06278096139431,0.057787176221609116,11.066126823425293,0.20068052411079407,13.679396629333496,0.8392612338066101,1.096523642539978,0.0481756255030632,0.07008340954780579,670.72021484375,87.84090423583984,0.12575410306453705,0.19028985500335693,-0.023949211463332176,0.030198024585843086,61.71862030029297,0.16766639053821564,-4.449460506439209,0.2289528101682663,0.7127171754837036,0.04461651295423508,0.058911390602588654,19.85820198059082,267.5541687011719,0.14051072299480438,0.1579880565404892,-0.013966528698801994,0.03825725242495537,46.651798248291016,0.1876501590013504,6.694485187530518,0.5899744629859924,1.3032550811767578,0.08343206346035004,0.09027577936649323,0.0,354.9444274902344,0.20289835333824158,0.231386199593544,0.07207712531089783,0.06554784625768661,9.621681213378906,0.09430915117263794,16.902114868164062,1.5217145681381226,1.9461205005645752,0.09963254630565643,0.09963254630565643,0.0,393.9620056152344,0.1888391226530075,0.19376835227012634,0.005362369120121002,0.05928860604763031,34.46563720703125,0.11860848218202591,18.760095596313477,1.5267959833145142,2.2094380855560303
2017,1,41.22607032020429,80.3822838997127,5484.43,1154.0,3.704791784286499,180.0,28.102571487426758,20.20305633544922,1.4199999570846558,7.778295516967773,17.93912124633789,0.11828123778104782,0.11828123778104782,0.0,241.6414337158203,0.4705606698989868,0.5465171337127686,0.2021724134683609,0.14649096131324768,15.426316261291504,0.20423398911952972,11.506734848022461,0.7485267519950867,1.026122808456421,0.0554996021091938,0.07738815248012543,908.1636962890625,40.24492263793945,0.20351441204547882,0.26770341396331787,-0.006443549878895283,0.046257924288511276,54.70094299316406,0.27408990263938904,-6.6253342628479,0.17664004862308502,0.3927229344844818,0.06912393867969513,0.0919392928481102,23.767559051513672,182.72665405273438,0.123014897108078,0.12422388046979904,-0.06656257063150406,0.029248643666505814,71.7036361694336,0.2710491120815277,4.296192169189453,0.45534130930900574,0.7748054265975952,0.1234322190284729,0.1367505043745041,0.0,281.23626708984375,0.37294310331344604,0.42798924446105957,0.13159297406673431,0.13220596313476562,6.981596946716309,0.2029314786195755,13.392203330993652,1.1530290842056274,1.5451778173446655,0.15857718884944916,0.15857718884944916,0.0,336.83251953125,0.5197362303733826,0.5372173190116882,0.21875110268592834,0.1939275711774826,36.95490264892578,0.21313689649105072,16.039644241333008,1.182826042175293,1.6596678495407104
2017,1,37.939851075947345,76.83357967194466,5506.1304,1484.0,1.4974247217178345,128.26136779785156,31.317306518554688,23.030752182006836,1.3764640092849731,7.593940258026123,15.92982006072998,0.07113935798406601,0.07113935798406601,0.0,275.72784423828125,0.5313004851341248,0.5777804255485535,0.29961255192756653,0.10516516864299774,11.939617156982422,0.205661341547966,13.129897117614746,0.7921287417411804,1.0300010442733765,0.047754041850566864,0.0698627382516861,712.43408203125,77.0959243774414,0.19778341054916382,0.2374751716852188,-0.026815515011548996,0.03782077878713608,63.06977462768555,0.16650591790676117,-4.84990930557251,0.22330419719219208,0.6889229416847229,0.040947265923023224,0.05498393625020981,23.631925582885742,243.73052978515625,0.20346425473690033,0.5023438334465027,0.1031191349029541,0.05585632473230362,48.21692657470703,0.1904013454914093,5.948610782623291,0.5478017330169678,1.2263473272323608,0.08025971055030823,0.08736208826303482,0.0,340.4876708984375,0.748508095741272,0.7732366323471069,0.4327077865600586,0.28758642077445984,10.56977367401123,0.09511379897594452,16.213699340820312,1.4366947412490845,1.8536983728408813,0.09718350321054459,0.09718350321054459,0.0,379.5170593261719,0.6769206523895264,0.7830783724784851,0.34047698974609375,0.26632606983184814,36.740570068359375,0.12079864740371704,18.072240829467773,1.4381030797958374,2.099290132522583
2017,1,36.961047181008595,80.79461251502379,5527.031,1441.0,2.498337745666504,248.2222137451172,38.47067642211914,18.9054012298584,1.390915870666504,7.8293232917785645,8.536088943481445,0.06498725712299347,0.06498725712299347,0.0,391.3539123535156,0.35508158802986145,0.4481060802936554,0.11165842413902283,0.10717374086380005,1.58760666847229,0.07345427572727203,18.635900497436523,1.4826219081878662,1.8593671321868896,0.05224578455090523,0.05561110004782677,274.3765869140625,218.0474090576172,0.0952804833650589,0.1334301233291626,-0.060180239379405975,0.025681037455797195,19.87059211730957,0.050579965114593506,-0.42999374866485596,0.3635931611061096,0.9987787008285522,0.05719398707151413,0.06645233184099197,0.0,524.0648803710938,0.13022801280021667,0.1586887389421463,-0.05648962780833244,0.04325389862060547,24.548099517822266,0.051441580057144165,14.16391658782959,1.2244672775268555,2.282083511352539,0.0770556777715683,0.07998808473348618,0.0,484.53485107421875,0.19878415763378143,0.209742471575737,0.002289634197950363,0.06688462942838669,1.1318105459213257,0.025465700775384903,23.073087692260742,2.465628147125244,2.9294052124023438,0.0794004425406456,0.0794004425406456,0.0,531.007568359375,0.18956562876701355,0.18956562876701355,0.08551549166440964,0.04876832664012909,10.663352012634277,0.03452552482485771,25.286075592041016,2.6580746173858643,3.625962495803833
2017,1,41.16247016187899,79.7651443139158,5533.602,1205.0,2.225700855255127,146.41001892089844,26.33687973022461,21.601423263549805,1.409999966621399,7.699999809265137,14.756372451782227,0.10069432109594345,0.10069432109594345,0.0,253.56326293945312,0.3005436658859253,0.44174718856811523,0.04125604405999184,0.09260322153568268,13.427238464355469,0.1762913465499878,12.074440956115723,0.7951412200927734,1.1104927062988281,0.04925919324159622,0.06770507246255875,897.9385375976562,36.40953063964844,0.19052352011203766,0.37380746006965637,0.03906511142849922,0.04100990295410156,57.45585250854492,0.24343305826187134,-6.576557159423828,0.17981326580047607,0.41186925768852234,0.05624790117144585,0.07435142993927002,23.109777450561523,188.00286865234375,0.23522184789180756,0.2464551031589508,0.01719609461724758,0.060535360127687454,64.56716918945312,0.24244540929794312,4.456570148468018,0.4420735538005829,0.8135026097297668,0.10653939843177795,0.11938205361366272,0.0,283.43963623046875,0.6012529134750366,0.6074268221855164,0.35456424951553345,0.24259020388126373,5.330684661865234,0.1744924634695053,13.497125625610352,1.143202304840088,1.5472317934036255,0.13624534010887146,0.13624534010887146,0.0,350.07257080078125,0.4223921298980713,0.44450643658638,0.20019623637199402,0.140437051653862,36.07023239135742,0.17109718918800354,16.670122146606445,1.238243579864502,1.7684760093688965
2017,1,41.15384626044163,79.8317053153406,5543.638,1178.0,0.9274099469184875,180.0,28.864734649658203,23.665729522705078,1.419411301612854,7.699999809265137,18.14356803894043,0.10274552553892136,0.10274552553892136,0.0,255.53955078125,0.5821427702903748,0.743980884552002,0.2469351440668106,0.19418661296367645,13.408431053161621,0.17846710979938507,12.168549537658691,0.801349937915802,1.1166480779647827,0.05011614412069321,0.06875191628932953,885.7324829101562,38.79852294921875,0.15918704867362976,0.29326131939888,0.024045314639806747,0.029365599155426025,56.54916763305664,0.24497805535793304,-6.465144634246826,0.18083004653453827,0.41450825333595276,0.05766761675477028,0.07605916261672974,22.657432556152344,193.50985717773438,0.20822156965732574,0.21188950538635254,0.014233347028493881,0.05541665479540825,64.49414825439453,0.24374333024024963,4.61763334274292,0.45214831829071045,0.8244422674179077,0.10805406421422958,0.12104419618844986,0.0,287.3330993652344,0.5947426557540894,0.6137292981147766,0.3883456587791443,0.21429838240146637,5.437027931213379,0.17610734701156616,13.682528495788574,1.165563702583313,1.57447350025177,0.13860629498958588,0.13860629498958588,0.0,352.38250732421875,0.4127611815929413,0.4127611815929413,0.25667551159858704,0.12899918854236603,35.747501373291016,0.1743890345096588,16.780120849609375,1.2530537843704224,1.7843992710113525
2017,1,41.2834723280653,80.08476375922469,5558.4814,1160.0,2.6351587772369385,290.592529296875,26.92949676513672,23.861310958862305,1.4101905822753906,7.739581108093262,13.835762977600098,0.10837284475564957,0.10837284475564957,0.0,229.4330596923828,0.506366491317749,0.5824004411697388,0.33659040927886963,0.13080880045890808,15.737353324890137,0.1955612301826477,10.925383567810059,0.7094773054122925,0.9825776815414429,0.05105814337730408,0.07242102921009064,978.48486328125,27.730998992919922,0.16946585476398468,0.22552864253520966,0.0754900872707367,0.03961357846856117,59.360939025878906,0.26977255940437317,-7.257663249969482,0.17034952342510223,0.3751054108142853,0.06222790107131004,0.08391432464122772,26.45800018310547,151.5856170654297,0.14515621960163116,0.14515621960163116,0.02216845378279686,0.038479071110486984,72.5998306274414,0.2675769031047821,3.3818273544311523,0.4020114541053772,0.7097699046134949,0.11652692407369614,0.1291089802980423,0.0,259.2399597167969,0.3910372257232666,0.3910372257232666,0.33653897047042847,0.10249146074056625,6.5186848640441895,0.1982228308916092,12.344759941101074,1.0307283401489258,1.3945724964141846,0.147613987326622,0.147613987326622,0.0,322.6484375,0.357693612575531,0.357693612575531,0.2377571314573288,0.10151468962430954,38.61990737915039,0.20027688145637512,15.364212036132812,1.0960438251495361,1.5606982707977295
2017,1,36.995003235530575,80.75364675364578,5599.472,1383.0,2.187429666519165,147.95233154296875,38.093021392822266,22.132917404174805,1.369676947593689,7.800000190734863,16.542125701904297,0.06601173430681229,0.06601173430681229,0.0,393.0794982910156,0.4643315076828003,0.5350198745727539,0.14985008537769318,0.1250072866678238,1.569202184677124,0.07182294875383377,18.71807098388672,1.493786096572876,1.8697487115859985,0.0529320053756237,0.05619722232222557,272.72161865234375,220.0407257080078,0.1667928248643875,0.26287245750427246,6.204976816661656E-4,0.04377754032611847,19.343456268310547,0.04932701960206032,-0.40214428305625916,0.36478391289711,0.9918115735054016,0.059031035751104355,0.06871268898248672,0.0,527.224853515625,0.2102855145931244,0.25719231367111206,0.007090362720191479,0.06387510895729065,24.002519607543945,0.05025814473628998,14.249320030212402,1.2334256172180176,2.294797897338867,0.07861904054880142,0.08150795102119446,0.0,486.8066101074219,0.37473177909851074,0.3865784704685211,0.14056192338466644,0.13174942135810852,1.117303490638733,0.02467999793589115,23.18126678466797,2.4861693382263184,2.9552090167999268,0.08081427216529846,0.08081427216529846,0.0,533.39794921875,0.3792613744735718,0.3954862356185913,0.13641197979450226,0.13121984899044037,10.485997200012207,0.03356996551156044,25.39990234375,2.6812002658843994,3.6510796546936035
2017,1,41.14980185578616,80.44211165854679,5603.923,1125.0,1.5415213108062744,233.02064514160156,25.58984375,24.269750595092773,1.4125699996948242,7.786284923553467,16.204286575317383,0.1192089095711708,0.1192089095711708,0.0,259.5824890136719,0.5260908603668213,0.5664873719215393,0.20504842698574066,0.16332171857357025,14.202692985534668,0.20257171988487244,12.36107063293457,0.810732901096344,1.106528639793396,0.05596255511045456,0.0775144100189209,837.0171508789062,52.781333923339844,0.24184852838516235,0.2924761176109314,-0.012339526787400246,0.05705469846725464,50.798484802246094,0.26896464824676514,-5.986532688140869,0.18330490589141846,0.4156411290168762,0.06905267387628555,0.09083487093448639,21.136064529418945,217.08938598632812,0.14903338253498077,0.15003381669521332,-0.07018794864416122,0.04233739525079727,66.58756256103516,0.2647479474544525,5.2960357666015625,0.5090910196304321,0.8580757975578308,0.121958427131176,0.13595068454742432,0.0,304.2808532714844,0.23586571216583252,0.27874523401260376,0.06076127290725708,0.07425907999277115,6.542898178100586,0.20009765028953552,14.489564895629883,1.2777724266052246,1.7045044898986816,0.15913142263889313,0.15913142263889313,0.0,357.45477294921875,0.3134506642818451,0.36937472224235535,0.10515057295560837,0.11126358062028885,33.98474884033203,0.2115812599658966,17.021656036376953,1.3018122911453247,1.8134076595306396
2017,1,40.43240830100462,79.74951070562241,5639.2656,1058.0,1.2183223962783813,270.0,22.57174301147461,28.557050704956055,1.3861123323440552,7.113454818725586,15.670950889587402,0.11453172564506531,0.11453172564506531,0.0,384.06988525390625,0.5819371938705444,0.6599397659301758,0.26725995540618896,0.1823110282421112,4.476351261138916,0.1303054839372635,18.28904151916504,1.2646185159683228,1.764557123184204,0.06434968113899231,0.07269322127103806,338.58343505859375,116.47103881835938,0.24863921105861664,0.2627274990081787,0.020056847482919693,0.057985495775938034,33.27439880371094,0.14882254600524902,-1.695514440536499,0.24676387012004852,0.6313595771789551,0.06746230274438858,0.07799211144447327,0.0,439.6337585449219,0.09351273626089096,0.10674946755170822,-0.0359836146235466,0.02615438401699066,37.169960021972656,0.15180404484272003,11.881993293762207,0.8054462671279907,1.4920752048492432,0.10062021017074585,0.11555546522140503,0.0,456.6811218261719,0.19005616009235382,0.19005616009235382,0.1085936650633812,0.05619792640209198,3.766874074935913,0.08785373717546463,21.746719360351562,2.0395565032958984,2.681185245513916,0.137685164809227,0.137685164809227,0.0,501.1694030761719,0.4839818775653839,0.4839818775653839,0.25886860489845276,0.17856627702713013,23.55255889892578,0.10175660997629166,23.865209579467773,2.1039929389953613,2.9091310501098633
2017,1,41.5931212234187,82.41966500743634,5683.946,1004.0,1.5482532978057861,126.79190826416016,29.48812484741211,20.603235244750977,1.401265263557434,8.096729278564453,16.186304092407227,0.1087636798620224,0.1087636798620224,0.7593222856521606,367.7315979003906,0.14897066354751587,0.15294033288955688,-0.008849883452057838,0.034557975828647614,7.872257709503174,0.13770294189453125,17.474870681762695,1.2600282430648804,1.7198525667190552,0.060160521417856216,0.07380247116088867,471.933837890625,76.52527618408203,0.20622988045215607,0.28191736340522766,0.09651197493076324,0.05068935826420784,28.216928482055664,0.1824369579553604,-3.018386125564575,0.2389703094959259,0.4923149347305298,0.0645170509815216,0.08336438238620758,8.926973342895508,394.3687744140625,0.3556148111820221,0.5090292096138,0.17420057952404022,0.1027810350060463,28.466161727905273,0.16502781212329865,10.417346000671387,0.8002479672431946,1.4185670614242554,0.10332419723272324,0.11389786005020142,0.1421726793050766,438.1571350097656,0.34472107887268066,0.6342461705207825,0.2148730754852295,0.11433335393667221,3.1443705558776855,0.13311153650283813,20.85785484313965,2.0345306396484375,2.6270205974578857,0.13660556077957153,0.13660556077957153,0.016569174826145172,494.3098449707031,0.23952341079711914,0.2587502896785736,0.07519563287496567,0.07714594155550003,16.802499771118164,0.14602740108966827,23.53777503967285,2.1808972358703613,3.0287725925445557
2017,1,38.79145465423549,76.188677722989,5704.514,1368.0,1.508375644683838,307.93389892578125,28.608396530151367,24.94483757019043,1.3820022344589233,7.489128589630127,14.661617279052734,0.07937178760766983,0.07937178760766983,0.3960121273994446,265.9089050292969,0.56145179271698,0.8131012916564941,0.30745431780815125,0.1629001647233963,15.877229690551758,0.2045113742351532,12.643471717834473,0.8873562216758728,1.1679388284683228,0.04275919124484062,0.07009405642747879,878.8860473632812,78.9917221069336,0.32366931438446045,0.4010421335697174,0.19179674983024597,0.06966956704854965,81.02152252197266,0.21831075847148895,-6.106063365936279,0.2049247920513153,0.6734902858734131,0.04847951605916023,0.06420249491930008,57.747459411621094,254.51637268066406,0.42465728521347046,0.6774053573608398,0.22138291597366333,0.10740484297275543,56.513633728027344,0.2230980396270752,5.318078994750977,0.5320160388946533,1.1688899993896484,0.09016291797161102,0.09681172668933868,1.334304690361023,319.0514831542969,0.8184982538223267,0.8184982538223267,0.5367568135261536,0.3191162645816803,9.327836036682129,0.12491682916879654,15.129389762878418,1.417455792427063,1.8407855033874512,0.10840314626693726,0.10840314626693726,0.0,362.4170227050781,0.1548880636692047,0.1548880636692047,0.09009505063295364,0.04552745446562767,41.25812530517578,0.15403369069099426,17.257953643798828,1.4735941886901855,2.0370659828186035
2017,1,38.03713974273142,76.92359108580952,5733.109,1421.0,0.9274099469184875,-0.0,34.79758834838867,21.148862838745117,1.3780437707901,7.800000190734863,9.967825889587402,0.07526575028896332,0.07526575028896332,0.0,298.0528259277344,0.23644395172595978,0.2522536814212799,0.1448487490415573,0.05611761659383774,10.141955375671387,0.1965717077255249,14.192991256713867,0.8847024440765381,1.1613394021987915,0.04888259619474411,0.07026929408311844,631.5196533203125,98.42998504638672,0.10224611312150955,0.13522253930568695,0.10478273779153824,0.02187299355864525,60.11466979980469,0.16835886240005493,-4.0693864822387695,0.2344375103712082,0.7360058426856995,0.048432305455207825,0.0629020482301712,16.881492614746094,290.246826171875,0.11792109161615372,0.11792109161615372,0.1020471528172493,0.05162797123193741,44.71287536621094,0.18465468287467957,7.388252258300781,0.6321142911911011,1.3803410530090332,0.0866391658782959,0.09325608611106873,0.0,368.4696960449219,0.25950655341148376,0.26894524693489075,0.21052050590515137,0.0552397258579731,8.713617324829102,0.09424789249897003,17.54617691040039,1.6040709018707275,2.0337839126586914,0.10212570428848267,0.10212570428848267,0.0,407.5837707519531,0.30093663930892944,0.308092325925827,0.35345393419265747,0.0782070979475975,32.10105895996094,0.11708144843578339,19.408750534057617,1.6139678955078125,2.3180015087127686
2017,1,41.21367401927572,79.67809374315043,5734.9595,1229.0,3.903424024581909,341.6166076660156,27.501619338989258,23.19568634033203,1.3981341123580933,7.800000190734863,13.119181632995605,0.09653323143720627,0.09653323143720627,0.0,243.73666381835938,0.5544459819793701,0.6126540303230286,0.2634877860546112,0.17433808743953705,13.941805839538574,0.17566879093647003,11.606507301330566,0.7627158761024475,1.0680875778198242,0.04690658301115036,0.06577182561159134,947.3505859375,29.306612014770508,0.22801731526851654,0.33717262744903564,0.06865781545639038,0.050396379083395004,59.949337005615234,0.246821790933609,-7.007969379425049,0.1748015284538269,0.3961058557033539,0.053308188915252686,0.0713881105184555,25.111974716186523,166.84188842773438,0.2009028196334839,0.2102034091949463,-0.005612511653453112,0.05375367030501366,65.94242095947266,0.24565503001213074,3.830538272857666,0.41096892952919006,0.7646609544754028,0.10435402393341064,0.11683418601751328,0.0,268.5510559082031,0.5959641337394714,0.599102258682251,0.33472079038619995,0.23466193675994873,5.229908466339111,0.17757488787174225,12.788146018981934,1.0660549402236938,1.4497957229614258,0.13236385583877563,0.13236385583877563,0.0,338.7689514160156,0.4545019268989563,0.4602036774158478,0.25254350900650024,0.16167007386684418,37.009429931640625,0.1706620156764984,16.131855010986328,1.1745301485061646,1.6878498792648315
2017,1,41.28939847336534,80.24888543259782,5835.9307,1184.0,3.9038705825805664,161.59683227539062,28.404071807861328,21.256025314331055,1.4236069917678833,7.9684553146362305,14.988075256347656,0.11412312835454941,0.11412312835454941,0.0,227.59378051757812,0.6797134280204773,0.7792693376541138,0.3039984107017517,0.2118343859910965,16.200420379638672,0.2023284137248993,10.837799072265625,0.7010971903800964,0.9667993187904358,0.05352521687746048,0.07549410313367844,972.3023681640625,29.19563865661621,0.2559087574481964,0.3396361470222473,0.03103655017912388,0.04989375174045563,58.41992950439453,0.2758744955062866,-7.1992878913879395,0.17065145075321198,0.3735949695110321,0.0665668323636055,0.08953722566366196,26.198068618774414,153.07998657226562,0.16321153938770294,0.16321153938770294,-0.05084293708205223,0.04152814671397209,74.6794662475586,0.27361950278282166,3.429241180419922,0.40794703364372253,0.7065200209617615,0.12168269604444504,0.13439148664474487,0.0,260.89617919921875,0.6150801777839661,0.6150801777839661,0.30841362476348877,0.23450224101543427,7.0359954833984375,0.2034420520067215,12.423627853393555,1.0425806045532227,1.4059816598892212,0.1543337106704712,0.1543337106704712,0.0,320.6387634277344,0.2101665735244751,0.2101665735244751,0.11451523005962372,0.06312660127878189,39.050113677978516,0.20996204018592834,15.268512725830078,1.08818519115448,1.5416241884231567
2017,1,41.53921960988463,86.01903354137364,5850.3657,899.0,0.9274099469184875,180.0,39.81568908691406,13.625614166259766,1.3812763690948486,8.100000381469727,12.393227577209473,0.10686195641756058,0.10686195641756058,0.19115503132343292,414.1868591308594,0.7220746874809265,0.7220746874809265,0.37934431433677673,0.2920028567314148,17.942424774169922,0.06575250625610352,19.714080810546875,1.4881304502487183,2.1137564182281494,0.05346815660595894,0.05899355933070183,340.9879455566406,143.60203552246094,0.27171790599823,0.34197795391082764,-0.05594214051961899,0.06453519314527512,26.94176483154297,0.09043396264314651,-1.5067627429962158,0.25983956456184387,0.6607517004013062,0.05887816473841667,0.06620307266712189,3.0598196983337402,458.7051086425781,0.1416303813457489,0.1416303813457489,-0.0765516608953476,0.029905319213867188,22.946443557739258,0.0719720721244812,12.314738273620605,0.9783292412757874,1.6053647994995117,0.0877494141459465,0.09897424280643463,0.017819706350564957,472.7440185546875,0.18099838495254517,0.18099838495254517,-0.019094299525022507,0.05581638216972351,2.6999258995056152,0.05245788395404816,22.510772705078125,2.215327739715576,2.9834821224212646,0.11685071885585785,0.11685071885585785,0.0,545.81591796875,0.6424373984336853,0.6424373984336853,0.281547486782074,0.26345667243003845,13.69943618774414,0.060124561190605164,25.991233825683594,2.513974666595459,3.5728633403778076
2017,1,39.112420748062526,76.01296684597796,5851.8286,1310.0,2.5626111030578613,291.2040710449219,29.727890014648438,24.03717803955078,1.3791217803955078,7.646753311157227,11.963399887084961,0.09247327595949173,0.09247327595949173,0.3390154540538788,299.84930419921875,0.37166956067085266,0.42701074481010437,0.1697097271680832,0.11308012157678604,12.5708646774292,0.19317203760147095,14.262394905090332,1.083585500717163,1.4285168647766113,0.04564046114683151,0.06847257167100906,781.4658203125,99.1581802368164,0.13859160244464874,0.1973426640033722,0.3977391719818115,0.03562771901488304,87.66029357910156,0.2411135584115982,-5.2084550857543945,0.21907277405261993,0.7579131722450256,0.06724867969751358,0.08241111785173416,49.43606185913086,302.47650146484375,0.5116959810256958,0.7938152551651001,0.326083242893219,0.18677373230457306,49.531742095947266,0.236345112323761,6.838931083679199,0.629821240901947,1.3282926082611084,0.10619648545980453,0.1125607043504715,1.1422628164291382,353.3650817871094,0.817024827003479,0.817024827003479,0.5763931274414062,0.37397095561027527,7.066689968109131,0.13721953332424164,16.77251434326172,1.620294213294983,2.056936264038086,0.12179136276245117,0.12179136276245117,0.0,403.199951171875,0.17125315964221954,0.17125315964221954,0.09166526794433594,0.05011758580803871,30.87151336669922,0.15469378232955933,19.199996948242188,1.7696949243545532,2.348454475402832
2017,1,39.09409830183391,76.0353381559631,5881.4365,1307.0,2.5620415210723877,248.79098510742188,28.496545791625977,25.302053451538086,1.3997570276260376,7.611053943634033,10.622486114501953,0.09216752648353577,0.09216752648353577,0.338512659072876,299.5951843261719,0.48994266986846924,0.610659658908844,0.2345798760652542,0.15689444541931152,12.62226676940918,0.1935586780309677,14.250316619873047,1.0805118083953857,1.4256764650344849,0.045838844031095505,0.0687626376748085,780.0542602539062,99.46522521972656,0.21327830851078033,0.2982274293899536,0.22029615938663483,0.04860932379961014,86.59220886230469,0.23972301185131073,-5.19533634185791,0.21902987360954285,0.7572563886642456,0.06636364758014679,0.08149728178977966,49.36274719238281,302.6745910644531,0.4680127799510956,0.7037567496299744,0.27116814255714417,0.15662693977355957,49.64744567871094,0.23483748733997345,6.84626579284668,0.630007266998291,1.3309450149536133,0.105414479970932,0.11185403913259506,1.140568733215332,353.4515380859375,0.7910128831863403,0.7910128831863403,0.5126370191574097,0.335429310798645,7.1315016746521,0.13658800721168518,16.77671241760254,1.6218870878219604,2.059659481048584,0.12146634608507156,0.12146634608507156,0.0,402.8945007324219,0.1707688570022583,0.1707688570022583,0.09162921458482742,0.05002104490995407,31.203454971313477,0.15471099317073822,19.185453414916992,1.7668606042861938,2.34951114654541
2017,1,39.107573705217426,76.04934865147303,5882.3955,1291.0,0.9274099469184875,-0.0,29.889873504638672,24.64548110961914,1.4097858667373657,7.205788612365723,12.404388427734375,0.09317328035831451,0.09317328035831451,0.3174038529396057,304.8037109375,0.5751790404319763,0.7568232417106628,0.2931124269962311,0.19303353130817413,12.159185409545898,0.19162200391292572,14.499347686767578,1.1015877723693848,1.453914761543274,0.04634002968668938,0.06890404224395752,757.5610961914062,102.36434173583984,0.15665830671787262,0.2518191337585449,0.38174259662628174,0.04623057693243027,85.88504028320312,0.23980845510959625,-5.001501560211182,0.22155293822288513,0.7687561511993408,0.06733328104019165,0.08237973600625992,46.28460693359375,309.816650390625,0.5088035464286804,0.8209000825881958,0.327712744474411,0.19817854464054108,48.953224182128906,0.23391449451446533,7.122487545013428,0.6431791186332703,1.3562458753585815,0.10621541738510132,0.1127055436372757,1.0694457292556763,359.63214111328125,0.8267526030540466,0.8267526030540466,0.5729187726974487,0.38048064708709717,6.906414031982422,0.13566063344478607,17.07441520690918,1.6533273458480835,2.0961244106292725,0.1224808543920517,0.1224808543920517,0.0,409.2426452636719,0.17191722989082336,0.17191722989082336,0.0917503833770752,0.05038456246256828,30.15045166015625,0.15297815203666687,19.48774528503418,1.802936315536499,2.395432949066162
2017,1,41.75319849213635,86.03951419251212,5897.9014,920.0,2.231945753097534,146.1691436767578,42.581565856933594,11.769915580749512,1.399999976158142,8.100000381469727,13.236374855041504,0.10936088114976883,0.10936088114976883,1.184952735900879,361.7676696777344,0.5205490589141846,0.5205490589141846,0.3508550226688385,0.11702330410480499,20.251224517822266,0.11127394437789917,17.17060661315918,1.2680814266204834,1.8174946308135986,0.05041609704494476,0.057767052203416824,548.3025512695312,111.36200714111328,0.1753571331501007,0.23854126036167145,0.03247740492224693,0.040961459279060364,31.70229148864746,0.14246350526809692,-3.3354239463806152,0.2334042638540268,0.5812103152275085,0.054973941296339035,0.0659652054309845,19.22113037109375,369.2228088378906,0.16910779476165771,0.16910779476165771,0.030537612736225128,0.03242058306932449,29.256065368652344,0.12481164187192917,9.459505081176758,0.8167762160301208,1.3526067733764648,0.09390788525342941,0.1055423691868782,0.1104627475142479,411.51611328125,0.14510688185691833,0.16718408465385437,0.021627478301525116,0.03640270233154297,5.9259772300720215,0.10263317823410034,19.59074592590332,1.8762352466583252,2.5521509647369385,0.13010787963867188,0.13010787963867188,0.0,485.8741149902344,0.5379871726036072,0.5379871726036072,0.308714896440506,0.13267837464809418,22.565696716308594,0.11069545894861221,23.13686180114746,2.125675916671753,3.017615556716919
2017,1,39.26980917884494,75.72972920616414,5903.796,1356.0,0.9274099469184875,-0.0,30.667448043823242,23.652563095092773,1.3836489915847778,7.900000095367432,11.634199142456055,0.09090898185968399,0.09090898185968399,0.3181215524673462,294.3097839355469,0.6611778140068054,0.6705962419509888,0.33567866683006287,0.17441095411777496,12.684279441833496,0.18728598952293396,13.999603271484375,1.050682544708252,1.3574166297912598,0.04037323221564293,0.0639912486076355,815.0223999023438,84.55017852783203,0.19374865293502808,0.30584436655044556,0.21589674055576324,0.04683979973196983,102.73320007324219,0.2511335015296936,-5.57612419128418,0.21678471565246582,0.738634467124939,0.07329285144805908,0.08929848670959473,46.38926315307617,280.96649169921875,0.4152701199054718,0.44415271282196045,0.1805461347103119,0.11282767355442047,50.788902282714844,0.2541571259498596,6.339925289154053,0.5851472616195679,1.2175960540771484,0.11184100806713104,0.11696584522724152,1.0718638896942139,343.7034606933594,0.691493034362793,0.7052645683288574,0.3785025179386139,0.237677663564682,6.845950126647949,0.13584768772125244,16.3157901763916,1.51715087890625,1.9358413219451904,0.12042588740587234,0.12042588740587234,0.0,396.9185485839844,0.6483879685401917,0.6483879685401917,0.329190194606781,0.19462646543979645,28.993375778198242,0.1464359164237976,18.900882720947266,1.6964998245239258,2.212178945541382
2017,1,39.26468567173453,75.74401170683832,5908.6255,1353.0,1.5146780014038086,127.74822235107422,29.15297508239746,25.35641098022461,1.397873044013977,7.900000095367432,12.568092346191406,0.09116959571838379,0.09116959571838379,0.319538414478302,294.9522705078125,0.3375331163406372,0.3730584681034088,0.1366409808397293,0.07722366601228714,12.646320343017578,0.18756689131259918,14.030129432678223,1.0548897981643677,1.3647130727767944,0.040726255625486374,0.06423979252576828,812.4345703125,85.65229034423828,0.1587546020746231,0.23111122846603394,0.16983182728290558,0.02704048901796341,101.92754364013672,0.2508672773838043,-5.547956466674805,0.21703416109085083,0.7406485676765442,0.0731685683131218,0.08911643177270889,46.59587478637695,282.7444152832031,0.35248416662216187,0.5316039323806763,0.17859354615211487,0.10994450002908707,50.63107681274414,0.2532963156700134,6.382392883300781,0.5888912677764893,1.2258923053741455,0.11170592904090881,0.11690159142017365,1.0766377449035645,344.56378173828125,0.5778113603591919,0.5841627717018127,0.3374420702457428,0.2082853764295578,6.834292888641357,0.13617700338363647,16.356531143188477,1.5253750085830688,1.9451642036437988,0.12067820876836777,0.12067820876836777,0.0,397.66265869140625,0.47468435764312744,0.47468435764312744,0.2506956458091736,0.13369347155094147,28.995037078857422,0.14704924821853638,18.936317443847656,1.7041206359863281,2.223531723022461
2017,1,37.43966925168126,78.5955354849001,5915.773,1406.0,2.191075325012207,32.19977951049805,31.427276611328125,21.866762161254883,1.350000023841858,7.591714859008789,13.65695858001709,0.0694059357047081,0.0694059357047081,0.0,414.8856506347656,0.6226163506507874,0.7213231325149536,0.24547162652015686,0.19032986462116241,0.8975954055786133,0.04581005126237869,19.756460189819336,1.6165064573287964,2.020386219024658,0.04763245955109596,0.0544557087123394,278.0472717285156,248.25335693359375,0.20428742468357086,0.2581779956817627,-0.00836743414402008,0.04926875978708267,16.98923683166504,0.03977196291089058,-0.227434441447258,0.3503861427307129,0.9728344082832336,0.05265660956501961,0.06235737353563309,2.0780670642852783,552.153076171875,0.07523154467344284,0.08952759206295013,0.019024785608053207,0.0238160602748394,13.492392539978027,0.035817209631204605,14.866891860961914,1.2791821956634521,2.3284246921539307,0.07612473517656326,0.07985792309045792,0.0,511.5048522949219,0.107703298330307,0.11274339258670807,-0.023411162197589874,0.032373275607824326,1.1373125314712524,0.0172294769436121,24.35737419128418,2.688542366027832,3.212850570678711,0.08285573869943619,0.08285573869943619,0.0,554.876953125,0.38081732392311096,0.38081732392311096,0.16538789868354797,0.12594325840473175,8.853519439697266,0.023194782435894012,26.422712326049805,2.8316445350646973,3.814523458480835
2017,1,41.13875220337571,79.81769481983065,5931.673,1193.0,1.5413546562194824,306.9840393066406,25.25592613220215,21.307401657104492,1.393576979637146,7.705488204956055,14.576812744140625,0.10275577753782272,0.10275577753782272,0.0,258.38946533203125,0.6180341839790344,0.6680025458335876,0.21930086612701416,0.12735018134117126,13.185401916503906,0.17707832157611847,12.30426025390625,0.8111306428909302,1.130748987197876,0.050328344106674194,0.0686754435300827,873.989501953125,40.1702995300293,0.17928436398506165,0.23625986278057098,-0.0030567683279514313,0.03029312938451767,56.14128875732422,0.24250982701778412,-6.365032196044922,0.18214493989944458,0.4191354215145111,0.05765649303793907,0.07580133527517319,22.16574478149414,198.55270385742188,0.17333289980888367,0.1761331558227539,-0.02160665951669216,0.039761364459991455,63.8154411315918,0.24144300818443298,4.767215251922607,0.4583622217178345,0.8375191688537598,0.10765199363231659,0.12069625407457352,0.0,290.8077697753906,0.6360393166542053,0.6417399048805237,0.3554114103317261,0.2514713406562805,5.373447895050049,0.1738145649433136,13.847990036010742,1.182337999343872,1.5964469909667969,0.13828930258750916,0.13828930258750916,0.0,355.6346130371094,0.5344237089157104,0.5585117340087891,0.2893858551979065,0.1898169368505478,35.500885009765625,0.1721707582473755,16.934982299804688,1.2702912092208862,1.8083330392837524
2017,1,41.79874375029624,81.15843056997444,5932.8574,1717.0,2.6536049842834473,249.5572509765625,33.0178108215332,19.249305725097656,1.3325610160827637,7.853782653808594,20.583728790283203,0.1211424320936203,0.1211424320936203,9.388240814208984,188.5355224609375,0.32677531242370605,0.4539327025413513,0.05958108231425285,0.09209433197975159,29.579227447509766,0.22496460378170013,8.530823707580566,0.5690894722938538,0.8338662981987,0.04552645608782768,0.06688948720693588,1201.6279296875,1.4256863594055176,0.16244587302207947,0.4134638011455536,0.327034592628479,0.03942962735891342,62.475772857666016,0.2646160423755646,-9.161849021911621,0.15259307622909546,0.2950519025325775,0.06334715336561203,0.08866769075393677,86.02914428710938,126.38760375976562,0.14576946198940277,0.14576946198940277,-0.014197570271790028,0.026314150542020798,81.98201751708984,0.2729431390762329,1.0907691717147827,0.31507977843284607,0.5446959137916565,0.1372811198234558,0.15229098498821259,6.2949066162109375,217.6291046142578,0.640916645526886,0.6732493042945862,0.3979070484638214,0.24580544233322144,14.684986114501953,0.2239358276128769,10.063533782958984,0.8611258268356323,1.1919320821762085,0.1866326481103897,0.1866326481103897,0.7023587822914124,275.97955322265625,0.6893156170845032,0.7689542770385742,0.43551167845726013,0.2943711280822754,55.21897506713867,0.23294076323509216,13.108437538146973,0.9073594808578491,1.3189246654510498
2017,1,41.211515814365846,79.81526906885757,5954.117,1196.0,1.8543341159820557,180.0,27.979625701904297,24.67758560180664,1.399999976158142,7.5,18.314395904541016,0.10080417990684509,0.10080417990684509,0.0,244.30340576171875,0.23158158361911774,0.26303932070732117,0.010965284891426563,0.0644829273223877,14.160613059997559,0.18098635971546173,11.633495330810547,0.7633164525032043,1.0644670724868774,0.04862702265381813,0.06802966445684433,935.7796020507812,32.03179168701172,0.16139423847198486,0.32159942388534546,0.07569620013237,0.03683142364025116,58.744354248046875,0.2516222894191742,-6.898838043212891,0.17555904388427734,0.3968336582183838,0.05638793110847473,0.07532310485839844,24.696237564086914,171.7471923828125,0.26037099957466125,0.26037099957466125,0.09507438540458679,0.0666816458106041,66.80680084228516,0.25007709860801697,3.9743502140045166,0.42220842838287354,0.7711436748504639,0.10796947032213211,0.12064208090305328,0.0,272.2502746582031,0.7004638910293579,0.7004638910293579,0.49018630385398865,0.2998398542404175,5.548463821411133,0.18210019171237946,12.964299201965332,1.0893566608428955,1.476574420928955,0.13744665682315826,0.13744665682315826,0.0,339.5090026855469,0.38084837794303894,0.38084837794303894,0.21740898489952087,0.11072883009910583,36.86966323852539,0.17857588827610016,16.167095184326172,1.182376742362976,1.6906423568725586
2017,1,39.234234470640544,75.81219582104656,5957.5776,1342.0,2.566481351852417,291.1705017089844,28.26214599609375,25.299665451049805,1.3907123804092407,7.800000190734863,12.745224952697754,0.0921512320637703,0.0921512320637703,0.32799360156059265,297.2103576660156,0.25502678751945496,0.26014143228530884,0.05890458822250366,0.07400817424058914,12.538717269897461,0.18912899494171143,14.13725471496582,1.0707000494003296,1.393652319908142,0.042304232716560364,0.06541170179843903,802.8760375976562,90.35697174072266,0.3009865880012512,0.3578954041004181,0.37701305747032166,0.06697338074445724,98.12239837646484,0.24931031465530396,-5.439076900482178,0.21787197887897491,0.7482759356498718,0.07228260487318039,0.0879736989736557,47.82883071899414,289.9961242675781,0.5212103724479675,0.7729634642601013,0.33335521817207336,0.19585545361042023,50.027870178222656,0.24915464222431183,6.545062065124512,0.6043012738227844,1.2610254287719727,0.11081594228744507,0.11634257435798645,1.1051263809204102,347.78125,0.8222737908363342,0.8222737908363342,0.5646448731422424,0.3738729953765869,6.822599411010742,0.13758793473243713,16.508386611938477,1.5592621564865112,1.9837263822555542,0.12161684781312943,0.12161684781312943,0.0,400.2416076660156,0.17210949957370758,0.17210949957370758,0.0916193500161171,0.04987473413348198,29.199270248413086,0.14998333156108856,19.059123992919922,1.7336807250976562,2.2697501182556152
2017,1,37.04324179072677,79.71501509987296,5965.6235,1448.0,0.0,-0.0,40.59648132324219,19.957683563232422,1.4123101234436035,7.800000190734863,12.105608940124512,0.061243630945682526,0.061243630945682526,0.0,368.1130676269531,0.5238151550292969,0.5238151550292969,0.16416874527931213,0.12508507072925568,1.6027140617370605,0.1138753890991211,17.529193878173828,1.3151627779006958,1.66303551197052,0.04622757062315941,0.05634162202477455,309.08673095703125,194.32313537597656,0.2198287695646286,0.2922455668449402,-0.043378155678510666,0.05283060297369957,21.96361541748047,0.07302102446556091,-0.8760578632354736,0.3394979238510132,0.8829272389411926,0.04829917103052139,0.055282607674598694,0.0,480.779296875,0.07161137461662292,0.08219839632511139,0.10357434302568436,0.022821759805083275,20.378572463989258,0.07345587015151978,12.994034767150879,1.1186996698379517,2.0554206371307373,0.06768050789833069,0.07067738473415375,0.0,462.6636047363281,0.6439533829689026,0.6822676062583923,0.33179259300231934,0.2492673397064209,2.2262492179870605,0.04014330357313156,22.031600952148438,2.3179867267608643,2.821321964263916,0.0723976418375969,0.0723976418375969,0.0,507.85662841796875,0.43621575832366943,0.43621575832366943,0.19715449213981628,0.13936838507652283,15.299168586730957,0.054502349346876144,24.18364906311035,2.4666085243225098,3.3891043663024902
2017,1,41.24870471715159,79.4719316650454,5985.9487,1292.0,1.5430042743682861,126.9378890991211,28.862417221069336,22.725093841552734,1.4213052988052368,8.0,12.755424499511719,0.08837971091270447,0.08837971091270447,0.4831358790397644,233.88534545898438,0.4748595654964447,0.5963038206100464,0.16875651478767395,0.13401851058006287,14.399709701538086,0.1733434945344925,11.114391326904297,0.73380446434021,1.0333285331726074,0.042431194335222244,0.06118673458695412,1012.2750244140625,22.39636993408203,0.2526591718196869,0.38639742136001587,0.04543511942028999,0.04631425812840462,62.84992599487305,0.24579210579395294,-7.556325435638428,0.16865430772304535,0.3813883066177368,0.04712165892124176,0.06396252661943436,31.23077964782715,146.96665954589844,0.3019185960292816,0.3843313157558441,0.026179786771535873,0.07948309183120728,65.24703216552734,0.24513131380081177,3.1279969215393066,0.3775457441806793,0.7218337059020996,0.09769464284181595,0.10990233719348907,0.47511327266693115,251.9178466796875,0.6094877123832703,0.6116503477096558,0.35403066873550415,0.2558080852031708,4.906609535217285,0.1787572056055069,11.973464012145996,0.9843510985374451,1.3510268926620483,0.12374041974544525,0.12374041974544525,0.025967877358198166,327.26678466796875,0.6297420263290405,0.7633013725280762,0.33417996764183044,0.24167954921722412,37.82309341430664,0.16671492159366608,15.582895278930664,1.1159945726394653,1.619258165359497
2017,1,39.13937155482955,75.99167909754881,5991.0435,1306.0,0.9274099469184875,-0.0,29.51325225830078,25.172643661499023,1.3761762380599976,7.699999809265137,11.701374053955078,0.0932006910443306,0.0932006910443306,0.32899102568626404,302.4228515625,0.4758235812187195,0.6123896241188049,0.21699777245521545,0.14031963050365448,12.305744171142578,0.19174830615520477,14.385421752929688,1.0956782102584839,1.4428634643554688,0.045563917607069016,0.06815795600414276,772.952392578125,99.89019775390625,0.15180256962776184,0.2916121184825897,0.22790713608264923,0.04075264185667038,88.69611358642578,0.24270778894424438,-5.137879371643066,0.22025319933891296,0.7635162472724915,0.06868879497051239,0.08385740220546722,47.974281311035156,305.15496826171875,0.47538337111473083,0.7056406140327454,0.292930543422699,0.14996932446956635,49.12392807006836,0.237759530544281,6.95082950592041,0.6348100304603577,1.3351101875305176,0.10744982957839966,0.1137370690703392,1.1084870100021362,355.97833251953125,0.8216516375541687,0.8216516375541687,0.5547100901603699,0.3550090789794922,6.893590450286865,0.1373436450958252,16.898563385009766,1.6312012672424316,2.0687241554260254,0.12254589051008224,0.12254589051008224,0.0,406.3438415527344,0.17225292325019836,0.17225292325019836,0.09175191819667816,0.05036301910877228,30.014263153076172,0.1536584198474884,19.349706649780273,1.787697196006775,2.36592960357666
2017,1,39.09194009692404,76.03075420008015,6010.1123,1312.0,3.0226142406463623,52.18370819091797,29.771142959594727,24.661117553710938,1.3953346014022827,7.675047874450684,10.815999031066895,0.0919375866651535,0.0919375866651535,0.34389275312423706,298.3104248046875,0.5147718191146851,0.6766055822372437,0.2525531053543091,0.16518978774547577,12.735154151916504,0.19402945041656494,14.188882827758789,1.0754684209823608,1.41887629032135,0.04570779949426651,0.0687146782875061,785.7564086914062,98.73841094970703,0.16821303963661194,0.25475746393203735,0.22986096143722534,0.04136728495359421,86.81803894042969,0.2397792935371399,-5.244411945343018,0.2184014767408371,0.7544376850128174,0.06616967171430588,0.08132583647966385,50.14728546142578,300.8984375,0.5027122497558594,0.7649813890457153,0.31256210803985596,0.1816902607679367,49.81231689453125,0.23514293134212494,6.777058124542236,0.626751720905304,1.3245768547058105,0.10525663942098618,0.11168038100004196,1.158696174621582,351.9057922363281,0.8057706952095032,0.8057706952095032,0.5708581805229187,0.3497290313243866,7.184126377105713,0.13686628639698029,16.70224380493164,1.6140331029891968,2.0504937171936035,0.1212351843714714,0.1212351843714714,0.0,401.32763671875,0.17051266133785248,0.17051266133785248,0.09160147607326508,0.049937281757593155,31.449066162109375,0.15515924990177155,19.11083984375,1.7580909729003906,2.3381025791168213
2017,1,39.14961410994931,76.17547432476974,6010.484,1268.0,0.9274099469184875,-0.0,23.217004776000977,27.945470809936523,1.3875608444213867,7.3864827156066895,14.724876403808594,0.09863385558128357,0.09863385558128357,0.20409820973873138,333.74493408203125,0.46734198927879333,0.647315502166748,0.20217493176460266,0.14259298145771027,9.651527404785156,0.18200679123401642,15.882896423339844,1.2184467315673828,1.614588737487793,0.04984297975897789,0.07041419297456741,629.6265869140625,120.15330505371094,0.23916856944561005,0.2870514392852783,0.0834355354309082,0.05003468692302704,79.47280883789062,0.23808962106704712,-3.8891091346740723,0.23558402061462402,0.83341383934021,0.07128198444843292,0.08573182672262192,29.762102127075195,351.5335693359375,0.46418657898902893,0.7337062358856201,0.28974294662475586,0.16590501368045807,45.094093322753906,0.22568172216415405,8.696526527404785,0.7205743789672852,1.509498119354248,0.10936354845762253,0.11633048206567764,0.6876789927482605,394.6190185546875,0.7587165832519531,0.7587165832519531,0.49699971079826355,0.3195945620536804,5.748828887939453,0.13029439747333527,18.758634567260742,1.8384870290756226,2.3116815090179443,0.1279519647359848,0.1279519647359848,0.0,444.46392822265625,0.17785072326660156,0.17785072326660156,0.09240999072790146,0.05238934978842735,24.855283737182617,0.14448842406272888,21.164947509765625,2.006706953048706,2.663266181945801
2017,1,38.78390985525306,76.16927617430547,6012.6753,1386.0,2.2026994228363037,327.32275390625,29.099342346191406,25.06976318359375,1.350000023841858,7.599999904632568,13.80052661895752,0.07872974127531052,0.07872974127531052,0.4251655042171478,260.39874267578125,0.4596415162086487,0.6245815753936768,0.22077593207359314,0.117303267121315,16.36606788635254,0.20698635280132294,12.379693984985352,0.8691192269325256,1.144544005393982,0.042412709444761276,0.06997858732938766,905.2650756835938,76.50715637207031,0.1735740602016449,0.3686325252056122,0.17341603338718414,0.04073755815625191,81.830322265625,0.2191377878189087,-6.326396465301514,0.20209810137748718,0.6622130870819092,0.04790518060326576,0.0636880025267601,61.99867630004883,247.6566162109375,0.35549196600914,0.5998523831367493,0.1842421293258667,0.08732162415981293,57.075069427490234,0.22451528906822205,5.017782211303711,0.5201557278633118,1.1454576253890991,0.08969235420227051,0.09630201756954193,1.432532787322998,312.28369140625,0.7844411134719849,0.7844411134719849,0.5029679536819458,0.2916334271430969,9.537535667419434,0.12712271511554718,14.802435874938965,1.387121558189392,1.8045001029968262,0.10775676369667053,0.10775676369667053,0.0,355.6449890136719,0.15416520833969116,0.15416520833969116,0.0900176391005516,0.04529433697462082,42.28785705566406,0.15703973174095154,16.935474395751953,1.4406843185424805,1.9930551052093506
2017,1,41.22256546677629,79.38703929918991,6035.3643,1322.0,1.5426149368286133,126.94876098632812,25.791515350341797,20.806440353393555,1.3961607217788696,7.900473117828369,14.546843528747559,0.08621186017990112,0.08621186017990112,1.8709595203399658,227.42684936523438,0.36365824937820435,0.4169740378856659,0.025981592014431953,0.0926215648651123,15.219298362731934,0.17996418476104736,10.74075698852539,0.7182855606079102,1.0138964653015137,0.04033701866865158,0.058636344969272614,1059.8663330078125,22.983789443969727,0.10284951329231262,0.31747156381607056,-0.05966997891664505,0.02377217821776867,63.18677520751953,0.24397556483745575,-7.915133476257324,0.16465109586715698,0.37783166766166687,0.045045360922813416,0.060703374445438385,43.0534553527832,146.7015380859375,0.10826262831687927,0.11922746151685715,-0.07071956992149353,0.0289444737136364,63.6419563293457,0.24553154408931732,2.801299571990967,0.37061360478401184,0.7187202572822571,0.09365477412939072,0.10618466138839722,1.839891791343689,245.40721130371094,0.6771080493927002,0.7054938673973083,0.41591721773147583,0.2784235179424286,5.217197895050049,0.18240976333618164,11.598443984985352,0.9675166010856628,1.3367886543273926,0.1210857629776001,0.1210857629776001,0.1005614623427391,319.56219482421875,0.6095041632652283,0.8434432744979858,0.3235141932964325,0.20592984557151794,38.715633392333984,0.17277966439723969,15.212458610534668,1.0957801342010498,1.5937621593475342
2017,1,41.20343146415595,79.44444130705091,6079.074,1302.0,3.082421064376831,233.0431671142578,25.901765823364258,21.909618377685547,1.3973441123962402,7.926558971405029,15.173171997070312,0.08933839946985245,0.08933839946985245,0.8968449831008911,238.16714477539062,0.45007258653640747,0.6392695903778076,0.16724658012390137,0.08729442954063416,14.226637840270996,0.17327851057052612,11.298585891723633,0.7497194409370422,1.0569932460784912,0.04313290864229202,0.06109018251299858,996.5374145507812,25.810916900634766,0.2360450178384781,0.4324016869068146,0.12758882343769073,0.04631580784916878,61.84619903564453,0.24000714719295502,-7.410125732421875,0.17083460092544556,0.391613245010376,0.04778742790222168,0.06401023268699646,33.43010330200195,158.97991943359375,0.3444489538669586,0.5541998147964478,0.08535643666982651,0.09292788058519363,63.834171295166016,0.24069412052631378,3.393238067626953,0.39035969972610474,0.7511004209518433,0.09694959223270416,0.10937231779098511,0.881952702999115,258.6015319824219,0.7326156497001648,0.7453179359436035,0.4840078353881836,0.33778566122055054,5.011871337890625,0.17470133304595947,12.272361755371094,1.020472526550293,1.4001963138580322,0.12388263642787933,0.12388263642787933,0.04820416495203972,332.0830993652344,0.5468627214431763,0.8108701705932617,0.2814987897872925,0.16783908009529114,37.774539947509766,0.1647244542837143,15.811185836791992,1.1474217176437378,1.6624772548675537
2017,1,38.75884524823164,76.33663069594235,6085.189,1354.0,2.377465009689331,270.0,29.978097915649414,23.226337432861328,1.3932827711105347,7.3878173828125,12.768231391906738,0.07917578518390656,0.07917578518390656,0.217454731464386,290.83209228515625,0.44297927618026733,0.6701096296310425,0.19005244970321655,0.13283325731754303,13.71083927154541,0.19090843200683594,13.838791847229004,0.9405747056007385,1.2294028997421265,0.043414849787950516,0.07078183442354202,739.36376953125,87.00220489501953,0.14678001403808594,0.30883288383483887,0.11908608675003052,0.03263033553957939,75.52130889892578,0.20674465596675873,-4.979859352111816,0.2188468724489212,0.7185530662536621,0.047022782266139984,0.06264396756887436,31.709781646728516,281.70147705078125,0.2707192599773407,0.3720322549343109,0.13381725549697876,0.07511115074157715,55.214500427246094,0.21176621317863464,6.756532669067383,0.5731596946716309,1.258132815361023,0.08885018527507782,0.0956839844584465,0.7326818108558655,351.6728515625,0.5317471027374268,0.5317471027374268,0.28405359387397766,0.18822164833545685,8.636041641235352,0.10603014379739761,16.711435317993164,1.5395857095718384,1.9958006143569946,0.10816977173089981,0.10816977173089981,0.0,393.4217224121094,0.154373899102211,0.154373899102211,0.0900731235742569,0.045486606657505035,37.51999282836914,0.13266660273075104,18.7343692779541,1.586620807647705,2.2105154991149902
2017,1,37.57387927518788,77.40975795546461,6089.3296,1706.0,2.1921942234039307,147.75376892089844,30.073373794555664,29.31553077697754,1.3963067531585693,7.595704555511475,12.72506332397461,0.08139708638191223,0.08139708638191223,0.0,322.1722106933594,0.09812548011541367,0.09812548011541367,-0.11748769879341125,0.021904712542891502,3.759840726852417,0.16619478166103363,15.341533660888672,0.950980007648468,1.2029134035110474,0.04863547161221504,0.06461819261312485,465.25006103515625,106.11796569824219,0.3553026020526886,0.5001822113990784,0.2014250010251999,0.10795750468969345,52.55055236816406,0.1271405667066574,-2.7414662837982178,0.25199440121650696,0.810381293296814,0.05283030495047569,0.06875453889369965,5.294999122619629,349.8944396972656,0.14994491636753082,0.14994491636753082,0.07311352342367172,0.06106797605752945,30.685548782348633,0.13958194851875305,9.313498497009277,0.7301667332649231,1.617039680480957,0.09351032972335815,0.09963978826999664,0.0,406.05108642578125,0.4944537878036499,0.4944537878036499,0.3159939646720886,0.17667502164840698,3.1174569129943848,0.059945039451122284,19.335765838623047,1.7961417436599731,2.2045681476593018,0.10810011625289917,0.10810011625289917,0.0,445.78125,0.4279146194458008,0.6015907526016235,0.2192779928445816,0.10412030667066574,18.401662826538086,0.0749206468462944,21.227678298950195,1.8327622413635254,2.63489031791687
2017,1,41.801981057661045,85.98750323782473,6122.935,915.0,0.0,-0.0,38.39046859741211,12.544066429138184,1.3580278158187866,7.822627067565918,16.734766006469727,0.10864479094743729,0.10864479094743729,1.5743554830551147,349.2677001953125,0.5809163451194763,0.5809163451194763,0.20982123911380768,0.12304617464542389,20.14409637451172,0.12003803253173828,16.556825637817383,1.227414608001709,1.7647203207015991,0.04902565851807594,0.05715739354491234,605.6636352539062,104.86251068115234,0.2489311248064041,0.3454926908016205,0.005001625511795282,0.05267202854156494,33.23799133300781,0.15362448990345,-3.822909355163574,0.22603754699230194,0.5610218644142151,0.0534350648522377,0.06538526713848114,24.73466682434082,349.91400146484375,0.18562351167201996,0.24969127774238586,-0.041410136967897415,0.0426306314766407,30.906686782836914,0.13580696284770966,8.788630485534668,0.7837846279144287,1.3060109615325928,0.09460597485303879,0.10617753118276596,0.14676335453987122,396.7126770019531,0.14717718958854675,0.16913634538650513,0.028070194646716118,0.036891452968120575,6.67417573928833,0.11352880299091339,18.884090423583984,1.8049448728561401,2.459127426147461,0.13232050836086273,0.13232050836086273,0.0,471.62225341796875,0.6197987198829651,0.6197987198829651,0.31552743911743164,0.20244283974170685,24.778867721557617,0.12119841575622559,22.458202362060547,2.0508744716644287,2.912651300430298
2017,1,37.43589685219005,78.58313918397153,6123.815,1411.0,2.7802884578704834,180.0,34.97466278076172,21.507917404174805,1.340000033378601,7.5364251136779785,10.511275291442871,0.06920773535966873,0.06920773535966873,0.0,413.8278503417969,0.264309287071228,0.33758875727653503,-0.01774733141064644,0.07048474252223969,0.950101912021637,0.04640030488371849,19.70608901977539,1.61172354221344,2.0144448280334473,0.047559600323438644,0.05438970401883125,280.8578186035156,247.0321502685547,0.331297904253006,0.34121769666671753,0.07131204754114151,0.0796530544757843,17.18698501586914,0.04016167297959328,-0.2582111656665802,0.34951353073120117,0.9712935090065002,0.05242905765771866,0.062137242406606674,2.2385778427124023,549.8239135742188,0.0749654546380043,0.08924125880002975,0.021198295056819916,0.02374226599931717,13.672685623168945,0.036304671317338943,14.799604415893555,1.2739677429199219,2.3200442790985107,0.07582373917102814,0.07954952865839005,0.0,510.03106689453125,0.2438073456287384,0.2438073456287384,0.1098233163356781,0.08705500513315201,1.2127655744552612,0.017568213865160942,24.287193298339844,2.6788721084594727,3.20200777053833,0.0824955627322197,0.0824955627322197,0.0,553.3951416015625,0.26362282037734985,0.26362282037734985,0.07874410599470139,0.08367934077978134,9.0293607711792,0.023564888164401054,26.352149963378906,2.8208577632904053,3.8005638122558594
2017,1,37.97165338466051,76.85406032308313,6128.897,1477.0,2.3517754077911377,270.0,33.654701232910156,23.343524932861328,1.361803412437439,7.447445869445801,12.91173267364502,0.07216491550207138,0.07216491550207138,0.0,281.7998962402344,0.4401713013648987,0.4605374038219452,0.2689790427684784,0.102309949696064,11.484565734863281,0.20297227799892426,13.419042587280273,0.8167758584022522,1.0646746158599854,0.04794759675860405,0.06997424364089966,690.420166015625,82.68718719482422,0.2520849406719208,0.30534395575523376,0.04612995684146881,0.050350919365882874,62.383392333984375,0.16710495948791504,-4.639183044433594,0.22626471519470215,0.7013782858848572,0.042841143906116486,0.0570203922688961,21.594669342041016,256.2398681640625,0.3360486328601837,0.6369597315788269,0.16959980130195618,0.10184436291456223,47.42336654663086,0.1889493614435196,6.341762065887451,0.5697674751281738,1.2664445638656616,0.08190828561782837,0.08887331187725067,0.0,348.101318359375,0.7540569305419922,0.7775413393974304,0.46506601572036743,0.30326855182647705,10.069016456604004,0.09459652006626129,16.57625389099121,1.481196403503418,1.9021964073181152,0.09845539927482605,0.09845539927482605,0.0,387.1158752441406,0.6803106665611267,0.7822072505950928,0.33288121223449707,0.26113027334213257,35.5548095703125,0.11956192553043365,18.43408966064453,1.4844377040863037,2.1568541526794434
2017,1,38.802236760582716,76.23422298114889,6131.838,1359.0,0.9274099469184875,180.0,30.761165618896484,24.169641494750977,1.3674921989440918,7.325780391693115,13.286312103271484,0.08053375780582428,0.08053375780582428,0.33295583724975586,277.37506103515625,0.5168828368186951,0.8014423847198486,0.3048451244831085,0.17421352863311768,14.864996910095215,0.19927462935447693,13.19248104095459,0.9236994981765747,1.2143492698669434,0.043458521366119385,0.07037165760993958,822.7765502929688,84.05146789550781,0.4178912043571472,0.5189457535743713,0.24262894690036774,0.11309979110956192,79.14104461669922,0.21607732772827148,-5.639122486114502,0.21086928248405457,0.6966624855995178,0.0493973083794117,0.06500060111284256,48.55243682861328,268.6606750488281,0.46747490763664246,0.7060005068778992,0.296735554933548,0.15359869599342346,55.41291809082031,0.21975919604301453,5.948871612548828,0.5561785697937012,1.2172319889068604,0.09090355038642883,0.09764190763235092,1.1218458414077759,333.2693786621094,0.7619473338127136,0.7619473338127136,0.5010145902633667,0.31893324851989746,8.909110069274902,0.1198323518037796,15.816549301147461,1.4801647663116455,1.9163007736206055,0.10956953465938568,0.10956953465938568,0.0,376.5273132324219,0.15616843104362488,0.15616843104362488,0.09023530781269073,0.04595222324132919,39.18722152709961,0.14739911258220673,17.929872512817383,1.5402518510818481,2.1277458667755127
2017,1,37.49357086521531,78.18617217178955,6160.653,1559.0,1.8543341159820557,-0.0,32.317684173583984,24.413095474243164,1.3700872659683228,7.699999809265137,13.543007850646973,0.07497946172952652,0.07497946172952652,0.002718747826293111,395.8846130371094,0.6664984822273254,0.7344391942024231,0.27984297275543213,0.21028904616832733,0.9850999116897583,0.07028303295373917,18.851518630981445,1.453360915184021,1.812211036682129,0.04813145473599434,0.05760396271944046,306.060302734375,211.08645629882812,0.1913827657699585,0.22943075001239777,-0.0384003184735775,0.049425698816776276,26.98200225830078,0.05750918760895729,-0.7249911427497864,0.32394638657569885,0.9460381865501404,0.05438802018761635,0.06624630838632584,0.6481213569641113,507.5779113769531,0.08671097457408905,0.08671097457408905,0.02917523682117462,0.03746261075139046,17.025835037231445,0.057440925389528275,13.7008056640625,1.138310194015503,2.169428825378418,0.0842801183462143,0.0887729823589325,0.017178723588585854,491.387451171875,0.2654198110103607,0.2654198110103607,0.057386960834264755,0.08209244906902313,0.7010378837585449,0.02049277350306511,23.398584365844727,2.4810118675231934,2.9725801944732666,0.09392230957746506,0.09392230957746506,0.0,533.0858764648438,0.44642525911331177,0.4479517936706543,0.13252952694892883,0.11421380192041397,9.340963363647461,0.02822590060532093,25.385042190551758,2.591371536254883,3.5398170948028564
2017,1,38.00614899040997,76.87346633086773,6160.716,1455.0,1.8543341159820557,180.0,33.779998779296875,20.671491622924805,1.378050446510315,7.587431907653809,14.271111488342285,0.07320857793092728,0.07320857793092728,0.0,287.9510192871094,0.500531017780304,0.5413171648979187,0.30776146054267883,0.15425744652748108,11.040498733520508,0.20037595927715302,13.711954116821289,0.8419770002365112,1.1004222631454468,0.04816575348377228,0.07011642307043076,668.5004272460938,88.45327758789062,0.24106544256210327,0.29819822311401367,0.04974708333611488,0.05621983855962753,61.693603515625,0.16790752112865448,-4.427840709686279,0.2292460948228836,0.7139289379119873,0.044796254485845566,0.059111908078193665,19.578205108642578,268.8857421875,0.2698252499103546,0.642305850982666,0.12740853428840637,0.07913955301046371,46.64771270751953,0.18765106797218323,6.738041877746582,0.5921136140823364,1.3069617748260498,0.08358988910913467,0.0904163047671318,0.0,355.7783508300781,0.5991198420524597,0.764797568321228,0.3885408639907837,0.23984014987945557,9.578499794006348,0.09427060931921005,16.94182586669922,1.526358962059021,1.9515047073364258,0.09975036978721619,0.09975036978721619,0.0,394.78033447265625,0.5861347317695618,0.6795763373374939,0.24989740550518036,0.21062427759170532,34.38539123535156,0.11852280050516129,18.799062728881836,1.5314356088638306,2.215033769607544
2017,1,38.64377368644641,76.52015837710006,6181.5405,1318.0,1.1873340606689453,90.0,31.137523651123047,23.483139038085938,1.3799999952316284,7.5,12.586201667785645,0.07386618107557297,0.07386618107557297,0.0,310.2336730957031,0.6540692448616028,0.7142983078956604,0.30298250913619995,0.20562608540058136,12.005516052246094,0.17533977329730988,14.773032188415527,0.9323188066482544,1.1995781660079956,0.041773732751607895,0.07087228447198868,600.6973876953125,87.53150177001953,0.387634813785553,0.4892674684524536,0.22098428010940552,0.08510857820510864,70.31900024414062,0.18620942533016205,-3.917296886444092,0.23191016912460327,0.7422552704811096,0.0410531610250473,0.05701366066932678,0.0,295.8321228027344,0.527069628238678,0.7273570895195007,0.3361841142177582,0.17418044805526733,55.97663116455078,0.19710347056388855,7.9954633712768555,0.5845040082931519,1.293556809425354,0.08367473632097244,0.09039337188005447,0.0,380.029052734375,0.6149480938911438,0.7316074371337891,0.39091479778289795,0.2543256878852844,8.397555351257324,0.0769733116030693,18.096622467041016,1.6031181812286377,2.0907514095306396,0.10278749465942383,0.10278749465942383,0.0,418.3898010253906,0.38100701570510864,0.48077279329299927,0.17152543365955353,0.146351158618927,35.51381301879883,0.10218522697687149,19.923324584960938,1.613692283630371,2.293344736099243
2017,1,39.4670798094494,75.83025072121197,6224.197,1343.0,2.2089715003967285,212.9302520751953,32.98368453979492,24.541479110717773,1.4260401725769043,7.838689804077148,8.95925521850586,0.10199203342199326,0.10199203342199326,0.03942333534359932,356.7268371582031,0.43101733922958374,0.6745848655700684,0.15787555277347565,0.12129365652799606,7.0290422439575195,0.1609782874584198,16.98511505126953,1.2922894954681396,1.6713956594467163,0.04467042163014412,0.06438559293746948,543.1432495117188,114.86671447753906,0.09822136163711548,0.2741812467575073,0.19255957007408142,0.040379997342824936,98.21727752685547,0.2532346248626709,-3.269286870956421,0.24744202196598053,0.87269127368927,0.08604056388139725,0.10127876698970795,5.748807430267334,361.2257080078125,0.44496938586235046,0.709248423576355,0.27318626642227173,0.1668391227722168,42.957069396972656,0.24702274799346924,9.607483863830566,0.730188250541687,1.4903868436813354,0.12254893779754639,0.12791405618190765,0.1328311413526535,417.3402404785156,0.7003398537635803,0.7721704840660095,0.4199618995189667,0.2548682987689972,4.073394775390625,0.1216575875878334,19.867019653320312,1.868323564529419,2.344883680343628,0.1316634565591812,0.1316634565591812,0.0,473.2364807128906,0.4908899962902069,0.49392029643058777,0.17520006000995636,0.1050080731511116,15.686427116394043,0.12049095332622528,22.535070419311523,2.1085801124572754,2.728614091873169
2017,1,39.218872867511436,75.79063606745315,6242.6255,1364.0,3.026015520095825,52.2337646484375,31.624542236328125,25.323503494262695,1.3802989721298218,7.800000190734863,10.014924049377441,0.09090651571750641,0.09090651571750641,0.3578348159790039,290.2174072265625,0.5126242637634277,0.6376523375511169,0.26159828901290894,0.14193695783615112,13.157958030700684,0.191792294383049,13.802837371826172,1.0433861017227173,1.357165813446045,0.0416509248316288,0.06520532816648483,833.795654296875,86.54706573486328,0.13920481503009796,0.27127060294151306,0.3294945955276489,0.04038560390472412,99.17110443115234,0.24949054419994354,-5.704187870025635,0.21444633603096008,0.7330237030982971,0.07113820314407349,0.0869423970580101,52.18035125732422,280.5048828125,0.2967414855957031,0.426506906747818,0.10991939902305603,0.07701167464256287,50.91848373413086,0.2506055235862732,6.170933246612549,0.5869710445404053,1.2274243831634521,0.10987544059753418,0.11533093452453613,1.2056719064712524,339.4062194824219,0.5640003085136414,0.5640003085136414,0.2677076756954193,0.18769463896751404,7.114803791046143,0.13913415372371674,16.104787826538086,1.5173959732055664,1.9348772764205933,0.12036285549402237,0.12036285549402237,0.0,391.7069396972656,0.1707010269165039,0.1707010269165039,0.09146932512521744,0.04942353069782257,30.573843002319336,0.15255236625671387,18.652711868286133,1.6863934993743896,2.2087602615356445
2017,1,36.83196066461239,81.63543398696471,6244.0684,1437.0,2.7802884578704834,180.0,39.58697509765625,21.387453079223633,1.3799999952316284,8.0,12.818376541137695,0.060667239129543304,0.060667239129543304,0.0,406.2499694824219,0.4357350468635559,0.5314544439315796,0.15781936049461365,0.12738913297653198,1.584556221961975,0.05650325119495392,19.34523582458496,1.589730143547058,1.974683403968811,0.045477259904146194,0.048950523138046265,282.4684753417969,233.4213104248047,0.16340290009975433,0.18687716126441956,0.048086367547512054,0.04164750874042511,18.547075271606445,0.04563198611140251,-0.37440595030784607,0.3659607768058777,1.0844632387161255,0.04746076837182045,0.05458764359354973,0.0,544.589599609375,0.27440959215164185,0.3478381037712097,0.06505033373832703,0.08282671868801117,26.83456039428711,0.04573451355099678,14.718637466430664,1.2840899229049683,2.3935463428497314,0.06723615527153015,0.07001235336065292,0.0,493.87408447265625,0.3027288615703583,0.3027288615703583,0.2080215960741043,0.10355770587921143,0.5409393310546875,0.022028911858797073,23.517812728881836,2.5202126502990723,2.9234793186187744,0.06850161403417587,0.06850161403417587,0.0,542.650146484375,0.42367517948150635,0.432951420545578,0.1735498458147049,0.14083169400691986,8.47576904296875,0.027944065630435944,25.840482711791992,2.7456846237182617,3.7372326850891113
2017,1,41.22175836948561,80.34590209421764,6244.3643,1148.0,2.7802884578704834,180.0,29.85965347290039,18.51481056213379,1.4159640073776245,7.800000190734863,15.537309646606445,0.11710702627897263,0.11710702627897263,0.0,242.61752319335938,0.5279622077941895,0.6294318437576294,0.25713008642196655,0.14913368225097656,15.284795761108398,0.20256440341472626,11.553215980529785,0.7523007392883301,1.0323100090026855,0.05503811314702034,0.07674355804920197,906.9625244140625,40.23807907104492,0.28558045625686646,0.3895617127418518,0.11097919195890427,0.06548751145601273,54.80628204345703,0.2723332643508911,-6.616217136383057,0.1768529862165451,0.3939984142780304,0.06823321431875229,0.09073437005281448,23.717880249023438,183.4844970703125,0.19629575312137604,0.19868865609169006,-0.030358821153640747,0.046174630522727966,71.13409423828125,0.26933738589286804,4.318016529083252,0.4554499685764313,0.7782227993011475,0.12229321897029877,0.1355973333120346,0.0,281.6294250488281,0.5080904364585876,0.5214774012565613,0.24257305264472961,0.1643580198287964,6.862259864807129,0.20139385759830475,13.410924911499023,1.1541529893875122,1.5474882125854492,0.15713758766651154,0.15713758766651154,0.0,337.9282531738281,0.5663147568702698,0.5857537388801575,0.27450883388519287,0.20054399967193604,36.81331253051758,0.21070148050785065,16.091821670532227,1.1880731582641602,1.6686114072799683
2017,1,39.022681339361924,76.14529066973897,6254.9277,1288.0,3.0249600410461426,203.22213745117188,31.10609245300293,26.10380744934082,1.409999966621399,7.042035102844238,15.66612434387207,0.09109582751989365,0.09109582751989365,0.30391573905944824,303.44073486328125,0.48163673281669617,0.7406164407730103,0.26010456681251526,0.15015219151973724,12.395983695983887,0.19247090816497803,14.435086250305176,1.080290675163269,1.428442120552063,0.0467383973300457,0.06997326761484146,748.6427612304688,102.26720428466797,0.3589504063129425,0.49264684319496155,0.27363914251327515,0.09501485526561737,81.60670471191406,0.23257505893707275,-4.934164524078369,0.22150835394859314,0.7636803984642029,0.06291785836219788,0.07791834324598312,44.3177375793457,308.7801513671875,0.4201449155807495,0.6977986693382263,0.2693992555141449,0.12702053785324097,49.78641891479492,0.22719527781009674,7.147632598876953,0.6390572190284729,1.3586159944534302,0.10235992819070816,0.10911639034748077,1.0239994525909424,359.9807434082031,0.7958224415779114,0.7958224415779114,0.5245246887207031,0.3258301913738251,7.231619358062744,0.13090632855892181,17.093177795410156,1.6518672704696655,2.099982500076294,0.12031745165586472,0.12031745165586472,0.0,407.7052917480469,0.16899263858795166,0.16899263858795166,0.0915033146739006,0.04969077557325363,31.69256591796875,0.15093670785427094,19.41453742980957,1.7792712450027466,2.3877320289611816
2017,1,38.78498895770799,76.27437718613517,6259.3486,1365.0,1.1896796226501465,90.0,31.258296966552734,25.12733268737793,1.3799999952316284,7.5,16.301151275634766,0.08003155142068863,0.08003155142068863,0.2896633744239807,282.4637145996094,0.5006078481674194,0.7403160333633423,0.2434389889240265,0.16086262464523315,14.430692672729492,0.19616468250751495,13.436859130859375,0.9302218556404114,1.2204049825668335,0.04347255825996399,0.07055201381444931,791.2321166992188,85.24435424804688,0.2857837677001953,0.3154611587524414,0.14561843872070312,0.05648782104253769,77.6922607421875,0.2125093638896942,-5.389219760894775,0.2138805240392685,0.7049980759620667,0.048468347638845444,0.06407349556684494,42.23942184448242,273.68487548828125,0.4600338637828827,0.7012844681739807,0.27615028619766235,0.14758114516735077,55.33146667480469,0.2166501134634018,6.255282402038574,0.5628154873847961,1.2332406044006348,0.0900978222489357,0.09687928110361099,0.9759781956672668,340.2413635253906,0.7981470823287964,0.7981470823287964,0.5156733393669128,0.3263847827911377,8.807889938354492,0.11465120315551758,16.155494689941406,1.5030885934829712,1.9468759298324585,0.1090504452586174,0.1090504452586174,0.0,382.9119873046875,0.1554931402206421,0.1554931402206421,0.09017539769411087,0.04578122869133949,38.572086334228516,0.14190906286239624,18.233903884887695,1.5580891370773315,2.159632444381714
2017,1,38.69470553867887,76.42798875832533,6270.0522,1333.0,1.5071035623550415,232.0283966064453,30.126493453979492,26.036996841430664,1.4051507711410522,7.207106590270996,14.96590518951416,0.0760074183344841,0.0760074183344841,0.10424628108739853,299.7301330566406,0.3884696960449219,0.5292185544967651,0.18777251243591309,0.10130473226308823,12.95201587677002,0.18305665254592896,14.267899513244629,0.9298686385154724,1.204373836517334,0.04238099604845047,0.07085389643907547,670.3555908203125,85.78001403808594,0.28426042199134827,0.37093156576156616,0.11735084652900696,0.05838712304830551,72.85346221923828,0.1956777572631836,-4.462409019470215,0.2249700278043747,0.7282247543334961,0.04305104538798332,0.058860938996076584,15.201448440551758,286.5322570800781,0.32217225432395935,0.4766874611377716,0.15199358761310577,0.08422577381134033,56.01527786254883,0.20417198538780212,7.3332648277282715,0.5731238126754761,1.2669497728347778,0.08549027889966965,0.09230571985244751,0.3512425422668457,365.0629577636719,0.5735746026039124,0.5735746026039124,0.3194248080253601,0.1806531846523285,8.60664176940918,0.09031002223491669,17.367225646972656,1.5628870725631714,2.0357515811920166,0.104948028922081,0.104948028922081,0.0,404.8968200683594,0.15054622292518616,0.15054622292518616,0.08969264477491379,0.04436314478516579,36.859745025634766,0.11658269912004471,19.280799865722656,1.5889003276824951,2.2403552532196045
2017,1,38.69497754384313,76.39699800600388,6280.719,1348.0,3.022805690765381,156.87339782714844,31.56591033935547,22.267087936401367,1.3746342658996582,7.44023323059082,12.3887357711792,0.07577391713857651,0.07577391713857651,0.14898549020290375,292.948974609375,0.4906114637851715,0.6768344640731812,0.2373552769422531,0.13840565085411072,13.550721168518066,0.18663546442985535,13.942856788635254,0.9127579927444458,1.1839985847473145,0.04217926040291786,0.0707399919629097,706.2766723632812,83.44822692871094,0.21546216309070587,0.2869452238082886,0.06112610176205635,0.04360668733716011,73.98527526855469,0.19794964790344238,-4.754415512084961,0.2212843894958496,0.7154949307441711,0.04296959936618805,0.058813195675611496,21.72542953491211,278.9569396972656,0.20125000178813934,0.28778254985809326,0.05001791939139366,0.04350939765572548,56.479244232177734,0.20656566321849823,6.952202796936035,0.5611537098884583,1.2421972751617432,0.0854354053735733,0.09221702814102173,0.501984715461731,356.41851806640625,0.5417228937149048,0.5417228937149048,0.2732492983341217,0.17470970749855042,8.825279235839844,0.09463689476251602,16.948406219482422,1.5291574001312256,1.9938067197799683,0.10471653193235397,0.10471653193235397,0.0,396.4901123046875,0.15031251311302185,0.15031251311302185,0.08966431766748428,0.044275347143411636,38.003700256347656,0.12179514020681381,18.880481719970703,1.5552196502685547,2.1919004917144775
2017,1,39.348231389071906,75.84183992484986,6286.923,1326.0,2.7802884578704834,180.0,32.14606475830078,25.22507095336914,1.3943246603012085,7.825904369354248,11.12120532989502,0.09765798598527908,0.09765798598527908,0.1791662871837616,329.215087890625,0.5739032030105591,0.7394517660140991,0.2876373827457428,0.19575904309749603,9.606313705444336,0.1748138815164566,15.668377876281738,1.1923925876617432,1.5490306615829468,0.0440378375351429,0.06522638350725174,663.4913330078125,104.71566009521484,0.14844267070293427,0.26615551114082336,0.2222534567117691,0.034926824271678925,97.03349304199219,0.2509778141975403,-4.265463352203369,0.2336757928133011,0.816120982170105,0.07929215580224991,0.09466525167226791,26.126468658447266,329.7195739746094,0.466996967792511,0.6932340860366821,0.2859281301498413,0.1683194935321808,46.111759185791016,0.24682149291038513,8.205219268798828,0.6753498911857605,1.3925601243972778,0.11675277352333069,0.12229494005441666,0.6036745309829712,385.3426513671875,0.7436529397964478,0.7436529397964478,0.5069718956947327,0.32482391595840454,5.3698930740356445,0.1297203004360199,18.320903778076172,1.7323410511016846,2.185582160949707,0.12721937894821167,0.12721937894821167,0.0,439.4327697753906,0.17878659069538116,0.17878659069538116,0.09228050708770752,0.051824845373630524,22.141817092895508,0.13543115556240082,20.925369262695312,1.9402899742126465,2.5255074501037598
2017,1,38.98629953386685,76.12777532080104,6294.6685,1302.0,2.55865216255188,248.76150512695312,26.78643226623535,25.67898941040039,1.409999966621399,7.5,14.276239395141602,0.08881490677595139,0.08881490677595139,0.34323441982269287,292.96240234375,0.387343168258667,0.5184770822525024,0.1559188961982727,0.11132517457008362,13.339188575744629,0.1963212937116623,13.934246063232422,1.0355777740478516,1.3686420917510986,0.04574807360768318,0.06979150325059891,791.9520874023438,96.39146423339844,0.26544272899627686,0.34327754378318787,0.1490384340286255,0.07456514239311218,82.57794952392578,0.23152105510234833,-5.3096232414245605,0.21652261912822723,0.7401761412620544,0.060472648590803146,0.07564777880907059,50.05128860473633,294.3642883300781,0.38254594802856445,0.5763986110687256,0.17994888126850128,0.10782139003276825,51.27953338623047,0.2282835990190506,6.603054046630859,0.612105131149292,1.3079814910888672,0.10031888633966446,0.1069984957575798,1.1564780473709106,347.7834167480469,0.7579072713851929,0.7579072713851929,0.492505818605423,0.30842098593711853,7.716000556945801,0.13205082714557648,16.506044387817383,1.588738203048706,2.0275182723999023,0.11800974607467651,0.11800974607467651,0.0,394.9570617675781,0.16633190214633942,0.16633190214633942,0.09122885018587112,0.048872191458940506,33.9515495300293,0.15395799279212952,18.807477951049805,1.7043129205703735,2.294921875
2017,1,38.79091510300801,76.28004024447304,6302.223,1359.0,1.1897815465927124,270.0,30.549909591674805,25.421855926513672,1.386487364768982,7.502610683441162,14.407590866088867,0.08044575154781342,0.08044575154781342,0.28005945682525635,284.7237548828125,0.2740984857082367,0.3317592740058899,0.12340600788593292,0.06451904028654099,14.22889232635498,0.1952838897705078,13.544937133789062,0.9391394257545471,1.2322357892990112,0.04366942495107651,0.0706011950969696,781.3667602539062,86.44542694091797,0.29255107045173645,0.30995890498161316,0.15076111257076263,0.05742105469107628,77.41704559326172,0.21252521872520447,-5.30474328994751,0.21498410403728485,0.7099266052246094,0.048883721232414246,0.06445447355508804,40.83895492553711,276.715576171875,0.4079064726829529,0.6118600368499756,0.22415278851985931,0.1122497022151947,55.040103912353516,0.216268390417099,6.3750433921813965,0.5683534145355225,1.2438502311706543,0.09044231474399567,0.09724213182926178,0.9436192512512207,342.9271545410156,0.7436844706535339,0.7436844706535339,0.4544963836669922,0.27278050780296326,8.710524559020996,0.11418210715055466,16.284929275512695,1.5164164304733276,1.9623851776123047,0.10946869850158691,0.10946869850158691,0.0,385.6704406738281,0.1559697389602661,0.1559697389602661,0.09022527188062668,0.04593055695295334,38.112117767333984,0.1410743147134781,18.365259170532227,1.5733968019485474,2.179119110107422
2017,1,38.776365056270635,76.31803624454946,6304.5283,1359.0,1.5081747770309448,127.9398422241211,31.283721923828125,24.102645874023438,1.4083207845687866,7.199999809265137,13.13414478302002,0.08002947270870209,0.08002947270870209,0.2364622950553894,290.0094909667969,0.4697118103504181,0.7567828297615051,0.24315129220485687,0.15302501618862152,13.773932456970215,0.19209004938602448,13.798715591430664,0.9468745589256287,1.2398301362991333,0.043687500059604645,0.07075680792331696,749.3644409179688,87.728271484375,0.3752022385597229,0.3912367522716522,0.18540403246879578,0.08025243878364563,76.06231689453125,0.20915314555168152,-5.050657749176025,0.21807461977005005,0.7187506556510925,0.04810287803411484,0.06367415189743042,34.481510162353516,281.98529052734375,0.4642411172389984,0.7226520776748657,0.2910909354686737,0.1510668843984604,54.91525650024414,0.21331173181533813,6.689291477203369,0.5755006670951843,1.2605620622634888,0.0897645577788353,0.09660177677869797,0.7967250347137451,350.0804443359375,0.7911483645439148,0.7911483645439148,0.5345441102981567,0.318579763174057,8.593655586242676,0.10909751802682877,16.632558822631836,1.5403374433517456,1.9939696788787842,0.10903812199831009,0.10903812199831009,0.0,392.2921447753906,0.15540751814842224,0.15540751814842224,0.09017562866210938,0.04578907787799835,37.42306137084961,0.13558267056941986,18.680578231811523,1.5929685831069946,2.2126121520996094
2017,1,36.95511657660751,81.0999494596585,6308.9937,1400.0,2.9687819480895996,51.37137222290039,36.93254852294922,21.191486358642578,1.3783223628997803,7.769047737121582,11.961845397949219,0.06328876316547394,0.06328876316547394,0.0,403.5480651855469,0.3059125244617462,0.3333682119846344,0.07744726538658142,0.08763974159955978,1.472382664680481,0.06238969415426254,19.216575622558594,1.5619704723358154,1.9505624771118164,0.04981933534145355,0.05310259759426117,271.229248046875,232.8716583251953,0.15149034559726715,0.22287842631340027,-0.028382740914821625,0.03724329173564911,18.49678611755371,0.046310797333717346,-0.2928059697151184,0.36852094531059265,1.0372264385223389,0.05393700674176216,0.06232139840722084,0.0,544.0933837890625,0.16738682985305786,0.2056974321603775,-0.04371883347630501,0.05094633251428604,24.973388671875,0.047406040132045746,14.705225944519043,1.2791937589645386,2.385514497756958,0.07313188910484314,0.07588009536266327,0.0,496.17205810546875,0.2799430787563324,0.2960037887096405,0.07160651683807373,0.09374295920133591,0.7428621649742126,0.022673284634947777,23.627241134643555,2.5474090576171875,2.986175537109375,0.07499069720506668,0.07499069720506668,0.0,543.9029541015625,0.2812844514846802,0.28748399019241333,0.046165164560079575,0.09471338242292404,8.876812934875488,0.02964623086154461,25.9001407623291,2.764026165008545,3.7501189708709717
2017,1,38.95476923031794,76.11241371767193,6319.3516,1308.0,2.557668685913086,68.75292205810547,28.861461639404297,24.818553924560547,1.4291517734527588,7.300000190734863,9.929707527160645,0.0868775025010109,0.0868775025010109,0.37933698296546936,283.7070007324219,0.4637243449687958,0.6443723440170288,0.2092556655406952,0.13910098373889923,14.173439025878906,0.1998262256383896,13.491793632507324,0.9968469142913818,1.3171247243881226,0.044922683387994766,0.06965210288763046,830.6361694335938,91.34584045410156,0.13545182347297668,0.1893784999847412,0.15028470754623413,0.032183822244405746,83.39698791503906,0.23071931302547455,-5.643437385559082,0.2120891958475113,0.7195987105369568,0.05836912989616394,0.07369011640548706,55.315853118896484,281.80389404296875,0.14542321860790253,0.16105316579341888,0.034841980785131454,0.03508259728550911,52.56559371948242,0.22926542162895203,6.121298313140869,0.588776707649231,1.2641446590423584,0.09856098890304565,0.10517939925193787,1.2781203985214233,336.9793395996094,0.3003981113433838,0.3003981113433838,0.11537285149097443,0.08837661147117615,8.140355110168457,0.1332893818616867,15.985772132873535,1.5337433815002441,1.964207410812378,0.11604885011911392,0.11604885011911392,0.0,383.6849670410156,0.16406579315662384,0.16406579315662384,0.09099575877189636,0.04817751795053482,35.942203521728516,0.15687185525894165,18.27071189880371,1.6391652822494507,2.2140657901763916
2017,1,38.98818573361246,76.13181526635546,6324.5884,1297.0,3.0198559761047363,127.85699462890625,26.831844329833984,25.91556167602539,1.4096803665161133,7.5,13.69752311706543,0.08899538964033127,0.08899538964033127,0.3382610082626343,294.07452392578125,0.31137120723724365,0.3964989185333252,0.09301726520061493,0.07168801128864288,13.241341590881348,0.1958916336297989,13.987441062927246,1.0397623777389526,1.3742283582687378,0.045851368457078934,0.069829560816288,786.9082641601562,96.99005889892578,0.13257749378681183,0.2023213654756546,0.11854983866214752,0.031260017305612564,82.3863525390625,0.2314370721578598,-5.2665510177612305,0.21707360446453094,0.7425742745399475,0.060624171048402786,0.07578155398368835,49.3260498046875,295.8652038574219,0.18385432660579681,0.24358680844306946,0.04878898337483406,0.04508205130696297,51.144569396972656,0.2280077189207077,6.663220405578613,0.6148190498352051,1.313310980796814,0.10044210404157639,0.10713424533605576,1.1397207975387573,349.1300354003906,0.28864482045173645,0.28864482045173645,0.0859266147017479,0.08120021969079971,7.67147159576416,0.13175565004348755,16.570966720581055,1.5953779220581055,2.03531551361084,0.11819116771221161,0.11819116771221161,0.0,396.3160705566406,0.16653282940387726,0.16653282940387726,0.09125062823295593,0.04893795773386955,33.741233825683594,0.15351440012454987,18.8721923828125,1.7116600275039673,2.3045592308044434
2017,1,38.92620422896956,76.134780568556,6329.4473,1298.0,1.1920464038848877,90.0,26.723875045776367,24.436124801635742,1.3942923545837402,7.415916442871094,11.748006820678711,0.0857989490032196,0.0857989490032196,0.37618476152420044,282.0505065917969,0.35085493326187134,0.4565397799015045,0.15636077523231506,0.09255943447351456,14.348457336425781,0.200181782245636,13.413063049316406,0.9832339882850647,1.298768401145935,0.044739898294210434,0.06983725726604462,832.2848510742188,90.11305236816406,0.2507748305797577,0.3309737741947174,0.1930437833070755,0.04275813698768616,82.5351333618164,0.22828267514705658,-5.665433406829834,0.21155564486980438,0.7147517800331116,0.056732431054115295,0.0720909833908081,54.85618591308594,279.1709289550781,0.34894752502441406,0.5176007747650146,0.2063717097043991,0.1016056016087532,53.07596206665039,0.2275879681110382,6.062560558319092,0.5827756524085999,1.2555301189422607,0.09715751558542252,0.10381343215703964,1.267499327659607,335.6539306640625,0.6212764978408813,0.6212764978408813,0.3923170864582062,0.214416041970253,8.296568870544434,0.13144469261169434,15.923163414001465,1.5229835510253906,1.9538999795913696,0.11494411528110504,0.11494411528110504,0.0,381.7397155761719,0.16269759833812714,0.16269759833812714,0.09086661785840988,0.04780181124806404,36.63896179199219,0.15590685606002808,18.178081512451172,1.6201902627944946,2.1968190670013428
2017,1,38.794959507663485,76.26332753372473,6346.614,1358.0,1.5084195137023926,307.9325866699219,30.689485549926758,24.567550659179688,1.3964201211929321,7.5,13.776606559753418,0.08047787845134735,0.08047787845134735,0.29960310459136963,282.0113525390625,0.481616348028183,0.7121965289115906,0.22244149446487427,0.14809980988502502,14.46395206451416,0.1967618763446808,13.41484546661377,0.9334413409233093,1.2256525754928589,0.043594684451818466,0.07051953673362732,796.6397094726562,85.56914520263672,0.2599272131919861,0.37736183404922485,0.09296053647994995,0.050917141139507294,78.04293823242188,0.2138274610042572,-5.4280195236206055,0.21346531808376312,0.7050344347953796,0.049067422747612,0.06464969366788864,43.68886184692383,273.75140380859375,0.4409269094467163,0.6870939135551453,0.2257702350616455,0.1461324691772461,55.17762756347656,0.21754395961761475,6.217906475067139,0.5638782978057861,1.2340803146362305,0.09060724079608917,0.09738519787788391,1.0094687938690186,339.3651123046875,0.742398202419281,0.742398202419281,0.4911932945251465,0.3041006028652191,8.784201622009277,0.11626723408699036,16.112173080444336,1.5030813217163086,1.9454309940338135,0.10950540751218796,0.10950540751218796,0.0,382.2955017089844,0.15604141354560852,0.15604141354560852,0.09022894501686096,0.045938555151224136,38.51123809814453,0.14341408014297485,18.204547882080078,1.5611793994903564,2.160212755203247
2017,1,39.4953728056335,75.87121648258997,6353.994,1325.0,3.0281436443328857,23.362396240234375,30.921855926513672,23.306486129760742,1.4104658365249634,7.896143436431885,15.199993133544922,0.1048022136092186,0.1048022136092186,0.005374234635382891,368.1107482910156,0.43466514348983765,0.5529134273529053,0.18766343593597412,0.1312221735715866,6.038970470428467,0.1578252762556076,17.528827667236328,1.3445967435836792,1.7445865869522095,0.04631255194544792,0.06501027196645737,496.94287109375,122.72026062011719,0.03692387416958809,0.2704792618751526,0.12747196853160858,0.021969115361571312,95.86711120605469,0.25405818223953247,-2.856661081314087,0.25271502137184143,0.8994866609573364,0.08834294974803925,0.10329943895339966,0.7836840748786926,378.65728759765625,0.42036086320877075,0.665221631526947,0.24348212778568268,0.13660122454166412,41.16925811767578,0.24456889927387238,10.212800025939941,0.7637366056442261,1.5554742813110352,0.12441563606262207,0.12998458743095398,0.018107693642377853,430.7244567871094,0.7809010744094849,0.7809010744094849,0.5067997574806213,0.34035971760749817,3.5708158016204834,0.121464304625988,20.50982666015625,1.9453957080841064,2.4328432083129883,0.13448666036128998,0.13448666036128998,0.0,487.0044860839844,0.18743926286697388,0.18743926286697388,0.09313832223415375,0.05435585230588913,13.454815864562988,0.11894585192203522,23.190690994262695,2.1968276500701904,2.840700626373291
2017,1,39.2194124187389,75.80680476787295,6355.9214,1350.0,4.533783912658691,127.7660140991211,29.786712646484375,24.070987701416016,1.3857040405273438,7.800000190734863,12.800821304321289,0.09140998125076294,0.09140998125076294,0.34900879859924316,292.7530517578125,0.45188361406326294,0.5523300170898438,0.17797967791557312,0.13514280319213867,12.94568157196045,0.19112183153629303,13.924002647399902,1.053978443145752,1.3722869157791138,0.04205774515867233,0.06542418152093887,822.49072265625,88.35375213623047,0.271329402923584,0.2968457043170929,0.2062326967716217,0.05539041385054588,98.32942199707031,0.2491740584373474,-5.604098796844482,0.2156621664762497,0.7388597130775452,0.07136116176843643,0.08709713071584702,50.8933219909668,284.45916748046875,0.24214951694011688,0.31354421377182007,0.03927000239491463,0.06722277402877808,50.56387710571289,0.24956867098808289,6.312590599060059,0.5944311618804932,1.24262273311615,0.11003696173429489,0.11555810272693634,1.1759339570999146,342.5240783691406,0.5352606773376465,0.5352606773376465,0.202667698264122,0.198610320687294,7.021416187286377,0.13875485956668854,16.25467300415039,1.5350977182388306,1.9554674625396729,0.12086332589387894,0.12086332589387894,0.0,394.781494140625,0.17121577262878418,0.17121577262878418,0.09153032302856445,0.049611710011959076,30.165910720825195,0.15205003321170807,18.79911994934082,1.7051231861114502,2.234114170074463
2017,1,38.86421826522562,76.08546291090488,6366.216,1379.0,8.749391555786133,32.706600189208984,29.856948852539062,26.00908660888672,1.3837041854858398,7.625642776489258,15.227151870727539,0.08179672062397003,0.08179672062397003,0.47309890389442444,259.77349853515625,0.542572557926178,0.7577710747718811,0.29670581221580505,0.1759558618068695,16.34758186340332,0.20914465188980103,12.347638130187988,0.896262526512146,1.1842858791351318,0.04295564815402031,0.06947409361600876,929.679931640625,78.67609405517578,0.3261396586894989,0.4849756360054016,0.23716743290424347,0.061228543519973755,84.87353515625,0.2280014008283615,-6.496212482452393,0.20064200460910797,0.6665018796920776,0.05252031609416008,0.06819266080856323,68.98844146728516,249.7816162109375,0.4309532940387726,0.6570548415184021,0.2338658720254898,0.1343095451593399,55.90640640258789,0.23096948862075806,4.8863019943237305,0.5293418169021606,1.1537307500839233,0.09364769607782364,0.10015671700239182,1.5940372943878174,309.2267761230469,0.7798033952713013,0.7798033952713013,0.4919130206108093,0.3156067132949829,9.264106750488281,0.1363268941640854,14.649178504943848,1.3939474821090698,1.8035997152328491,0.11089709401130676,0.11089709401130676,0.0,354.5281982421875,0.1580468714237213,0.1580468714237213,0.09038492292165756,0.046363621950149536,41.23979949951172,0.16459254920482635,16.882295608520508,1.4710750579833984,2.007812976837158
2017,1,38.858827212052,76.11887941419941,6369.5527,1361.0,1.190909743309021,90.0,27.757877349853516,26.697704315185547,1.3839763402938843,7.706900596618652,14.908819198608398,0.08200841397047043,0.08200841397047043,0.43884479999542236,265.2001953125,0.4580077826976776,0.6016713976860046,0.2352117896080017,0.14460518956184387,15.880745887756348,0.20654748380184174,12.607683181762695,0.9103803634643555,1.202059268951416,0.043274592608213425,0.06970654428005219,900.6746826171875,80.92835998535156,0.38220468163490295,0.4029739201068878,0.15690144896507263,0.08282651752233505,83.504150390625,0.2258741408586502,-6.25760555267334,0.20357535779476166,0.6769363284111023,0.05236518383026123,0.06798551976680756,63.99342346191406,256.3099670410156,0.5071774125099182,0.7598514556884766,0.3169838488101959,0.18696178495883942,55.51467514038086,0.22851672768592834,5.197744846343994,0.5399596095085144,1.176328420639038,0.09348855167627335,0.10006342083215714,1.4786231517791748,316.24005126953125,0.7841564416885376,0.7841564416885376,0.49767234921455383,0.3386785387992859,9.103487014770508,0.1329662799835205,14.988639831542969,1.423263669013977,1.83988618850708,0.11110051721334457,0.11110051721334457,0.0,361.23931884765625,0.15820631384849548,0.15820631384849548,0.09041090309619904,0.04644863307476044,40.41991424560547,0.16077351570129395,17.201871871948242,1.4992681741714478,2.049522876739502
2017,1,39.225878115266404,75.80896297278281,6373.5005,1352.0,2.206725597381592,327.15997314453125,30.773208618164062,23.137104034423828,1.3899999856948853,7.800000190734863,12.214323043823242,0.09171620011329651,0.09171620011329651,0.3402339816093445,294.6051940917969,0.44231554865837097,0.563490629196167,0.18786920607089996,0.11800937354564667,12.776435852050781,0.19028912484645844,14.012618064880371,1.0609073638916016,1.38112473487854,0.04215768352150917,0.06541723757982254,814.333984375,89.1795883178711,0.1670672446489334,0.2813684344291687,0.32877224683761597,0.030699191614985466,98.24856567382812,0.2492309957742691,-5.535529613494873,0.21658115088939667,0.7427663803100586,0.07174500077962875,0.08746273070573807,49.61375427246094,286.7520446777344,0.2546568214893341,0.34717079997062683,0.047045446932315826,0.065341055393219,50.342002868652344,0.2494013011455536,6.409143447875977,0.5985130667686462,1.2502254247665405,0.11036166548728943,0.11588458716869354,1.1463685035705566,344.70831298828125,0.5169779062271118,0.5169779062271118,0.18423013389110565,0.15586717426776886,6.938736438751221,0.13826441764831543,16.360092163085938,1.5451014041900635,1.967170238494873,0.12117470055818558,0.12117470055818558,0.0,397.0507507324219,0.17158570885658264,0.17158570885658264,0.09156709909439087,0.049720291048288345,29.763431549072266,0.15118297934532166,18.90717887878418,1.716956615447998,2.2488715648651123
2017,1,38.873381717890446,76.12938951538239,6377.2773,1353.0,2.5551257133483887,68.73072052001953,27.586206436157227,27.784645080566406,1.3875129222869873,7.599999904632568,12.982449531555176,0.08294028043746948,0.08294028043746948,0.41688334941864014,270.29351806640625,0.47910451889038086,0.7469897866249084,0.22631041705608368,0.16149233281612396,15.422821998596191,0.20449936389923096,12.85126781463623,0.9304147362709045,1.2284209728240967,0.043680232018232346,0.06978179514408112,878.53662109375,83.54338073730469,0.18104670941829681,0.34259411692619324,0.31099075078964233,0.03425810858607292,83.0025863647461,0.22599883377552032,-6.068650722503662,0.20606477558612823,0.6879906058311462,0.053362417966127396,0.06891123950481415,60.79095458984375,263.0292663574219,0.5051591396331787,0.762154757976532,0.3120794892311096,0.1871541142463684,54.86131286621094,0.22779810428619385,5.465900421142578,0.5521990060806274,1.199566125869751,0.09432081878185272,0.10092735290527344,1.4046273231506348,322.2659606933594,0.7932712435722351,0.7932712435722351,0.5189203023910522,0.33493953943252563,8.880088806152344,0.13189688324928284,15.279111862182617,1.4527413845062256,1.8741719722747803,0.11204328387975693,0.11204328387975693,0.0,367.45947265625,0.15929295122623444,0.15929295122623444,0.09052304178476334,0.04678310826420784,39.3580436706543,0.15881581604480743,17.498069763183594,1.533509612083435,2.0927438735961914
2017,1,39.48324850986918,75.86339967844327,6383.356,1323.0,2.209122657775879,327.0636901855469,29.439186096191406,22.66070556640625,1.403655767440796,7.937088966369629,10.832441329956055,0.10398998111486435,0.10398998111486435,0.01899280585348606,364.40240478515625,0.33309420943260193,0.39085307717323303,0.12117282301187515,0.10193837434053421,6.3704681396484375,0.15913747251033783,17.351591110229492,1.328689455986023,1.7231420278549194,0.04593231901526451,0.0649193525314331,512.3169555664062,120.56773376464844,0.018346145749092102,0.23199869692325592,0.2066415250301361,0.010436873883008957,96.29794311523438,0.2537425756454468,-2.9904520511627197,0.25095370411872864,0.8911212086677551,0.08751863241195679,0.10254166275262833,2.769577741622925,373.4672546386719,0.46375611424446106,0.7115472555160522,0.27363306283950806,0.15199391543865204,41.70166015625,0.245054692029953,10.018856048583984,0.754001259803772,1.5370274782180786,0.12373116612434387,0.12926562130451202,0.06399347633123398,426.3899841308594,0.7571029663085938,0.7571029663085938,0.5186666250228882,0.3169473707675934,3.7395670413970947,0.12184920907020569,20.301239013671875,1.9226149320602417,2.406684637069702,0.13366618752479553,0.13366618752479553,0.0,482.4959411621094,0.18650241196155548,0.18650241196155548,0.09304052591323853,0.054063256829977036,14.236385345458984,0.11994795501232147,22.975997924804688,2.170062303543091,2.8072993755340576
2017,1,40.51217715974972,79.0520582507519,6419.167,1156.0,2.608442783355713,249.18650817871094,28.11224937438965,21.569787979125977,1.4177372455596924,7.699999809265137,15.106635093688965,0.10549721866846085,0.10549721866846085,0.12628985941410065,318.31011962890625,0.6636260151863098,0.7145020365715027,0.30123287439346313,0.22392380237579346,7.263707160949707,0.1410648226737976,15.151610374450684,0.9953542351722717,1.4039512872695923,0.06193757429718971,0.0709625631570816,599.5346069335938,57.72959518432617,0.2558893859386444,0.3613579273223877,0.03596508502960205,0.0644880011677742,48.46372985839844,0.1520165205001831,-4.135916233062744,0.21567624807357788,0.558374285697937,0.07085864990949631,0.08327307552099228,3.6376726627349854,304.0792236328125,0.29376304149627686,0.4380606710910797,0.15102079510688782,0.11032556742429733,48.18878173828125,0.17465445399284363,8.120041847229004,0.5618556141853333,1.1784130334854126,0.10491485893726349,0.11628397554159164,0.12419278919696808,373.8360900878906,0.4690198600292206,0.5744041800498962,0.27522724866867065,0.18745970726013184,6.288159370422363,0.09720803052186966,17.795804977416992,1.5155670642852783,2.0986077785491943,0.1303170770406723,0.1303170770406723,0.006787903606891632,427.7060852050781,0.43722641468048096,0.67628014087677,0.1764969676733017,0.14079123735427856,32.87265396118164,0.09052739292383194,20.366634368896484,1.6247538328170776,2.317847490310669
2017,1,39.27843308028231,75.78389836576139,6432.734,1330.0,1.1980154514312744,270.0,31.242876052856445,25.894866943359375,1.3975534439086914,7.900000095367432,11.489486694335938,0.09296730160713196,0.09296730160713196,0.28466713428497314,304.14111328125,0.5327810049057007,0.6854340434074402,0.24953962862491608,0.17383672297000885,11.850720405578613,0.18459320068359375,14.469354629516602,1.0926192998886108,1.416774868965149,0.04187513142824173,0.06473282724618912,772.18212890625,91.40979766845703,0.18692852556705475,0.3112402558326721,0.15044960379600525,0.06491101533174515,99.87271881103516,0.25043874979019165,-5.196735382080078,0.22146473824977875,0.761323869228363,0.07447586208581924,0.09022799879312515,41.510860443115234,296.1206970214844,0.4482554793357849,0.6783057451248169,0.2737060785293579,0.1512681245803833,49.37895584106445,0.25071531534194946,6.881346702575684,0.613834023475647,1.2752115726470947,0.11274902522563934,0.11810052394866943,0.9591441750526428,355.6439514160156,0.7418771982192993,0.7418771982192993,0.47773873805999756,0.31974121928215027,6.463414192199707,0.13466070592403412,16.889753341674805,1.584736704826355,2.0141067504882812,0.12247958779335022,0.12247958779335022,0.0,408.83612060546875,0.17336343228816986,0.17336343228816986,0.09171579778194427,0.05013641342520714,27.307096481323242,0.14454862475395203,19.468385696411133,1.7696707248687744,2.309422254562378
2017,1,38.98818573361246,76.3290858969599,6442.549,1252.0,0.0,-0.0,24.456472396850586,27.972440719604492,1.3899999856948853,7.0,12.572892189025879,0.0929931253194809,0.0929931253194809,0.15708445012569427,329.6061706542969,0.4547036588191986,0.7181702256202698,0.24366149306297302,0.1463756114244461,10.187596321105957,0.18170912563800812,15.688051223754883,1.1574686765670776,1.5315338373184204,0.04918923228979111,0.07166948169469833,612.66845703125,115.61156463623047,0.2785469889640808,0.533155620098114,0.2434064745903015,0.07613658159971237,73.43795013427734,0.2229088693857193,-3.7943272590637207,0.23529990017414093,0.8165434002876282,0.062213633209466934,0.07681229710578918,22.90643882751465,343.2432861328125,0.5479699373245239,0.8105875849723816,0.3497028946876526,0.20544180274009705,47.501094818115234,0.21424511075019836,8.657752990722656,0.6978812217712402,1.4838913679122925,0.10155954211950302,0.10880076885223389,0.5292729735374451,393.71453857421875,0.8247565627098083,0.8247565627098083,0.5507925152778625,0.3722885251045227,6.456138610839844,0.11735573410987854,18.723108291625977,1.8070917129516602,2.2890641689300537,0.12216000258922577,0.12216000258922577,0.0,439.8993225097656,0.1705787181854248,0.1705787181854248,0.09173526614904404,0.05043647065758705,27.92845344543457,0.1359853744506836,20.947586059570312,1.9294955730438232,2.6079864501953125
2017,1,39.3307115810329,75.84453322188615,6450.4395,1321.0,1.1989047527313232,270.0,28.875286102294922,24.65513038635254,1.3962562084197998,7.800000190734863,11.544876098632812,0.09703263640403748,0.09703263640403748,0.19936273992061615,325.2581787109375,0.4493589997291565,0.5682286620140076,0.2329661101102829,0.12196565419435501,9.978398323059082,0.17682917416095734,15.47899055480957,1.1780264377593994,1.531523585319519,0.04396260157227516,0.06536293029785156,680.7418212890625,103.29277038574219,0.13852912187576294,0.3234255015850067,0.21101725101470947,0.039265651255846024,96.81002044677734,0.2506077289581299,-4.408008098602295,0.23169581592082977,0.8080025315284729,0.07829144597053528,0.09368147701025009,29.071565628051758,325.2330017089844,0.36644262075424194,0.5352194905281067,0.19559788703918457,0.10530015826225281,46.565147399902344,0.2467266470193863,8.004363059997559,0.667556643486023,1.3787678480148315,0.11589182168245316,0.12146369367837906,0.6717235445976257,380.75396728515625,0.6848165392875671,0.6848165392875671,0.42010605335235596,0.26273664832115173,5.558314323425293,0.1308775246143341,18.09915542602539,1.713012933731079,2.162952184677124,0.12657739222049713,0.12657739222049713,0.0,434.5696716308594,0.1779814511537552,0.1779814511537552,0.09220569580793381,0.05160823091864586,23.08206558227539,0.13760648667812347,20.69379425048828,1.916165828704834,2.496575355529785
2017,1,39.337449282724656,75.83644887167625,6459.7354,1324.0,2.5697546005249023,248.85780334472656,21.43205451965332,22.5516300201416,1.3896358013153076,7.900000095367432,11.217041015625,0.09702451527118683,0.09702451527118683,0.19379554688930511,325.8202819824219,0.3933653235435486,0.4793342053890228,0.1567915678024292,0.11561619490385056,9.913619995117188,0.1762068122625351,15.506023406982422,1.1789512634277344,1.5314512252807617,0.04378654435276985,0.06519845128059387,678.1026611328125,103.0143051147461,0.21500717103481293,0.2594720125198364,0.07803801447153091,0.040162164717912674,97.28813171386719,0.2508072853088379,-4.389987468719482,0.23202000558376312,0.8087595105171204,0.07857310026884079,0.09399094432592392,28.259740829467773,325.2915344238281,0.25760871171951294,0.34345299005508423,0.08680984377861023,0.07154399901628494,46.55059814453125,0.24719366431236267,8.027885437011719,0.6672840714454651,1.3774062395095825,0.11614946275949478,0.12167643010616302,0.6529656648635864,381.35113525390625,0.47497856616973877,0.47497856616973877,0.21538355946540833,0.16362342238426208,5.52229642868042,0.13040219247341156,18.12848472595215,1.7129664421081543,2.1630935668945312,0.12657734751701355,0.12657734751701355,0.0,435.2863464355469,0.17803847789764404,0.17803847789764404,0.09220433235168457,0.0515984445810318,22.86880874633789,0.13674888014793396,20.727922439575195,1.9174684286117554,2.4970099925994873
2017,1,39.34311234106254,75.8671720779345,6468.442,1320.0,2.397197961807251,90.0,27.59527015686035,25.08592414855957,1.3929909467697144,7.7190985679626465,10.393298149108887,0.09833772480487823,0.09833772480487823,0.1780887395143509,331.3056945800781,0.39847826957702637,0.4671744406223297,0.16223746538162231,0.12494520843029022,9.45129680633545,0.17493295669555664,15.76798152923584,1.203982949256897,1.5673799514770508,0.04473402723670006,0.06566138565540314,655.1027221679688,107.15965270996094,0.30192428827285767,0.3687811493873596,0.12368356436491013,0.08438504487276077,95.59557342529297,0.2506844103336334,-4.1827712059021,0.23456798493862152,0.8218162655830383,0.07934590429067612,0.09460371732711792,25.969337463378906,334.1280212402344,0.43600085377693176,0.6765871644020081,0.26220065355300903,0.15745040774345398,45.6937255859375,0.2453005015850067,8.32861328125,0.6843357682228088,1.4115221500396729,0.1167452409863472,0.12241404503583908,0.6000438928604126,387.951904296875,0.8175410032272339,0.8175410032272339,0.5313690304756165,0.37646737694740295,5.301883220672607,0.13022586703300476,18.445327758789062,1.7523726224899292,2.208322048187256,0.12788811326026917,0.12788811326026917,0.0,441.91046142578125,0.1794249266386032,0.1794249266386032,0.09236320108175278,0.05208475887775421,21.920917510986328,0.13622672855854034,21.04335594177246,1.9605857133865356,2.5537374019622803
2017,1,41.179445959589465,79.78831826209056,6472.468,1188.0,3.805859088897705,75.9161148071289,26.087257385253906,25.19879150390625,1.4097667932510376,7.726687431335449,14.349553108215332,0.100864939391613,0.100864939391613,0.0,250.4145050048828,0.3207067549228668,0.42670565843582153,0.042784593999385834,0.08341532945632935,13.686704635620117,0.17815004289150238,11.924500465393066,0.7842907905578613,1.094537377357483,0.04907877370715141,0.06788858771324158,910.5862426757812,35.04757308959961,0.14516541361808777,0.3577596843242645,0.03489871323108673,0.024204738438129425,57.84261703491211,0.24652042984962463,-6.683501243591309,0.17835691571235657,0.40665963292121887,0.05638253316283226,0.07480204850435257,23.647090911865234,182.6239471435547,0.2509017288684845,0.25751811265945435,0.08830597251653671,0.0643438920378685,65.34455108642578,0.24529871344566345,4.2966718673706055,0.43581637740135193,0.7992222905158997,0.10714560747146606,0.11994047462940216,0.0,279.7369384765625,0.6783246397972107,0.678408145904541,0.4766051471233368,0.2705225348472595,5.41352653503418,0.17739082872867584,13.320807456970215,1.1257380247116089,1.5241470336914062,0.1368366926908493,0.1368366926908493,0.0,346.4853210449219,0.3414013087749481,0.3464330732822418,0.20758788287639618,0.09721587598323822,36.31864547729492,0.17405885457992554,16.49930191040039,1.2195253372192383,1.7419987916946411
2017,1,38.92727887232345,76.12076561394501,6479.499,1310.0,1.5101659297943115,127.88094329833984,28.562610626220703,26.905553817749023,1.409999966621399,7.294703960418701,10.581341743469238,0.08559300750494003,0.08559300750494003,0.3900638222694397,279.5729675292969,0.4745231866836548,0.7030852437019348,0.22339418530464172,0.1583492010831833,14.561944961547852,0.20125870406627655,13.29442310333252,0.9757382273674011,1.28898286819458,0.04454763978719711,0.06972318142652512,844.85546875,88.9361801147461,0.3414938151836395,0.4171028137207031,0.286080002784729,0.09373872727155685,83.1416015625,0.22901391983032227,-5.770376205444336,0.2102571725845337,0.7097590565681458,0.05668473616242409,0.07207527756690979,56.880062103271484,276.01287841796875,0.5384737849235535,0.8357142210006714,0.3456815779209137,0.21828259527683258,53.29954528808594,0.2285899817943573,5.922508239746094,0.5773966908454895,1.2443664073944092,0.0971311405301094,0.10375351458787918,1.314262866973877,332.5120849609375,0.7694008946418762,0.7694008946418762,0.5157095193862915,0.32958295941352844,8.377365112304688,0.13266192376613617,15.77132511138916,1.5088549852371216,1.9367566108703613,0.11474062502384186,0.11474062502384186,0.0,378.69024658203125,0.16249701380729675,0.16249701380729675,0.09084160625934601,0.04772380739450455,37.03575134277344,0.15734846889972687,18.032869338989258,1.6059635877609253,2.176609754562378
2017,1,41.65914713271707,83.50653521640534,6499.34,962.0,1.2412406206130981,270.0,35.20710372924805,27.317527770996094,1.3605859279632568,8.138494491577148,10.106122016906738,0.13905474543571472,0.13905474543571472,1.525701880455017,376.33935546875,0.08835402876138687,0.09818360954523087,-0.055647943168878555,0.02086973749101162,8.290267944335938,0.0705915316939354,17.848268508911133,1.4092506170272827,1.9589998722076416,0.056812725961208344,0.06863833218812943,518.5486450195312,108.7280502319336,0.169902965426445,0.19685454666614532,0.03319916874170303,0.03932275250554085,28.569787979125977,0.09956580400466919,-3.128401517868042,0.24495968222618103,0.551262617111206,0.07031586766242981,0.08501659333705902,18.101755142211914,411.1183166503906,0.7625786662101746,0.7625786662101746,0.41737622022628784,0.2886495888233185,26.31871223449707,0.08816515654325485,10.622069358825684,0.897404670715332,1.5689904689788818,0.11676102876663208,0.1333654224872589,0.0,438.2791442871094,0.4826235771179199,0.4826235771179199,0.2816535532474518,0.1861373335123062,3.8528082370758057,0.06945415586233139,20.87043571472168,2.1195240020751953,2.7888453006744385,0.16558857262134552,0.16558857262134552,0.0,498.5924072265625,0.16977064311504364,0.16977064311504364,0.061167750507593155,0.07337117195129395,20.57676887512207,0.08647546172142029,23.742494583129883,2.304527521133423,3.273655891418457
2017,1,39.30969137866697,75.85962727895206,6507.0454,1309.0,3.7086455821990967,75.53790283203125,27.18221664428711,25.34907341003418,1.3821989297866821,7.788025379180908,10.675592422485352,0.09668847918510437,0.09668847918510437,0.2189393788576126,322.2201843261719,0.3734557628631592,0.48638299107551575,0.16890574991703033,0.10771984606981277,10.283875465393066,0.17890816926956177,15.333393096923828,1.16860830783844,1.5219430923461914,0.04420340433716774,0.0657060444355011,694.1477661132812,102.96231079101562,0.0815117284655571,0.1890125572681427,0.3067074716091156,0.029404355213046074,95.89566040039062,0.250026673078537,-4.512866020202637,0.23011374473571777,0.8023739457130432,0.07726579904556274,0.09262064844369888,31.92627716064453,322.70648193359375,0.3972078561782837,0.619565486907959,0.21719437837600708,0.11435157060623169,46.84075927734375,0.24587701261043549,7.85892391204834,0.6637372374534607,1.3734842538833618,0.11498472094535828,0.1206459254026413,0.7376841306686401,377.3349304199219,0.7994820475578308,0.7994820475578308,0.5313381552696228,0.34324219822883606,5.7199554443359375,0.13220952451229095,17.93320083618164,1.702627182006836,2.15053391456604,0.12621071934700012,0.12621071934700012,0.0,430.7964172363281,0.17742957174777985,0.17742957174777985,0.09216515719890594,0.05150025710463524,23.940839767456055,0.14011676609516144,20.514116287231445,1.9008560180664062,2.480182647705078
2017,1,37.04405334711849,79.75328310511362,6513.17,1450.0,0.0,-0.0,39.99263000488281,18.256975173950195,1.370299220085144,7.900000095367432,9.2364501953125,0.0616578683257103,0.0616578683257103,0.0,369.2771301269531,0.384554922580719,0.384554922580719,0.06197167932987213,0.09735853224992752,1.5983656644821167,0.11187343299388885,17.584625244140625,1.323343276977539,1.6722967624664307,0.04669018089771271,0.056455347687006,307.0179748535156,195.53216552734375,0.315481036901474,0.3907777965068817,0.03956637158989906,0.0892244279384613,21.81060028076172,0.07182887941598892,-0.8510366082191467,0.3407776653766632,0.8868674039840698,0.04911212995648384,0.056305378675460815,0.0,483.019287109375,0.07265540212392807,0.0835404172539711,0.10014571994543076,0.023113615810871124,20.47764015197754,0.07227358967065811,13.054574966430664,1.1240992546081543,2.0661208629608154,0.06851940602064133,0.07151585072278976,0.0,463.8787841796875,0.5637673735618591,0.625730574131012,0.31691092252731323,0.2031642198562622,2.1761772632598877,0.039378564804792404,22.089466094970703,2.3268773555755615,2.8298869132995605,0.07311179488897324,0.07311179488897324,0.0,509.1153259277344,0.31313425302505493,0.3610582649707794,0.1237599328160286,0.10011706501245499,15.081666946411133,0.05349292978644371,24.243587493896484,2.4773759841918945,3.4021852016448975
2017,1,37.07315789969433,80.45154265727483,6518.867,1324.0,2.7802884578704834,-0.0,33.49386978149414,25.246728897094727,1.3745033740997314,7.599999904632568,13.572208404541016,0.0695405900478363,0.0695405900478363,0.0,391.1024475097656,0.4880732297897339,0.4880732297897339,0.18219907581806183,0.12673735618591309,1.5282663106918335,0.07488098740577698,18.623926162719727,1.4773635864257812,1.8435527086257935,0.055248573422431946,0.05873076617717743,270.3635559082031,218.14605712890625,0.19499322772026062,0.24214555323123932,-0.036452535539865494,0.05175044387578964,18.84194564819336,0.049635306000709534,-0.39860692620277405,0.3640845715999603,0.9549947381019592,0.06475619226694107,0.07594846934080124,0.0,524.3732299804688,0.09285169094800949,0.10928499698638916,0.03646423667669296,0.02870626375079155,22.21561622619629,0.050449687987565994,14.172248840332031,1.2248108386993408,2.2653868198394775,0.0842447280883789,0.08716275542974472,0.0,486.5501403808594,0.33703726530075073,0.3381386697292328,0.09619730710983276,0.11099335551261902,1.2744431495666504,0.0250051561743021,23.16905403137207,2.494302988052368,2.9912474155426025,0.08629398047924042,0.08629398047924042,0.0,532.7715454101562,0.2839561998844147,0.2839561998844147,0.09973207116127014,0.09140530973672867,11.056782722473145,0.03455178439617157,25.370073318481445,2.6815123558044434,3.6472280025482178
2017,1,39.09382629666965,76.392418509222,6528.2876,1240.0,2.3886961936950684,90.0,22.30198860168457,30.39698028564453,1.3672385215759277,7.107614040374756,12.142045021057129,0.10093925893306732,0.10093925893306732,0.07854887843132019,358.6488342285156,0.32347384095191956,0.4160756766796112,0.1533239334821701,0.0820779800415039,7.614268779754639,0.17355877161026,17.07477569580078,1.2977027893066406,1.7261813879013062,0.05317625403404236,0.07281260937452316,501.0723571777344,135.42269897460938,0.3885006904602051,0.3985600769519806,0.17715992033481598,0.11106337606906891,69.27574920654297,0.22803720831871033,-2.7912187576293945,0.24848762154579163,0.8858210444450378,0.06982841342687607,0.08373398333787918,11.454190254211426,387.4289245605469,0.532816469669342,0.823158860206604,0.35877180099487305,0.20172683894634247,42.659366607666016,0.21087174117565155,10.161478996276855,0.7839109301567078,1.646523118019104,0.10784554481506348,0.11549339443445206,0.26465892791748047,427.03668212890625,0.8055473566055298,0.8055473566055298,0.5469380021095276,0.35542231798171997,5.062593936920166,0.11900713294744492,20.322477340698242,2.0011775493621826,2.5081582069396973,0.13017402589321136,0.13017402589321136,0.0,474.9690856933594,0.17964105308055878,0.17964105308055878,0.09269262850284576,0.053309593349695206,21.709548950195312,0.13315872848033905,22.617576599121094,2.1608779430389404,2.892535924911499
2017,1,39.11889090369107,76.28947124320109,6570.1675,1254.0,4.770820140838623,90.0,23.694873809814453,31.481616973876953,1.3998661041259766,6.611454010009766,12.314228057861328,0.0998963788151741,0.0998963788151741,0.14404824376106262,346.1864013671875,0.21733702719211578,0.21736642718315125,0.08270303905010223,0.059086352586746216,8.642951965332031,0.17808371782302856,16.478206634521484,1.2592500448226929,1.6728731393814087,0.05166902393102646,0.07172824442386627,565.7664794921875,128.20458984375,0.14907939732074738,0.22487971186637878,0.2727881669998169,0.037943799048662186,74.0359878540039,0.23302987217903137,-3.3401670455932617,0.2419837862253189,0.8599783182144165,0.07048491388559341,0.08463659882545471,21.005468368530273,369.97515869140625,0.49779078364372253,0.7992676496505737,0.3027893602848053,0.18811537325382233,43.824459075927734,0.21796658635139465,9.431612968444824,0.7534639835357666,1.5808181762695312,0.10853128135204315,0.11587127298116684,0.4853494167327881,410.8376159667969,0.7839081883430481,0.7839081883430481,0.5131890773773193,0.3329150080680847,5.410829067230225,0.12500008940696716,19.540584564208984,1.9221832752227783,2.4124224185943604,0.1291688233613968,0.1291688233613968,0.0,459.6788330078125,0.17883093655109406,0.17883093655109406,0.09256477653980255,0.05289333313703537,23.338762283325195,0.1393536776304245,21.889467239379883,2.0858216285705566,2.7810492515563965
2017,1,39.21348181433781,76.11915141936366,6594.8413,1280.0,0.9274099469184875,-0.0,28.38225555419922,24.682844161987305,1.3799999952316284,7.5,11.967633247375488,0.10041531175374985,0.10041531175374985,0.19601671397686005,337.864990234375,0.5158563852310181,0.6412449479103088,0.23397937417030334,0.16838832199573517,9.203936576843262,0.17992758750915527,16.07947540283203,1.2434161901474,1.6451278924942017,0.04973239079117775,0.0697166845202446,620.4933471679688,121.56095123291016,0.08835169672966003,0.1603625863790512,0.18250250816345215,0.020906584337353706,82.03727722167969,0.24261857569217682,-3.8086442947387695,0.23725548386573792,0.8433418273925781,0.07467950880527496,0.08913234621286392,28.583637237548828,356.0950927734375,0.36557644605636597,0.5504432320594788,0.2008407860994339,0.12110334634780884,44.20623779296875,0.22957594692707062,8.85166072845459,0.7299903035163879,1.5207494497299194,0.11231499910354614,0.11911330372095108,0.6604495644569397,398.2767639160156,0.6257728934288025,0.6257728934288025,0.36042436957359314,0.2580586373806,5.402122497558594,0.1322314590215683,18.934110641479492,1.8564634323120117,2.3293797969818115,0.12979619204998016,0.12979619204998016,0.0,449.437744140625,0.18026958405971527,0.18026958405971527,0.09262237697839737,0.05299348384141922,23.18379783630371,0.14405003190040588,21.401796340942383,2.0415823459625244,2.6932625770568848
2017,1,39.30160702845706,76.03641279931698,6608.5327,1287.0,3.7082464694976807,284.46368408203125,27.00429916381836,28.528274536132812,1.3899999856948853,7.599999904632568,11.756269454956055,0.10223621129989624,0.10223621129989624,0.1652374267578125,344.5489501953125,0.29485753178596497,0.31236350536346436,0.12918511033058167,0.0781233161687851,8.476381301879883,0.1753941923379898,16.39922523498535,1.273576021194458,1.6778931617736816,0.049038562923669815,0.06845223158597946,599.2680053710938,122.25149536132812,0.22197140753269196,0.4116469621658325,0.15743479132652283,0.073796845972538,86.19953918457031,0.24776233732700348,-3.6413474082946777,0.24036847054958344,0.8571316599845886,0.0791296735405922,0.09367714077234268,24.095327377319336,361.5902099609375,0.44697538018226624,0.6726370453834534,0.24733547866344452,0.16281187534332275,43.20762252807617,0.2349642664194107,9.12148380279541,0.7397042512893677,1.529691219329834,0.1162235289812088,0.12269924581050873,0.5567432641983032,404.7553405761719,0.7101765871047974,0.7101765871047974,0.43042510747909546,0.292767196893692,4.906344413757324,0.1322605162858963,19.2475528717041,1.8774932622909546,2.3514254093170166,0.13170874118804932,0.13170874118804932,0.0,457.6536865234375,0.18296584486961365,0.18296584486961365,0.09283816069364548,0.053587865084409714,20.652137756347656,0.1402726024389267,21.793033599853516,2.0845348834991455,2.7294578552246094
2017,1,41.889834266616035,84.14927896045114,6618.5957,1064.0,1.8543341159820557,180.0,37.146644592285156,20.355661392211914,1.4173310995101929,8.100000381469727,12.998746871948242,0.1131017804145813,0.1131017804145813,2.4576404094696045,320.3202819824219,0.23134072124958038,0.26098668575286865,0.043242014944553375,0.057699188590049744,18.30660057067871,0.1397070288658142,15.136316299438477,1.1833736896514893,1.6816900968551636,0.04289513826370239,0.05716622620820999,793.9229736328125,93.23892974853516,0.12631772458553314,0.2454759031534195,-0.018298225477337837,0.030187305063009262,36.59374237060547,0.1663484275341034,-5.348732948303223,0.20872090756893158,0.5113131999969482,0.05202902480959892,0.06835193186998367,39.08017349243164,318.0452880859375,0.3375525176525116,0.378833532333374,0.1155751422047615,0.09772169589996338,33.0723762512207,0.15487028658390045,7.539597988128662,0.7544742822647095,1.276106357574463,0.10311343520879745,0.11622295528650284,0.0,372.9195251464844,0.4502643644809723,0.4502643644809723,0.22998404502868652,0.16967375576496124,8.254376411437988,0.1358952671289444,17.758071899414062,1.7539050579071045,2.3567593097686768,0.14940445125102997,0.14940445125102997,0.0,437.50250244140625,0.4854010045528412,0.4854010045528412,0.2144426554441452,0.175761878490448,31.40364646911621,0.14828215539455414,20.833452224731445,1.920951247215271,2.75083065032959
2017,1,39.162817508168565,76.18113292400656,6647.068,1267.0,0.9274099469184875,180.0,23.754526138305664,28.154321670532227,1.3932706117630005,7.000384330749512,13.964075088500977,0.09949096292257309,0.09949096292257309,0.19313384592533112,337.1781311035156,0.579996645450592,0.7325620055198669,0.3176971673965454,0.21731184422969818,9.343757629394531,0.18088631331920624,16.046903610229492,1.2341761589050293,1.6360033750534058,0.050233595073223114,0.07050004601478577,616.0570678710938,122.27400207519531,0.17324787378311157,0.3123384416103363,0.11737817525863647,0.050286684185266495,79.11194610595703,0.23862822353839874,-3.769336223602295,0.23717574775218964,0.8413704633712769,0.0721697211265564,0.08655102550983429,28.163251876831055,356.4910888671875,0.18095825612545013,0.20298928022384644,0.07687351107597351,0.05077971890568733,44.558589935302734,0.225369393825531,8.873725891113281,0.7300594449043274,1.5272799730300903,0.11010214686393738,0.1171027347445488,0.6507361531257629,398.56939697265625,0.2906940281391144,0.2906940281391144,0.17993438243865967,0.09367868304252625,5.584731578826904,0.1302417814731598,18.94850730895996,1.8602015972137451,2.33634352684021,0.12881825864315033,0.12881825864315033,0.0,448.62457275390625,0.1788434386253357,0.1788434386253357,0.09251316636800766,0.05269768834114075,24.10578727722168,0.1438390463590622,21.363073348999023,2.032750368118286,2.695197343826294
2017,1,39.08493484916908,76.33986800330713,6653.949,1244.0,1.5122665166854858,307.81903076171875,24.29939079284668,29.970399856567383,1.3700000047683716,6.538632392883301,16.78900146484375,0.09911800920963287,0.09911800920963287,0.1193545013666153,348.4354553222656,0.5238397717475891,0.7036522030830383,0.24429750442504883,0.16868288815021515,8.489376068115234,0.17687125504016876,16.58648109436035,1.2573367357254028,1.6702605485916138,0.05187229439616203,0.07218014448881149,547.1871337890625,129.01788330078125,0.1838538944721222,0.20658141374588013,0.1618022620677948,0.032901033759117126,71.9163818359375,0.22915557026863098,-3.192131519317627,0.24350187182426453,0.8630747199058533,0.06873966008424759,0.08286560326814651,17.404565811157227,372.551513671875,0.5161349177360535,0.8039131760597229,0.32868531346321106,0.19651389122009277,43.98584747314453,0.21432457864284515,9.598566055297852,0.7564069628715515,1.5912638902664185,0.10700379312038422,0.11445754021406174,0.40214747190475464,414.5477600097656,0.8007743954658508,0.8007743954658508,0.5405721068382263,0.36398690938949585,5.451550006866455,0.12118472158908844,19.721220016479492,1.9348989725112915,2.4306564331054688,0.12835568189620972,0.12835568189620972,0.0,462.53558349609375,0.17771434783935547,0.17771434783935547,0.09247232228517532,0.05263553932309151,23.479084014892578,0.136229008436203,22.025503158569336,2.0895626544952393,2.797095775604248
2017,1,41.224451666521894,79.92441448534278,6654.6025,1174.0,2.2263481616973877,33.61509323120117,27.208711624145508,23.61403465270996,1.4339970350265503,7.85805082321167,13.33684253692627,0.10389452427625656,0.10389452427625656,0.0,241.84288024902344,0.19733819365501404,0.2994416356086731,0.05547504499554634,0.03911864012479782,14.539373397827148,0.18601971864700317,11.516326904296875,0.7538614869117737,1.0478978157043457,0.049708396196365356,0.06974025815725327,939.0359497070312,32.498111724853516,0.23445172607898712,0.5769237875938416,0.11684213578701019,0.05743507295846939,58.32278823852539,0.2572386860847473,-6.920135974884033,0.17484919726848602,0.39293429255485535,0.05865880101919174,0.07845064997673035,24.86978530883789,170.15689086914062,0.4143770635128021,0.4143770635128021,0.22223593294620514,0.12575815618038177,68.15814208984375,0.25533151626586914,3.926678419113159,0.42362573742866516,0.7626657485961914,0.11098761856555939,0.12373410165309906,0.0,271.4128723144531,0.7038164734840393,0.7038164734840393,0.4867316484451294,0.29483452439308167,5.84782075881958,0.18729238212108612,12.924422264099121,1.0887937545776367,1.473244547843933,0.14139866828918457,0.14139866828918457,0.0,336.7640075683594,0.37237533926963806,0.37237533926963806,0.23793837428092957,0.11540981382131577,37.070037841796875,0.1861482560634613,16.036380767822266,1.1703375577926636,1.668418526649475
2017,1,41.80386725740665,86.05864819513245,6679.47,923.0,0.0,-0.0,35.550514221191406,14.042047500610352,1.326940894126892,7.854061126708984,16.93231201171875,0.11024510115385056,0.11024510115385056,1.3643174171447754,349.6492919921875,0.627878725528717,0.627878725528717,0.28842777013778687,0.18805360794067383,20.925256729125977,0.12233759462833405,16.584999084472656,1.2141847610473633,1.744286060333252,0.049905333667993546,0.057564061135053635,594.24609375,103.50077819824219,0.20857250690460205,0.30989259481430054,0.068555548787117,0.05705654248595238,32.7254524230957,0.15496490895748138,-3.746147394180298,0.22751101851463318,0.5629603266716003,0.05426320433616638,0.0660858154296875,22.427845001220703,347.89892578125,0.23896253108978271,0.3216233551502228,0.029105277732014656,0.06562379002571106,30.689699172973633,0.13754267990589142,8.796515464782715,0.7777778506278992,1.2906568050384521,0.09555836766958237,0.10732726752758026,0.12718334794044495,397.4046325683594,0.1485656499862671,0.1706162840127945,0.0262234415858984,0.037100598216056824,6.683793067932129,0.11456025391817093,18.917972564697266,1.7950763702392578,2.449760675430298,0.1334373950958252,0.1334373950958252,0.0,472.0177307128906,0.6072970032691956,0.6072970032691956,0.3113931119441986,0.23474159836769104,24.57010841369629,0.12282636016607285,22.477035522460938,2.0313045978546143,2.8820300102233887
2017,1,39.01917648593391,76.15580077092194,6686.896,1279.0,2.559680938720703,68.77046203613281,28.55048942565918,28.02640151977539,1.4036552906036377,7.281299591064453,11.346038818359375,0.0911223515868187,0.0911223515868187,0.29724541306495667,304.5306701660156,0.4338090121746063,0.6186365485191345,0.22160999476909637,0.12684735655784607,12.307297706604004,0.19203174114227295,14.487305641174316,1.0830483436584473,1.4322097301483154,0.046855341643095016,0.07007548958063126,742.5514526367188,102.8410873413086,0.3031170666217804,0.42703184485435486,0.2275673747062683,0.07120104879140854,81.13875579833984,0.2319648712873459,-4.8832855224609375,0.22210069000720978,0.7658219933509827,0.06276886910200119,0.07775070518255234,43.345054626464844,310.23846435546875,0.4467710256576538,0.6925334930419922,0.27537187933921814,0.14300210773944855,49.71010971069336,0.2264561802148819,7.213335037231445,0.6414850950241089,1.364086389541626,0.10222179442644119,0.10900641977787018,1.001524806022644,361.4424743652344,0.8136594891548157,0.8136594891548157,0.5330580472946167,0.3545926511287689,7.206971645355225,0.13019713759422302,17.163854598999023,1.6585222482681274,2.108238458633423,0.1203392967581749,0.1203392967581749,0.0,409.04998779296875,0.16898293793201447,0.16898293793201447,0.09150674194097519,0.04970449209213257,31.572099685668945,0.15024077892303467,19.47857093811035,1.7851142883300781,2.3970232009887695
2017,1,39.24420502059606,76.41640401378848,6717.402,1241.0,3.026442050933838,23.287565231323242,19.42365074157715,25.067720413208008,1.399999976158142,6.793711185455322,12.224569320678711,0.11120563000440598,0.11120563000440598,0.038418758660554886,387.34222412109375,0.2493847906589508,0.2714267671108246,0.05879702791571617,0.06662397086620331,5.048625469207764,0.1676095426082611,18.443037033081055,1.4592335224151611,1.9540684223175049,0.057962968945503235,0.07394342124462128,406.1802673339844,157.84014892578125,-0.0018700500950217247,0.32979217171669006,0.2190350890159607,-0.00137011066544801,66.16158294677734,0.23886200785636902,-1.895726203918457,0.26062455773353577,0.9590811133384705,0.08028006553649902,0.09334763884544373,5.602317810058594,434.4754638671875,0.5081300139427185,0.8262504935264587,0.3341568410396576,0.19557255506515503,36.89973068237305,0.21084684133529663,11.591165542602539,0.8795063495635986,1.8226748704910278,0.11652664840221405,0.12460558861494064,0.1294463723897934,458.4938659667969,0.8197653293609619,0.8197653293609619,0.5763313174247742,0.38039252161979675,3.5007669925689697,0.12760935723781586,21.82687759399414,2.206691026687622,2.7341349124908447,0.14054535329341888,0.14054535329341888,0.0,509.3133544921875,0.191490039229393,0.191490039229393,0.09392871707677841,0.05700713396072388,14.943052291870117,0.1366865336894989,24.25301742553711,2.418269157409668,3.196119785308838
2017,1,41.360275884609855,80.8062017186617,6732.2046,1210.0,1.5446934700012207,53.109230041503906,31.052732467651367,22.69617462158203,1.402050495147705,7.900000095367432,17.516796112060547,0.12414827942848206,0.12414827942848206,0.0,240.69163513183594,0.7599537372589111,0.8260844945907593,0.3966967761516571,0.286447137594223,17.446975708007812,0.18519717454910278,11.461506843566895,0.7333409786224365,1.0302919149398804,0.05785490572452545,0.08113988488912582,894.8126831054688,23.375761032104492,0.4097808003425598,0.5830280780792236,0.14160503447055817,0.09579069912433624,53.15705490112305,0.25275859236717224,-6.652190208435059,0.17820380628108978,0.3637993335723877,0.07479514181613922,0.10098189115524292,19.28989601135254,175.56005859375,0.2226260006427765,0.2226260006427765,-0.02989007905125618,0.06061553955078125,75.13458251953125,0.25406816601753235,4.223517894744873,0.4341337978839874,0.7261813879013062,0.1325102150440216,0.14489306509494781,0.0,283.61376953125,0.6134659051895142,0.6167778372764587,0.30781111121177673,0.24140729010105133,8.050804138183594,0.1814698725938797,13.505417823791504,1.1324130296707153,1.5000040531158447,0.1663755625486374,0.1663755625486374,0.0,339.48504638671875,0.5717070698738098,0.7540702819824219,0.301210880279541,0.23589734733104706,38.14285659790039,0.1931035965681076,16.16595458984375,1.1795191764831543,1.6657880544662476
2017,1,40.875727668637154,80.69651675094903,6740.85,1053.0,0.0,-0.0,25.667125701904297,23.724903106689453,1.387967586517334,7.185446262359619,12.102287292480469,0.11635134369134903,0.11635134369134903,0.0,336.9063415527344,0.6861687898635864,0.7970783114433289,0.3956298232078552,0.2861138880252838,9.276457786560059,0.16684728860855103,16.04315757751465,1.0996570587158203,1.5028905868530273,0.054755501449108124,0.07469893991947174,563.9989624023438,99.38008880615234,0.2889879047870636,0.372749000787735,0.0570387989282608,0.06829892843961716,35.24061584472656,0.21800462901592255,-3.5467090606689453,0.21147248148918152,0.5014826655387878,0.06404408812522888,0.08083577454090118,9.761540412902832,357.573486328125,0.1785062700510025,0.1785062700510025,-0.049486830830574036,0.04336192458868027,42.79047775268555,0.20952099561691284,9.400322914123535,0.740996778011322,1.2349896430969238,0.11125025153160095,0.12755578756332397,0.0,398.92974853515625,0.09049444645643234,0.1291162371635437,0.026681004092097282,0.02679842710494995,4.2701897621154785,0.16211648285388947,18.996654510498047,1.7990983724594116,2.363461971282959,0.1541716754436493,0.1541716754436493,0.0,448.28167724609375,0.490249902009964,0.5225870013237,0.2824181318283081,0.20091068744659424,21.660554885864258,0.17249111831188202,21.34674644470215,1.8494950532913208,2.532919406890869
2017,1,41.61144812874836,82.46844311385999,6746.075,1013.0,2.2304298877716064,146.22735595703125,32.10332107543945,18.82330894470215,1.3985710144042969,8.025362968444824,21.49418830871582,0.10781170427799225,0.10781170427799225,0.774167537689209,368.29107666015625,0.6567529439926147,0.670798659324646,0.3373788297176361,0.21776382625102997,7.7613444328308105,0.13964036107063293,17.500804901123047,1.2672933340072632,1.7273677587509155,0.059682201594114304,0.07286044210195541,475.6502380371094,78.8105239868164,0.2800348103046417,0.3853957951068878,0.01761069893836975,0.06609707325696945,28.02484893798828,0.18422353267669678,-3.029310703277588,0.2391236573457718,0.495612233877182,0.06326078623533249,0.0815337672829628,9.705341339111328,396.1866760253906,0.2160813957452774,0.2939000129699707,-0.011917566880583763,0.060492150485515594,27.09019660949707,0.16535818576812744,10.445441246032715,0.8072532415390015,1.4346143007278442,0.10182876884937286,0.11249616742134094,0.06698241084814072,438.9197692871094,0.38231268525123596,0.4354725778102875,0.15435941517353058,0.12623699009418488,3.0827231407165527,0.13542695343494415,20.89775276184082,2.0470919609069824,2.644561290740967,0.13605190813541412,0.13605190813541412,0.007806304842233658,495.29278564453125,0.6126596927642822,0.6578450202941895,0.3027835488319397,0.22711850702762604,16.655187606811523,0.14856015145778656,23.584999084472656,2.1948094367980957,3.0494697093963623
2017,1,38.980368929465776,76.29809514463845,6751.6484,1258.0,1.5108702182769775,127.86015319824219,24.116214752197266,28.646333694458008,1.3974241018295288,7.2487359046936035,11.56321907043457,0.091885507106781,0.091885507106781,0.1884797364473343,322.56658935546875,0.47636812925338745,0.7317425608634949,0.2213137000799179,0.15074478089809418,10.799886703491211,0.18432725965976715,15.351338386535645,1.1312100887298584,1.4960933923721313,0.048467572778463364,0.07135260105133057,645.0411376953125,111.67151641845703,0.32306331396102905,0.39730140566825867,0.17597436904907227,0.07009053975343704,74.9200210571289,0.22372157871723175,-4.071523666381836,0.23180308938026428,0.8013263940811157,0.0614314004778862,0.07615283876657486,27.48457908630371,333.5595703125,0.4337727725505829,0.6533691883087158,0.248958021402359,0.13314484059810638,48.34693908691406,0.21634627878665924,8.272296905517578,0.6803548336029053,1.4489645957946777,0.10093805938959122,0.108079694211483,0.6350548267364502,385.110107421875,0.7757046818733215,0.7757046818733215,0.4999611973762512,0.3220325708389282,6.726594924926758,0.11930833756923676,18.30833625793457,1.7640877962112427,2.2384355068206787,0.12105077505111694,0.12105077505111694,0.0,431.2997131347656,0.16937945783138275,0.16937945783138275,0.09160144627094269,0.05002937838435173,29.195913314819336,0.13872985541820526,20.538082122802734,1.8828961849212646,2.5458524227142334
2017,1,41.60902237777528,81.326592188902,6762.851,1453.0,0.0,-0.0,27.389755249023438,18.856239318847656,1.409999966621399,8.100000381469727,15.376644134521484,0.12405411154031754,0.12405411154031754,3.3998115062713623,245.3743438720703,0.12283577024936676,0.12283577024936676,0.028078263625502586,0.0260794535279274,22.572134017944336,0.17136341333389282,11.52259635925293,0.7220351696014404,1.0567128658294678,0.05446598306298256,0.07773684710264206,890.5747680664062,2.273348808288574,0.39955905079841614,0.5853856801986694,0.29187458753585815,0.11919878423213959,50.71760940551758,0.22287020087242126,-6.780926704406738,0.17873644828796387,0.32910820841789246,0.07229211926460266,0.09963586181402206,33.52839660644531,186.19541931152344,0.1983850747346878,0.1983850747346878,0.0637093037366867,0.046622224152088165,73.50139617919922,0.23238077759742737,4.12613582611084,0.3982482850551605,0.66260826587677,0.13709047436714172,0.14944136142730713,2.1864936351776123,289.37823486328125,0.671290397644043,0.7532221078872681,0.4398888349533081,0.258891761302948,10.796550750732422,0.16507789492607117,13.675796508789062,1.1204155683517456,1.483212947845459,0.17476829886436462,0.17476829886436462,0.24901537597179413,348.4042053222656,0.5958589315414429,0.5958589315414429,0.3373039662837982,0.16444498300552368,41.4246940612793,0.1730080395936966,16.57881736755371,1.2018661499023438,1.7294397354125977
2017,1,39.36574673800983,76.02779335698067,6792.812,1275.0,1.8543341159820557,-0.0,30.566232681274414,25.41619300842285,1.4097943305969238,7.699999809265137,9.579906463623047,0.10503438115119934,0.10503438115119934,0.11393316090106964,357.29827880859375,0.34836524724960327,0.5471940040588379,0.19842010736465454,0.09423897415399551,7.287440299987793,0.16992472112178802,17.008777618408203,1.3275786638259888,1.747374415397644,0.04976332560181618,0.06820979714393616,548.0858154296875,128.25625610351562,0.4695601463317871,0.5191795825958252,0.23237155377864838,0.041160665452480316,86.58221435546875,0.25030794739723206,-3.204805850982666,0.2464490681886673,0.8851267099380493,0.08295422792434692,0.09736473113298416,16.614013671875,377.7474365234375,0.5189906358718872,0.7957329750061035,0.3569827973842621,0.21662063896656036,41.415794372558594,0.23554566502571106,9.76036262512207,0.769547700881958,1.5828160047531128,0.1194799616932869,0.12592318654060364,0.3838810622692108,419.2196044921875,0.7886645197868347,0.7886645197868347,0.5341590046882629,0.3545142412185669,4.261914253234863,0.13083437085151672,19.94455909729004,1.9472744464874268,2.431082010269165,0.13456296920776367,0.13456296920776367,0.0,473.2056579589844,0.18641887605190277,0.18641887605190277,0.09317376464605331,0.05457256734371185,17.563066482543945,0.1357136219739914,22.53360366821289,2.172914743423462,2.8337278366088867
2017,1,38.95449722515368,76.36546770245496,6795.6943,1253.0,1.5105270147323608,127.87028503417969,25.927814483642578,27.806617736816406,1.3903287649154663,6.912594318389893,14.973121643066406,0.09162132441997528,0.09162132441997528,0.1318778246641159,330.3508605957031,0.3890573978424072,0.5839385986328125,0.15329653024673462,0.11405293643474579,10.150114059448242,0.18038950860500336,15.724714279174805,1.1462759971618652,1.5144931077957153,0.04889702796936035,0.07184825837612152,599.3441772460938,114.64436340332031,0.2834326922893524,0.534355878829956,0.2598858177661896,0.08096428960561752,72.17591094970703,0.2188928872346878,-3.699998378753662,0.23621255159378052,0.8153896331787109,0.060232438147068024,0.07488829642534256,19.23074722290039,342.62298583984375,0.5745551586151123,0.8286637663841248,0.38483473658561707,0.22780877351760864,48.00249481201172,0.21139320731163025,8.740330696105957,0.6941633820533752,1.480768084526062,0.09986618161201477,0.10713965445756912,0.4443429708480835,395.6416015625,0.8155832290649414,0.8155832290649414,0.5468056201934814,0.3642696142196655,6.558382987976074,0.11288418620824814,18.81891632080078,1.8054161071777344,2.2912659645080566,0.12075772881507874,0.12075772881507874,0.0,440.9825134277344,0.16886155307292938,0.16886155307292938,0.09157087653875351,0.04995623603463173,28.283443450927734,0.13209658861160278,20.999168395996094,1.9176560640335083,2.6035139560699463
2017,1,41.47130750084066,82.43852700489242,6798.256,1002.0,0.9274099469184875,-0.0,25.337871551513672,22.832685470581055,1.3998022079467773,8.100000381469727,18.725833892822266,0.10748087614774704,0.10748087614774704,0.0,395.8768310546875,0.313457727432251,0.33261004090309143,0.11852351576089859,0.0726894736289978,4.335212707519531,0.12037494033575058,18.85127830505371,1.3726204633712769,1.8617960214614868,0.06315866112709045,0.07637733966112137,358.82061767578125,88.90458679199219,0.17413809895515442,0.23920069634914398,0.08944018930196762,0.03910656273365021,23.673948287963867,0.1642119586467743,-2.060427665710449,0.2535674571990967,0.5249889492988586,0.06765148043632507,0.0864800363779068,0.0,440.3074035644531,0.1409754604101181,0.1720273494720459,-0.004020618740469217,0.035757843405008316,23.405614852905273,0.14604976773262024,11.900199890136719,0.8832553029060364,1.553866982460022,0.09976019710302353,0.10928414762020111,0.0,471.7430419921875,0.23255175352096558,0.2669323980808258,0.10402347147464752,0.06627155095338821,1.3466891050338745,0.11493132263422012,22.46395492553711,2.2212913036346436,2.856055974960327,0.12675240635871887,0.12675240635871887,0.0,525.8896484375,0.330708384513855,0.34308919310569763,0.1537066102027893,0.0924425795674324,11.283012390136719,0.12836062908172607,25.04236602783203,2.378129482269287,3.2761406898498535
2017,1,41.502030707098896,82.37869924605833,6798.256,1001.0,0.0,-0.0,25.518136978149414,24.593372344970703,1.4183571338653564,8.029534339904785,23.717580795288086,0.11030164361000061,0.11030164361000061,0.019820736721158028,386.89361572265625,0.5996987223625183,0.6636073589324951,0.25690242648124695,0.19680564105510712,5.3670525550842285,0.12357496470212936,18.422561645507812,1.325793981552124,1.8046505451202393,0.06349798291921616,0.07738535851240158,380.9194030761719,80.59857940673828,0.23700837790966034,0.28839540481567383,-0.05477564036846161,0.0559999905526638,25.232765197753906,0.16884486377239227,-2.29252552986145,0.24929364025592804,0.508618950843811,0.06901611387729645,0.08893809467554092,0.22318194806575775,422.8186340332031,0.09922832995653152,0.10772271454334259,-0.024256013333797455,0.026579376310110092,26.60183334350586,0.1524762213230133,11.421499252319336,0.8433210253715515,1.4875969886779785,0.10383725166320801,0.11365697532892227,0.004981805570423603,461.0756530761719,0.17348140478134155,0.21530823409557343,0.0709611102938652,0.053247012197971344,1.8487036228179932,0.11780063062906265,21.955745697021484,2.144061326980591,2.7552425861358643,0.1317480206489563,0.1317480206489563,5.805926048196852E-4,515.5763549804688,0.4005812704563141,0.44208163022994995,0.1963832527399063,0.1541210561990738,12.82890796661377,0.130962073802948,24.551227569580078,2.2946295738220215,3.167854070663452
2017,1,42.889118812693255,93.11266959741852,6809.1553,726.0,1.2656910419464111,270.0,38.656978607177734,26.566316604614258,1.4201035499572754,8.056415557861328,21.95311164855957,0.06401567906141281,0.06401567906141281,0.0,398.9041748046875,0.10656318813562393,0.10656318813562393,-0.05910715088248253,0.021878870204091072,12.558890342712402,0.07833945751190186,18.995437622070312,1.6305140256881714,2.425187110900879,0.033543311059474945,0.041137464344501495,450.5732421875,139.50071716308594,0.30445390939712524,0.4171062111854553,0.04015783593058586,0.09512045979499817,11.961369514465332,0.0959959402680397,-2.3745994567871094,0.30889657139778137,0.8602655529975891,0.04806755483150482,0.05080860108137131,2.393766164779663,453.11376953125,0.13403232395648956,0.19907982647418976,-0.0072455559857189655,0.04347366467118263,13.3884859085083,0.08559376001358032,12.181621551513672,1.0914651155471802,1.9091111421585083,0.07010811567306519,0.07493267953395844,0.0,458.0245666503906,0.1260530948638916,0.1538468450307846,0.03128094598650932,0.03886517137289047,5.5762810707092285,0.08546670526266098,21.810693740844727,2.2177650928497314,3.2542238235473633,0.08221885561943054,0.08221885561943054,0.0,571.0507202148438,0.12467986345291138,0.12467986345291138,-0.04691779240965843,0.02807571366429329,12.291881561279297,0.08171471953392029,27.192890167236328,2.9935803413391113,3.876246452331543
2017,1,39.40590094299612,75.77473491309657,6812.4624,1394.0,3.0310676097869873,127.69214630126953,35.02023696899414,24.000349044799805,1.3811230659484863,7.916295051574707,12.768871307373047,0.09745356440544128,0.09745356440544128,0.12269197404384613,334.88916015625,0.4357946515083313,0.44423386454582214,0.16660140454769135,0.11245125532150269,8.971046447753906,0.16876645386219025,15.94126033782959,1.2008250951766968,1.5480320453643799,0.042424898594617844,0.06376277655363083,635.4920654296875,102.25768280029297,0.18497641384601593,0.419333279132843,0.2222924530506134,0.03777939826250076,101.14915466308594,0.2521872818470001,-4.070491313934326,0.23698389530181885,0.8237936496734619,0.08163803070783615,0.09726710617542267,17.891244888305664,330.73876953125,0.5782111883163452,0.6859214901924133,0.2934172749519348,0.1856272965669632,45.9998893737793,0.25057247281074524,8.455338478088379,0.6733556985855103,1.3816938400268555,0.11891002207994461,0.12405107915401459,0.4133926033973694,391.59869384765625,0.6268796920776367,0.6395612359046936,0.3161344826221466,0.21234646439552307,5.038329124450684,0.12461117655038834,18.627870559692383,1.7342125177383423,2.1901791095733643,0.12708471715450287,0.12708471715450287,0.0,446.6640625,0.5363681316375732,0.5386610627174377,0.23624758422374725,0.15397313237190247,20.162710189819336,0.12685400247573853,21.269718170166016,1.9532939195632935,2.532520055770874
2017,1,37.38388589750266,78.77663741508475,6816.499,1374.0,6.100855350494385,72.36796569824219,32.186824798583984,23.9338436126709,1.3715368509292603,7.415368556976318,13.323430061340332,0.06716921925544739,0.06716921925544739,0.0,404.0088195800781,0.5755889415740967,0.6377875208854675,0.2547036409378052,0.13962708413600922,1.3451725244522095,0.06183569133281708,19.238513946533203,1.5562816858291626,1.951651930809021,0.04680066928267479,0.05401984974741936,297.1668395996094,238.8775634765625,0.24984699487686157,0.2763439416885376,0.07228399813175201,0.058218903839588165,17.867427825927734,0.049465570598840714,-0.44495636224746704,0.347912460565567,0.9444566369056702,0.05029360204935074,0.05979973450303078,3.202287197113037,535.369384765625,0.0725310742855072,0.08631833642721176,0.04283302277326584,0.023066725581884384,14.894855499267578,0.046901050955057144,14.382894515991211,1.2503769397735596,2.2687344551086426,0.07290824502706528,0.07653529196977615,0.0,499.3153381347656,0.31195884943008423,0.31195884943008423,0.11230997741222382,0.10878495126962662,1.8170748949050903,0.026479680091142654,23.77692222595215,2.615375518798828,3.137260675430298,0.07908821105957031,0.07908821105957031,0.0,543.4788818359375,0.3499414026737213,0.3499414026737213,0.13281477987766266,0.1146484985947609,10.962779998779297,0.0336136668920517,25.879947662353516,2.762495756149292,3.7303130626678467
2017,1,41.42387604293516,82.6907738923848,6832.3506,999.0,1.5456563234329224,306.8639831542969,26.71792984008789,21.094886779785156,1.409999966621399,8.0,15.739835739135742,0.10881054401397705,0.10881054401397705,0.0,409.3438720703125,0.6795037388801575,0.6795037388801575,0.3157360553741455,0.23392915725708008,3.16754412651062,0.09866584092378616,19.492565155029297,1.4622496366500854,1.9850742816925049,0.0619988851249218,0.07387879490852356,335.86383056640625,105.41239929199219,0.2555696368217468,0.41509810090065,0.032712969928979874,0.06117743253707886,21.966033935546875,0.13827374577522278,-1.7591712474822998,0.26068389415740967,0.5590364933013916,0.06652062386274338,0.08267782628536224,0.0,465.6183776855469,0.3809605538845062,0.3809605538845062,0.13098210096359253,0.11620645970106125,20.024084091186523,0.11960746347904205,12.584280967712402,0.9537515044212341,1.6630171537399292,0.09649845957756042,0.1066073328256607,0.0,485.57659912109375,0.5143725872039795,0.5499736070632935,0.2550007104873657,0.18038637936115265,0.927963137626648,0.09381885081529617,23.12269401550293,2.3335821628570557,3.0148892402648926,0.12503640353679657,0.12503640353679657,0.0,540.2243041992188,0.6758951544761658,0.6758951544761658,0.3885304033756256,0.29068705439567566,10.303614616394043,0.10852687805891037,25.72496795654297,2.5092995166778564,3.466860771179199
2017,1,39.19569891933668,76.07683900946752,6833.4697,1285.0,1.513753056526184,127.77534484863281,28.727754592895508,27.0273380279541,1.3931341171264648,7.699999809265137,11.775144577026367,0.09828455001115799,0.09828455001115799,0.23109494149684906,327.8584899902344,0.550609290599823,0.6969135403633118,0.2963464856147766,0.17200997471809387,10.069718360900879,0.1829705387353897,15.601304054260254,1.2006484270095825,1.5856835842132568,0.04839346185326576,0.06915395706892014,663.3027954101562,115.02232360839844,0.253140389919281,0.3450709879398346,0.13476358354091644,0.051876094192266464,84.28971862792969,0.2427397221326828,-4.185347080230713,0.23249584436416626,0.820445716381073,0.07309166342020035,0.08777289092540741,33.698829650878906,341.2070007324219,0.42203423380851746,0.6511000990867615,0.24258272349834442,0.12537042796611786,45.6416130065918,0.23225359618663788,8.311031341552734,0.7018993496894836,1.465453863143921,0.11104366183280945,0.11766313761472702,0.7786405086517334,386.29547119140625,0.7300383448600769,0.7300383448600769,0.4737898111343384,0.2896125614643097,5.81630277633667,0.13337770104408264,18.35794448852539,1.7904362678527832,2.253143310546875,0.12765999138355255,0.12765999138355255,0.0,437.2942199707031,0.17794351279735565,0.17794351279735565,0.09236504882574081,0.05221230909228325,25.047962188720703,0.14626799523830414,20.82353401184082,1.9679646492004395,2.597628355026245
2017,1,39.48459515838733,76.0453087059186,6840.3896,1302.0,2.2091357707977295,327.06317138671875,34.50252914428711,24.435714721679688,1.3849765062332153,7.900000095367432,12.487869262695312,0.11147953569889069,0.11147953569889069,0.01246664859354496,385.14019775390625,0.47917789220809937,0.6348485946655273,0.2528263032436371,0.14171470701694489,4.745746612548828,0.15940599143505096,18.33941650390625,1.4495645761489868,1.9091334342956543,0.05215178430080414,0.068334199488163,436.5126037597656,143.41488647460938,0.20890453457832336,0.3606221377849579,0.1357305943965912,0.05449847877025604,85.36376953125,0.25496044754981995,-2.23738694190979,0.25957223773002625,0.9478440284729004,0.09055338054895401,0.10453501343727112,1.8179173469543457,415.4964904785156,0.32641616463661194,0.542864978313446,0.11850376427173615,0.08724129945039749,37.31949234008789,0.23463092744350433,11.180501937866211,0.8404884934425354,1.7131409645080566,0.12587662041187286,0.1324310004711151,0.04200454428792,451.1152648925781,0.7147974967956543,0.7147974967956543,0.38479703664779663,0.22155603766441345,2.9041523933410645,0.12882570922374725,21.479679107666016,2.111663341522217,2.618483781814575,0.14110320806503296,0.14110320806503296,0.0,507.0644226074219,0.19409525394439697,0.19409525394439697,0.09394839406013489,0.05686930567026138,11.20271110534668,0.1279621571302414,24.145925521850586,2.374272108078003,3.07704496383667
2017,1,41.16731720472409,80.52969732143858,6851.792,1130.0,3.081329822540283,126.97212982177734,26.067562103271484,23.77233123779297,1.4004251956939697,7.800000190734863,15.794753074645996,0.12104165554046631,0.12104165554046631,0.0,258.2670593261719,0.5019776821136475,0.553602933883667,0.18286095559597015,0.1385773867368698,14.551274299621582,0.20258775353431702,12.298431396484375,0.8061316013336182,1.100983738899231,0.056619975715875626,0.07857353985309601,839.1068725585938,51.68534851074219,0.2474169135093689,0.30079329013824463,0.020478345453739166,0.05230438709259033,50.51424026489258,0.26901254057884216,-6.0108513832092285,0.18308250606060028,0.41133981943130493,0.07051147520542145,0.0929548367857933,20.924516677856445,215.64459228515625,0.16876904666423798,0.17167344689369202,-0.049024078994989395,0.043168649077415466,67.47760772705078,0.2649388015270233,5.262704849243164,0.5090076923370361,0.8522759079933167,0.12403935939073563,0.13798516988754272,0.0,303.92034912109375,0.5302904844284058,0.5467705130577087,0.25748685002326965,0.19476284086704254,6.763159275054932,0.2000497281551361,14.472397804260254,1.276395559310913,1.699744462966919,0.16151303052902222,0.16151303052902222,0.0,356.3233337402344,0.6532815098762512,0.6543780565261841,0.3491706848144531,0.2662963569164276,34.2161979675293,0.21268799901008606,16.967777252197266,1.2976174354553223,1.805553913116455
2017,1,37.3590932956455,78.78391020890292,6852.601,1398.0,4.770949840545654,14.123604774475098,34.81309509277344,21.486297607421875,1.332777976989746,7.400000095367432,10.8922700881958,0.06609412282705307,0.06609412282705307,0.0,398.49395751953125,0.609956681728363,0.7284044027328491,0.213473379611969,0.15891525149345398,1.5841481685638428,0.06723513454198837,18.975902557373047,1.5283048152923584,1.9182389974594116,0.046402327716350555,0.05376309156417847,309.08245849609375,233.11614990234375,0.26299500465393066,0.2767665684223175,-0.02737540565431118,0.06186171993613243,18.643638610839844,0.05275069549679756,-0.5798954367637634,0.34481996297836304,0.9337519407272339,0.049126461148262024,0.05858162045478821,3.847752809524536,524.8768310546875,0.07118682563304901,0.08477241545915604,0.05438673496246338,0.02269379235804081,15.724912643432617,0.05076294392347336,14.081868171691895,1.228509545326233,2.2308318614959717,0.07133465260267258,0.07491414248943329,0.0,492.3580627441406,0.4036247432231903,0.4036247432231903,0.2178996354341507,0.14974404871463776,2.1702914237976074,0.0294217299669981,23.445621490478516,2.570505380630493,3.0884511470794678,0.07723189145326614,0.07723189145326614,0.0,536.6622314453125,0.4518579840660095,0.4518579840660095,0.1954652965068817,0.16181723773479462,11.92529010772705,0.036952726542949677,25.55534553527832,2.7151846885681152,3.670546770095825
2017,1,39.48405560715986,76.21670763221096,6854.865,1260.0,1.2015477418899536,270.0,27.765541076660156,22.831741333007812,1.380004644393921,7.499953269958496,10.341100692749023,0.11845380067825317,0.11845380067825317,0.008042745292186737,404.2723388671875,0.7852282524108887,0.7934040427207947,0.42804405093193054,0.32366350293159485,3.2526040077209473,0.1598353236913681,19.250680923461914,1.5617916584014893,2.0822389125823975,0.05798842012882233,0.07155690342187881,366.7754211425781,164.7515869140625,0.08519621938467026,0.2960284650325775,0.15814116597175598,0.04711518809199333,75.0606689453125,0.2560497522354126,-1.5421667098999023,0.2674960792064667,1.0004048347473145,0.09330348670482635,0.10630827397108078,1.172812819480896,454.58270263671875,0.3875560760498047,0.5821312069892883,0.16886082291603088,0.12098859995603561,33.245201110839844,0.22481077909469604,12.254321098327637,0.9210379123687744,1.8773767948150635,0.12780526280403137,0.13532105088233948,0.027098851278424263,473.94342041015625,0.6119170784950256,0.6119170784950256,0.37646690011024475,0.23811760544776917,2.1367781162261963,0.13546401262283325,22.56744384765625,2.287557601928711,2.815478563308716,0.14802640676498413,0.14802640676498413,0.0,529.7156372070312,0.20114833116531372,0.20114833116531372,0.094793900847435,0.0594840869307518,8.439403533935547,0.13567176461219788,25.22455596923828,2.5639231204986572,3.3278865814208984
2017,1,39.49133286007908,76.19811318081808,6856.1343,1268.0,1.5177620649337769,52.3419075012207,28.479862213134766,22.83260154724121,1.399999976158142,7.728389263153076,9.200677871704102,0.11809571087360382,0.11809571087360382,0.0046260361559689045,403.59527587890625,0.5202723741531372,0.6051651239395142,0.22893816232681274,0.16560973227024078,3.2866337299346924,0.15933401882648468,19.218603134155273,1.556462049484253,2.0727243423461914,0.05750661715865135,0.07121849805116653,369.1975402832031,163.29876708984375,0.049475375562906265,0.29263123869895935,0.1976269781589508,0.03485618159174919,76.13160705566406,0.2563306987285614,-1.5717463493347168,0.26726776361465454,0.9980090260505676,0.09346878528594971,0.10655244439840317,0.6745799779891968,452.3585510253906,0.2425478994846344,0.34292036294937134,0.07458788901567459,0.07081245630979538,33.45086669921875,0.2259126901626587,12.207674980163574,0.9162233471870422,1.8666764497756958,0.1279858648777008,0.13540518283843994,0.015586750581860542,473.0275573730469,0.5850098729133606,0.589468777179718,0.3144013285636902,0.22012367844581604,2.1466639041900635,0.13485978543758392,22.52437973022461,2.2772347927093506,2.8039066791534424,0.14767956733703613,0.14767956733703613,0.0,528.94921875,0.20085638761520386,0.20085638761520386,0.09475007653236389,0.059342581778764725,8.403982162475586,0.13465167582035065,25.18805694580078,2.554387092590332,3.3136849403381348
2017,1,39.47677835424064,76.24985658944229,6857.7783,1252.0,0.9274099469184875,-0.0,29.952604293823242,22.411598205566406,1.3938376903533936,7.20984411239624,14.146925926208496,0.11937520653009415,0.11937520653009415,0.010491757653653622,406.5847473144531,0.5886257290840149,0.7436456680297852,0.29033905267715454,0.20750528573989868,3.09039306640625,0.16032779216766357,19.360679626464844,1.576388955116272,2.1059906482696533,0.058947328478097916,0.072161003947258,358.2122802734375,167.96493530273438,0.3107052147388458,0.5359311103820801,0.26417312026023865,0.07654225081205368,73.12821197509766,0.25580912828445435,-1.4522699117660522,0.26841428875923157,1.0072144269943237,0.09335076808929443,0.10619688779115677,1.5299338102340698,460.07196044921875,0.4744052290916443,0.7506447434425354,0.2862102687358856,0.16144327819347382,32.705257415771484,0.22286395728588104,12.393027305603027,0.9325295090675354,1.9017237424850464,0.12777170538902283,0.13546310365200043,0.035350438207387924,476.8228759765625,0.7939913272857666,0.7939913272857666,0.5186454057693481,0.339897096157074,2.062690496444702,0.13653884828090668,22.70416831970215,2.312577724456787,2.843578815460205,0.14893217384815216,0.14893217384815216,0.0,532.4234008789062,0.20200775563716888,0.20200775563716888,0.0949060246348381,0.059837017208337784,8.240034103393555,0.13724511861801147,25.35349464416504,2.5892138481140137,3.3630378246307373
2017,1,39.46034210775763,76.188677722989,6858.3545,1256.0,1.5173407793045044,127.67037963867188,31.4968204498291,23.083995819091797,1.4040294885635376,7.676495552062988,14.099037170410156,0.11601003259420395,0.11601003259420395,0.022095421329140663,396.4949035644531,0.37544381618499756,0.4476417899131775,0.1320330798625946,0.10660097002983093,3.9223744869232178,0.16130460798740387,18.879657745361328,1.5208958387374878,2.023491382598877,0.05654388293623924,0.07099799066781998,395.3970031738281,158.4361572265625,0.052366551011800766,0.2794077396392822,0.18640103936195374,0.031912967562675476,76.89202880859375,0.25458210706710815,-1.808861494064331,0.2640935480594635,0.9808695912361145,0.09132910519838333,0.10458147525787354,3.22200870513916,441.5354919433594,0.4422990083694458,0.6785702109336853,0.25761187076568604,0.13835124671459198,34.688011169433594,0.2263028621673584,11.84631061553955,0.8949518203735352,1.827099323272705,0.12620730698108673,0.13354156911373138,0.07444728165864944,465.0137939453125,0.7963193655014038,0.7963193655014038,0.5178765654563904,0.34448209404945374,2.505103588104248,0.13405612111091614,22.139968872070312,2.229882001876831,2.7508747577667236,0.14557209610939026,0.14557209610939026,0.0,520.3877563476562,0.19844543933868408,0.19844543933868408,0.09449897706508636,0.05859178677201271,10.0038480758667,0.13508868217468262,24.78036880493164,2.4965085983276367,3.2439181804656982
2017,1,39.15365405550374,76.23152968411262,6866.3184,1260.0,1.195885181427002,270.0,22.376903533935547,28.500286102294922,1.3802906274795532,6.745643138885498,14.067660331726074,0.10035871714353561,0.10035871714353561,0.16703914105892181,343.3182678222656,0.5730847120285034,0.7245081067085266,0.28254780173301697,0.1883084625005722,8.840927124023438,0.17910996079444885,16.340534210205078,1.256600260734558,1.6681323051452637,0.05118833854794502,0.07111803442239761,586.1869506835938,126.45809936523438,0.14030525088310242,0.22893527150154114,0.22147385776042938,0.028795143589377403,76.63269805908203,0.23679426312446594,-3.509380578994751,0.24024532735347748,0.8549254536628723,0.07212730497121811,0.08635102957487106,24.358057022094727,365.8423767089844,0.5128014087677002,0.805921196937561,0.33138903975486755,0.19525831937789917,43.835391998291016,0.22202081978321075,9.2293062210083,0.7471629977226257,1.563474416732788,0.10999123007059097,0.117170549929142,0.5628138780593872,406.4013671875,0.7743011116981506,0.7743011116981506,0.5331109166145325,0.33114686608314514,5.395652770996094,0.12832830846309662,19.325645446777344,1.9024276733398438,2.386456251144409,0.12966884672641754,0.12966884672641754,0.0,456.1055908203125,0.17963291704654694,0.17963291704654694,0.09261888265609741,0.053032126277685165,23.27217674255371,0.14188268780708313,21.719314575195312,2.0745062828063965,2.7550137042999268
2017,1,36.99015173358443,80.81886556565348,6867.55,1394.0,3.01227068901062,22.651931762695312,39.32658004760742,20.698637008666992,1.3869563341140747,7.830776691436768,9.38054370880127,0.06549122929573059,0.06549122929573059,0.0,395.145751953125,0.3347319960594177,0.388422429561615,0.09504464268684387,0.09259656071662903,1.5532454252243042,0.06993840634822845,18.816465377807617,1.5074269771575928,1.8858927488327026,0.052366167306900024,0.05562843754887581,272.48785400390625,222.5297088623047,0.2569831907749176,0.3901574909687042,0.0959765687584877,0.08236526697874069,19.14939308166504,0.04867282509803772,-0.3813600242137909,0.365566611289978,0.9999576807022095,0.05810018628835678,0.06753126531839371,0.0,530.5828857421875,0.4498351216316223,0.5104559063911438,0.19036191701889038,0.1493682712316513,24.164472579956055,0.04965052008628845,14.34007740020752,1.2427411079406738,2.313102960586548,0.07757642865180969,0.08043231815099716,0.0,488.6827392578125,0.5545297861099243,0.6050092577934265,0.3059310019016266,0.20939350128173828,1.047511339187622,0.02424504980444908,23.270606994628906,2.4988160133361816,2.962118148803711,0.07971242070198059,0.07971242070198059,0.0,535.501953125,0.2494511753320694,0.2494511753320694,0.07404714822769165,0.07991886883974075,10.170554161071777,0.032769154757261276,25.500093460083008,2.6982133388519287,3.671208381652832
2017,1,41.920557472874286,84.61847003239578,6885.199,976.0,2.658046245574951,110.40701293945312,35.401615142822266,19.684303283691406,1.400852918624878,8.100000381469727,16.45147132873535,0.10022415220737457,0.10022415220737457,2.1802470684051514,317.02545166015625,0.23735781013965607,0.23735781013965607,0.11342918872833252,0.057224780321121216,20.021358489990234,0.14872132241725922,14.992629051208496,1.1730990409851074,1.6786998510360718,0.03940515220165253,0.05330827087163925,823.3512573242188,95.650146484375,0.11787286400794983,0.14194323122501373,0.03963693976402283,0.026696672663092613,37.675376892089844,0.17668978869915009,-5.5549702644348145,0.2043737769126892,0.5162843465805054,0.043108247220516205,0.05864274501800537,41.287471771240234,310.1715393066406,0.22230520844459534,0.22230520844459534,0.08760129660367966,0.05578978732228279,33.43246841430664,0.16254058480262756,7.267137050628662,0.7501811981201172,1.249480128288269,0.09151691943407059,0.10204760730266571,0.04718111455440521,367.91937255859375,0.2579494118690491,0.2579494118690491,0.1139763593673706,0.07014051824808121,9.050195693969727,0.14236639440059662,17.517723083496094,1.7194610834121704,2.3249049186706543,0.13389521837234497,0.13389521837234497,0.0,434.21124267578125,0.330793172121048,0.330793172121048,0.1974816471338272,0.07114572077989578,32.744232177734375,0.15372684597969055,20.676725387573242,1.8991918563842773,2.7091455459594727
2017,1,40.55718286668215,79.72849050325647,6885.7114,1056.0,1.2205884456634521,270.0,29.30326271057129,24.009981155395508,1.4026055335998535,7.87986421585083,12.918352127075195,0.11861560493707657,0.11861560493707657,0.0,366.9617614746094,0.22194083034992218,0.23713894188404083,0.0796310305595398,0.05652434378862381,5.5760087966918945,0.14133483171463013,17.474369049072266,1.178395390510559,1.648350477218628,0.06512661278247833,0.0739215835928917,390.7312316894531,99.53986358642578,0.1433199793100357,0.1460142731666565,0.03809836134314537,0.03091030940413475,37.10797882080078,0.16277718544006348,-2.222834825515747,0.23492944240570068,0.5979379415512085,0.06872666627168655,0.08057379722595215,2.006387233734131,403.855224609375,0.11641504615545273,0.11641504615545273,0.07995828241109848,0.018028464168310165,42.125972747802734,0.16773641109466553,10.86077880859375,0.7247608304023743,1.3496874570846558,0.10556358098983765,0.12117377668619156,0.0,433.78839111328125,0.18295493721961975,0.18295493721961975,0.04772007465362549,0.057481907308101654,4.206441402435303,0.09898998588323593,20.656591415405273,1.8858476877212524,2.5061662197113037,0.14407160878181458,0.14407160878181458,0.0,479.79852294921875,0.30327028036117554,0.30327028036117554,0.1471785455942154,0.10688696801662445,26.50722885131836,0.11234353482723236,22.847549438476562,1.9379879236221313,2.7111899852752686
2017,1,39.203511264382314,75.86797917522517,6888.2188,1325.0,0.9274099469184875,-0.0,29.337190628051758,24.470640182495117,1.3814148902893066,7.824213981628418,13.965391159057617,0.09257742762565613,0.09257742762565613,0.3362548053264618,298.0356140136719,0.5678267478942871,0.7531287670135498,0.27968865633010864,0.1688937097787857,12.543131828308105,0.19062766432762146,14.176159858703613,1.0777883529663086,1.4091286659240723,0.04343199357390404,0.0663408413529396,798.333740234375,93.4211654663086,0.20136283338069916,0.2836800515651703,0.174383282661438,0.05684898793697357,95.07990264892578,0.24759647250175476,-5.381011962890625,0.21812866628170013,0.751899003982544,0.07115302234888077,0.08666283637285233,49.03350067138672,294.2698059082031,0.31002211570739746,0.47284671664237976,0.09617942571640015,0.07829327136278152,49.7432861328125,0.24570871889591217,6.6280083656311035,0.6135241985321045,1.2836204767227173,0.10974990576505661,0.11553473025560379,1.1329612731933594,349.30804443359375,0.675779402256012,0.675779402256012,0.34068408608436584,0.21340411901474,6.870751857757568,0.13840582966804504,16.57976531982422,1.5797659158706665,2.007378578186035,0.12200342118740082,0.12200342118740082,0.0,401.12847900390625,0.17224331200122833,0.17224331200122833,0.09167274832725525,0.05006522685289383,29.617971420288086,0.1522505134344101,19.101356506347656,1.7486335039138794,2.2968478202819824
2017,1,41.63489408208738,86.02873654526594,6891.48,908.0,3.0955288410186768,306.774169921875,36.835262298583984,14.490382194519043,1.3955674171447754,8.0,13.135021209716797,0.10801886022090912,0.10801886022090912,0.64704430103302,390.5195007324219,0.653719425201416,0.653719425201416,0.2852175533771515,0.19275686144828796,19.008726119995117,0.08631458133459091,18.56535530090332,1.388710379600525,1.9799898862838745,0.05207613483071327,0.058442123234272,434.5121765136719,129.11236572265625,0.2182386964559555,0.33223122358322144,-0.07278722524642944,0.04788267984986305,29.07089614868164,0.1138230711221695,-2.33129620552063,0.24794866144657135,0.6249696612358093,0.05709319934248924,0.0660691186785698,10.421333312988281,418.37548828125,0.23167429864406586,0.23167429864406586,-0.0256886538118124,0.056834474205970764,25.785600662231445,0.09576424211263657,11.025788307189941,0.9055215120315552,1.491174340248108,0.09051351249217987,0.10192525386810303,0.06031826511025429,445.10687255859375,0.1376618891954422,0.1598358303308487,0.009852132759988308,0.03486483916640282,4.151912689208984,0.07508019357919693,21.19269371032715,2.0623958110809326,2.7887892723083496,0.12282640486955643,0.12282640486955643,0.0,518.743408203125,0.6441225409507751,0.6441225409507751,0.2620052099227905,0.22894279658794403,17.716209411621094,0.08293712884187698,24.70206642150879,2.3385865688323975,3.3221466541290283
2017,1,39.77780334815666,76.96805724151447,6909.4287,1188.0,0.9274099469184875,-0.0,28.507661819458008,25.90552520751953,1.3826804161071777,7.156072616577148,14.752527236938477,0.11607808619737625,0.11607808619737625,4.87119197845459,336.5443420410156,0.5023260116577148,0.5418317317962646,0.15752975642681122,0.1610943078994751,10.776735305786133,0.17336159944534302,15.79395866394043,1.3728477954864502,1.894331693649292,0.05464138090610504,0.06905865669250488,774.4426879882812,161.8677978515625,0.24392639100551605,0.26289618015289307,0.10061679035425186,0.06593631953001022,71.21905517578125,0.23864324390888214,-4.676144123077393,0.22551429271697998,0.7952350378036499,0.08061828464269638,0.09266798943281174,66.40845489501953,397.0745544433594,0.3288854956626892,0.4101824462413788,0.11135506629943848,0.10466783493757248,33.35307312011719,0.19451020658016205,8.936921119689941,0.8575603365898132,1.7067583799362183,0.12069050222635269,0.13074292242527008,2.32326078414917,392.34747314453125,0.35472583770751953,0.5458162426948547,0.16045565903186798,0.12598341703414917,4.604821681976318,0.16742031276226044,18.572582244873047,2.0405821800231934,2.5312633514404297,0.14949321746826172,0.14949321746826172,0.0,452.9735412597656,0.34504765272140503,0.38492345809936523,0.12350670993328094,0.15135805308818817,21.026893615722656,0.1669517159461975,21.57016944885254,2.2681005001068115,2.978041410446167
2017,1,37.55474527256754,78.05843230391149,6920.3013,1599.0,1.8543341159820557,-0.0,33.403038024902344,24.896963119506836,1.3629788160324097,7.599999904632568,15.31351089477539,0.07644370943307877,0.07644370943307877,0.0,387.634033203125,0.2563427984714508,0.3260449171066284,5.889731692150235E-4,0.06940601021051407,1.1135119199752808,0.08514714986085892,18.458763122558594,1.3856257200241089,1.7358771562576294,0.048315130174160004,0.05874445289373398,320.5694274902344,196.16404724121094,0.20899748802185059,0.2870621085166931,0.03353077545762062,0.06263650208711624,30.975690841674805,0.06977299600839615,-0.9496593475341797,0.3129914402961731,0.9294009804725647,0.05537513643503189,0.06779628992080688,0.0,489.23773193359375,0.20663490891456604,0.2913515865802765,0.08901094645261765,0.07584219425916672,18.578638076782227,0.0704767182469368,13.222640991210938,1.085213541984558,2.1093966960906982,0.08652584999799728,0.09119108319282532,0.0,482.5612487792969,0.449534147977829,0.449534147977829,0.21955549716949463,0.1532052904367447,0.7582353949546814,0.026709681376814842,22.979106903076172,2.3988990783691406,2.879826307296753,0.09677361696958542,0.09677361696958542,0.0,523.8577880859375,0.2547036409378052,0.48975351452827454,0.027595199644565582,0.08011779934167862,9.949188232421875,0.03518886864185333,24.94561004638672,2.4982709884643555,3.4308040142059326
2017,1,38.860713411797605,76.16415712629609,6922.0234,1341.0,2.203388214111328,327.2948303222656,27.812332153320312,25.346534729003906,1.4056912660598755,7.599999904632568,12.933443069458008,0.0827837735414505,0.0827837735414505,0.385591596364975,274.5322570800781,0.5929659605026245,0.791787326335907,0.3167150020599365,0.21941404044628143,15.066173553466797,0.20228636264801025,13.054603576660156,0.9384537935256958,1.2379939556121826,0.043874576687812805,0.07001838833093643,853.6712036132812,85.06314086914062,0.22026056051254272,0.35835233330726624,0.1652005910873413,0.05623001605272293,81.61480712890625,0.22342614829540253,-5.867237091064453,0.20847216248512268,0.695576548576355,0.052753228694200516,0.0682726725935936,56.22791290283203,267.8451232910156,0.5302696824073792,0.7877955436706543,0.34367597103118896,0.20036427676677704,54.68131637573242,0.22521832585334778,5.71938419342041,0.5594435334205627,1.216183066368103,0.09377805143594742,0.1004471555352211,1.2991943359375,327.9822692871094,0.7852731943130493,0.7852731943130493,0.5042502880096436,0.33692479133605957,8.785632133483887,0.12835510075092316,15.556337356567383,1.4746594429016113,1.9022717475891113,0.11187252402305603,0.11187252402305603,0.0,372.7367248535156,0.15900929272174835,0.15900929272174835,0.09050479531288147,0.04673738405108452,38.84040451049805,0.15510301291942596,17.74936866760254,1.5520641803741455,2.123387336730957
2017,1,41.2457438740521,80.5682373318435,6930.8555,1155.0,4.619967460632324,126.93905639648438,27.377422332763672,24.208833694458008,1.400517225265503,7.800000190734863,15.189409255981445,0.12230860441923141,0.12230860441923141,0.0,243.19126892089844,0.28249606490135193,0.3463178873062134,0.039439380168914795,0.07419294863939285,15.890727996826172,0.20277400314807892,11.580536842346191,0.7524310350418091,1.0336835384368896,0.05712360516190529,0.07962015271186829,894.0333251953125,39.7950553894043,0.19387395679950714,0.2687720060348511,-0.018902743235230446,0.04062161594629288,53.30633544921875,0.27145522832870483,-6.52090311050415,0.1779942512512207,0.3891037404537201,0.07225844264030457,0.09622844308614731,22.463537216186523,187.26707458496094,0.1618664413690567,0.17986787855625153,-0.040794048458337784,0.03855016827583313,72.53157043457031,0.2688841223716736,4.4541497230529785,0.4644189178943634,0.779132604598999,0.1274939477443695,0.14080235362052917,0.0,285.89453125,0.4759044945240021,0.5247867703437805,0.28618669509887695,0.18029354512691498,7.367626190185547,0.20042620599269867,13.614025115966797,1.1756646633148193,1.5679341554641724,0.16349607706069946,0.16349607706069946,0.0,339.47955322265625,0.48443248867988586,0.500215470790863,0.2368757277727127,0.16911670565605164,36.91267395019531,0.21321600675582886,16.165693283081055,1.1995817422866821,1.6782315969467163
2017,1,38.94883862591686,76.31965489823186,6942.6245,1260.0,1.1924200057983398,90.0,26.28546714782715,26.31386375427246,1.3899999856948853,7.300000190734863,11.764738082885742,0.09041669219732285,0.09041669219732285,0.1785798817873001,320.8827209472656,0.4467177987098694,0.6447897553443909,0.16440021991729736,0.1352325826883316,10.971480369567871,0.18417057394981384,15.271625518798828,1.1136797666549683,1.4710769653320312,0.04803343117237091,0.07142886519432068,644.678466796875,109.69751739501953,0.19773337244987488,0.38843676447868347,0.20364385843276978,0.04705369845032692,74.2647933959961,0.22064824402332306,-4.083824157714844,0.23140375316143036,0.795500636100769,0.05951419100165367,0.07431598752737045,26.040956497192383,330.01904296875,0.5470861792564392,0.7885736227035522,0.34181976318359375,0.19813884794712067,49.024452209472656,0.21458281576633453,8.21562385559082,0.6718852519989014,1.435741901397705,0.09931114315986633,0.10645594447851181,0.6016986966133118,383.901123046875,0.7816319465637207,0.7816319465637207,0.5170098543167114,0.3373289108276367,6.901069164276123,0.11633450537919998,18.25235366821289,1.7493029832839966,2.224417209625244,0.11955507844686508,0.11955507844686508,0.0,429.37969970703125,0.16758759319782257,0.16758759319782257,0.09142515808343887,0.049510352313518524,29.91950225830078,0.13654731214046478,20.446651458740234,1.8584226369857788,2.522721529006958
2017,1,41.081889746742185,80.32191658965115,6943.7466,1085.0,1.2302794456481934,270.0,30.94658660888672,20.936946868896484,1.4114094972610474,7.743293285369873,18.431631088256836,0.1156366616487503,0.1156366616487503,0.0,274.3603515625,0.6399861574172974,0.7085099220275879,0.30285197496414185,0.1974831372499466,12.898487091064453,0.19416384398937225,13.064779281616211,0.8631306886672974,1.1808949708938599,0.054915521293878555,0.07527568191289902,786.73681640625,59.84000778198242,0.27565062046051025,0.4313812553882599,0.05548548325896263,0.060217101126909256,48.97821044921875,0.25723785161972046,-5.548830509185791,0.18868139386177063,0.43612125515937805,0.06600568443536758,0.08594142645597458,19.17110252380371,241.0128173828125,0.17913377285003662,0.18909019231796265,-0.03284214809536934,0.04551507532596588,61.59672927856445,0.25296100974082947,5.995721817016602,0.5403274893760681,0.9226841330528259,0.11691996455192566,0.1312151998281479,0.0,320.0785217285156,0.5432371497154236,0.6306900978088379,0.2692570090293884,0.18762211501598358,5.869147777557373,0.19028836488723755,15.241833686828613,1.356796383857727,1.8092228174209595,0.1540166288614273,0.1540166288614273,0.0,374.3165588378906,0.509198784828186,0.69065922498703,0.26476791501045227,0.18302755057811737,31.949466705322266,0.19936875998973846,17.82459831237793,1.3931474685668945,1.9412492513656616
2017,1,39.3269391815417,76.05096730515542,6949.395,1283.0,0.0,-0.0,27.120718002319336,26.21254539489746,1.3799999952316284,7.599999904632568,11.239027976989746,0.10396306216716766,0.10396306216716766,0.1396288275718689,351.9696350097656,0.32133013010025024,0.372673362493515,0.06638413667678833,0.09124819934368134,7.812795639038086,0.17287133634090424,16.75381088256836,1.3063846826553345,1.7223659753799438,0.04984389245510101,0.06864260882139206,569.1240234375,126.69957733154297,0.0570056214928627,0.23062752187252045,0.1766410619020462,0.04828904941678047,85.35121154785156,0.24861402809619904,-3.377285957336426,0.24385511875152588,0.8740857243537903,0.08088739216327667,0.09529387950897217,20.361019134521484,372.14404296875,0.4017498791217804,0.62312251329422,0.1907273530960083,0.11960149556398392,42.10061264038086,0.23409724235534668,9.507648468017578,0.7596860527992249,1.567411184310913,0.11768345534801483,0.1242317333817482,0.47045886516571045,413.37396240234375,0.7621039152145386,0.7621039152145386,0.5014147758483887,0.336085706949234,4.561849594116211,0.13178502023220062,19.662071228027344,1.9237873554229736,2.4043264389038086,0.13345323503017426,0.13345323503017426,0.0,466.6620788574219,0.1849588304758072,0.1849588304758072,0.09304607659578323,0.054209817200899124,19.068058013916016,0.13854995369911194,22.222003936767578,2.1393604278564453,2.7973999977111816
2017,1,38.946145328880576,76.29405073998298,6949.946,1267.0,2.2041659355163574,212.73667907714844,26.606603622436523,25.99892234802246,1.386898398399353,7.599999904632568,11.18139934539795,0.08979649096727371,0.08979649096727371,0.20481082797050476,315.694091796875,0.4614286720752716,0.7260863184928894,0.2073354423046112,0.1517968326807022,11.421409606933594,0.18628129363059998,15.023299217224121,1.0961997509002686,1.4478904008865356,0.04757654294371605,0.07120129466056824,669.7694702148438,107.03927612304688,0.2850320339202881,0.6123909950256348,0.2660047709941864,0.10476131737232208,75.41853332519531,0.2216995805501938,-4.295650005340576,0.22875362634658813,0.7846840023994446,0.059165049344301224,0.07404392212629318,29.866016387939453,323.1749267578125,0.570431649684906,0.8195608854293823,0.3793162405490875,0.22299271821975708,49.56819152832031,0.2163764089345932,7.927267551422119,0.6598666310310364,1.4113646745681763,0.09904421865940094,0.10611959546804428,0.6900800466537476,377.44476318359375,0.8183280229568481,0.8183280229568481,0.5438054203987122,0.3698165714740753,7.086061477661133,0.11834105849266052,17.940698623657227,1.718814492225647,2.1879825592041016,0.11893647909164429,0.11893647909164429,0.0,423.0160217285156,0.16693644225597382,0.16693644225597382,0.09135010838508606,0.049280304461717606,30.807397842407227,0.13909539580345154,20.143619537353516,1.8264532089233398,2.478860855102539
2017,1,36.805281863009625,81.60147793244272,6958.137,1462.0,1.4836138486862183,51.31657409667969,35.227386474609375,20.712697982788086,1.3707677125930786,7.805231094360352,9.657276153564453,0.06069814786314964,0.06069814786314964,0.0,406.58038330078125,0.5630192160606384,0.6394419074058533,0.2220700979232788,0.14443986117839813,1.49625825881958,0.05736371502280235,19.36096954345703,1.586146593093872,1.972842812538147,0.0452914722263813,0.04884229972958565,278.6921691894531,235.31993103027344,0.2006855607032776,0.2907317578792572,0.05280546471476555,0.05605167895555496,18.939565658569336,0.04652858152985573,-0.3310856521129608,0.36613407731056213,1.092568278312683,0.0470949150621891,0.054291438311338425,0.0,545.541748046875,0.39953866600990295,0.5281701683998108,0.1436288058757782,0.11480434983968735,27.0751895904541,0.046657491475343704,14.74437141418457,1.2821141481399536,2.3935201168060303,0.06733398884534836,0.07018660753965378,0.0,494.7878723144531,0.09421353042125702,0.09671030193567276,0.03547446057200432,0.030177993699908257,0.4787209630012512,0.022661006078124046,23.56132698059082,2.522179365158081,2.9259419441223145,0.06856735795736313,0.06856735795736313,0.0,543.3828735351562,0.4367150664329529,0.4501374363899231,0.18097887933254242,0.13680118322372437,8.382209777832031,0.028430411592125893,25.87537384033203,2.7458770275115967,3.7387590408325195
2017,1,36.985300231638284,80.9891853894909,6969.758,1382.0,2.969501495361328,231.3824920654297,39.439422607421875,20.70444107055664,1.3681620359420776,7.641221523284912,12.331344604492188,0.06436760723590851,0.06436760723590851,0.0,401.47760009765625,0.24453268945217133,0.5688955783843994,-4.1398809116799384E-5,0.06516728550195694,1.5006502866744995,0.06415890157222748,19.11798095703125,1.549035906791687,1.934216022491455,0.05098412185907364,0.054209258407354355,271.25018310546875,230.15664672851562,0.37623754143714905,0.43972644209861755,0.09630968421697617,0.10606355220079422,18.451303482055664,0.046472255140542984,-0.31369104981422424,0.3681136965751648,1.0208930969238281,0.056064002215862274,0.06493277847766876,0.0,540.972412109375,0.5014007687568665,0.5506576895713806,0.22646209597587585,0.1604095697402954,24.454742431640625,0.047593701630830765,14.62087631225586,1.2714965343475342,2.368091106414795,0.07516004145145416,0.0779128223657608,0.0,494.64727783203125,0.5693227052688599,0.6263659000396729,0.30553290247917175,0.20446603000164032,0.8454753160476685,0.02279745228588581,23.55463218688965,2.540510654449463,2.9894018173217773,0.07707684487104416,0.07707684487104416,0.0,542.1392211914062,0.26137983798980713,0.2707747220993042,0.03088688850402832,0.08217250555753708,9.23096752166748,0.03023723140358925,25.816152572631836,2.7528696060180664,3.735264778137207
2017,1,38.94264047545257,76.27680293710824,6972.8364,1268.0,2.5572774410247803,111.25048828125,27.189863204956055,24.44928741455078,1.3722106218338013,7.444211483001709,11.982321739196777,0.08925659209489822,0.08925659209489822,0.223465234041214,311.7972106933594,0.4289812445640564,0.6316739916801453,0.17823278903961182,0.127909854054451,11.761146545410156,0.18782369792461395,14.836845397949219,1.0823832750320435,1.429482340812683,0.04722055792808533,0.07104282081127167,688.1057739257812,104.98715209960938,0.32104364037513733,0.3669755160808563,0.11132735759019852,0.06419230997562408,76.21251678466797,0.22227998077869415,-4.451287269592285,0.22679002583026886,0.776430070400238,0.05879086256027222,0.0737302377820015,32.58625030517578,317.9687805175781,0.4260730743408203,0.61005699634552,0.22257140278816223,0.1331682950258255,50.00558090209961,0.21757149696350098,7.713040828704834,0.6505972146987915,1.3928142786026,0.09874776750802994,0.10577350109815598,0.7529333233833313,372.6504821777344,0.6942577958106995,0.6942577958106995,0.4200296103954315,0.28336411714553833,7.232110977172852,0.11963693052530289,17.70940589904785,1.6956872940063477,2.1605584621429443,0.11839599907398224,0.11839599907398224,0.0,418.2447509765625,0.1663534939289093,0.1663534939289093,0.0912848711013794,0.049081701785326004,31.502351760864258,0.14084064960479736,19.916418075561523,1.8016431331634521,2.445469617843628
2017,1,41.69714759189453,82.07309475536042,6984.788,1175.0,1.5498552322387695,126.74761199951172,31.229007720947266,23.365415573120117,1.4096901416778564,8.201024055480957,11.54758071899414,0.1129525750875473,0.1129525750875473,3.294301986694336,303.2668762207031,0.24264754354953766,0.2598581314086914,0.060505833476781845,0.06033812463283539,16.7601375579834,0.16454346477985382,14.284407615661621,0.9912129044532776,1.388960599899292,0.0545622780919075,0.0717574954032898,721.7057495117188,43.14704513549805,0.2340485006570816,0.315743625164032,0.04922258108854294,0.049122098833322525,39.40605545043945,0.207771897315979,-5.179837226867676,0.20592832565307617,0.41183891892433167,0.06262783706188202,0.08356166630983353,31.144052505493164,291.59375,0.24770668148994446,0.36315110325813293,0.0418955497443676,0.06723111867904663,47.389041900634766,0.20116977393627167,7.039181232452393,0.604312002658844,1.0602669715881348,0.1156197041273117,0.12759040296077728,1.596266746520996,359.87213134765625,0.5608603954315186,0.6335147619247437,0.313986599445343,0.1922600269317627,7.80665397644043,0.160142183303833,17.060754776000977,1.5827462673187256,2.0733494758605957,0.15631762146949768,0.15631762146949768,0.18603309988975525,418.6332092285156,0.5437632203102112,0.6142628788948059,0.25687551498413086,0.16757558286190033,30.710111618041992,0.17029792070388794,19.926055908203125,1.701774001121521,2.4044644832611084
2017,1,41.76559925216598,82.14181396169508,6984.961,1230.0,0.9274099469184875,-0.0,28.39940071105957,20.21259307861328,1.395213007926941,8.065594673156738,18.674785614013672,0.1110013797879219,0.1110013797879219,3.986513376235962,293.1690979003906,0.29630935192108154,0.5179386734962463,0.020792383700609207,0.10725153982639313,18.107519149780273,0.17560333013534546,13.770599365234375,0.9644374847412109,1.3511908054351807,0.0522933155298233,0.06879118084907532,779.2688598632812,43.929473876953125,0.19199581444263458,0.39731156826019287,0.12053650617599487,0.06147107854485512,40.968441009521484,0.21751055121421814,-5.613277435302734,0.20051784813404083,0.4070596694946289,0.058812215924263,0.07849510759115219,38.67605972290039,279.2107238769531,0.38544216752052307,0.6496410965919495,0.262265682220459,0.14869920909404755,47.01918411254883,0.20889027416706085,6.500936985015869,0.5901694297790527,1.043778419494629,0.11351069808006287,0.12597624957561493,1.804119348526001,347.6977233886719,0.6945062279701233,0.774482786655426,0.4458569288253784,0.2957536280155182,8.515565872192383,0.1723545491695404,16.47112464904785,1.53885018825531,2.0264432430267334,0.1580727994441986,0.1580727994441986,0.21025677025318146,407.3504333496094,0.5924369096755981,0.7039605975151062,0.35379788279533386,0.19487927854061127,32.932884216308594,0.18264809250831604,19.38762855529785,1.655951738357544,2.3501036167144775
2017,1,39.53553146972084,76.06498225976641,6984.9673,1333.0,2.20961332321167,147.04403686523438,36.792762756347656,24.02439308166504,1.3784828186035156,7.713620662689209,13.526936531066895,0.11188968271017075,0.11188968271017075,0.4208059012889862,378.8316650390625,0.4475783407688141,0.5676477551460266,0.19983243942260742,0.12568433582782745,5.618566036224365,0.16519103944301605,18.01956558227539,1.4323829412460327,1.893546462059021,0.05126900598406792,0.06758810579776764,475.80181884765625,142.306396484375,0.07235902547836304,0.2915259599685669,0.12571947276592255,0.045119382441043854,86.15007019042969,0.2588297426700592,-2.545766592025757,0.2548556923866272,0.9328399300575256,0.08893004804849625,0.10287344455718994,7.551582336425781,409.21417236328125,0.22945165634155273,0.34650981426239014,0.04510974884033203,0.06464184820652008,37.447322845458984,0.23765350878238678,10.855745315551758,0.8309975862503052,1.6949149370193481,0.1255834549665451,0.13261888921260834,0.1911269575357437,442.7945251464844,0.49829939007759094,0.5037458539009094,0.26191380620002747,0.17000490427017212,3.3123998641967773,0.13815541565418243,21.076353073120117,2.083331346511841,2.5853257179260254,0.14219532907009125,0.14219532907009125,0.0,500.04608154296875,0.19558607041835785,0.19558607041835785,0.09308239072561264,0.05716829001903534,12.064412117004395,0.13599321246147156,23.811717987060547,2.3457508087158203,3.0427780151367188
2017,1,39.42207410251696,75.82567122443007,6987.0376,1358.0,3.893406867980957,197.93313598632812,34.555728912353516,25.382720947265625,1.3782819509506226,7.887439727783203,10.436660766601562,0.10002095997333527,0.10002095997333527,0.09417595714330673,345.180908203125,0.6076052188873291,0.6129493117332458,0.27175337076187134,0.18234242498874664,8.09561538696289,0.16632913053035736,16.432701110839844,1.2486690282821655,1.6163485050201416,0.04415547847747803,0.0645521804690361,593.231689453125,109.95697021484375,0.20183609426021576,0.2871219217777252,0.1646772176027298,0.05219423025846481,98.28205108642578,0.25241008400917053,-3.689119815826416,0.24173006415367126,0.8483862280845642,0.0833539068698883,0.09868928790092468,13.732969284057617,347.2214050292969,0.27527928352355957,0.38809525966644287,0.07796076685190201,0.0736587718129158,44.35621643066406,0.2474825531244278,9.013200759887695,0.7052812576293945,1.4448908567428589,0.12026181817054749,0.12564867734909058,0.3173120617866516,403.85833740234375,0.5309035778045654,0.5325484275817871,0.2581075131893158,0.1714552342891693,4.6077470779418945,0.12456211447715759,19.21623992919922,1.8075129985809326,2.273974657058716,0.12965309619903564,0.12965309619903564,0.0,459.086669921875,0.18189312517642975,0.18189312517642975,0.09256280958652496,0.052636709064245224,18.3004207611084,0.12598416209220886,21.861268997192383,2.034895658493042,2.638399839401245
2017,1,41.69472184092146,85.96486438177638,7001.2476,909.0,1.549816608428955,306.7486877441406,37.51627731323242,13.098685264587402,1.399999976158142,8.036969184875488,12.962124824523926,0.10700371861457825,0.10700371861457825,1.060254454612732,376.17181396484375,0.6873777508735657,0.6873777508735657,0.35017916560173035,0.24313895404338837,18.738035202026367,0.09626173973083496,17.862455368041992,1.3427547216415405,1.9199819564819336,0.05053477734327316,0.05772016569972038,501.0154113769531,121.33167266845703,0.2423219084739685,0.33043691515922546,0.014570401981472969,0.06465522944927216,30.954118728637695,0.12714260816574097,-2.8983490467071533,0.23922164738178253,0.6010593175888062,0.05542690306901932,0.06552941352128983,16.455102920532227,395.8908386230469,0.23546956479549408,0.23546956479549408,0.028901532292366028,0.05943853408098221,27.736251831054688,0.10868313163518906,10.255020141601562,0.867107629776001,1.4384820461273193,0.09137918055057526,0.10270338505506516,0.09883821755647659,428.06964111328125,0.14007997512817383,0.16207988560199738,0.01718052849173546,0.0354338213801384,5.034549713134766,0.08772430568933487,20.379562377929688,1.979957103729248,2.6820273399353027,0.12539023160934448,0.12539023160934448,0.0,502.4325256347656,0.6117998957633972,0.6117998957633972,0.27989476919174194,0.2331332117319107,20.1866512298584,0.09505341202020645,23.925357818603516,2.2536497116088867,3.202620506286621
2017,1,39.11269275322678,76.43526601124456,7013.5903,1238.0,0.9274099469184875,180.0,21.594221115112305,29.896343231201172,1.4132996797561646,6.498215675354004,13.73477840423584,0.10323888063430786,0.10323888063430786,0.04507181793451309,368.8394775390625,0.30085331201553345,0.34727272391319275,0.09239998459815979,0.07950033992528915,6.733849048614502,0.17062249779701233,17.5616397857666,1.3425294160842896,1.7888530492782593,0.05461554601788521,0.07341448217630386,458.2147216796875,142.3068389892578,0.15969477593898773,0.2893242835998535,0.4528772830963135,0.04348227381706238,66.93913269042969,0.22814801335334778,-2.411510705947876,0.25328558683395386,0.9094371199607849,0.07155176997184753,0.08521175384521484,6.572483062744141,402.8606872558594,0.41134390234947205,0.6341544389724731,0.23197102546691895,0.13990089297294617,41.14308166503906,0.20820629596710205,10.710492134094238,0.8132766485214233,1.7042012214660645,0.10922645777463913,0.11706581711769104,0.15186287462711334,439.1824035644531,0.6907855868339539,0.6907855868339539,0.4273860454559326,0.2666309177875519,4.634161472320557,0.11822003871202469,20.90621566772461,2.0696017742156982,2.586841344833374,0.13247978687286377,0.13247978687286377,0.0,487.3171081542969,0.18215368688106537,0.18215368688106537,0.09297032654285431,0.054152440279722214,19.798391342163086,0.1312974989414215,23.205575942993164,2.2375874519348145,2.991684675216675
2017,1,38.93455612524268,76.36789345342804,7017.9106,1252.0,2.2040598392486572,147.26760864257812,27.408945083618164,23.751541137695312,1.3943500518798828,7.199999809265137,12.487540245056152,0.09044314175844193,0.09044314175844193,0.13417166471481323,327.4404296875,0.4068780541419983,0.538188099861145,0.1441020518541336,0.11316923797130585,10.415385246276855,0.18094654381275177,15.58601188659668,1.1286457777023315,1.4896894693374634,0.04840761795639992,0.07177538424730301,607.9755249023438,112.31526184082031,0.4097883403301239,0.4138251543045044,0.207139790058136,0.09700082987546921,72.29472351074219,0.2173595130443573,-3.7836661338806152,0.235029935836792,0.8077446222305298,0.058932166546583176,0.0736747458577156,19.56524085998535,337.78668212890625,0.5372166633605957,0.767183780670166,0.3317207396030426,0.2017582356929779,48.638912200927734,0.2110389620065689,8.600579261779785,0.6841421723365784,1.4628040790557861,0.09877793490886688,0.10601744055747986,0.45207175612449646,392.5665283203125,0.8137971758842468,0.8137971758842468,0.5307666659355164,0.37881553173065186,6.732102870941162,0.11162581294775009,18.672117233276367,1.784438133239746,2.268583059310913,0.11956467479467392,0.11956467479467392,0.0,437.51214599609375,0.16747865080833435,0.16747865080833435,0.09142915159463882,0.04953428730368614,29.035282135009766,0.13146597146987915,20.833911895751953,1.8901973962783813,2.5722503662109375
2017,1,41.30260633068564,80.5631138247331,7018.4927,1192.0,1.8543341159820557,180.0,26.142860412597656,22.507177352905273,1.3870357275009155,7.800000190734863,15.766936302185059,0.12322410196065903,0.12322410196065903,0.0,229.45489501953125,0.44650816917419434,0.5350421071052551,0.1275513768196106,0.12612828612327576,16.90625762939453,0.20645193755626678,10.926424026489258,0.7033174633979797,0.9684701561927795,0.05748753249645233,0.08037643134593964,943.9003295898438,30.902099609375,0.23458868265151978,0.41587236523628235,0.028931234031915665,0.05723771080374718,55.93935775756836,0.27752289175987244,-6.969451904296875,0.173163503408432,0.3720383942127228,0.07352080941200256,0.09859395772218704,24.308929443359375,162.29542541503906,0.24784888327121735,0.2514086663722992,0.012842459604144096,0.06382638216018677,76.9043197631836,0.2758445143699646,3.7293646335601807,0.42540740966796875,0.7152209281921387,0.12999024987220764,0.14283806085586548,0.0,269.35662841796875,0.6166887283325195,0.636972188949585,0.38454943895339966,0.22581076622009277,7.834661960601807,0.20445388555526733,12.826505661010742,1.0858919620513916,1.4525814056396484,0.16492903232574463,0.16492903232574463,0.0,323.6690979003906,0.6479368209838867,0.6486361026763916,0.3618493676185608,0.22330410778522491,39.21595764160156,0.21756036579608917,15.412813186645508,1.1078441143035889,1.5574501752853394
2017,1,38.66102148932115,76.45682576483796,7039.7515,1326.0,1.1876194477081299,90.0,29.76503562927246,26.782636642456055,1.4014098644256592,7.306814670562744,11.388261795043945,0.07402051985263824,0.07402051985263824,0.06519091874361038,300.7401428222656,0.49139347672462463,0.6757011413574219,0.2309636026620865,0.13774998486042023,12.871097564697266,0.18054407835006714,14.317853927612305,0.9130146503448486,1.1766458749771118,0.041568443179130554,0.0707431510090828,652.5230102539062,83.4271240234375,0.23374344408512115,0.40457096695899963,0.06056424230337143,0.050737034529447556,72.27406311035156,0.19085043668746948,-4.34424352645874,0.22627180814743042,0.7259137034416199,0.04083668440580368,0.05679081007838249,9.50629997253418,284.4354248046875,0.268606036901474,0.39255061745643616,0.02818821743130684,0.06683766841888428,56.77238464355469,0.2015586793422699,7.430516719818115,0.5652032494544983,1.255329966545105,0.08363538235425949,0.09039683640003204,0.2196512371301651,367.4768371582031,0.7001953125,0.7001953125,0.3230246305465698,0.20737063884735107,8.71438217163086,0.08380487561225891,17.48843765258789,1.5544401407241821,2.0316860675811768,0.10293541848659515,0.10293541848659515,0.0,406.4150390625,0.14820913970470428,0.14820913970470428,0.08945366740226746,0.04365207254886627,37.118900299072266,0.11025971919298172,19.353097915649414,1.5689773559570312,2.2263593673706055
2017,1,41.3373694824983,80.71996270428805,7044.837,1196.0,0.0,-0.0,30.37799644470215,25.019014358520508,1.4007974863052368,7.7939772605896,18.72296142578125,0.12378381937742233,0.12378381937742233,0.0,236.92361450195312,0.3381282389163971,0.35990580916404724,0.06214557960629463,0.09112802147865295,17.225488662719727,0.19246752560138702,11.282076835632324,0.724422037601471,1.0106276273727417,0.05771002545952797,0.08083880692720413,912.2265625,26.468524932861328,0.2792574167251587,0.440694123506546,0.0575081929564476,0.07669009268283844,54.11090850830078,0.26120051741600037,-6.76151180267334,0.17649772763252258,0.3672732412815094,0.07429259270429611,0.10004016757011414,21.11639976501465,171.4147186279297,0.23511216044425964,0.23511216044425964,0.03084210865199566,0.06218225136399269,75.6561508178711,0.26135963201522827,4.062116622924805,0.43281203508377075,0.72543865442276,0.13151642680168152,0.14408265054225922,0.0,278.81390380859375,0.5461882948875427,0.5868059396743774,0.29845839738845825,0.20822177827358246,7.957975387573242,0.18938198685646057,13.276853561401367,1.1186089515686035,1.486611247062683,0.16580510139465332,0.16580510139465332,0.0,334.11328125,0.4134810268878937,0.49706122279167175,0.18476887047290802,0.1397845447063446,38.495182037353516,0.20154649019241333,15.91015625,1.1570422649383545,1.630854845046997
2017,1,39.20378326954657,76.12184471639995,7047.893,1278.0,0.0,-0.0,28.014944076538086,29.213777542114258,1.3998438119888306,7.623327732086182,13.015388488769531,0.10000459849834442,0.10000459849834442,0.20103444159030914,336.33978271484375,0.6251369714736938,0.7620968222618103,0.32388216257095337,0.22502557933330536,9.347528457641602,0.18052801489830017,16.006607055664062,1.2362425327301025,1.6357519626617432,0.049626462161540985,0.06975270062685013,626.1124877929688,120.7709732055664,0.06804300099611282,0.20607151091098785,0.19793248176574707,0.0380377396941185,81.93645477294922,0.2421145886182785,-3.8575687408447266,0.23655575513839722,0.8398512005805969,0.07411738485097885,0.08859025686979294,29.315336227416992,354.0770568847656,0.44885507225990295,0.7221223711967468,0.2647342085838318,0.15763874351978302,44.45077133178711,0.22937385737895966,8.77734375,0.7261332273483276,1.5140388011932373,0.11183632910251617,0.1186395213007927,0.6773560643196106,396.59796142578125,0.7323490381240845,0.7323490381240845,0.4864146113395691,0.313184916973114,5.485846519470215,0.13218440115451813,18.853363037109375,1.8477916717529297,2.3196821212768555,0.12937721610069275,0.12937721610069275,0.0,447.58612060546875,0.1797625720500946,0.1797625720500946,0.09257311373949051,0.05284896865487099,23.5780086517334,0.14441101253032684,21.31362533569336,2.030151128768921,2.6802175045013428
2017,1,41.14656900752241,79.79020446183617,7048.787,1198.0,2.6303369998931885,290.6320495605469,26.016820907592773,21.6063289642334,1.4181538820266724,7.699999809265137,13.055720329284668,0.10182273387908936,0.10182273387908936,0.0,256.7242736816406,0.46623891592025757,0.4932364821434021,0.11425937712192535,0.107719287276268,13.252957344055176,0.17641256749629974,12.22496509552002,0.8056678175926208,1.1242166757583618,0.04989337921142578,0.06821996718645096,882.651611328125,38.686012268066406,0.2077489048242569,0.2918277382850647,0.017650136724114418,0.039218660444021225,56.67252731323242,0.24239078164100647,-6.442485332489014,0.18134449422359467,0.4167458415031433,0.05702124536037445,0.07509898394346237,22.498788833618164,194.67811584472656,0.27508988976478577,0.30267995595932007,0.04226431995630264,0.06811050325632095,64.04109954833984,0.24141009151935577,4.6534953117370605,0.4520028233528137,0.8290281891822815,0.10707072913646698,0.12003082782030106,0.0,288.0994567871094,0.6675049066543579,0.6683389544487,0.4172121584415436,0.29238343238830566,5.34332275390625,0.17360521852970123,13.719021797180176,1.167534589767456,1.5780152082443237,0.13729044795036316,0.13729044795036316,0.0,353.7084045410156,0.5780780911445618,0.615386426448822,0.31997328996658325,0.21561428904533386,35.726409912109375,0.1711796075105667,16.843257904052734,1.258837342262268,1.7946228981018066
2017,1,41.55997226618738,86.02334549209232,7061.337,903.0,2.229879379272461,213.75146484375,40.48846435546875,13.558493614196777,1.3899999856948853,8.053468704223633,14.297714233398438,0.10717877000570297,0.10717877000570297,0.2913239598274231,408.9266052246094,0.7058783173561096,0.7058783173561096,0.32618850469589233,0.21303467452526093,18.214569091796875,0.07039761543273926,19.45882225036621,1.4656009674072266,2.0834248065948486,0.05317326635122299,0.058882907032966614,361.4657287597656,140.3784637451172,0.30701228976249695,0.39395833015441895,-0.018601974472403526,0.06540900468826294,27.39043426513672,0.09561789035797119,-1.687689185142517,0.2572568953037262,0.6529117822647095,0.0584896057844162,0.06617623567581177,4.675904750823975,449.7130126953125,0.2913127541542053,0.2913127541542053,0.037951432168483734,0.07380860298871994,23.567276000976562,0.07727812230587006,12.028030395507812,0.9620352983474731,1.5794885158538818,0.08838052302598953,0.09965334832668304,0.027157578617334366,466.6123046875,0.5329765677452087,0.5329765677452087,0.24361994862556458,0.19833745062351227,3.0208303928375244,0.05750414356589317,22.218339920043945,2.181109666824341,2.939910411834717,0.11820517480373383,0.11820517480373383,0.0,539.7926635742188,0.6620405316352844,0.6620405316352844,0.30575284361839294,0.2335910201072693,14.5963773727417,0.06523581594228745,25.70441246032715,2.474358558654785,3.5162086486816406
2017,1,41.820843055117116,83.0629483027096,7104.979,1186.0,4.79036283493042,195.02267456054688,34.98798370361328,21.918642044067383,1.3501924276351929,8.199999809265137,7.980245590209961,0.12418077141046524,0.12418077141046524,2.600172758102417,322.9416198730469,0.33279484510421753,0.4244675636291504,0.11008801311254501,0.09403052926063538,14.291787147521973,0.14003470540046692,15.254354476928711,1.1491377353668213,1.606300950050354,0.05093728005886078,0.06522949784994125,714.2970581054688,76.5003890991211,0.14335224032402039,0.3237803280353546,0.00660474831238389,0.04133380949497223,35.09123229980469,0.1752026379108429,-4.868677139282227,0.21463313698768616,0.4714432954788208,0.06155131012201309,0.07879377901554108,31.963300704956055,325.5002746582031,0.4648539423942566,0.4648539423942566,0.16991384327411652,0.1184590682387352,33.486507415771484,0.16240428388118744,7.933431625366211,0.7214552164077759,1.2795851230621338,0.11484771966934204,0.130239799618721,0.0,380.1287841796875,0.4501745104789734,0.4501745104789734,0.2771877348423004,0.15718203783035278,6.5575032234191895,0.1400216817855835,18.101369857788086,1.7759557962417603,2.344057083129883,0.16572293639183044,0.16572293639183044,0.0,442.2126770019531,0.4456500709056854,0.4456500709056854,0.22326897084712982,0.14028812944889069,27.939016342163086,0.1530533879995346,21.05774688720703,1.9247629642486572,2.7544572353363037
2017,1,39.85110651037425,78.88389663182434,7125.44,1107.0,1.5227268934249878,127.51399993896484,22.489038467407227,30.711214065551758,1.3799999952316284,7.199999809265137,13.852213859558105,0.08897513151168823,0.08897513151168823,0.0,404.4507751464844,0.3914927840232849,0.6382063627243042,0.12468637526035309,0.11389866471290588,2.8217551708221436,0.05698488652706146,19.259559631347656,1.5770864486694336,2.166656494140625,0.058278683573007584,0.06625258177518845,437.66741943359375,182.54136657714844,0.3465069532394409,0.48877325654029846,0.15683019161224365,0.07662082463502884,30.790151596069336,0.09032366424798965,-1.9475271701812744,0.28440913558006287,0.7260467410087585,0.06251078099012375,0.07161866128444672,1.0003963708877563,495.2200012207031,0.19033308327198029,0.19033308327198029,0.1344716101884842,0.06652998924255371,22.115081787109375,0.07452312856912613,13.357287406921387,1.109478235244751,2.120673179626465,0.08848291635513306,0.09774580597877502,0.0,485.8764343261719,0.48384350538253784,0.5278206467628479,0.3191677927970886,0.17087839543819427,2.475081205368042,0.040071163326501846,23.136972427368164,2.463135242462158,3.054464101791382,0.1116296797990799,0.1116296797990799,0.0,539.8340454101562,0.18919159471988678,0.36728420853614807,0.07963846623897552,0.060497887432575226,13.061972618103027,0.03480661287903786,25.706382751464844,2.70206618309021,3.5167009830474854
2017,1,38.863411167934935,76.17439522231481,7129.325,1337.0,1.1909935474395752,90.0,27.882890701293945,26.10238265991211,1.4056923389434814,7.599999904632568,12.686367988586426,0.08309763669967651,0.08309763669967651,0.37210506200790405,277.1402587890625,0.45105069875717163,0.7066648006439209,0.20524005591869354,0.14460045099258423,14.836398124694824,0.20115673542022705,13.179435729980469,0.9472057819366455,1.249362587928772,0.04406214877963066,0.07009211927652359,841.193115234375,86.29903411865234,0.32219889760017395,0.3819248676300049,0.15117107331752777,0.06958232820034027,81.17215728759766,0.22300878167152405,-5.762550354003906,0.2098054140806198,0.7009606957435608,0.05300336331129074,0.06849068403244019,54.26127243041992,271.1640930175781,0.5071711540222168,0.7731485366821289,0.3247939944267273,0.1893068104982376,54.410152435302734,0.22448410093784332,5.862238883972168,0.5652263164520264,1.227692723274231,0.09398014098405838,0.10067308694124222,1.253753423690796,331.1943664550781,0.7530938982963562,0.7530938982963562,0.46211376786231995,0.3157687187194824,8.687809944152832,0.12734393775463104,15.711457252502441,1.489368200302124,1.9198390245437622,0.11218764632940292,0.11218764632940292,0.0,375.93890380859375,0.15935564041137695,0.15935564041137695,0.09054268151521683,0.04685206711292267,38.36422348022461,0.1537451446056366,17.901853561401367,1.5678868293762207,2.1446754932403564
2017,1,39.42961890149939,75.7874032191894,7131.1714,1376.0,1.5169202089309692,52.317352294921875,34.40922927856445,26.022964477539062,1.3937315940856934,7.86728572845459,12.17540454864502,0.09884403645992279,0.09884403645992279,0.0898662805557251,342.4463195800781,0.5348836779594421,0.5489102005958557,0.2082623988389969,0.14443817734718323,8.287637710571289,0.1656581461429596,16.30268669128418,1.2305665016174316,1.5869182348251343,0.04298322647809982,0.06383048743009567,602.8244018554688,106.03585052490234,0.16333597898483276,0.36985522508621216,0.1719864308834076,0.0538158155977726,100.55559539794922,0.25250551104545593,-3.792279005050659,0.24067680537700653,0.8401493430137634,0.08320502936840057,0.0987347960472107,13.104520797729492,340.5852355957031,0.4411972463130951,0.5163208842277527,0.17055940628051758,0.045953359454870224,45.03054428100586,0.2496946156024933,8.850830078125,0.6912609338760376,1.4154044389724731,0.12022393941879272,0.125400111079216,0.3027912378311157,400.50042724609375,0.5928469300270081,0.5941291451454163,0.290113627910614,0.2006777971982956,4.701212406158447,0.12303759902715683,19.057029724121094,1.7773154973983765,2.240265369415283,0.12849366664886475,0.12849366664886475,0.0,455.89630126953125,0.6052541136741638,0.6055272221565247,0.2917976379394531,0.19240465760231018,18.553438186645508,0.12388039380311966,21.709346771240234,2.003898859024048,2.5958805084228516
2017,1,37.0003942887042,80.98244768779915,7144.853,1375.0,1.4859305620193481,51.388099670410156,43.42719650268555,19.25905990600586,1.369825839996338,7.712973117828369,12.264575958251953,0.06467220187187195,0.06467220187187195,0.0,402.5253601074219,0.19576330482959747,0.3857405483722687,-0.028958918526768684,0.05095267295837402,1.494745135307312,0.06315242499113083,19.16787338256836,1.5561045408248901,1.9414912462234497,0.05119415745139122,0.05437278747558594,270.6637268066406,231.330322265625,0.42665430903434753,0.52069491147995,0.17398907244205475,0.12154977768659592,18.181217193603516,0.04579954966902733,-0.3002550005912781,0.36877018213272095,1.018805742263794,0.05666797235608101,0.0656537264585495,0.0,542.8453369140625,0.5410627126693726,0.5678887367248535,0.26655134558677673,0.16332145035266876,24.24337387084961,0.046974457800388336,14.671496391296387,1.2770271301269531,2.3769278526306152,0.07559549063444138,0.078318752348423,0.0,495.8984680175781,0.545016348361969,0.6133800148963928,0.28831297159194946,0.18675579130649567,0.8318177461624146,0.02236826904118061,23.614212036132812,2.551386594772339,3.0014426708221436,0.07745406776666641,0.07745406776666641,0.0,543.48291015625,0.2594617009162903,0.265032023191452,0.011452436447143555,0.08278889954090118,9.10607624053955,0.029689574614167213,25.880138397216797,2.7656986713409424,3.749335765838623
2017,1,41.887676061706166,85.54418387019219,7159.9,925.0,2.7802884578704834,180.0,36.98318099975586,18.822816848754883,1.343355417251587,7.84237813949585,14.092520713806152,0.10044544190168381,0.10044544190168381,3.7660579681396484,317.19500732421875,0.4327324330806732,0.44786912202835083,0.12571661174297333,0.08233430981636047,17.090469360351562,0.13080798089504242,14.925188064575195,1.188520073890686,1.7326362133026123,0.04101678729057312,0.053857073187828064,795.3353881835938,97.9468994140625,0.16878429055213928,0.2306850254535675,0.028140123933553696,0.03563513606786728,38.62381362915039,0.17063364386558533,-5.3235764503479,0.2029082477092743,0.5078034400939941,0.045009370893239975,0.05972212553024292,51.279972076416016,315.2178649902344,0.3424852192401886,0.4141239523887634,0.13547486066818237,0.089105986058712,35.57133483886719,0.15192322432994843,7.133456707000732,0.7369385361671448,1.2626453638076782,0.0912260189652443,0.10179002583026886,0.35107654333114624,357.8721008300781,0.5355633497238159,0.5355633497238159,0.26000359654426575,0.15203915536403656,8.274225234985352,0.13391686975955963,17.024810791015625,1.6847290992736816,2.279705047607422,0.1320754438638687,0.1320754438638687,0.0,434.9230651855469,0.48877695202827454,0.4948526620864868,0.1972096562385559,0.15001124143600464,31.618465423583984,0.1382608413696289,20.710622787475586,1.9589338302612305,2.8013038635253906
2017,1,40.354525642005136,80.09015035329725,7177.2617,1050.0,0.9274099469184875,180.0,17.78151512145996,30.70983123779297,1.3644782304763794,7.199999809265137,13.22426700592041,0.104250967502594,0.104250967502594,0.0,404.4447326660156,0.5449110269546509,0.6111161708831787,0.25328004360198975,0.1610199213027954,3.3050661087036133,0.1324235051870346,19.259273529052734,1.371299147605896,1.8817099332809448,0.05672764033079147,0.06885523349046707,305.8648376464844,145.782958984375,0.2623654007911682,0.3177349865436554,0.06448642909526825,0.06358353048563004,25.800636291503906,0.16010546684265137,-1.2219990491867065,0.2541843056678772,0.6482913494110107,0.059624094516038895,0.06868003308773041,0.0,483.84820556640625,0.1573341339826584,0.1573341339826584,-0.017204156145453453,0.03964556008577347,26.000255584716797,0.1536569595336914,13.07697868347168,0.9363518357276917,1.6558043956756592,0.0911891832947731,0.10623727738857269,0.0,481.9571228027344,0.3646736443042755,0.41215547919273376,0.18742650747299194,0.11722638458013535,2.4210715293884277,0.10805407911539078,22.95033836364746,2.2513017654418945,2.922280788421631,0.12923891842365265,0.12923891842365265,0.0,526.7943725585938,0.4928920567035675,0.5451973676681519,0.25207215547561646,0.17478352785110474,14.91200065612793,0.11864715814590454,25.085445404052734,2.329665184020996,3.1647348403930664
2017,1,41.22660987143176,80.26532613818188,7209.5767,1135.0,3.040644884109497,203.90284729003906,29.635967254638672,19.66970443725586,1.4108814001083374,7.805558681488037,15.064159393310547,0.11459919065237045,0.11459919065237045,0.0,241.4896697998047,0.7277177572250366,0.7878836393356323,0.37433409690856934,0.2512635290622711,15.214425086975098,0.1996326595544815,11.499507904052734,0.7491880655288696,1.0307358503341675,0.054010678082704544,0.07543565332889557,916.8701171875,38.14207077026367,0.29331174492836,0.3853664696216583,0.054934434592723846,0.05941009894013405,55.6641960144043,0.2698917090892792,-6.707847595214844,0.17609941959381104,0.3924880921840668,0.0664510503411293,0.08850808441638947,24.081151962280273,179.13833618164062,0.17919379472732544,0.17919379472732544,-0.018030423671007156,0.04797262325882912,70.85179901123047,0.2671433687210083,4.190734386444092,0.4466984272003174,0.7707651257514954,0.12027446925640106,0.13344059884548187,0.0,278.47100830078125,0.6541013717651367,0.6541013717651367,0.3878813087940216,0.2689090073108673,6.69672155380249,0.19902260601520538,13.260523796081543,1.1352949142456055,1.525093913078308,0.15419404208660126,0.15419404208660126,0.0,336.5821228027344,0.2092033475637436,0.2092033475637436,0.10852714627981186,0.06287837773561478,37.01129150390625,0.2063176929950714,16.027719497680664,1.1783368587493896,1.660176396369934
2017,1,41.68717258283797,86.05460824957804,7215.427,917.0,1.8543341159820557,-0.0,38.222145080566406,13.111907958984375,1.4084819555282593,8.067900657653809,14.302172660827637,0.10913892835378647,0.10913892835378647,0.8470962047576904,377.6978454589844,0.6860079765319824,0.6860079765319824,0.31188997626304626,0.22812709212303162,19.843088150024414,0.09820408374071121,17.94527244567871,1.3305984735488892,1.9011837244033813,0.051543038338422775,0.058258116245269775,482.2918701171875,120.90734100341797,0.2538910210132599,0.288370281457901,-0.030909109860658646,0.04610498994588852,30.062376022338867,0.12683458626270294,-2.7586605548858643,0.24192771315574646,0.6061471104621887,0.05631972849369049,0.06615575402975082,13.884998321533203,395.8787841796875,0.18945708870887756,0.18945708870887756,-0.0035991501063108444,0.04815378412604332,27.26241111755371,0.10915817320346832,10.324156761169434,0.8642494082450867,1.4243955612182617,0.09226778149604797,0.10383962094783783,0.07896734774112701,430.21380615234375,0.14136458933353424,0.1635366976261139,0.014676804654300213,0.03560902178287506,4.941468715667725,0.08768317103385925,20.48261070251465,1.9763206243515015,2.6798837184906006,0.12639014422893524,0.12639014422893524,0.0,504.0535583496094,0.41392436623573303,0.41392436623573303,0.12983427941799164,0.1491938680410385,19.870691299438477,0.09582728892564774,24.00255012512207,2.237194538116455,3.17657470703125
2017,1,39.33826083911639,76.1412462650835,7219.7734,1264.0,1.515677809715271,232.2810516357422,36.38257598876953,24.091718673706055,1.390791893005371,7.158749580383301,12.813996315002441,0.10767275094985962,0.10767275094985962,0.10409878194332123,366.3888854980469,0.18642093241214752,0.19015994668006897,0.03929652273654938,0.04935853183269501,6.613978862762451,0.17011824250221252,17.4421329498291,1.3749216794967651,1.8222734928131104,0.0526500940322876,0.07007348537445068,509.6729736328125,138.43997192382812,0.2279081493616104,0.3554474413394928,0.20728570222854614,0.06311855465173721,80.2913818359375,0.2483479529619217,-2.8338396549224854,0.25044718384742737,0.9092203974723816,0.0828523114323616,0.0967862457036972,15.179939270019531,396.38665771484375,0.4087885618209839,0.656245231628418,0.2372833788394928,0.1308899223804474,39.728309631347656,0.22860924899578094,10.302885055541992,0.8070467710494995,1.6627212762832642,0.11916741728782654,0.12614990770816803,0.3507455587387085,430.7361755371094,0.7061173915863037,0.7061173915863037,0.4315055012702942,0.2742665708065033,3.98730731010437,0.13211111724376678,20.494543075561523,2.0321431159973145,2.5281989574432373,0.1371498852968216,0.1371498852968216,0.0,484.02197265625,0.18882544338703156,0.18882544338703156,0.09349513798952103,0.05558876693248749,16.664297103881836,0.13828647136688232,23.04866600036621,2.2572007179260254,2.953002452850342
2017,1,39.570022616369236,78.2961291446665,7221.826,1132.0,0.0,-0.0,15.852840423583984,28.04033851623535,1.4217084646224976,6.599999904632568,13.453664779663086,0.1136062741279602,0.1136062741279602,0.2716839611530304,442.4383850097656,0.3598100244998932,0.3891201913356781,0.11567316204309464,0.09985357522964478,1.128913164138794,0.030469128862023354,21.055557250976562,1.8364582061767578,2.4928901195526123,0.0680127814412117,0.0738905668258667,355.698486328125,241.23963928222656,0.24702188372612,0.29739028215408325,0.05986636132001877,0.05159619450569153,29.839738845825195,0.08775345981121063,-0.8737316727638245,0.3041874170303345,0.8148239850997925,0.07539020478725433,0.08668632805347443,3.7966136932373047,574.4541625976562,0.34226489067077637,0.35136547684669495,0.18310265243053436,0.07668821513652802,13.189536094665527,0.04058549925684929,15.423177719116211,1.3034679889678955,2.460810661315918,0.1112685278058052,0.12393605709075928,0.1245725154876709,531.426513671875,0.38883519172668457,0.4757336974143982,0.2256801575422287,0.12833069264888763,0.7782595753669739,0.02380277030169964,25.300090789794922,2.8455004692077637,3.431030750274658,0.14635565876960754,0.14635565876960754,0.0,584.9349365234375,0.3433634042739868,0.5148604512214661,0.17336106300354004,0.12780486047267914,4.998805046081543,0.02236083894968033,27.85404396057129,3.1270194053649902,4.002167224884033
2017,1,39.2908293812109,76.21508897852856,7248.659,1258.0,4.6273674964904785,-0.0,27.899999618530273,22.600000381469727,1.340000033378601,7.599999904632568,28.399999618530273,0.10759191960096359,0.10759191960096359,0.10694582760334015,367.06500244140625,0.5289298295974731,0.7273595929145813,0.2799007296562195,0.16914163529872894,6.651291847229004,0.17155039310455322,17.474193572998047,1.3770833015441895,1.8312208652496338,0.053774330765008926,0.07116790860891342,502.2331237792969,141.28660583496094,0.12465080618858337,0.23080584406852722,0.1321198046207428,0.03344644233584404,76.50267028808594,0.2450496107339859,-2.755316734313965,0.25079992413520813,0.9117982983589172,0.08081464469432831,0.09457196295261383,15.59510326385498,400.3020935058594,0.3122979402542114,0.5133191347122192,0.17252463102340698,0.08708447962999344,39.644344329833984,0.22384922206401825,10.397485733032227,0.8149101734161377,1.6846858263015747,0.11731509119272232,0.12459471821784973,0.3603382706642151,432.5085754394531,0.6999625563621521,0.6999625563621521,0.43660852313041687,0.2786681354045868,4.09804105758667,0.13161210715770721,20.578487396240234,2.0516421794891357,2.5520708560943604,0.13701322674751282,0.13701322674751282,0.0,484.771240234375,0.18828429281711578,0.18828429281711578,0.09348800778388977,0.055605921894311905,17.3587703704834,0.13969698548316956,23.0843448638916,2.266554117202759,2.9775843620300293
2017,1,41.64917658276157,86.13060470883191,7249.1523,919.0,0.0,-0.0,43.15544891357422,12.496461868286133,1.399999976158142,8.100000381469727,15.421154022216797,0.11075051128864288,0.11075051128864288,0.5608693361282349,385.95928955078125,0.6747763752937317,0.6747763752937317,0.33411651849746704,0.2021183967590332,20.578100204467773,0.09386632591485977,18.352304458618164,1.3491016626358032,1.9243541955947876,0.052756957709789276,0.05889112129807472,438.43231201171875,125.08321380615234,0.2615768313407898,0.37040403485298157,0.027292365208268166,0.06300074607133865,28.586719512939453,0.11926580965518951,-2.3919780254364014,0.24792994558811188,0.6215755343437195,0.05751548334956169,0.06661956012248993,9.792854309082031,408.0210876464844,0.2598734498023987,0.3579009473323822,0.07011937350034714,0.0729081854224205,25.981273651123047,0.10230021178722382,10.762925148010254,0.883756160736084,1.4455745220184326,0.09214772284030914,0.10388515889644623,0.05228492617607117,440.2025451660156,0.14061178267002106,0.1629798859357834,0.009756856597959995,0.035377971827983856,4.415700912475586,0.08086643368005753,20.959537506103516,2.0188496112823486,2.7354748249053955,0.1254495084285736,0.1254495084285736,0.0,513.360107421875,0.7598022222518921,0.7598022222518921,0.3962150514125824,0.31301507353782654,18.477487564086914,0.0897025316953659,24.445720672607422,2.2743191719055176,3.2278177738189697
2017,1,36.953769928089365,81.2845517841701,7267.2495,1400.0,1.1604779958724976,270.0,35.371734619140625,20.414289474487305,1.3621171712875366,7.6130900382995605,10.619146347045898,0.062335167080163956,0.062335167080163956,0.0,411.1999816894531,0.3716629445552826,0.48781466484069824,0.057834334671497345,0.08818890154361725,1.3991461992263794,0.055445875972509384,19.580951690673828,1.6117135286331177,2.0075111389160156,0.04837992414832115,0.051605094224214554,269.1288757324219,242.1746063232422,0.19440262019634247,0.2629947066307068,0.031195050105452538,0.049588337540626526,17.61046600341797,0.043586064130067825,-0.205757737159729,0.3716479241847992,1.0604045391082764,0.05208684131503105,0.05997178703546524,0.0,556.6845703125,0.39897269010543823,0.4652578830718994,0.15910491347312927,0.12659096717834473,25.191572189331055,0.044827934354543686,15.04552936553955,1.3135803937911987,2.4501476287841797,0.07085484266281128,0.07348708063364029,0.0,503.5254211425781,0.4913500249385834,0.49841606616973877,0.24731364846229553,0.16570141911506653,0.5015528798103333,0.020894261077046394,23.977401733398438,2.5994198322296143,3.023245096206665,0.07239960879087448,0.07239960879087448,0.0,552.0396728515625,0.3210005462169647,0.3252764940261841,0.061223700642585754,0.10971509665250778,7.762169361114502,0.026566270738840103,26.28760528564453,2.8311026096343994,3.828585386276245
2017,1,41.71466294083247,85.82392111567906,7272.9507,900.0,2.2315335273742676,326.1849670410156,40.35011291503906,11.925023078918457,1.399999976158142,8.006597518920898,12.904367446899414,0.10381484031677246,0.10381484031677246,1.4765303134918213,371.2624816894531,0.6497213840484619,0.6828868389129639,0.33726441860198975,0.15096817910671234,17.170982360839844,0.095328688621521,17.608854293823242,1.3516020774841309,1.9361294507980347,0.04872177913784981,0.05681027099490166,540.438720703125,120.7565689086914,0.218392014503479,0.34192541241645813,0.06749710440635681,0.04284866154193878,32.5263786315918,0.12968164682388306,-3.2036805152893066,0.23382063210010529,0.5896854996681213,0.05372650548815727,0.06441104412078857,21.58440399169922,391.9825744628906,0.33602866530418396,0.5039002299308777,0.08522514253854752,0.08678235858678818,28.753890991210938,0.11015301942825317,10.010761260986328,0.8646095395088196,1.4488730430603027,0.09018145501613617,0.10113605111837387,0.137643963098526,421.7851257324219,0.5234161615371704,0.5234161615371704,0.1948365867137909,0.1460873782634735,5.317361831665039,0.0900251641869545,20.07845115661621,1.9704915285110474,2.6653809547424316,0.12437377870082855,0.12437377870082855,0.0,496.98309326171875,0.6223729252815247,0.6223729252815247,0.26430991291999817,0.2172892838716507,21.163196563720703,0.09611359983682632,23.665861129760742,2.2614543437957764,3.21812105178833
2017,1,41.153306709214164,79.77403576141637,7273.8345,1204.0,2.2256057262420654,33.58629608154297,26.73683738708496,20.503944396972656,1.409999966621399,7.800000190734863,14.600871086120605,0.10120061039924622,0.10120061039924622,0.0,255.35008239746094,0.6527131795883179,0.6892964839935303,0.24269302189350128,0.1809113770723343,13.319592475891113,0.17613975703716278,12.159527778625488,0.8011257648468018,1.1185050010681152,0.049575675278902054,0.0679248794913292,889.5447387695312,37.59346389770508,0.21221967041492462,0.3112572133541107,-0.003644434968009591,0.041306931525468826,57.056583404541016,0.24260587990283966,-6.503444671630859,0.18067727982997894,0.41468125581741333,0.05659506469964981,0.07465344667434692,22.769969940185547,191.6412353515625,0.2529173791408539,0.2603023946285248,0.012986863031983376,0.0630369633436203,64.24738311767578,0.24165210127830505,4.564088344573975,0.4472768008708954,0.8221577405929565,0.1067233607172966,0.11962442845106125,0.0,285.9764709472656,0.7429854273796082,0.7504673600196838,0.46018722653388977,0.3417735993862152,5.328465938568115,0.17375245690345764,13.617926597595215,1.1562200784683228,1.5638099908828735,0.13666540384292603,0.13666540384292603,0.0,352.1238708496094,0.5870073437690735,0.6157394051551819,0.32826951146125793,0.2192399650812149,35.88990020751953,0.17080029845237732,16.767803192138672,1.2496715784072876,1.783288836479187
2017,1,39.276814426599906,76.30752614336649,7283.0723,1256.0,3.0266611576080322,156.70278930664062,22.8929386138916,27.427906036376953,1.399999976158142,7.099999904632568,10.320940971374512,0.1097894236445427,0.1097894236445427,0.077107734978199,377.3802490234375,0.5703379511833191,0.7643704414367676,0.2821413576602936,0.19191709160804749,5.826650619506836,0.16974304616451263,17.966815948486328,1.4222023487091064,1.8984867334365845,0.05596121773123741,0.0725136324763298,455.8498840332031,149.9626922607422,0.008524390868842602,0.2661934792995453,0.16340605914592743,0.007401407230645418,71.61318969726562,0.24293115735054016,-2.3350167274475098,0.2556684613227844,0.936474621295929,0.08109580725431442,0.09449049085378647,11.244038581848145,417.9880676269531,0.5052996277809143,0.7813116312026978,0.31262534856796265,0.18192636966705322,38.10789108276367,0.21799509227275848,10.993082046508789,0.8489099740982056,1.7559468746185303,0.11738873273134232,0.1250612586736679,0.2598032057285309,445.45794677734375,0.8013339638710022,0.8013339638710022,0.5443291664123535,0.3507276177406311,3.7590510845184326,0.13059796392917633,21.19991111755371,2.131537437438965,2.644871473312378,0.13917818665504456,0.13917818665504456,0.0,497.2171936035156,0.19037257134914398,0.19037257134914398,0.09375520050525665,0.05644365772604942,15.989395141601562,0.13897016644477844,23.67700958251953,2.3475701808929443,3.0908241271972656
2017,1,39.27115582736308,76.41775066230662,7287.0776,1247.0,2.394737720489502,90.0,19.878984451293945,25.866910934448242,1.3682236671447754,7.492485523223877,10.554254531860352,0.11297959834337234,0.11297959834337234,0.033815834671258926,391.95477294921875,0.14600202441215515,0.18741518259048462,0.04646145552396774,0.0372932143509388,4.63425874710083,0.16674628853797913,18.66290283203125,1.4863649606704712,1.992457389831543,0.05876701697707176,0.07411690801382065,391.7369079589844,161.56825256347656,0.01703631319105625,0.5513298511505127,0.3737448453903198,0.010326140560209751,65.74009704589844,0.2409186065196991,-1.7570127248764038,0.2625303864479065,0.9710925817489624,0.08212488889694214,0.09505130350589752,4.931107997894287,442.1864013671875,0.5445131063461304,0.8339587450027466,0.3817882835865021,0.22229406237602234,35.92451477050781,0.21104595065116882,11.817709922790527,0.8953609466552734,1.851628065109253,0.11806212365627289,0.1262095868587494,0.11393748968839645,463.46923828125,0.8003993034362793,0.8003993034362793,0.5397481918334961,0.37819936871528625,3.239267110824585,0.12934711575508118,22.064538955688477,2.2403030395507812,2.7707931995391846,0.1423385590314865,0.1423385590314865,0.0,514.8195190429688,0.1935463696718216,0.1935463696718216,0.09414225816726685,0.05764513090252876,13.817429542541504,0.13756006956100464,24.515216827392578,2.4610629081726074,3.245910882949829
2017,1,40.687348485533285,80.28472768686542,7287.3516,1050.0,0.9274099469184875,-0.0,20.3244571685791,23.380142211914062,1.3601925373077393,7.300000190734863,16.03951644897461,0.11366064101457596,0.11366064101457596,0.0,362.59735107421875,0.5297937989234924,0.669416069984436,0.1758134514093399,0.13872796297073364,6.3530988693237305,0.17160463333129883,17.26654052734375,1.1702442169189453,1.5930899381637573,0.055806998163461685,0.07227037847042084,446.4306945800781,114.41140747070312,0.21977576613426208,0.23586368560791016,-0.03284537419676781,0.04418112337589264,32.5893440246582,0.21479307115077972,-2.534498453140259,0.22237513959407806,0.5551649928092957,0.06154511868953705,0.07468502968549728,6.199733734130859,402.2504577636719,0.14101141691207886,0.14101141691207886,-0.07528907060623169,0.035302504897117615,35.92643356323242,0.2074650526046753,10.704073905944824,0.7770288586616516,1.3261159658432007,0.10370834916830063,0.12075015902519226,0.0,428.2583312988281,0.22778065502643585,0.26297274231910706,0.09069855511188507,0.07933574914932251,3.307324171066284,0.15836648643016815,20.393253326416016,1.9249547719955444,2.5423965454101562,0.14738522469997406,0.14738522469997406,0.0,475.4696044921875,0.43200910091400146,0.44670864939689636,0.2349456399679184,0.16842325031757355,18.848669052124023,0.16844166815280914,22.64141082763672,1.962208867073059,2.6969895362854004
2017,1,39.269269627617476,76.44254326416377,7287.657,1236.0,3.666945219039917,319.267333984375,23.12228775024414,22.704864501953125,1.3855915069580078,7.235518932342529,10.46304702758789,0.11365000158548355,0.11365000158548355,0.023832697421312332,395.1581726074219,0.40457189083099365,0.4833458662033081,0.16967174410820007,0.11726713180541992,4.372576713562012,0.1660628616809845,18.815921783447266,1.5001763105392456,2.012667417526245,0.05937415361404419,0.07447046041488647,377.4458923339844,164.08583068847656,0.015548829920589924,0.17929834127426147,0.18903258442878723,0.009543179534375668,64.43254852294922,0.2403997927904129,-1.6287026405334473,0.2640499174594879,0.9786417484283447,0.08231166750192642,0.09513691067695618,3.475342273712158,447.4654235839844,0.3477972447872162,0.5355876088142395,0.1934468001127243,0.10004342347383499,35.456974029541016,0.20947162806987762,11.99973201751709,0.9054433703422546,1.8724830150604248,0.11817674338817596,0.1264285445213318,0.08030077815055847,467.4476318359375,0.6176819801330566,0.6176819801330566,0.3947378993034363,0.2464742213487625,3.127514600753784,0.12898358702659607,22.255586624145508,2.264051914215088,2.798370838165283,0.14300186932086945,0.14300186932086945,0.0,518.6921997070312,0.1942065805196762,0.1942065805196762,0.09422363340854645,0.05789830908179283,13.348822593688965,0.13717198371887207,24.699628829956055,2.4856491088867188,3.2797346115112305
2017,1,39.34230078467081,76.13020107177411,7291.6504,1265.0,1.515730619430542,307.7174072265625,34.274742126464844,23.85155487060547,1.409999966621399,7.273731708526611,12.189931869506836,0.1074858158826828,0.1074858158826828,0.10479868203401566,365.6944885253906,0.353907972574234,0.42776748538017273,0.19192808866500854,0.09338617324829102,6.662293434143066,0.17005768418312073,17.409032821655273,1.3713992834091187,1.8165044784545898,0.05239921808242798,0.06989743560552597,512.7993774414062,137.5941162109375,0.29006117582321167,0.3665170967578888,0.13530614972114563,0.07188770174980164,80.89097595214844,0.24862031638622284,-2.8641624450683594,0.2501380443572998,0.9073619246482849,0.08293752372264862,0.09691252559423447,15.282001495361328,394.8805236816406,0.3886433243751526,0.5722260475158691,0.20467360317707062,0.11526772379875183,39.85379409790039,0.22929532825946808,10.259419441223145,0.8040247559547424,1.6560838222503662,0.11926071345806122,0.12619301676750183,0.35310378670692444,429.8212585449219,0.6919428706169128,0.6919428706169128,0.40450847148895264,0.24823527038097382,4.003289699554443,0.13204847276210785,20.450864791870117,2.0252230167388916,2.5202128887176514,0.13696879148483276,0.13696879148483276,0.0,483.1971130371094,0.18867279589176178,0.18867279589176178,0.09347226470708847,0.05551492050290108,16.704866409301758,0.1380595862865448,23.00938606262207,2.250711441040039,2.943382740020752
2017,1,39.513971716127436,76.0792647604406,7293.9697,1305.0,1.2020663022994995,90.0,34.6973762512207,22.297380447387695,1.409999966621399,7.800000190734863,10.955110549926758,0.11316870152950287,0.11316870152950287,0.1684589385986328,387.4833984375,0.4268864691257477,0.5272126197814941,0.19952303171157837,0.11972573399543762,4.686197757720947,0.16102206707000732,18.44356918334961,1.4684728384017944,1.9406973123550415,0.052854958921670914,0.06852735579013824,433.8958740234375,147.25942993164062,0.11092108488082886,0.2697027921676636,0.11969242244958878,0.04272894561290741,84.08084106445312,0.2570725977420807,-2.1880643367767334,0.2598157823085785,0.9542694091796875,0.09091974794864655,0.10470771044492722,2.9954144954681396,421.56024169921875,0.2661832273006439,0.4147142767906189,0.07788656651973724,0.07404793053865433,36.459102630615234,0.2343611717224121,11.312562942504883,0.853898286819458,1.7398086786270142,0.1265448033809662,0.13343730568885803,0.07682644575834274,453.4836730957031,0.4892299473285675,0.49722203612327576,0.20006120204925537,0.1621762216091156,2.850175380706787,0.13344566524028778,21.590801239013672,2.1385021209716797,2.648143768310547,0.14305971562862396,0.14305971562862396,0.0,510.0784606933594,0.19631405174732208,0.19631405174732208,0.09377264976501465,0.057549528777599335,10.666666030883789,0.13179683685302734,24.28944969177246,2.405949831008911,3.1184275150299072
2017,1,39.25390802448836,76.61340263922867,7311.5186,1220.0,1.197597861289978,90.0,19.151750564575195,25.572614669799805,1.3759359121322632,6.503457069396973,13.220865249633789,0.11562438309192657,0.11562438309192657,0.0,406.13720703125,0.4196271598339081,0.6671374440193176,0.17682623863220215,0.12318158894777298,3.4980554580688477,0.15550625324249268,19.339866638183594,1.5500344038009644,2.0875699520111084,0.061247434467077255,0.07540231943130493,337.32196044921875,177.458251953125,-0.002868018811568618,0.4138236343860626,0.2700827121734619,-0.0022651718463748693,59.13274002075195,0.2287687212228775,-1.2203336954116821,0.2704029679298401,0.9903150796890259,0.08408324420452118,0.09665800631046295,0.0,469.9299011230469,0.47094249725341797,0.7488783001899719,0.31082528829574585,0.1520981788635254,32.79701232910156,0.1924644112586975,12.700807571411133,0.9576908946037292,1.960063099861145,0.11935093253850937,0.1277565211057663,0.0,481.7793884277344,0.8174607753753662,0.8174607753753662,0.5279871225357056,0.3602719306945801,2.6709275245666504,0.12013746798038483,22.941875457763672,2.3614797592163086,2.9066810607910156,0.1449856460094452,0.1449856460094452,0.0,532.4254760742188,0.19604739546775818,0.19604739546775818,0.09264916181564331,0.058626845479011536,11.691277503967285,0.12792496383190155,25.353595733642578,2.581890821456909,3.4052114486694336
2017,1,41.33440418029777,80.48603826302428,7313.53,1216.0,5.229074478149414,135.03323364257812,34.01913833618164,22.753217697143555,1.4215526580810547,8.0,13.172436714172363,0.12319481372833252,0.12319481372833252,0.0,215.95492553710938,0.5081347227096558,0.6166757345199585,0.1867619752883911,0.14366264641284943,17.54680061340332,0.21403616666793823,10.283567428588867,0.6573840975761414,0.9025090336799622,0.05744475871324539,0.08051205426454544,995.9306640625,25.44906234741211,0.39683398604393005,0.5441863536834717,0.15665055811405182,0.10436660796403885,58.78574752807617,0.28797632455825806,-7.408256530761719,0.16804097592830658,0.36041414737701416,0.0738116130232811,0.09938549995422363,27.00305938720703,139.0024871826172,0.3717803359031677,0.37359026074409485,0.1261141300201416,0.11796966195106506,80.62255096435547,0.28629037737846375,3.0270116329193115,0.3914104402065277,0.6612415313720703,0.13090601563453674,0.1434873342514038,0.0,252.56985473632812,0.6732243299484253,0.7075526714324951,0.4434260129928589,0.2828071713447571,8.107352256774902,0.21292495727539062,12.027135848999023,1.0017037391662598,1.3477379083633423,0.16511566936969757,0.16511566936969757,0.0,307.4271240234375,0.5127487778663635,0.5180902481079102,0.28968992829322815,0.14370544254779816,41.25260543823242,0.2262170910835266,14.639387130737305,1.0177141427993774,1.4362386465072632
2017,1,39.45467904941976,76.13612721707413,7315.9927,1269.0,1.8543341159820557,180.0,27.69449806213379,24.57617950439453,1.3922773599624634,7.770718097686768,12.196700096130371,0.11360352486371994,0.11360352486371994,0.029697254300117493,389.2228698730469,0.3595227599143982,0.4257897436618805,0.15841536223888397,0.0982547253370285,4.510486125946045,0.16180305182933807,18.533008575439453,1.4809091091156006,1.963311791419983,0.05468355864286423,0.07003187388181686,422.6944580078125,151.2675018310547,0.15206465125083923,0.21435695886611938,0.1210998147726059,0.03765331581234932,80.04155731201172,0.254076212644577,-2.0719616413116455,0.2609787881374359,0.9617406725883484,0.09012160450220108,0.10368682444095612,4.330526351928711,427.811767578125,0.19973592460155487,0.25206461548805237,0.08449380844831467,0.053665682673454285,36.11883544921875,0.2293243408203125,11.445439338684082,0.8671096563339233,1.771054983139038,0.1253059357404709,0.1323481947183609,0.10006053745746613,456.39117431640625,0.3028729259967804,0.3028729259967804,0.134189173579216,0.09360945224761963,2.807807207107544,0.1322936713695526,21.728147506713867,2.168412685394287,2.6817610263824463,0.14317594468593597,0.14317594468593597,0.0,511.7229919433594,0.19595251977443695,0.19595251977443695,0.09420757740736008,0.0576956607401371,11.177895545959473,0.13332368433475494,24.367761611938477,2.4290637969970703,3.155794143676758
2017,1,41.82731321074567,81.90843353075982,7327.7446,1265.0,2.6546545028686523,249.5657196044922,27.768787384033203,18.7896728515625,1.399999976158142,8.0,20.6562442779541,0.11302478611469269,0.11302478611469269,6.79902458190918,252.69261169433594,0.18215474486351013,0.18215474486351013,0.13186411559581757,0.05032173916697502,23.98880958557129,0.19814132153987885,11.70921802520752,0.8070158362388611,1.151777982711792,0.04911084100604057,0.06741902232170105,950.5825805664062,26.358287811279297,0.33137935400009155,0.5221010446548462,0.11186216026544571,0.0808962732553482,48.43522644042969,0.2351033091545105,-7.055147647857666,0.18059580028057098,0.3609311282634735,0.057439111173152924,0.07810249924659729,61.360572814941406,222.07957458496094,0.19836652278900146,0.19836652278900146,0.00467990105971694,0.0417042076587677,58.83125686645508,0.23342657089233398,4.343756675720215,0.47973451018333435,0.844954788684845,0.11980479955673218,0.13305753469467163,3.6711246967315674,297.662841796875,0.7539528608322144,0.7950581908226013,0.4673624336719513,0.3404037356376648,11.673822402954102,0.19552522897720337,13.999605178833008,1.2751657962799072,1.709600567817688,0.16866721212863922,0.16866721212863922,0.4278424382209778,357.8014831542969,0.6675085425376892,0.6675085425376892,0.38510021567344666,0.20813491940498352,42.40279006958008,0.204336479306221,17.017791748046875,1.3707143068313599,1.9677462577819824
2017,1,39.05124634071029,76.45763286212863,7353.8564,1235.0,3.025148391723633,156.76953125,20.852415084838867,30.5,1.409999966621399,6.706798076629639,12.777159690856934,0.09973851591348648,0.09973851591348648,0.03423389792442322,362.7091064453125,0.29797449707984924,0.35395678877830505,0.12813226878643036,0.07960733771324158,7.303782939910889,0.17093582451343536,17.270233154296875,1.2957229614257812,1.7217252254486084,0.053243547677993774,0.07327587157487869,469.87152099609375,136.24057006835938,0.1335524022579193,0.3617798089981079,0.1583242267370224,0.047428566962480545,66.7165756225586,0.2224496454000473,-2.5468010902404785,0.2511700987815857,0.891325056552887,0.06755058467388153,0.0814552828669548,4.992071151733398,391.2906188964844,0.45605504512786865,0.6810750961303711,0.29161691665649414,0.1626759171485901,42.894081115722656,0.20600257813930511,10.44050121307373,0.7878005504608154,1.6601252555847168,0.10586731880903244,0.11362695693969727,0.11534609645605087,433.3348693847656,0.735215961933136,0.735215961933136,0.4802456796169281,0.2991667091846466,5.0798869132995605,0.11263331025838852,20.629501342773438,2.019850969314575,2.535337448120117,0.12893131375312805,0.12893131375312805,0.0,480.13397216796875,0.17801348865032196,0.17801348865032196,0.09254945814609528,0.05290210247039795,21.655651092529297,0.12733538448810577,22.863523483276367,2.167712688446045,2.916659355163574
2017,1,41.83377890727317,81.8655815696362,7354.238,1264.0,3.0453622341156006,155.8972930908203,27.66427230834961,20.022798538208008,1.393128752708435,8.100000381469727,19.447242736816406,0.11343049257993698,0.11343049257993698,7.286562442779541,246.53382873535156,0.1831902414560318,0.1831902414560318,0.1342008411884308,0.05056961625814438,24.904457092285156,0.2015642523765564,11.39272689819336,0.7829658389091492,1.1212197542190552,0.04871910810470581,0.0673418790102005,976.5826416015625,23.581092834472656,0.38134899735450745,0.5205103754997253,0.08269587904214859,0.10406516492366791,49.6082763671875,0.2375846803188324,-7.2748212814331055,0.17762725055217743,0.3537769317626953,0.05740102380514145,0.07827510684728622,65.1380615234375,213.64808654785156,0.24530288577079773,0.24530288577079773,0.004674166906625032,0.055749472230672836,60.79697799682617,0.23716634511947632,4.013784408569336,0.46284615993499756,0.8142532110214233,0.1208840161561966,0.13423670828342438,4.014748573303223,289.9910888671875,0.7479070425033569,0.7945623993873596,0.48002946376800537,0.30450439453125,12.169642448425293,0.19901776313781738,13.617920875549316,1.2348783016204834,1.6612173318862915,0.1702389121055603,0.1702389121055603,0.46788927912712097,350.1080017089844,0.7079182863235474,0.7079182863235474,0.4459802508354187,0.2472340613603592,43.88664627075195,0.20758932828903198,16.64952850341797,1.3267561197280884,1.9079093933105469
2017,1,37.189308563934496,79.7751148638713,7365.7715,1338.0,1.8543341159820557,-0.0,36.894493103027344,16.747926712036133,1.3899999856948853,7.928532600402832,11.761528968811035,0.06615396589040756,0.06615396589040756,0.0,390.8581237792969,0.6289781928062439,0.6289781928062439,0.29463496804237366,0.19745974242687225,1.1985857486724854,0.09121643006801605,18.61229133605957,1.4523686170578003,1.8241963386535645,0.0485587939620018,0.05674395337700844,279.6483459472656,222.9492645263672,0.24913188815116882,0.2809787094593048,0.029154544696211815,0.049360327422618866,18.02186393737793,0.06149832159280777,-0.43281736969947815,0.35515356063842773,0.9117161631584167,0.05431215465068817,0.06299278885126114,0.0,524.3042602539062,0.07885177433490753,0.09169951826334,0.05874837562441826,0.02474946901202202,17.541568756103516,0.06100045144557953,14.170385360717773,1.2280566692352295,2.2314562797546387,0.07455332577228546,0.07766759395599365,0.0,489.5802917480469,0.5938206315040588,0.6590965986251831,0.32967066764831543,0.21010664105415344,1.4978718757629395,0.03389957919716835,23.31334686279297,2.525031566619873,3.0451669692993164,0.07921936362981796,0.07921936362981796,0.0,535.4656372070312,0.35286250710487366,0.4048177897930145,0.15331324934959412,0.10798488557338715,12.255011558532715,0.045082129538059235,25.49836540222168,2.698915958404541,3.6695520877838135
2017,1,41.184297461535614,80.16237887216097,7373.503,1119.0,1.2322026491165161,270.0,28.46938705444336,18.17108917236328,1.4140689373016357,7.800000190734863,14.320175170898438,0.11155032366514206,0.11155032366514206,0.0,250.62362670898438,0.6737396717071533,0.7342110872268677,0.30969226360321045,0.21530264616012573,14.355323791503906,0.19328001141548157,11.93445873260498,0.7818308472633362,1.0780301094055176,0.05304393172264099,0.0736028254032135,887.56982421875,41.990943908691406,0.24842001497745514,0.4089498519897461,0.0508713498711586,0.05018763616681099,54.77054977416992,0.2615164816379547,-6.454800605773926,0.17934037744998932,0.40524041652679443,0.0639663115143776,0.08470088988542557,22.924484252929688,193.1396942138672,0.16345450282096863,0.16345450282096863,-0.0034166525583714247,0.04184301942586899,67.57966613769531,0.25883156061172485,4.6004109382629395,0.4639201760292053,0.809932291507721,0.11642951518297195,0.12974444031715393,0.0,287.6375732421875,0.6103889346122742,0.6103889346122742,0.31412601470947266,0.23134681582450867,6.216002464294434,0.19188229739665985,13.697027206420898,1.1800682544708252,1.5852549076080322,0.15000532567501068,0.15000532567501068,0.0,346.98455810546875,0.5122082233428955,0.5122082233428955,0.26483678817749023,0.19035400450229645,35.78388214111328,0.19702626764774323,16.523073196411133,1.2338323593139648,1.7395492792129517
2017,1,40.37877869263483,80.2378357801874,7375.7715,1050.0,3.7631049156188965,104.24774169921875,24.0804443359375,28.428823471069336,1.399999976158142,6.699999809265137,15.693374633789062,0.10445626825094223,0.10445626825094223,0.0,409.24261474609375,0.45240479707717896,0.512955904006958,0.14516310393810272,0.09045692533254623,3.0224058628082275,0.14137254655361176,19.487743377685547,1.3800809383392334,1.881430745124817,0.05485841631889343,0.06860947608947754,291.8004150390625,151.06346130371094,0.08935947716236115,0.3088543117046356,0.23981009423732758,0.02549682930111885,23.66863441467285,0.17282861471176147,-1.0743277072906494,0.25147998332977295,0.6417075991630554,0.05783362314105034,0.06682248413562775,0.0,492.8611755371094,0.1327674686908722,0.1327674686908722,-0.05783289298415184,0.03197597712278366,22.746713638305664,0.16359297931194305,13.320572853088379,0.9540098309516907,1.6541740894317627,0.09092401713132858,0.10696623474359512,0.0,487.27239990234375,0.17169569432735443,0.2037854790687561,0.07490448653697968,0.05727466195821762,2.0217816829681396,0.12315651774406433,23.203447341918945,2.2848575115203857,2.970475673675537,0.13180062174797058,0.13180062174797058,0.0,531.8147583007812,0.440655380487442,0.4594237804412842,0.24246622622013092,0.17016342282295227,12.223620414733887,0.13305817544460297,25.324512481689453,2.354188919067383,3.194328784942627
2017,1,39.271962924653764,75.92053414024107,7376.3184,1300.0,1.5147830247879028,307.7451477050781,31.409807205200195,25.368173599243164,1.399999976158142,7.599999904632568,10.005378723144531,0.09709969907999039,0.09709969907999039,0.23709003627300262,321.8275146484375,0.40580838918685913,0.5264090299606323,0.12651219964027405,0.10701555013656616,10.4110107421875,0.18137556314468384,15.31382942199707,1.1731127500534058,1.535516619682312,0.04548794403672218,0.06678903847932816,695.7142333984375,106.07984161376953,0.17699874937534332,0.2018684595823288,0.15287259221076965,0.035457462072372437,92.48299407958984,0.24833080172538757,-4.501026153564453,0.22968995571136475,0.8040083646774292,0.0758453831076622,0.09099435061216354,34.57305145263672,326.1894836425781,0.23198258876800537,0.33811184763908386,0.053927525877952576,0.058803580701351166,46.61576843261719,0.2421933263540268,7.88152551651001,0.6720753908157349,1.3950508832931519,0.11365459859371185,0.11961571127176285,0.7988401055335999,377.42913818359375,0.3300340175628662,0.3300340175628662,0.11752638220787048,0.1016574576497078,5.825354099273682,0.1339198350906372,17.934776306152344,1.7199184894561768,2.1699931621551514,0.12657442688941956,0.12657442688941956,0.0,430.1535949707031,0.1774829775094986,0.1774829775094986,0.09221712499856949,0.05169187858700752,24.6838436126709,0.14374512434005737,20.483503341674805,1.9112452268600464,2.502162218093872
2017,1,36.96239382952673,81.70038079380815,7384.4043,1393.0,2.4983692169189453,111.77750396728516,39.8819694519043,20.082763671875,1.3986294269561768,7.800000190734863,11.230634689331055,0.0606522262096405,0.0606522262096405,0.0,411.5990295410156,0.5113983154296875,0.6522562503814697,0.20573371648788452,0.13009847700595856,1.7133452892303467,0.04986967891454697,19.59995460510254,1.6383053064346313,2.027326822280884,0.04645773768424988,0.04955875501036644,287.0906677246094,236.0637969970703,0.24325072765350342,0.25418150424957275,0.041041065007448196,0.05293611064553261,16.555278778076172,0.04094565287232399,-0.389518141746521,0.3691093921661377,1.0641483068466187,0.04940616339445114,0.05628788098692894,0.0,553.4441528320312,0.4080544412136078,0.5291171669960022,0.18095915019512177,0.11706724017858505,25.338102340698242,0.041266899555921555,14.957950592041016,1.3210070133209229,2.44866943359375,0.0670304000377655,0.06944609433412552,0.0,498.9479675292969,0.09354808181524277,0.09582863003015518,0.0017934850184246898,0.029598424211144447,0.5745994448661804,0.018933136016130447,23.75942611694336,2.573543071746826,2.9782681465148926,0.06840717047452927,0.06840717047452927,0.0,548.55224609375,0.26235508918762207,0.26235508918762207,0.023844197392463684,0.08174655586481094,7.826820373535156,0.024369554594159126,26.12153434753418,2.8142080307006836,3.8133544921875
2017,1,41.69660804066707,86.0141820394275,7385.237,913.0,6.071468353271484,204.0570526123047,40.121524810791016,13.196784019470215,1.4100850820541382,8.099245071411133,13.800704956054688,0.10823246091604233,0.10823246091604233,0.97188401222229,375.514404296875,0.39632001519203186,0.39632001519203186,0.12663763761520386,0.10860932618379593,19.401885986328125,0.09860790520906448,17.835357666015625,1.329911708831787,1.9013606309890747,0.05099761486053467,0.05797756090760231,496.7261962890625,120.1800537109375,0.16139590740203857,0.2109750509262085,-0.022975431755185127,0.04222371056675911,30.60639190673828,0.12846092879772186,-2.8743979930877686,0.2399383932352066,0.6015559434890747,0.05580361187458038,0.06586568802595139,15.510261535644531,393.339111328125,0.2190154790878296,0.2190154790878296,0.02549593523144722,0.06018347293138504,27.658597946166992,0.11044646799564362,10.211590766906738,0.860958456993103,1.4236621856689453,0.09203847497701645,0.10350871831178665,0.09060022234916687,427.4976501464844,0.1411639153957367,0.16325213015079498,0.0164276584982872,0.035608697682619095,5.075906276702881,0.0891282930970192,20.35271644592285,1.9683455228805542,2.6686220169067383,0.12631075084209442,0.12631075084209442,0.0,501.61419677734375,0.36697739362716675,0.36697739362716675,0.11618581414222717,0.11323970556259155,20.265087127685547,0.0969105139374733,23.886390686035156,2.2336976528167725,3.172714948654175
2017,1,38.162186313573194,85.43773175074328,7389.6353,1253.0,1.5002355575561523,51.82328796386719,45.7662353515625,23.188888549804688,1.4224580526351929,7.8276286125183105,11.768736839294434,0.05744453892111778,0.05744453892111778,0.0,423.91815185546875,0.4709915518760681,0.4727560579776764,0.22261057794094086,0.1218005046248436,1.0737756490707397,0.012102761305868626,20.18657875061035,1.8132784366607666,2.3032402992248535,0.04315370321273804,0.04777350276708603,391.5909729003906,180.7226104736328,0.20508256554603577,0.21120676398277283,0.059689056128263474,0.05510062351822853,9.878643989562988,0.02492983266711235,-1.6096820831298828,0.33207055926322937,0.9913173317909241,0.045486509799957275,0.04735909029841423,0.0,539.8834838867188,0.3016909956932068,0.30686458945274353,0.04840869456529617,0.07972776144742966,7.065683841705322,0.01751420833170414,14.591445922851562,1.3658267259597778,2.3221805095672607,0.054685305804014206,0.055584508925676346,0.0,491.200927734375,0.5374284386634827,0.53852778673172,0.3062981069087982,0.17474393546581268,0.296603262424469,0.00984193105250597,23.390520095825195,2.5595531463623047,3.1051268577575684,0.057535570114851,0.057535570114851,0.0,545.8755493164062,0.08377814292907715,0.08377814292907715,-0.017272233963012695,0.02522718533873558,4.3054022789001465,0.01446232758462429,25.99407386779785,2.794806718826294,3.868953227996826
2017,1,41.83431845850064,82.04641595375766,7394.2227,1301.0,0.9274099469184875,180.0,30.20135498046875,19.332828521728516,1.403027057647705,8.100000381469727,17.66012191772461,0.1112179234623909,0.1112179234623909,5.805200576782227,265.50738525390625,0.27541202306747437,0.27541202306747437,0.06379271298646927,0.08114756643772125,22.043188095092773,0.19323670864105225,12.366769790649414,0.8621202707290649,1.2201638221740723,0.04936160519719124,0.06656210869550705,902.509765625,34.20377731323242,0.18008503317832947,0.4457251727581024,0.1716552972793579,0.04841762036085129,45.886940002441406,0.23204448819160461,-6.628289699554443,0.18661843240261078,0.378508985042572,0.05617031827569008,0.07580988109111786,54.399147033691406,240.4939727783203,0.4062767028808594,0.5660196542739868,0.16411657631397247,0.12297387421131134,53.45596694946289,0.22630082070827484,5.029589653015137,0.520314633846283,0.9221729040145874,0.1161067858338356,0.12926526367664337,2.8752634525299072,313.7273864746094,0.6374574899673462,0.7271047830581665,0.38206782937049866,0.2839534282684326,10.616169929504395,0.190871000289917,14.802481651306152,1.3678617477416992,1.8233245611190796,0.16501785814762115,0.16501785814762115,0.335090696811676,374.1865539550781,0.595451295375824,0.595451295375824,0.2773471474647522,0.18313175439834595,39.27586364746094,0.20038244128227234,17.80245018005371,1.4722962379455566,2.1083223819732666
2017,1,41.65726093297146,85.99774133384344,7400.35,908.0,0.9274099469184875,-0.0,40.904754638671875,12.914897918701172,1.3899999856948853,8.009442329406738,15.379596710205078,0.10743998736143112,0.10743998736143112,0.803819477558136,385.35235595703125,0.5852311253547668,0.5852311253547668,0.18432781100273132,0.1672717034816742,18.78910255432129,0.08961551636457443,18.31183433532715,1.3737752437591553,1.9606664180755615,0.051458850502967834,0.05813789740204811,459.6000061035156,126.35518646240234,0.2780470550060272,0.3236635625362396,-0.04707079380750656,0.06528269499540329,29.832637786865234,0.11862452328205109,-2.543853759765625,0.24459858238697052,0.6159932017326355,0.05645100772380829,0.06585043668746948,12.702799797058105,410.422119140625,0.178805872797966,0.2192094624042511,-0.04089520871639252,0.04859812185168266,26.522174835205078,0.10031589865684509,10.749171257019043,0.892179548740387,1.474055290222168,0.09075324237346649,0.10210984200239182,0.07493303716182709,438.9334411621094,0.13840775191783905,0.16049812734127045,0.012627207674086094,0.03505095839500427,4.474418640136719,0.07954838871955872,20.89802360534668,2.033658027648926,2.751508951187134,0.12364453822374344,0.12364453822374344,0.0,512.888427734375,0.5287506580352783,0.5287506580352783,0.19931532442569733,0.18777497112751007,18.596723556518555,0.087134450674057,24.423259735107422,2.3103816509246826,3.28263783454895
2017,1,41.66642438563629,86.01121673722695,7400.6797,912.0,0.9274099469184875,180.0,39.26100540161133,12.782163619995117,1.411767840385437,8.0,14.341524124145508,0.10786962509155273,0.10786962509155273,0.8277994394302368,382.9669189453125,0.6438961029052734,0.6438961029052734,0.2773352265357971,0.19295772910118103,19.066530227661133,0.09213679283857346,18.197099685668945,1.3611979484558105,1.943448543548584,0.05143766105175018,0.05815171077847481,467.2646484375,124.7381362915039,0.2506393492221832,0.31042391061782837,-0.03152402862906456,0.0578802265226841,29.935909271240234,0.12110187113285065,-2.61470627784729,0.2436831146478653,0.6128209829330444,0.05636756867170334,0.06590975821018219,13.186905860900879,406.0320739746094,0.24065269529819489,0.24065269529819489,-0.003491252427920699,0.0654040053486824,26.7646484375,0.10295987874269485,10.617437362670898,0.8838697075843811,1.4595959186553955,0.09117010235786438,0.10258172452449799,0.07716847956180573,436.2003173828125,0.13924512267112732,0.1613544374704361,0.01336084958165884,0.035211946815252304,4.618893146514893,0.08200793713331223,20.76776885986328,2.0164778232574463,2.729907751083374,0.12443120777606964,0.12443120777606964,0.0,510.13916015625,0.523948609828949,0.523948609828949,0.19604451954364777,0.181043341755867,18.99960708618164,0.08973075449466705,24.292341232299805,2.2888941764831543,3.2516117095947266
2017,1,37.04539999563663,80.042990900556,7406.046,1396.0,2.1878392696380615,32.06481170654297,38.32894515991211,17.3294620513916,1.3815008401870728,8.0,11.746249198913574,0.06459467858076096,0.06459467858076096,0.0,377.0704650878906,0.5036224722862244,0.5036224722862244,0.1624458134174347,0.1312762349843979,1.5856359004974365,0.09767189621925354,17.95573616027832,1.3792672157287598,1.7351902723312378,0.05011710897088051,0.05731332674622536,292.7072448730469,203.37490844726562,0.38852840662002563,0.4193229377269745,0.07604603469371796,0.10185391455888748,20.82954978942871,0.06326700001955032,-0.6819260716438293,0.3497835695743561,0.9154152274131775,0.055063553154468536,0.0637839138507843,0.0,498.00177001953125,0.08032670617103577,0.0933828130364418,0.07611048966646194,0.025260748341679573,21.373991012573242,0.06384143978357315,13.45950698852539,1.160035490989685,2.139350652694702,0.07461030781269073,0.07759470492601395,0.0,471.8514099121094,0.6502930521965027,0.7427709102630615,0.38400998711586,0.24069389700889587,1.8299970626831055,0.033823464065790176,22.4691162109375,2.3847687244415283,2.88444447517395,0.07824020087718964,0.07824020087718964,0.0,517.394287109375,0.3364252746105194,0.3364252746105194,0.1308579295873642,0.10263092070817947,13.567550659179688,0.04622051864862442,24.6378231048584,2.5484633445739746,3.488513231277466
2017,1,39.261185277407584,76.3943047089676,7407.0894,1246.0,0.9274099469184875,180.0,20.909526824951172,24.60482406616211,1.3799999952316284,7.199999809265137,10.756061553955078,0.11159785836935043,0.11159785836935043,0.04533470422029495,386.97283935546875,0.47880062460899353,0.7232763171195984,0.25484731793403625,0.15174220502376556,5.057963848114014,0.16777771711349487,18.425119400024414,1.4618622064590454,1.9572176933288574,0.057863879948854446,0.07371886819601059,411.3570556640625,157.63768005371094,0.19360609352588654,0.4322618842124939,0.24426549673080444,0.05951827019453049,67.1236572265625,0.24052082002162933,-1.9367892742156982,0.26028499007225037,0.9588889479637146,0.08115390688180923,0.0942339226603508,6.610817909240723,433.9642333984375,0.5323968529701233,0.826592206954956,0.37291157245635986,0.2138570100069046,36.77747344970703,0.2124153971672058,11.550091743469238,0.8791929483413696,1.8198516368865967,0.11729124933481216,0.12531372904777527,0.15274864435195923,457.6065368652344,0.7846809029579163,0.7846809029579163,0.5488563776016235,0.3634399473667145,3.45652174949646,0.1289665549993515,21.78351402282715,2.203784465789795,2.7293894290924072,0.14095495641231537,0.14095495641231537,0.0,508.8251037597656,0.19205141067504883,0.19205141067504883,0.09397531300783157,0.05713717266917229,14.743282318115234,0.13758544623851776,24.229766845703125,2.419800281524658,3.193063497543335
2017,1,41.772064948693476,81.9089730819873,7408.6274,1215.0,3.7268285751342773,221.79339599609375,25.197404861450195,22.910179138183594,1.4044160842895508,8.100000381469727,18.18528938293457,0.11401358991861343,0.11401358991861343,5.648274898529053,266.6759338378906,0.3171626329421997,0.3171626329421997,0.07505252212285995,0.08538225293159485,21.989248275756836,0.18595968186855316,12.429888725280762,0.8515558242797852,1.2116190195083618,0.05111820623278618,0.06961136311292648,879.5687255859375,28.558151245117188,0.2857922315597534,0.43156760931015015,0.039734527468681335,0.0701674148440361,45.9838981628418,0.22529388964176178,-6.4962639808654785,0.1876392960548401,0.3718273937702179,0.06019844487309456,0.08154483139514923,50.981544494628906,239.47894287109375,0.19506371021270752,0.19506371021270752,-0.008691269904375076,0.039187103509902954,56.91606140136719,0.22363118827342987,5.094524383544922,0.5072640776634216,0.8881596326828003,0.1202373281121254,0.13303785026073456,3.048954486846924,314.8818664550781,0.7576742172241211,0.8215507864952087,0.47417697310447693,0.3344411551952362,10.599035263061523,0.18240085244178772,14.849185943603516,1.3490076065063477,1.7935049533843994,0.1658545285463333,0.1658545285463333,0.3553331196308136,374.5268249511719,0.7236070036888123,0.7236070036888123,0.4062117040157318,0.251552939414978,39.110107421875,0.1913563311100006,17.817689895629883,1.450425624847412,2.071719169616699
2017,1,37.04189514220862,79.9837026929494,7417.286,1419.0,2.187807559967041,147.93650817871094,38.624027252197266,15.863310813903809,1.364255666732788,7.900000095367432,13.914886474609375,0.06388872861862183,0.06388872861862183,0.0,374.9985656738281,0.5373465418815613,0.5373465418815613,0.17350955307483673,0.13477838039398193,1.5965282917022705,0.10102015733718872,17.857074737548828,1.3649380207061768,1.7190450429916382,0.049376435577869415,0.0571252703666687,296.1638488769531,201.1677703857422,0.3268229067325592,0.3447732925415039,0.006134528201073408,0.07902304083108902,21.11750602722168,0.06524576246738434,-0.7251610159873962,0.34764546155929565,0.9092244505882263,0.05371185019612312,0.06208346411585808,0.0,494.0474548339844,0.07859146595001221,0.09116007387638092,0.08192943036556244,0.024779239669442177,21.25826072692871,0.06580706685781479,13.352633476257324,1.150404691696167,2.1207494735717773,0.07322712987661362,0.07621410489082336,0.0,469.6571350097656,0.6708775758743286,0.7511562705039978,0.4086948037147522,0.27121660113334656,1.9145182371139526,0.03508589044213295,22.364625930786133,2.368525743484497,2.868511915206909,0.0770609900355339,0.0770609900355339,0.0,515.1165161132812,0.3592579960823059,0.3592579960823059,0.14326131343841553,0.11626068502664566,13.938311576843262,0.047899018973112106,24.52935791015625,2.5289411544799805,3.464953660964966
2017,1,39.1461092565213,76.13774587075653,7420.4336,1275.0,0.0,-0.0,24.199888229370117,27.680559158325195,1.3934135437011719,7.099999904632568,11.837562561035156,0.09743200987577438,0.09743200987577438,0.23009628057479858,327.0738525390625,0.45371392369270325,0.5470725297927856,0.21135751903057098,0.12301292270421982,10.21823787689209,0.18406179547309875,15.56398868560791,1.1918888092041016,1.5774421691894531,0.048927534371614456,0.06994464248418808,659.8359985351562,115.81282806396484,0.15171335637569427,0.17235082387924194,0.2881683111190796,0.023473920300602913,81.38182067871094,0.23893801867961884,-4.152848720550537,0.23233476281166077,0.8184531927108765,0.07065600156784058,0.08525993674993515,33.55320358276367,341.6266174316406,0.28695008158683777,0.4310412108898163,0.11099189519882202,0.07222975045442581,45.96961975097656,0.22814838588237762,8.326308250427246,0.7021844983100891,1.4722752571105957,0.10889246314764023,0.1157170906662941,0.775275707244873,386.4248962402344,0.5407769083976746,0.5407769083976746,0.2826102375984192,0.1773049533367157,5.9973320960998535,0.13166922330856323,18.364267349243164,1.7942543029785156,2.2599642276763916,0.12675464153289795,0.12675464153289795,0.0,436.34954833984375,0.17660047113895416,0.17660047113895416,0.09226448833942413,0.05194235220551491,25.97351837158203,0.14634700119495392,20.77855110168457,1.9596027135849,2.599733829498291
2017,1,39.407252050615305,76.14798396677524,7422.3,1253.0,2.7802884578704834,-0.0,28.558765411376953,26.795211791992188,1.3868967294692993,7.538070201873779,11.907440185546875,0.11156962066888809,0.11156962066888809,0.05853855609893799,381.1327819824219,0.21037881076335907,0.22629289329051971,0.11386413127183914,0.05481935665011406,5.270557880401611,0.16511030495166779,18.146392822265625,1.444231390953064,1.915693998336792,0.05417032912373543,0.07022098451852798,453.4250183105469,147.2425079345703,0.2161833494901657,0.274313747882843,0.11748428642749786,0.056475769728422165,79.57320404052734,0.2517527937889099,-2.337270975112915,0.2572139799594879,0.9435110092163086,0.08731880784034729,0.1009814441204071,8.536235809326172,417.3045959472656,0.41382017731666565,0.656512439250946,0.2279277741909027,0.12751013040542603,37.357608795166016,0.2284584790468216,11.0477933883667,0.8472719788551331,1.7363492250442505,0.12291809171438217,0.12998747825622559,0.1972370743751526,447.3971252441406,0.6941850781440735,0.6941850781440735,0.38858845829963684,0.26598554849624634,3.2405917644500732,0.13246087729930878,21.29523277282715,2.12320876121521,2.630854368209839,0.14110064506530762,0.14110064506530762,0.0,501.88360595703125,0.1934373825788498,0.1934373825788498,0.09396366775035858,0.05698045343160629,13.230189323425293,0.13561278581619263,23.899219512939453,2.370140314102173,3.0879058837890625
2017,1,41.659954230007735,82.92739163068485,7427.614,1035.0,3.0439906120300293,155.95518493652344,31.258567810058594,19.724016189575195,1.4063851833343506,8.010507583618164,15.213616371154785,0.12078750133514404,0.12078750133514404,1.219808578491211,366.3630676269531,0.5707259178161621,0.657681941986084,0.28674623370170593,0.15084123611450195,8.651627540588379,0.11392245441675186,17.387773513793945,1.3091518878936768,1.80226469039917,0.057470258325338364,0.06999169290065765,518.933837890625,90.37646484375,0.13645359873771667,0.3113698363304138,0.08371104300022125,0.030513571575284004,29.038232803344727,0.15194402635097504,-3.271430253982544,0.2386661320924759,0.5145887732505798,0.0649397000670433,0.08136219531297684,15.211349487304688,394.18157958984375,0.6023362874984741,0.6023362874984741,0.3297490179538727,0.1928592175245285,27.14081573486328,0.13582491874694824,10.242438316345215,0.8332741856575012,1.4723814725875854,0.10809111595153809,0.12154128402471542,0.0,432.31793212890625,0.628592312335968,0.628592312335968,0.3818109333515167,0.24281658232212067,3.750511407852173,0.11137039214372635,20.58656883239746,2.0469982624053955,2.6695265769958496,0.1502349078655243,0.1502349078655243,0.0,490.92962646484375,0.47868457436561584,0.47868457436561584,0.2160712629556656,0.13304682075977325,19.378713607788086,0.12611277401447296,23.377601623535156,2.2097253799438477,3.107241153717041
2017,1,41.709543892823106,82.91364868123813,7427.614,1054.0,3.704791784286499,180.0,31.39327049255371,20.962501525878906,1.3899999856948853,8.100000381469727,13.8712797164917,0.12002050131559372,0.12002050131559372,1.5903759002685547,352.2799377441406,0.6758149266242981,0.6758149266242981,0.32092663645744324,0.23871266841888428,10.407899856567383,0.1251794993877411,16.69950294494629,1.2519457340240479,1.729252815246582,0.055510103702545166,0.06853269785642624,578.1734619140625,84.60527038574219,0.2152533233165741,0.3518415689468384,0.01457976270467043,0.04671836271882057,30.988027572631836,0.1633395552635193,-3.7676961421966553,0.23085154592990875,0.4984317421913147,0.0631600022315979,0.07981507480144501,19.862998962402344,371.7122802734375,0.6428437232971191,0.6428437232971191,0.2940923273563385,0.2122269719839096,29.194313049316406,0.147647425532341,9.509440422058105,0.793783962726593,1.4054419994354248,0.10913769155740738,0.12290126830339432,0.0,415.8956604003906,0.6595839858055115,0.6595839858055115,0.40650829672813416,0.2799885869026184,4.608969688415527,0.12322051078081131,19.804555892944336,1.9578521251678467,2.5599253177642822,0.15354308485984802,0.15354308485984802,0.0,475.4649963378906,0.21467582881450653,0.21467582881450653,0.1216970905661583,0.06333345174789429,21.922754287719727,0.1373077630996704,22.641189575195312,2.1149344444274902,2.986189603805542
2017,1,39.2927155809565,75.87121648258997,7439.3735,1310.0,1.5150609016418457,307.73699951171875,27.970279693603516,24.828901290893555,1.394256591796875,7.800000190734863,9.807098388671875,0.09638272225856781,0.09638272225856781,0.2338395118713379,319.8108215332031,0.3396682143211365,0.3895397484302521,0.05857009068131447,0.09277573972940445,10.525200843811035,0.18050380051136017,15.217951774597168,1.1608078479766846,1.5137510299682617,0.04436792433261871,0.06596396863460541,704.6128540039062,102.62574768066406,0.10774031281471252,0.19699688255786896,0.10349423438310623,0.029986735433340073,95.20452117919922,0.24952462315559387,-4.5953216552734375,0.22887185215950012,0.7978248000144958,0.07643773406744003,0.09176912158727646,34.09905242919922,320.61334228515625,0.29439976811408997,0.4488901197910309,0.11830158531665802,0.08118772506713867,47.07364273071289,0.24521559476852417,7.743629455566406,0.6604708433151245,1.3688195943832397,0.11425469070672989,0.11998248100280762,0.7878879308700562,374.6321105957031,0.5736509561538696,0.5736509561538696,0.28985878825187683,0.1955212652683258,5.849031448364258,0.13316816091537476,17.802106857299805,1.6939845085144043,2.1402926445007324,0.12588730454444885,0.12588730454444885,0.0,427.8094177246094,0.17695832252502441,0.17695832252502441,0.09212903678417206,0.05140236020088196,24.62013053894043,0.14199291169643402,20.371877670288086,1.8882282972335815,2.4666059017181396
2017,1,39.244744571823524,76.79585121793146,7447.4834,1203.0,1.1974413394927979,270.0,17.601417541503906,31.38312530517578,1.3899999856948853,6.900000095367432,12.905949592590332,0.11701211333274841,0.11701211333274841,0.0,413.3863525390625,0.3665066361427307,0.7216626405715942,0.09604477137327194,0.12036947160959244,2.9228944778442383,0.14128738641738892,19.6850643157959,1.588728427886963,2.1474227905273438,0.06236108019948006,0.07567328214645386,321.88818359375,191.15826416015625,0.32823359966278076,0.5079016089439392,0.25590723752975464,0.09957469254732132,55.284095764160156,0.21316087245941162,-0.9979382157325745,0.2755719721317291,0.985607922077179,0.08704179525375366,0.09953370690345764,0.0,489.3495178222656,0.7203887701034546,0.7789178490638733,0.4651753008365631,0.28594380617141724,29.854736328125,0.17141027748584747,13.225663185119629,1.0104562044143677,2.0349204540252686,0.12146024405956268,0.1297450065612793,0.0,491.61773681640625,0.60779869556427,0.7578556537628174,0.41643407940864563,0.26297980546951294,2.2533297538757324,0.10858282446861267,23.410367965698242,2.4422237873077393,2.991212844848633,0.1464240700006485,0.1464240700006485,0.0,541.9050903320312,0.2986553907394409,0.36266374588012695,0.13097605109214783,0.09148871898651123,10.364283561706543,0.11553501337766647,25.805002212524414,2.661039352416992,3.4995017051696777
2017,1,39.136406252629,76.45467201902915,7450.1797,1236.0,1.5129547119140625,307.7987976074219,21.70882225036621,27.58805274963379,1.3848063945770264,6.512396812438965,13.318961143493652,0.10527542978525162,0.10527542978525162,0.029674608260393143,375.7284240722656,0.3830375373363495,0.45976880192756653,0.19842909276485443,0.09479966014623642,6.131449222564697,0.16900643706321716,17.890417098999023,1.3773788213729858,1.8380903005599976,0.05572684854269028,0.07379240542650223,432.3940734863281,147.45425415039062,0.2383640557527542,0.23933324217796326,0.36137157678604126,0.05923791974782944,65.65673065185547,0.22944799065589905,-2.1751132011413574,0.2563524544239044,0.9263215661048889,0.07335285097360611,0.08682109415531158,4.327224254608154,413.8802185058594,0.26014041900634766,0.38498902320861816,0.0841231644153595,0.06354366987943649,39.92545700073242,0.2071826010942459,11.069000244140625,0.8350505828857422,1.7457354068756104,0.11070018261671066,0.11866689473390579,0.09998424351215363,447.0779113769531,0.39983227849006653,0.39983227849006653,0.17598950862884521,0.11104198545217514,4.304258823394775,0.11907246708869934,21.284664154052734,2.1181509494781494,2.641387939453125,0.1345294862985611,0.1345294862985611,0.0,495.6065368652344,0.18444181978702545,0.18444181978702545,0.09321589767932892,0.054892364889383316,18.361169815063477,0.13124090433120728,23.600311279296875,2.294992208480835,3.0626308917999268
2017,1,41.68097443237368,86.00043908998077,7467.1753,913.0,0.0,-0.0,39.782676696777344,12.28863525390625,1.399999976158142,8.0,15.43962574005127,0.10773908346891403,0.10773908346891403,0.9186051487922668,379.5096130371094,0.31392815709114075,0.31392815709114075,0.03527474030852318,0.08676798641681671,19.062549591064453,0.0946999043226242,18.02814292907715,1.3491789102554321,1.9275996685028076,0.05111170560121536,0.05800336226820946,482.640869140625,122.79949188232422,0.16608788073062897,0.19072936475276947,-0.06468474864959717,0.038799840956926346,30.349964141845703,0.1243644654750824,-2.7468807697296143,0.2416817992925644,0.607210099697113,0.05600376054644585,0.0658089891076088,14.539597511291504,400.4871826171875,0.14430449903011322,0.17984263598918915,-0.027789898216724396,0.0389709547162056,27.2192325592041,0.10616972297430038,10.431015968322754,0.8742408752441406,1.4458074569702148,0.09143148362636566,0.10283530503511429,0.08563350141048431,432.11383056640625,0.1399116814136505,0.16198807954788208,0.01503322459757328,0.03536185249686241,4.831259727478027,0.08512410521507263,20.572771072387695,1.995942234992981,2.703441619873047,0.1251184046268463,0.1251184046268463,0.0,506.20184326171875,0.48571786284446716,0.48571786284446716,0.18729348480701447,0.1505916267633438,19.59304428100586,0.09276251494884491,24.10485076904297,2.2670159339904785,3.220670700073242
2017,1,37.94227682692041,77.23351198632717,7468.302,1333.0,2.1953141689300537,327.6247863769531,33.811100006103516,23.02866554260254,1.3883365392684937,7.463587760925293,12.02540111541748,0.0838991329073906,0.0838991329073906,0.0,332.3609924316406,0.1338818520307541,0.1338818520307541,0.0196722112596035,0.03518107905983925,5.650576591491699,0.1818990856409073,15.826713562011719,1.0292418003082275,1.3595463037490845,0.05247959867119789,0.06941249966621399,488.35137939453125,131.6511993408203,0.20542606711387634,0.2395450621843338,0.024008002132177353,0.042546648532152176,52.23036575317383,0.15896359086036682,-2.722902297973633,0.25419527292251587,0.8208563923835754,0.061821307986974716,0.0767093375325203,9.407176971435547,366.7691345214844,0.2905769944190979,0.47368013858795166,0.17007483541965485,0.10617730766534805,33.751556396484375,0.1643160879611969,9.658431053161621,0.7822256088256836,1.6687923669815063,0.0981283113360405,0.10411180555820465,0.0,413.17938232421875,0.494118869304657,0.6357795596122742,0.3291970491409302,0.16102387011051178,4.918445587158203,0.09040337800979614,19.675209045410156,1.8839523792266846,2.314241409301758,0.1112857535481453,0.1112857535481453,0.0,453.2896423339844,0.47493085265159607,0.6159099340438843,0.1918955296278,0.13481537997722626,21.39696502685547,0.10661206394433975,21.585220336914062,1.9204069375991821,2.711024284362793
2017,1,38.1311911021507,76.98449794709853,7470.2583,1367.0,4.705845832824707,90.0,30.35780906677246,24.566913604736328,1.3989511728286743,7.555943489074707,11.285801887512207,0.07863500714302063,0.07863500714302063,0.0,315.813720703125,0.4792824685573578,0.48031723499298096,0.2595352232456207,0.12082333117723465,8.853620529174805,0.19061948359012604,15.038748741149902,0.9607425332069397,1.2720532417297363,0.05003480240702629,0.07086314260959625,570.678955078125,116.4404296875,0.23479457199573517,0.38280200958251953,0.09320089966058731,0.0697382465004921,57.76340103149414,0.17160458862781525,-3.4674694538116455,0.2431604564189911,0.7729973196983337,0.05478828027844429,0.06951720267534256,12.038064956665039,327.0711975097656,0.2179294377565384,0.3437802195549011,0.14814133942127228,0.07831916958093643,42.11684036254883,0.1816333830356598,8.514409065246582,0.7004884481430054,1.5026885271072388,0.09185952693223953,0.09809742122888565,0.0,390.39794921875,0.36082154512405396,0.36082154512405396,0.17604964971542358,0.1259039342403412,7.3904643058776855,0.09551838040351868,18.59037971496582,1.7384294271469116,2.1789183616638184,0.10614962875843048,0.10614962875843048,0.0,429.61907958984375,0.47214803099632263,0.5484338402748108,0.22970572113990784,0.1446230560541153,28.671152114868164,0.11620350927114487,20.458051681518555,1.7550886869430542,2.491603136062622
2017,1,39.11269275322679,76.60639739147369,7471.393,1218.0,3.5814247131347656,90.0,20.412694931030273,28.80683135986328,1.383299708366394,6.93299674987793,12.992976188659668,0.10662469267845154,0.10662469267845154,0.0,386.0762634277344,0.4381598234176636,0.5515753030776978,0.1455356329679489,0.1162959635257721,5.248185157775879,0.16024601459503174,18.38458251953125,1.41786789894104,1.8988920450210571,0.057204488664865494,0.07446576654911041,391.455322265625,159.46693420410156,0.18129950761795044,0.21621040999889374,0.07607416063547134,0.03674774989485741,61.16151809692383,0.21949198842048645,-1.7709038257598877,0.2626825273036957,0.9383455514907837,0.07531408220529556,0.08862832933664322,0.0,434.3660583496094,0.31421223282814026,0.45672959089279175,0.15283803641796112,0.08685721457004547,37.48699188232422,0.19330854713916779,11.739623069763184,0.882019579410553,1.824873924255371,0.11196698993444443,0.11995060741901398,0.0,460.7996826171875,0.6155633926391602,0.6155633926391602,0.34192273020744324,0.2187749147415161,3.850039005279541,0.11144071817398071,21.942842483520508,2.2047104835510254,2.736604928970337,0.13590304553508759,0.13590304553508759,0.0,508.7212219238281,0.44239288568496704,0.4659852981567383,0.2048848569393158,0.171841099858284,16.638219833374023,0.12287783622741699,24.224821090698242,2.3786113262176514,3.173410654067993
2017,1,36.76512319892229,81.64675118543835,7481.042,1491.0,2.9642930030822754,51.301883697509766,38.02531051635742,20.763446807861328,1.3842006921768188,7.900000095367432,10.47436237335205,0.06055303290486336,0.06055303290486336,0.0,401.25128173828125,0.7137477993965149,0.7352202534675598,0.34466999769210815,0.2170671820640564,1.6155022382736206,0.060695234686136246,19.10720443725586,1.555566668510437,1.9345197677612305,0.04490527883172035,0.04856489971280098,284.9609375,227.87313842773438,0.24036085605621338,0.28891080617904663,0.011591330170631409,0.054964616894721985,19.606529235839844,0.04824710637331009,-0.43578463792800903,0.3628060519695282,1.0893261432647705,0.04631374031305313,0.05348201096057892,0.0,535.439208984375,0.49581465125083923,0.5335125923156738,0.2632763683795929,0.16761864721775055,27.632972717285156,0.047999780625104904,14.471329689025879,1.2561806440353394,2.345444440841675,0.06709832698106766,0.07004929333925247,0.0,487.9443054199219,0.48097509145736694,0.48097509145736694,0.2962072193622589,0.18145927786827087,0.6114098429679871,0.02369559183716774,23.235443115234375,2.4705967903137207,2.872472047805786,0.06834705919027328,0.06834705919027328,0.0,536.318115234375,0.258048415184021,0.2595646381378174,0.019303098320961,0.08774209022521973,9.164937973022461,0.030200796201825142,25.538959503173828,2.6858677864074707,3.670086145401001
2017,1,41.68043488114621,85.87593207036646,7485.9785,903.0,1.5495933294296265,306.7548522949219,39.021202087402344,11.467036247253418,1.4019231796264648,8.100000381469727,12.724740028381348,0.10463859885931015,0.10463859885931015,1.1440736055374146,380.39501953125,0.5996640920639038,0.5996640920639038,0.20260080695152283,0.16514699161052704,17.388132095336914,0.08945002406835556,18.059568405151367,1.3783729076385498,1.970112919807434,0.049924761056900024,0.057334054261446,496.59796142578125,125.11790466308594,0.22665773332118988,0.26962390542030334,-0.06507173925638199,0.054264266043901443,31.3269100189209,0.1219734475016594,-2.8357255458831787,0.23941966891288757,0.6045855283737183,0.055034056305885315,0.0650017186999321,17.050867080688477,405.4808349609375,0.2946431338787079,0.2946431338787079,0.02348203957080841,0.0801425650715828,27.52249526977539,0.1026114895939827,10.498106956481934,0.8871302008628845,1.4794988632202148,0.08988920599222183,0.10092850774526596,0.10665194690227509,432.6434326171875,0.5970937609672546,0.6470511555671692,0.3132701516151428,0.23730531334877014,4.7818074226379395,0.08237826079130173,20.59699058532715,2.0199155807495117,2.7307589054107666,0.12301257997751236,0.12301257997751236,0.0,507.39556884765625,0.573531448841095,0.573531448841095,0.23363110423088074,0.2257966548204422,19.50399398803711,0.08886391669511795,24.161693572998047,2.311633825302124,3.2878055572509766
2017,1,41.71196964379618,86.03870709522144,7497.379,919.0,3.7221317291259766,270.0,40.42075729370117,13.263631820678711,1.4019663333892822,8.0452299118042,14.948763847351074,0.1089722141623497,0.1089722141623497,0.9948896169662476,371.6993408203125,0.6360582709312439,0.6360582709312439,0.27213987708091736,0.1777723878622055,19.863603591918945,0.10275620222091675,17.6525936126709,1.3091562986373901,1.8727679252624512,0.051015306264162064,0.05801640823483467,508.5837097167969,117.46481323242188,0.2283269613981247,0.3132414221763611,-0.003989678341895342,0.055619847029447556,30.765602111816406,0.13258668780326843,-2.985640287399292,0.23849806189537048,0.5964398384094238,0.055725693702697754,0.06601490825414658,16.129352569580078,386.1347351074219,0.1926545947790146,0.2547586262226105,-0.019103635102510452,0.051812369376420975,28.04620361328125,0.11482720077037811,10.00014591217041,0.8472230434417725,1.3997876644134521,0.09276528656482697,0.10433133691549301,0.09274482727050781,423.1321105957031,0.14258459210395813,0.16470183432102203,0.017505493015050888,0.035878971219062805,5.312238693237305,0.09315329790115356,20.144731521606445,1.94015371799469,2.6334445476531982,0.12763385474681854,0.12763385474681854,0.0,497.2223815917969,0.6148428320884705,0.6148428320884705,0.30228590965270996,0.23825325071811676,20.891586303710938,0.10117287933826447,23.677255630493164,2.1983397006988525,3.1214866638183594
2017,1,41.68528638309236,86.07670309529786,7498.578,921.0,1.241744041442871,270.0,34.73299026489258,13.712624549865723,1.3986555337905884,8.100000381469727,12.955113410949707,0.10966961085796356,0.10966961085796356,0.7969585061073303,378.0332336425781,0.6092956066131592,0.6092956066131592,0.2047347128391266,0.17263385653495789,20.120220184326172,0.09871546924114227,17.96363067626953,1.3274437189102173,1.8963570594787598,0.05178523808717728,0.058389514684677124,477.8403625488281,120.79235076904297,0.29530489444732666,0.3122389614582062,-0.02193765714764595,0.059979528188705444,29.843433380126953,0.12677785754203796,-2.725557327270508,0.24258005619049072,0.6073606014251709,0.05653143674135208,0.06630401313304901,13.279341697692871,395.8236083984375,0.31194791197776794,0.31194791197776794,0.01050187274813652,0.08531513810157776,27.14907455444336,0.1093011200428009,10.339034080505371,0.8634552955627441,1.4207431077957153,0.09248697757720947,0.10412018746137619,0.07429344952106476,430.69561767578125,0.5208936929702759,0.5208936929702759,0.2765810787677765,0.17421315610408783,4.920155048370361,0.08770397305488586,20.50577735900879,1.9752117395401,2.6790506839752197,0.1266430914402008,0.1266430914402008,0.0,504.405029296875,0.6972535252571106,0.6972535252571106,0.25564906001091003,0.2543812096118927,19.802396774291992,0.09605037420988083,24.019287109375,2.232861280441284,3.1697771549224854
2017,1,41.65160233373464,86.06592544805167,7499.897,912.0,1.5491516590118408,126.76705169677734,37.00761032104492,13.311041831970215,1.390425205230713,8.059645652770996,15.092254638671875,0.10912042111158371,0.10912042111158371,0.6697465181350708,386.0632629394531,0.5993000268936157,0.5993000268936157,0.23739148676395416,0.15977807343006134,19.688289642333984,0.09145709127187729,18.35207176208496,1.36275315284729,1.9442169666290283,0.052153319120407104,0.058534689247608185,447.13812255859375,125.93212127685547,0.31643277406692505,0.37244534492492676,0.013071268796920776,0.0802956223487854,29.158723831176758,0.11857930570840836,-2.4519541263580322,0.24650651216506958,0.6194471716880798,0.05703321471810341,0.06625352054834366,11.068743705749512,409.8515930175781,0.23799152672290802,0.32804620265960693,-0.004665960092097521,0.06165247783064842,26.197526931762695,0.10094895958900452,10.777914047241211,0.8890429735183716,1.4613213539123535,0.09142782539129257,0.10297707468271255,0.062434595078229904,440.0509033203125,0.13944274187088013,0.1616760790348053,0.010981614701449871,0.03519859537482262,4.420552730560303,0.07985212653875351,20.951831817626953,2.0285754203796387,2.74651837348938,0.12447532266378403,0.12447532266378403,0.0,513.5885620117188,0.713966965675354,0.713966965675354,0.37253639101982117,0.2667950391769409,18.465288162231445,0.08807671070098877,24.45659828186035,2.2947731018066406,3.2586278915405273
2017,1,41.730024543961584,86.01822644408297,7505.1294,918.0,1.5503668785095215,126.73348236083984,35.695068359375,12.536520957946777,1.4024460315704346,8.100000381469727,14.00261402130127,0.10864781588315964,0.10864781588315964,1.1275053024291992,367.29473876953125,0.6945530772209167,0.6945530772209167,0.3529834449291229,0.20692850649356842,19.777984619140625,0.1057746410369873,17.436534881591797,1.2952407598495483,1.8546773195266724,0.05052408576011658,0.057789821177721024,529.1149291992188,115.12553405761719,0.2507699429988861,0.34030452370643616,0.009509294293820858,0.05554258078336716,31.342937469482422,0.13661077618598938,-3.160224676132202,0.23581737279891968,0.5891302227973938,0.05519380047917366,0.06582866609096527,18.03887939453125,379.2991943359375,0.34040945768356323,0.34040945768356323,0.11888111382722855,0.09107578545808792,28.643821716308594,0.11873681843280792,9.763792991638184,0.8355878591537476,1.3838379383087158,0.09300999343395233,0.10454697906970978,0.10510742664337158,417.9010925292969,0.6248289942741394,0.6248289942741394,0.3740293085575104,0.23911724984645844,5.5809407234191895,0.09700199961662292,19.89504623413086,1.9150928258895874,2.600874900817871,0.12839920818805695,0.12839920818805695,0.0,492.21234130859375,0.7423312067985535,0.7423312067985535,0.39640963077545166,0.30033811926841736,21.657381057739258,0.10485521703958511,23.438684463500977,2.172567367553711,3.0852954387664795
2017,1,36.83330731313053,81.62141903235373,7508.7456,1446.0,1.4839451313018799,308.6731872558594,38.44591522216797,21.573829650878906,1.3785400390625,8.0,13.862724304199219,0.06069997698068619,0.06069997698068619,0.0,407.138427734375,0.5662299394607544,0.7016424536705017,0.2369488775730133,0.14807415008544922,1.5497230291366577,0.05614563822746277,19.387544631958008,1.5937650203704834,1.9802342653274536,0.045505352318286896,0.04897625371813774,280.772705078125,234.9485626220703,0.31885868310928345,0.4564305543899536,0.066868856549263,0.07875672727823257,18.51557731628418,0.04552512988448143,-0.349802702665329,0.3665236234664917,1.0864306688308716,0.04751977697014809,0.05466704070568085,0.0,546.3477783203125,0.5320999026298523,0.5922710299491882,0.2733384370803833,0.17146284878253937,26.79682731628418,0.0456981398165226,14.766156196594238,1.2877569198608398,2.4011194705963135,0.06729980558156967,0.07007526606321335,0.0,495.1195373535156,0.5417525768280029,0.5417525768280029,0.32355597615242004,0.17149919271469116,0.508789598941803,0.021981211379170418,23.57712173461914,2.5286920070648193,2.9323081970214844,0.06855545938014984,0.06855545938014984,0.0,543.8960571289062,0.40607473254203796,0.4116572141647339,0.11637633293867111,0.1285860389471054,8.337027549743652,0.02775748260319233,25.899812698364258,2.755159616470337,3.748234510421753
2017,1,39.31104248628616,76.34364040279834,7510.6045,1249.0,1.1985715627670288,90.0,23.686185836791992,25.7298583984375,1.3832428455352783,7.400000095367432,9.086038589477539,0.11304862797260284,0.11304862797260284,0.05303670093417168,388.41571044921875,0.3600216507911682,0.405653178691864,0.17933376133441925,0.09696514159440994,4.86860990524292,0.1672869771718979,18.493459701538086,1.478102207183838,1.9779226779937744,0.057822514325380325,0.07319708168506622,414.2370300292969,158.40187072753906,0.012664038687944412,0.3150034546852112,0.1689136028289795,0.01052551344037056,69.29578399658203,0.2448025494813919,-1.9529402256011963,0.26057863235473633,0.9636249542236328,0.0838388055562973,0.09691358357667923,7.733942031860352,435.87420654296875,0.4437086880207062,0.6793600916862488,0.2744840085506439,0.1617985963821411,36.15290069580078,0.21603533625602722,11.571358680725098,0.884289562702179,1.823913812637329,0.11962005496025085,0.12751780450344086,0.17869938910007477,458.1688537597656,0.6649181246757507,0.6649181246757507,0.45330002903938293,0.27203240990638733,3.239795446395874,0.13197112083435059,21.80905532836914,2.210496664047241,2.7336862087249756,0.14245453476905823,0.14245453476905823,0.0,510.4891662597656,0.19400249421596527,0.19400249421596527,0.09414838254451752,0.057631101459264755,13.744243621826172,0.13902996480464935,24.30900764465332,2.440011501312256,3.205937147140503
2017,1,39.491060854914814,76.62014034092041,7535.0435,1214.0,2.5746796131134033,111.09976196289062,30.863155364990234,23.10403060913086,1.399985432624817,6.3015642166137695,20.254953384399414,0.13053172826766968,0.13053172826766968,0.0,439.1670227050781,0.45887845754623413,0.5938796401023865,0.20274895429611206,0.1404944807291031,0.6248443722724915,0.1476055532693863,20.912715911865234,1.7685697078704834,2.399137496948242,0.06789718568325043,0.07694149762392044,248.45013427734375,206.79428100585938,0.2602182626724243,0.3575207591056824,0.1862991452217102,0.05010008439421654,55.903446197509766,0.24427035450935364,-0.31798362731933594,0.28300192952156067,1.0760506391525269,0.09845437109470367,0.10980122536420822,0.0,528.1923828125,0.5005738735198975,0.7834890484809875,0.30760031938552856,0.1815536469221115,25.129610061645508,0.19124029576778412,14.275469779968262,1.0814189910888672,2.1812400817871094,0.131488636136055,0.14061105251312256,0.0,516.2182006835938,0.7806460857391357,0.7845239639282227,0.5139760971069336,0.3281337022781372,0.7350378632545471,0.13444948196411133,24.581817626953125,2.618896722793579,3.186387300491333,0.1600266844034195,0.1600266844034195,0.0,571.4041748046875,0.21343667805194855,0.21343667805194855,0.09618677943944931,0.0640036016702652,3.554104804992676,0.13622356951236725,27.2097225189209,2.9167709350585938,3.7865705490112305
2017,1,39.17791156523449,75.96122789645483,7540.637,1301.0,3.5847389698028564,270.0,28.731552124023438,22.985204696655273,1.3841320276260376,7.703212738037109,13.608059883117676,0.09413962066173553,0.09413962066173553,0.31141918897628784,306.2899475097656,0.5694696307182312,0.7340136170387268,0.307602196931839,0.1558336615562439,11.907567024230957,0.18944969773292542,14.570406913757324,1.1123636960983276,1.4620386362075806,0.04537959024310112,0.06767065078020096,759.2225952148438,100.77214050292969,0.23750847578048706,0.3438286781311035,0.2030104100704193,0.04517291486263275,90.23744201660156,0.2447737455368042,-5.026339530944824,0.22208456695079803,0.7716081738471985,0.07069160044193268,0.08588165789842606,45.41191101074219,308.919189453125,0.3182372450828552,0.4688456654548645,0.1174747496843338,0.07860837876796722,48.574466705322266,0.23973238468170166,7.1218180656433105,0.6415349841117859,1.3440978527069092,0.1091989278793335,0.1153646931052208,1.0492812395095825,359.9871826171875,0.7292762994766235,0.7292762994766235,0.3791607916355133,0.2269914150238037,6.643624305725098,0.13708236813545227,17.092281341552734,1.6464893817901611,2.085561513900757,0.12352386862039566,0.12352386862039566,0.0,411.08868408203125,0.17357638478279114,0.17357638478279114,0.09186357259750366,0.050676412880420685,28.755386352539062,0.15167000889778137,19.575651168823242,1.812814712524414,2.390479326248169
2017,1,39.39916324130436,75.76045241242237,7543.753,1404.0,1.516504168510437,127.6948013305664,35.149932861328125,24.199007034301758,1.3981271982192993,7.900000095367432,8.587766647338867,0.09666736423969269,0.09666736423969269,0.13405264914035797,331.42205810546875,0.3408098518848419,0.3578029274940491,0.0843554437160492,0.09699743241071701,9.27094841003418,0.16976848244667053,15.775619506835938,1.1855425834655762,1.5266820192337036,0.04193774610757828,0.06356167048215866,650.0380859375,99.92031860351562,0.1437007486820221,0.19522325694561005,0.12571527063846588,0.0359003059566021,101.93022918701172,0.2521308958530426,-4.199372291564941,0.2353527545928955,0.8157563805580139,0.08104056864976883,0.09675282984972,19.54788589477539,325.4943542480469,0.21044740080833435,0.2120196372270584,0.0634259507060051,0.03289911523461342,46.51703643798828,0.2514592409133911,8.268823623657227,0.6633721590042114,1.3621143102645874,0.11843035370111465,0.12350721657276154,0.45167070627212524,387.47161865234375,0.3120397627353668,0.3130767047405243,0.10394413024187088,0.09705514460802078,5.184806823730469,0.1248687282204628,18.429521560668945,1.710968017578125,2.1634624004364014,0.12629617750644684,0.12629617750644684,0.0,442.463134765625,0.3768373131752014,0.37915733456611633,0.12902028858661652,0.1135992482304573,20.81656265258789,0.12748470902442932,21.069673538208008,1.9271745681762695,2.4988222122192383
2017,1,39.39431619845925,77.8598150247889,7544.2656,1148.0,0.0,-0.0,18.655803680419922,31.16093635559082,1.3799999952316284,6.721858024597168,15.666463851928711,0.12016774713993073,0.12016774713993073,0.0,454.048828125,0.5339888334274292,0.5339888334274292,0.2163810282945633,0.1394868940114975,0.23492054641246796,0.04631083831191063,21.62137222290039,1.8668849468231201,2.5368752479553223,0.06765465438365936,0.07490111142396927,272.47174072265625,253.39617919921875,0.1826734095811844,0.24802738428115845,0.1836244910955429,0.045211054384708405,33.91273498535156,0.1154334545135498,-0.1456148773431778,0.3065386414527893,0.9209457039833069,0.08846442401409149,0.0994953066110611,0.0,590.1962280273438,0.3511786460876465,0.3511786460876465,0.1604837030172348,0.09807350486516953,13.958203315734863,0.05353245511651039,15.951250076293945,1.305405855178833,2.4640913009643555,0.12076451629400253,0.1308581382036209,0.0,544.3914184570312,0.5056281685829163,0.5986502766609192,0.31725984811782837,0.19661377370357513,0.2594696581363678,0.03532141447067261,25.92340087890625,2.9005539417266846,3.48813533782959,0.15004289150238037,0.15004289150238037,0.0,595.5813598632812,0.42974913120269775,0.5371502041816711,0.21653565764427185,0.13999731838703156,3.1499836444854736,0.036888040602207184,28.36101531982422,3.16359806060791,4.0679826736450195
2017,1,39.028072392535535,76.16846907701478,7547.9087,1274.0,4.764729976654053,90.0,29.15631103515625,27.8931941986084,1.4044523239135742,6.800000190734863,12.95964241027832,0.0918893963098526,0.0918893963098526,0.2808564007282257,308.5730285644531,0.4039348065853119,0.5527797937393188,0.16542573273181915,0.11710766702890396,11.950216293334961,0.1905597299337387,14.680580139160156,1.0993096828460693,1.4541187286376953,0.04726555570960045,0.07020990550518036,724.9356079101562,105.13752746582031,0.161995992064476,0.3508198857307434,0.09196479618549347,0.049528904259204865,80.5015640258789,0.23193460702896118,-4.731283187866211,0.22406263649463654,0.7747545838356018,0.06346127390861511,0.07837220281362534,40.955169677734375,315.8377685546875,0.30378395318984985,0.4657151997089386,0.11551370471715927,0.09267835319042206,49.17496871948242,0.2256215512752533,7.429259777069092,0.6518108248710632,1.3840951919555664,0.10278967022895813,0.109620101749897,0.946304440498352,366.26678466796875,0.6528512835502625,0.6528512835502625,0.37300318479537964,0.25845032930374146,7.036154270172119,0.1294436752796173,17.39621353149414,1.683227300643921,2.1369435787200928,0.12111169844865799,0.12111169844865799,0.0,413.9761657714844,0.16984796524047852,0.16984796524047852,0.09159921854734421,0.04998284578323364,30.77615737915039,0.14891071617603302,19.713151931762695,1.813116431236267,2.433009386062622
2017,1,37.100108706461356,80.28823254029342,7553.14,1326.0,1.1627203226089478,270.0,35.70551681518555,22.472063064575195,1.364892601966858,7.565349102020264,13.190556526184082,0.06872301548719406,0.06872301548719406,0.0,390.3763427734375,0.4384915232658386,0.4384915232658386,0.17195798456668854,0.08675679564476013,1.474833369255066,0.07950188964605331,18.5893497467041,1.468206524848938,1.8329893350601196,0.053630296140909195,0.058372560888528824,274.6505126953125,218.32437133789062,0.2154252976179123,0.28460243344306946,0.027531806379556656,0.04964414983987808,18.713579177856445,0.05269389972090721,-0.4299706518650055,0.36121106147766113,0.9409095644950867,0.06253278255462646,0.07316284626722336,0.0,522.6580810546875,0.08994891494512558,0.10549961775541306,0.04309070482850075,0.027853986248373985,21.19192886352539,0.05336495488882065,14.125894546508789,1.2219570875167847,2.2518303394317627,0.08190196007490158,0.08481466770172119,0.0,486.3510437011719,0.4502790868282318,0.4972835183143616,0.23693862557411194,0.14588052034378052,1.3690452575683594,0.02712884731590748,23.159574508666992,2.4954299926757812,2.997019052505493,0.08439873158931732,0.08439873158931732,0.0,532.5859375,0.12740808725357056,0.12740808725357056,0.07833093404769897,0.040607016533613205,11.445114135742188,0.037142883986234665,25.361236572265625,2.6799309253692627,3.6437253952026367
2017,1,41.67181097970885,85.8233815644516,7554.4775,901.0,0.9274099469184875,-0.0,37.860233306884766,12.089863777160645,1.409999966621399,8.100000381469727,13.491110801696777,0.10321478545665741,0.10321478545665741,1.1810662746429443,383.0745849609375,0.5047838687896729,0.5195066928863525,0.1873694360256195,0.12593504786491394,16.563568115234375,0.08527577668428421,18.185405731201172,1.4001495838165283,2.0006070137023926,0.049596186727285385,0.05711081624031067,493.2659606933594,127.38658905029297,0.17520004510879517,0.26464611291885376,-0.01436077244579792,0.042266227304935455,31.547945022583008,0.11885611712932587,-2.7929723262786865,0.23959270119667053,0.6068223118782043,0.054844897240400314,0.06472377479076385,17.261991500854492,411.3665466308594,0.13647820055484772,0.22542472183704376,0.01981906034052372,0.04069484397768974,27.382781982421875,0.09892217814922333,10.651473999023438,0.8993344902992249,1.5045647621154785,0.08901193737983704,0.09988094866275787,0.11010044813156128,435.5553283691406,0.5160897374153137,0.5160897374153137,0.23808534443378448,0.17948348820209503,4.626163959503174,0.07908704876899719,20.73548698425293,2.044447422027588,2.7609171867370605,0.12158071249723434,0.12158071249723434,0.0,510.5474853515625,0.603001058101654,0.6525334119796753,0.323886901140213,0.23115591704845428,19.054147720336914,0.08506535738706589,24.311784744262695,2.3471627235412598,3.339848518371582
2017,1,41.08782035114326,80.51460772347372,7561.9653,1106.0,2.2249295711517334,146.43995666503906,27.175222396850586,23.792078018188477,1.409999966621399,7.844646453857422,15.262158393859863,0.11976602673530579,0.11976602673530579,0.0,275.8199768066406,0.5985089540481567,0.6113991737365723,0.28739872574806213,0.19748185575008392,13.157183647155762,0.2000046670436859,13.134284019470215,0.8677899837493896,1.18091881275177,0.05611289292573929,0.07751976698637009,774.4541015625,63.800872802734375,0.2532583773136139,0.29851019382476807,0.03423282876610756,0.05865484103560448,47.188594818115234,0.26359328627586365,-5.42483377456665,0.18914487957954407,0.43457719683647156,0.06875253468751907,0.08965881168842316,18.726390838623047,247.8599090576172,0.16541163623332977,0.22217676043510437,-0.028690967708826065,0.0431622676551342,61.80326461791992,0.25820186734199524,6.192797660827637,0.5585159063339233,0.9331788420677185,0.12056110054254532,0.13514868915081024,0.0,324.9969482421875,0.4828006625175476,0.5069100260734558,0.22339503467082977,0.17494939267635345,6.130343914031982,0.19707933068275452,15.476044654846191,1.3908556699752808,1.848028302192688,0.15951639413833618,0.15951639413833618,0.0,376.28936767578125,0.5959683060646057,0.6065567135810852,0.3085070848464966,0.24644321203231812,31.181352615356445,0.20939534902572632,17.918540954589844,1.4119704961776733,1.9556533098220825
2017,1,39.076578493794926,76.3587300007632,7563.279,1244.0,1.5121513605117798,232.17758178710938,23.51064682006836,32.86539077758789,1.374826192855835,6.321787357330322,12.800965309143066,0.09904281795024872,0.09904281795024872,0.10749343037605286,350.1006164550781,0.4535262882709503,0.5904884338378906,0.2354154735803604,0.11042913049459457,8.35633373260498,0.1761256754398346,16.666339874267578,1.2604687213897705,1.6744294166564941,0.05202619358897209,0.07235129177570343,537.1009521484375,129.79637145996094,0.24323301017284393,0.2635124623775482,0.08171168714761734,0.04781733453273773,71.10322570800781,0.22790835797786713,-3.1091954708099365,0.24444881081581116,0.8661370277404785,0.06834512203931808,0.08244740962982178,15.674956321716309,374.6628723144531,0.2322128862142563,0.3483874499797821,0.05249255150556564,0.05289115384221077,43.9149169921875,0.21297618746757507,9.702376365661621,0.7597073316574097,1.599159836769104,0.10665009915828705,0.1141495630145073,0.3621833622455597,416.8628845214844,0.5509175658226013,0.5509175658226013,0.2706577181816101,0.15021440386772156,5.424487113952637,0.1197706088423729,19.83336639404297,1.9446392059326172,2.4430925846099854,0.12827077507972717,0.12827077507972717,0.0,464.6030578613281,0.17755472660064697,0.17755472660064697,0.09246369451284409,0.05261598154902458,23.335708618164062,0.13489362597465515,22.12395477294922,2.097210645675659,2.810502290725708
2017,1,38.16595871306443,77.12732741294145,7574.7095,1320.0,2.5334646701812744,291.4603576660156,32.214256286621094,21.774436950683594,1.3698893785476685,7.687224388122559,10.826080322265625,0.08426974713802338,0.08426974713802338,0.0,339.1455078125,0.13426178693771362,0.13426178693771362,0.02054980956017971,0.03476271405816078,6.582972526550293,0.18453191220760345,16.1497859954834,1.065547227859497,1.4258278608322144,0.052827175706624985,0.07138751447200775,487.6610107421875,141.97488403320312,0.34331509470939636,0.35443660616874695,0.10837181657552719,0.0909198597073555,53.114383697509766,0.17300935089588165,-2.6388254165649414,0.25563883781433105,0.8266712427139282,0.06466403603553772,0.0794806033372879,7.8769731521606445,377.5028381347656,0.3134371042251587,0.5136109590530396,0.1957509070634842,0.11602473258972168,36.41337966918945,0.17479254305362701,9.989888191223145,0.8019845485687256,1.6873153448104858,0.09973737597465515,0.10554149001836777,0.0,419.46453857421875,0.32369184494018555,0.36447662115097046,0.2319473922252655,0.12168500572443008,5.459722995758057,0.09917011857032776,19.97450065612793,1.9274388551712036,2.37431001663208,0.11231425404548645,0.11231425404548645,0.0,459.29425048828125,0.2952653765678406,0.35491469502449036,0.09054842591285706,0.0805647000670433,22.918292999267578,0.11617951840162277,21.87115478515625,1.959299921989441,2.745572566986084
2017,1,41.873933112259444,84.16437301751705,7576.902,1040.0,1.5526052713394165,233.3281707763672,33.51840591430664,20.87359046936035,1.410642147064209,8.026500701904297,14.253013610839844,0.11233306676149368,0.11233306676149368,2.3286566734313965,325.3485107421875,0.2228679358959198,0.28182727098464966,-0.034626930952072144,0.046978726983070374,17.71806526184082,0.13532203435897827,15.381897926330566,1.2056647539138794,1.7109030485153198,0.043298594653606415,0.05721208453178406,773.943359375,96.01475524902344,0.17363719642162323,0.27212899923324585,0.01868356578052044,0.038932960480451584,36.05113983154297,0.1622532606124878,-5.175027847290039,0.21146276593208313,0.519516110420227,0.052181426435709,0.06812264025211334,37.368770599365234,326.12799072265625,0.6861528754234314,0.7183971405029297,0.39720970392227173,0.2349998950958252,32.39384078979492,0.15032580494880676,7.804303169250488,0.770288348197937,1.3005027770996094,0.10209616273641586,0.11503387242555618,0.0,378.55267333984375,0.7826685905456543,0.7826685905456543,0.5238426923751831,0.3363049328327179,7.971853733062744,0.13142336905002594,18.026317596435547,1.7856072187423706,2.3966927528381348,0.1475142240524292,0.1475142240524292,0.0,443.0792541503906,0.3271947503089905,0.3271947503089905,0.13863754272460938,0.08526980131864548,30.562028884887695,0.14391212165355682,21.09901237487793,1.957434892654419,2.7986204624176025
2017,1,41.799283301523715,81.89657678105871,7587.8853,1230.0,1.5514405965805054,53.29611587524414,24.677656173706055,20.600000381469727,1.4002386331558228,8.0,19.893892288208008,0.1136820837855339,0.1136820837855339,6.304720878601074,258.4976806640625,0.12281296402215958,0.12281296402215958,-0.03440772369503975,0.03063444048166275,23.166017532348633,0.1924755722284317,12.009188652038574,0.8241318464279175,1.1753395795822144,0.05008242651820183,0.06858482211828232,919.4568481445312,26.722166061401367,0.3501657545566559,0.5285611152648926,0.15084308385849,0.07704996317625046,47.440372467041016,0.23048818111419678,-6.814768314361572,0.18355074524879456,0.36473920941352844,0.058924030512571335,0.08002068102359772,56.745059967041016,229.0155029296875,0.17561295628547668,0.17561295628547668,0.0013825615169480443,0.037556540220975876,58.35873031616211,0.22917862236499786,4.6559576988220215,0.4896828532218933,0.8593059182167053,0.12036150693893433,0.1333988606929779,3.424171209335327,304.7939453125,0.7840657830238342,0.8438854813575745,0.5238831043243408,0.35645434260368347,11.231982231140137,0.18936432898044586,14.350942611694336,1.3034124374389648,1.7408757209777832,0.16761116683483124,0.16761116683483124,0.39906182885169983,364.6694641113281,0.7512680888175964,0.7512680888175964,0.47215595841407776,0.26457515358924866,41.03883361816406,0.19818265736103058,17.346210479736328,1.4011259078979492,2.0067942142486572
2017,1,39.447945806829054,76.26871858689834,7595.6997,1246.0,2.208791971206665,327.0769348144531,26.46807861328125,26.5,1.3783866167068481,7.300000190734863,10.742576599121094,0.11848018318414688,0.11848018318414688,0.021565986797213554,403.4584045410156,0.5581202507019043,0.7340880036354065,0.25776949524879456,0.19220159947872162,3.402592658996582,0.16185212135314941,19.211278915405273,1.561440348625183,2.087517023086548,0.05891778692603111,0.07243062555789948,368.8143005371094,166.7778778076172,0.17753872275352478,0.3752973675727844,0.19275495409965515,0.05291787534952164,72.24275207519531,0.2541388273239136,-1.5422626733779907,0.2669900357723236,1.0002275705337524,0.09178704023361206,0.10464507341384888,3.1448051929473877,456.4585876464844,0.46853938698768616,0.7159758806228638,0.2881205081939697,0.16389897465705872,33.21354675292969,0.221585214138031,12.251724243164062,0.9256786108016968,1.8912736177444458,0.1264195442199707,0.13417363166809082,0.07266343384981155,473.5671081542969,0.7983941435813904,0.7983941435813904,0.5229712128639221,0.35010311007499695,2.260897636413574,0.13633109629154205,22.54735565185547,2.2975246906280518,2.827125310897827,0.14800965785980225,0.14800965785980225,0.0,528.6162109375,0.2008253037929535,0.2008253037929535,0.09479913115501404,0.0595301054418087,9.203109741210938,0.13824427127838135,25.17220115661621,2.5664572715759277,3.339550256729126
2017,1,37.0084786389141,80.00903484603401,7596.0757,1424.0,2.3216805458068848,90.0,36.695133209228516,20.668977737426758,1.3587875366210938,7.599999904632568,12.803983688354492,0.06314676254987717,0.06314676254987717,0.0,371.15411376953125,0.566841185092926,0.566841185092926,0.22058722376823425,0.1617177128791809,1.6737329959869385,0.10396996885538101,17.67400550842285,1.3424417972564697,1.6935086250305176,0.0493016391992569,0.05707897990942001,299.89337158203125,196.14349365234375,0.20848505198955536,0.27529945969581604,0.02549835667014122,0.05224176496267319,21.86006736755371,0.06664946675300598,-0.7919838428497314,0.3456401824951172,0.9084829688072205,0.05295281857252121,0.061112258583307266,0.0,486.94049072265625,0.07767859101295471,0.09002631157636642,0.0883684754371643,0.024564091116189957,21.97886085510254,0.06734608113765717,13.160553932189941,1.1319578886032104,2.0928611755371094,0.072458915412426,0.07544702291488647,0.0,465.0185241699219,0.5030719637870789,0.5489850044250488,0.28027841448783875,0.17779245972633362,2.0135347843170166,0.03579588234424591,22.143739700317383,2.331885576248169,2.8280625343322754,0.07627910375595093,0.07627910375595093,0.0,510.3047790527344,0.30503049492836,0.30503049492836,0.10095549374818802,0.0975903794169426,14.383405685424805,0.04907243326306343,24.300228118896484,2.4879345893859863,3.41660737991333
2017,1,41.99870767793697,84.64811413619908,7598.082,1040.0,2.234609842300415,146.0672607421875,34.020076751708984,19.192020416259766,1.2999999523162842,8.002384185791016,18.806493759155273,0.10182077437639236,0.10182077437639236,2.6674208641052246,293.40692138671875,0.6776369214057922,0.6776369214057922,0.37853914499282837,0.20541062951087952,22.859458923339844,0.16996720433235168,13.84473705291748,1.068251371383667,1.5427850484848022,0.037165988236665726,0.05266183242201805,918.6255493164062,82.71934509277344,0.169023334980011,0.19511650502681732,0.040219757705926895,0.039034485816955566,40.14556121826172,0.19697138667106628,-6.380963325500488,0.1914035677909851,0.4773467481136322,0.04020317643880844,0.05737323686480522,49.58818817138672,271.411376953125,0.6254023909568787,0.6254023909568787,0.32299932837486267,0.2036679983139038,36.53635787963867,0.18426629900932312,5.995221138000488,0.6760247945785522,1.1328141689300537,0.09353800117969513,0.10425951331853867,0.06992225348949432,341.3117370605469,0.7098116874694824,0.7098116874694824,0.40474990010261536,0.26463398337364197,10.508515357971191,0.1631895899772644,16.249610900878906,1.5676064491271973,2.1341888904571533,0.139448344707489,0.139448344707489,0.0,407.8818359375,0.20805367827415466,0.20805367827415466,0.08678754419088364,0.05696095526218414,36.968727111816406,0.1743679642677307,19.422945022583008,1.7245327234268188,2.4741859436035156
2017,1,39.21159561459221,76.6144817416836,7603.383,1220.0,1.1968681812286377,90.0,19.43964385986328,25.973709106445312,1.3653227090835571,6.400000095367432,16.29853630065918,0.1129583790898323,0.1129583790898323,0.0,400.275390625,0.49102261662483215,0.6268210411071777,0.18870213627815247,0.15260785818099976,4.009474277496338,0.15671607851982117,19.060733795166016,1.5111907720565796,2.0322256088256836,0.060061629861593246,0.07512794435024261,353.1755065917969,172.33544921875,0.04013234004378319,0.2266354262828827,0.4700307548046112,0.026337943971157074,59.66869354248047,0.22575590014457703,-1.3804584741592407,0.26819315552711487,0.9747663140296936,0.08152434974908829,0.0943189263343811,0.0,459.6636962890625,0.6206204891204834,0.7636228203773499,0.3606373071670532,0.23519043624401093,34.1436767578125,0.19238856434822083,12.42334270477295,0.936039388179779,1.9210824966430664,0.1171870231628418,0.12546312808990479,0.0,475.6925964355469,0.7856321930885315,0.7856321930885315,0.5045731067657471,0.3547801077365875,3.0150527954101562,0.11738000810146332,22.652027130126953,2.3160958290100098,2.8573567867279053,0.14229600131511688,0.14229600131511688,0.0,525.5174560546875,0.19293531775474548,0.19293531775474548,0.09199395030736923,0.057665158063173294,13.14280891418457,0.12624149024486542,25.024641036987305,2.5225582122802734,3.337663412094116
2017,1,39.440936099973044,76.46814742241267,7617.214,1231.0,2.5730810165405273,111.11351776123047,23.276090621948242,25.053672790527344,1.3899999856948853,6.599999904632568,15.209114074707031,0.12586158514022827,0.12586158514022827,0.003382469294592738,425.73858642578125,0.5397354960441589,0.7267595529556274,0.25282177329063416,0.1742354780435562,1.6542165279388428,0.16138097643852234,20.27310562133789,1.6848381757736206,2.2767326831817627,0.06525685638189316,0.07599502056837082,283.4491271972656,190.27813720703125,0.06425807625055313,0.2518058121204376,0.20000754296779633,0.03010876663029194,60.56951904296875,0.254133015871048,-0.7112287878990173,0.2765003442764282,1.0596975088119507,0.09442553669214249,0.1062241941690445,0.49323996901512146,500.362060546875,0.4646056294441223,0.7128220200538635,0.2963011860847473,0.1621537208557129,28.781902313232422,0.20989598333835602,13.509968757629395,1.0149949789047241,2.0742874145507812,0.12821246683597565,0.13702593743801117,0.011396734043955803,500.4530944824219,0.7164164781570435,0.7264478206634521,0.45702823996543884,0.2950775921344757,1.402335524559021,0.1418847292661667,23.830556869506836,2.495237350463867,3.0501255989074707,0.1553293615579605,0.1553293615579605,0.0,555.1054077148438,0.20822776854038239,0.20822776854038239,0.09569435566663742,0.06230396777391434,6.040088653564453,0.14490260183811188,26.433589935302734,2.7772324085235596,3.6211843490600586
2017,1,39.38191543842963,76.1250775646637,7620.08,1259.0,0.0,-0.0,28.999685287475586,26.443958282470703,1.3845611810684204,7.592849254608154,9.187466621398926,0.10937225073575974,0.10937225073575974,0.07958109676837921,373.0987548828125,0.4540998935699463,0.5848363041877747,0.18306651711463928,0.13827306032180786,5.974935054779053,0.16721932590007782,17.7628173828125,1.4053332805633545,1.8612027168273926,0.052978914231061935,0.06982048600912094,484.5491027832031,141.5501251220703,0.24358950555324554,0.2658584415912628,0.15048590302467346,0.04777934029698372,81.007568359375,0.2505556643009186,-2.6183125972747803,0.25356975197792053,0.9242303967475891,0.08536262065172195,0.09923093020915985,11.604711532592773,404.8254089355469,0.20414432883262634,0.2270282655954361,0.1440303474664688,0.06185979023575783,38.70287322998047,0.2297333925962448,10.627586364746094,0.8229225277900696,1.6897965669631958,0.12131624668836594,0.12825019657611847,0.2681368291378021,438.1129150390625,0.3336714208126068,0.3336714208126068,0.1861172914505005,0.11895779520273209,3.61633563041687,0.13198810815811157,20.849750518798828,2.0682215690612793,2.56868577003479,0.13888870179653168,0.13888870179653168,0.0,492.190185546875,0.19096560776233673,0.19096560776233673,0.09369872510433197,0.05618239939212799,14.889492988586426,0.13622529804706573,23.4376277923584,2.30557918548584,3.0075862407684326
2017,1,39.41641104417909,76.5414461255292,7620.399,1226.0,3.7139594554901123,75.5591049194336,21.28495216369629,21.86846160888672,1.3854482173919678,7.079938888549805,12.78658390045166,0.12557797133922577,0.12557797133922577,0.0,426.8086853027344,0.5031454563140869,0.6118137836456299,0.25595057010650635,0.1440695822238922,1.6347683668136597,0.15764120221138,20.324222564697266,1.6877996921539307,2.2832136154174805,0.06562299281358719,0.07641338557004929,278.43145751953125,193.1606903076172,0.24006108939647675,0.29840087890625,0.11587432771921158,0.057098403573036194,58.3149299621582,0.24765023589134216,-0.6509218215942383,0.27748382091522217,1.0558117628097534,0.0934675931930542,0.10521838068962097,0.0,504.0979919433594,0.4612366557121277,0.4687063694000244,0.19281037151813507,0.115484319627285,28.438518524169922,0.20209082961082458,13.624269485473633,1.0251274108886719,2.090437412261963,0.12732760608196259,0.1362362653017044,0.0,502.5573425292969,0.5743946433067322,0.5743946433067322,0.2868994176387787,0.178497776389122,1.4320979118347168,0.13697148859500885,23.93130111694336,2.512613534927368,3.0707366466522217,0.1550235152244568,0.1550235152244568,0.0,556.538330078125,0.20769956707954407,0.20769956707954407,0.09543602913618088,0.06221912428736687,6.320272445678711,0.14075563848018646,26.5018253326416,2.787658929824829,3.639482021331787
2017,1,41.63165677472257,82.72041799618812,7622.6685,1019.0,1.2407057285308838,270.0,32.31056213378906,19.392248153686523,1.399339199066162,8.100000381469727,16.97234535217285,0.11427668482065201,0.11427668482065201,0.9097756147384644,370.5077819824219,0.695098340511322,0.7210646271705627,0.3529265224933624,0.2253623604774475,7.8032379150390625,0.1244923323392868,17.599905014038086,1.3032327890396118,1.7837308645248413,0.05881262198090553,0.07138063758611679,486.0201721191406,86.66478729248047,0.13014903664588928,0.2427550107240677,0.031292758882045746,0.030990583822131157,28.07638931274414,0.16573427617549896,-3.0485146045684814,0.24062292277812958,0.509821891784668,0.06404101848602295,0.0810977891087532,11.633928298950195,400.46807861328125,0.40169233083724976,0.6371688842773438,0.20995813608169556,0.1258528083562851,26.256242752075195,0.14768052101135254,10.50903034210205,0.831163227558136,1.4731626510620117,0.10429170727729797,0.11634622514247894,0.0,439.31524658203125,0.5806624293327332,0.8007107973098755,0.38630783557891846,0.2560865581035614,3.221487045288086,0.1211012750864029,20.91977310180664,2.0698769092559814,2.686070203781128,0.1424308866262436,0.1424308866262436,0.0,496.7198181152344,0.4305253326892853,0.5618845224380493,0.1781097799539566,0.10474919527769089,17.45948600769043,0.1352817863225937,23.653324127197266,2.2270820140838623,3.111663341522217
2017,1,39.37248443970159,76.4061614586687,7622.7944,1238.0,3.594675302505493,270.0,22.122926712036133,26.651491165161133,1.370390772819519,7.199999809265137,14.939166069030762,0.11907358467578888,0.11907358467578888,0.021483292803168297,407.0845947265625,0.542466402053833,0.7359758019447327,0.26354897022247314,0.17700403928756714,3.2562851905822754,0.163838192820549,19.38395881652832,1.5777342319488525,2.1210103034973145,0.06130916625261307,0.07450404763221741,346.6471252441406,173.6608123779297,0.15539158880710602,0.3050121068954468,0.0889769047498703,0.041026413440704346,65.08194732666016,0.24879489839076996,-1.3205060958862305,0.26868903636932373,1.0107855796813965,0.08883234858512878,0.10130850970745087,3.132746458053589,467.3098449707031,0.3579196333885193,0.52623051404953,0.15901818871498108,0.10242395102977753,32.62792205810547,0.21281181275844574,12.545327186584473,0.9473755359649658,1.9449712038040161,0.12367447465658188,0.13200044631958008,0.0723848044872284,479.47998046875,0.7027801871299744,0.7027801871299744,0.42034122347831726,0.2774972915649414,2.33949875831604,0.13580182194709778,22.82893180847168,2.3493096828460693,2.888742446899414,0.14850901067256927,0.14850901067256927,0.0,532.8632202148438,0.20069508254528046,0.20069508254528046,0.09487531334161758,0.059828031808137894,9.92293643951416,0.14077481627464294,25.37443733215332,2.6034951210021973,3.4083073139190674
2017,1,39.390004247740585,76.57432753669731,7631.4844,1221.0,2.5714423656463623,248.8723602294922,28.16216278076172,26.58087730407715,1.3973824977874756,6.493166923522949,12.721944808959961,0.1240062415599823,0.1240062415599823,0.0,423.90802001953125,0.4935778081417084,0.661596417427063,0.22112572193145752,0.1641782969236374,1.9185669422149658,0.15509915351867676,20.18609619140625,1.6683692932128906,2.2557671070098877,0.06494035571813583,0.07625587284564972,287.78009033203125,191.7246551513672,0.2647256553173065,0.5560773015022278,0.2480110079050064,0.08578488975763321,58.077945709228516,0.24217438697814941,-0.7332475781440735,0.2767164707183838,1.0429471731185913,0.0920129120349884,0.10389433801174164,0.0,499.9557800292969,0.5273779034614563,0.8270868062973022,0.35677313804626465,0.21126657724380493,28.924663543701172,0.19751910865306854,13.51231861114502,1.0186010599136353,2.0743422508239746,0.12608446180820465,0.13491053879261017,0.0,499.8609619140625,0.7856955528259277,0.7856955528259277,0.5474337339401245,0.33908262848854065,1.615748405456543,0.1321374773979187,23.802902221679688,2.494371175765991,3.051090955734253,0.15343911945819855,0.15343911945819855,0.0,553.2316284179688,0.20585431158542633,0.20585431158542633,0.09494134783744812,0.06165159493684769,7.163060188293457,0.13655759394168854,26.344362258911133,2.760024070739746,3.6079206466674805
2017,1,41.31230933457794,82.78159686264138,7636.509,986.0,2.7802884578704834,180.0,23.296871185302734,27.418251037597656,1.3899999856948853,7.60912561416626,19.30934715270996,0.10316632688045502,0.10316632688045502,0.0,416.9449462890625,0.6402318477630615,0.6402318477630615,0.27490726113319397,0.205258309841156,2.8904504776000977,0.08367262780666351,19.854520797729492,1.5182695388793945,2.066070795059204,0.05895524099469185,0.07061484456062317,336.13751220703125,118.18829345703125,0.15681815147399902,0.2411978840827942,0.024643847718834877,0.03676198422908783,20.620996475219727,0.11966973543167114,-1.6637344360351562,0.263573557138443,0.5860773324966431,0.06343896687030792,0.07727699726819992,0.0,482.0601501464844,0.6449527144432068,0.6449527144432068,0.3655225932598114,0.2290060818195343,18.771217346191406,0.10232511162757874,13.028653144836426,1.0090773105621338,1.72756826877594,0.09040811657905579,0.09998428076505661,0.0,493.6621398925781,0.6113020181655884,0.6113020181655884,0.3849795162677765,0.25580906867980957,0.9203163981437683,0.0789894312620163,23.507720947265625,2.40915846824646,3.1282551288604736,0.1172725260257721,0.1172725260257721,0.0,548.8759765625,0.3086090087890625,0.3086090087890625,0.034955501556396484,0.10957057029008865,10.180280685424805,0.09346823394298553,26.136951446533203,2.6031031608581543,3.603177070617676
2017,1,41.22687741749497,82.9209214750563,7644.871,974.0,2.46486496925354,90.0,26.344247817993164,23.057039260864258,1.3799999952316284,7.800000190734863,17.01599884033203,0.09979282319545746,0.09979282319545746,0.0,423.78369140625,0.5069675445556641,0.6373980641365051,0.2342255562543869,0.1736650913953781,2.6398229598999023,0.06828925758600235,20.18017578125,1.5705581903457642,2.1449673175811768,0.05663268640637398,0.06777296960353851,335.3267822265625,129.7071533203125,0.22929731011390686,0.33391761779785156,0.03309473395347595,0.052428167313337326,19.4901065826416,0.10082457214593887,-1.5696154832839966,0.26676708459854126,0.6129811406135559,0.061298638582229614,0.07306598126888275,0.0,496.2514343261719,0.2666323184967041,0.37473782896995544,0.03362496569752693,0.06817632913589478,17.880788803100586,0.08502350002527237,13.412200927734375,1.0576484203338623,1.7888107299804688,0.08607520908117294,0.09541359543800354,0.0,500.5763244628906,0.5182655453681946,0.5182655453681946,0.2599281072616577,0.18201683461666107,0.9147680997848511,0.06372348219156265,23.83696746826172,2.474923849105835,3.2291831970214844,0.11214535683393478,0.11214535683393478,0.0,556.4755859375,0.5654898285865784,0.5654898285865784,0.3025984466075897,0.20457415282726288,10.252869606018066,0.07846221327781677,26.498838424682617,2.6861627101898193,3.732065439224243
2017,1,37.10360910078831,80.26182128475388,7644.9277,1327.0,2.5023794174194336,291.74078369140625,34.124691009521484,22.684768676757812,1.3600000143051147,7.900000095367432,12.294883728027344,0.06855461001396179,0.06855461001396179,0.0,390.14752197265625,0.45143499970436096,0.45143499970436096,0.1200842559337616,0.12227806448936462,1.466968297958374,0.0803476944565773,18.578453063964844,1.4659794569015503,1.8306207656860352,0.053355272859334946,0.05830066278576851,275.36309814453125,218.22364807128906,0.24305014312267303,0.28444498777389526,-0.0011513374047353864,0.0590364970266819,18.71734619140625,0.05325118452310562,-0.43617889285087585,0.36070170998573303,0.9388009905815125,0.06210337206721306,0.0726265087723732,0.0,522.2095947265625,0.08938449621200562,0.10477892309427261,0.04437354579567909,0.02769344113767147,21.041393280029297,0.05388988181948662,14.113773345947266,1.2209999561309814,2.2488181591033936,0.08147619664669037,0.08439227193593979,0.0,486.1988830566406,0.5265702605247498,0.5265702605247498,0.26794251799583435,0.19203750789165497,1.3858243227005005,0.027517477050423622,23.152326583862305,2.4945971965789795,2.996885061264038,0.08406241238117218,0.08406241238117218,0.0,532.4212646484375,0.3203912079334259,0.3203912079334259,0.13241559267044067,0.10208853334188461,11.521032333374023,0.03762362524867058,25.3533935546875,2.678420066833496,3.6418344974517822
2017,1,41.087280799915796,80.54775222160397,7645.0537,1103.0,3.0395889282226562,336.1421813964844,25.164560317993164,20.926532745361328,1.3938696384429932,7.77390193939209,18.603477478027344,0.11975735425949097,0.11975735425949097,0.0,278.5124206542969,0.331046998500824,0.3541053235530853,0.10122956335544586,0.07734622061252594,13.109644889831543,0.19627714157104492,13.262495994567871,0.8784505128860474,1.197965383529663,0.05610944330692291,0.07751259207725525,765.5613403320312,64.2516860961914,0.239455446600914,0.359844833612442,0.03994356468319893,0.05063197761774063,46.60928726196289,0.25909698009490967,-5.353508472442627,0.19025243818759918,0.4356239140033722,0.06874056905508041,0.08963638544082642,18.079940795898438,252.19847106933594,0.20958252251148224,0.22706349194049835,0.015657005831599236,0.053430452942848206,61.09785461425781,0.2538410723209381,6.3275275230407715,0.5659435391426086,0.9455012679100037,0.12053743749856949,0.1351293921470642,0.0,328.3249816894531,0.6452712416648865,0.7171723246574402,0.41136613488197327,0.2476242035627365,6.097723007202148,0.19317348301410675,15.634523391723633,1.4080288410186768,1.8683252334594727,0.1595028042793274,0.1595028042793274,0.0,379.74798583984375,0.6316120624542236,0.6394299268722534,0.3865469992160797,0.2316204011440277,30.8605899810791,0.2052968144416809,18.083236694335938,1.4332737922668457,1.984621524810791
2017,1,39.41695059540656,76.11915141936366,7651.5225,1256.0,3.893378973007202,342.0681457519531,28.06604766845703,25.693941116333008,1.3730958700180054,7.599999904632568,10.333056449890137,0.11097320169210434,0.11097320169210434,0.05688222125172615,379.5227966308594,0.24120046198368073,0.2544756531715393,0.08399150520563126,0.06838206201791763,5.376060962677002,0.16466964781284332,18.069805145263672,1.4343918561935425,1.8992054462432861,0.05343536287546158,0.06972144544124603,459.90673828125,144.8588409423828,0.3342805504798889,0.9758385419845581,0.14533571898937225,0.06873559206724167,81.20213317871094,0.25223368406295776,-2.4049458503723145,0.25656190514564514,0.938749372959137,0.08748050779104233,0.1012638583779335,8.294705390930176,413.3050537109375,0.44688060879707336,0.6992979049682617,0.2872556746006012,0.16362814605236053,37.721134185791016,0.23019491136074066,10.9462251663208,0.83894944190979,1.7182167768478394,0.12311524897813797,0.13004142045974731,0.19165629148483276,445.3032531738281,0.683937132358551,0.683937132358551,0.4108753204345703,0.2679014801979065,3.2796387672424316,0.13182568550109863,21.195789337158203,2.104825973510742,2.610002279281616,0.14051975309848785,0.14051975309848785,0.0,500.00018310546875,0.1929251253604889,0.1929251253604889,0.09389083087444305,0.05674745514988899,13.300386428833008,0.1344747543334961,23.809532165527344,2.352541923522949,3.0623409748077393
2017,1,39.33556308297906,76.42448836399838,7651.8457,1237.0,5.153820991516113,224.1182403564453,24.798229217529297,26.835926055908203,1.3773958683013916,7.318607330322266,15.993796348571777,0.11733618378639221,0.11733618378639221,0.022342365235090256,403.3609619140625,0.4962090253829956,0.643639326095581,0.25194114446640015,0.16027893126010895,3.613938808441162,0.16466480493545532,19.206600189208984,1.553231120109558,2.0873007774353027,0.0607929602265358,0.07459171861410141,355.693115234375,170.86753845214844,0.27913835644721985,0.3116393983364105,0.10425412654876709,0.0590713731944561,64.53167724609375,0.2458128184080124,-1.4108823537826538,0.2672520875930786,1.000799298286438,0.08656905591487885,0.0991406962275505,3.2580184936523438,461.3518981933594,0.4076966643333435,0.6577558517456055,0.24054190516471863,0.13026869297027588,33.52177429199219,0.2113116830587387,12.380915641784668,0.9347362518310547,1.923884630203247,0.12175416201353073,0.13008318841457367,0.07527931779623032,475.8267822265625,0.7223377823829651,0.7223377823829651,0.4843534529209137,0.27399682998657227,2.6001977920532227,0.13356700539588928,22.65483283996582,2.323956251144409,2.862175226211548,0.14673994481563568,0.14673994481563568,0.0,528.43505859375,0.19857658445835114,0.19857658445835114,0.09466678649187088,0.05921398848295212,11.074772834777832,0.13973434269428253,25.16357421875,2.5668323040008545,3.3696329593658447
2017,1,37.46581296115762,78.54756447576713,7652.482,1379.0,0.0,-0.0,32.143653869628906,23.311922073364258,1.351468801498413,7.433211326599121,15.042065620422363,0.0706280916929245,0.0706280916929245,0.0,420.95587158203125,0.5294317007064819,0.5656234622001648,0.22514164447784424,0.13013793528079987,0.6083737015724182,0.038583241403102875,20.04551887512207,1.647385835647583,2.056265115737915,0.048083800822496414,0.05479539930820465,264.8799133300781,253.7917022705078,0.18821804225444794,0.26228776574134827,0.0456499420106411,0.04033030942082405,16.32600212097168,0.03521314263343811,-0.08464294672012329,0.35278263688087463,0.9869580864906311,0.054015107452869415,0.06373073160648346,1.2379814386367798,562.718505859375,0.2659761905670166,0.2659761905670166,0.15392674505710602,0.08417634665966034,12.623649597167969,0.030508628115057945,15.175149917602539,1.2987033128738403,2.365615129470825,0.07794145494699478,0.08172520250082016,0.0,518.880859375,0.24200960993766785,0.24200960993766785,0.09099594503641129,0.0822448879480362,0.7098420858383179,0.012761182151734829,24.708614349365234,2.732872486114502,3.260063886642456,0.08501194417476654,0.08501194417476654,0.0,561.923828125,0.3748055398464203,0.3748055398464203,0.16462793946266174,0.12041132897138596,7.684802055358887,0.018284350633621216,26.758275985717773,2.875988721847534,3.870284080505371
2017,1,38.18563226691222,85.43988995565314,7653.6934,1240.0,3.0195436477661133,22.980972290039062,37.60460662841797,34.489803314208984,1.4232368469238281,7.900000095367432,9.931809425354004,0.05776108428835869,0.05776108428835869,0.0,425.9778137207031,0.4625270664691925,0.46554338932037354,0.2183866798877716,0.1256789118051529,1.0540969371795654,0.011807123199105263,20.284656524658203,1.8254767656326294,2.319086790084839,0.0435090996325016,0.04812351614236832,392.031494140625,181.84622192382812,0.31247642636299133,0.31915482878685,0.11410392820835114,0.11257762461900711,9.725055694580078,0.024990877136588097,-1.6044676303863525,0.3315802812576294,0.9860408306121826,0.04580492153763771,0.04773934558033943,0.0,543.1192016601562,0.4514436423778534,0.4524710774421692,0.16153953969478607,0.1462118774652481,6.747067928314209,0.017338663339614868,14.678897857666016,1.3753734827041626,2.336634874343872,0.05489007756114006,0.055776920169591904,0.0,493.4165344238281,0.646788477897644,0.64797043800354,0.3532816171646118,0.23881354928016663,0.281278520822525,0.00981612503528595,23.49602508544922,2.5764248371124268,3.1241047382354736,0.05786972492933273,0.05786972492933273,0.0,548.4940795898438,0.34066256880760193,0.34066256880760193,0.24826477468013763,0.11088337004184723,4.096850395202637,0.014238332398235798,26.11876678466797,2.817863941192627,3.8979451656341553
2017,1,39.345805638098824,76.0113526513966,7655.994,1283.0,0.0,-0.0,28.29772186279297,27.495500564575195,1.3899999856948853,7.699285507202148,8.885357856750488,0.1035110205411911,0.1035110205411911,0.1351577490568161,350.8677062988281,0.4238201081752777,0.5291748046875,0.17246171832084656,0.12260233610868454,7.856831073760986,0.17197169363498688,16.701549530029297,1.2988022565841675,1.7079181671142578,0.04898570477962494,0.06797805428504944,574.2337036132812,124.2012939453125,0.05234363302588463,0.2760477364063263,0.21359236538410187,0.03486984223127365,87.5301284790039,0.2496797740459442,-3.4353621006011963,0.24344083666801453,0.8702875971794128,0.08151671290397644,0.09606217592954636,19.709033966064453,368.36016845703125,0.24841687083244324,0.32679611444473267,0.09060897678136826,0.06858063489198685,42.39089584350586,0.23653002083301544,9.423004150390625,0.7516745924949646,1.5487136840820312,0.11829522997140884,0.12465707212686539,0.4553942084312439,411.7149963378906,0.5737971663475037,0.5737971663475037,0.2825838327407837,0.20226530730724335,4.554830074310303,0.13115443289279938,19.583789825439453,1.9059727191925049,2.383894443511963,0.13302721083164215,0.13302721083164215,0.0,465.40887451171875,0.18468664586544037,0.18468664586544037,0.0929901972413063,0.05402122810482979,18.894548416137695,0.13700026273727417,22.162328720092773,2.1246376037597656,2.7733235359191895
2017,1,37.13487185827402,80.32245614087863,7659.707,1317.0,0.9274099469184875,180.0,33.60026550292969,26.934343338012695,1.3778791427612305,7.5,12.115042686462402,0.07013700157403946,0.07013700157403946,0.0,395.5279541015625,0.5083137154579163,0.5083137154579163,0.21608209609985352,0.12042780220508575,1.4133551120758057,0.07395929843187332,18.83466339111328,1.5012422800064087,1.8682411909103394,0.05443233251571655,0.05871351808309555,269.49090576171875,224.4622344970703,0.32651710510253906,0.3557669520378113,0.07202993333339691,0.0857250764966011,17.77582359313965,0.04955914616584778,-0.34373027086257935,0.3646090030670166,0.9444483518600464,0.0648726373910904,0.0760924443602562,0.0,531.8818969726562,0.09297917783260345,0.1092098206281662,0.032255835831165314,0.028631344437599182,20.706636428833008,0.0502702035009861,14.375186920166016,1.2459720373153687,2.292257070541382,0.08400850743055344,0.0868697389960289,0.0,492.1502685546875,0.6113366484642029,0.6113366484642029,0.3675142228603363,0.21870927512645721,1.22684907913208,0.025173703208565712,23.435728073120117,2.5411219596862793,3.045210838317871,0.0861494168639183,0.0861494168639183,0.0,538.720703125,0.279535710811615,0.279535710811615,0.07851071655750275,0.09013691544532776,10.738992691040039,0.034394972026348114,25.653366088867188,2.733539581298828,3.705583333969116
2017,1,42.280870674396915,86.70732254357934,7660.2847,1066.0,3.048955202102661,155.7465362548828,27.628023147583008,19.88025665283203,1.407292127609253,8.100000381469727,20.70339012145996,0.11183402687311172,0.11183402687311172,0.0,274.4821472167969,0.2670828700065613,0.2670828700065613,0.06593413650989532,0.05885343626141548,27.74087905883789,0.1959340125322342,13.070578575134277,0.8098012208938599,1.1820160150527954,0.05173146352171898,0.05675484612584114,835.447021484375,28.600688934326172,0.11915317177772522,0.21263888478279114,-0.04297836497426033,0.025699473917484283,39.175331115722656,0.25046420097351074,-6.15913200378418,0.19130383431911469,0.4261699914932251,0.058535296469926834,0.07372874766588211,15.687417030334473,190.1062469482422,0.09209127724170685,0.11297100782394409,0.08363146334886551,0.025234341621398926,39.825531005859375,0.2260366678237915,4.714022636413574,0.47676631808280945,0.8350133895874023,0.10948743671178818,0.12196473032236099,0.0,310.72021484375,0.5991901755332947,0.5991901755332947,0.3745177388191223,0.2845996618270874,14.237205505371094,0.1914978325366974,14.7962007522583,1.1902151107788086,1.7613252401351929,0.15103989839553833,0.15103989839553833,0.0,388.42633056640625,0.6831811666488647,0.6831811666488647,0.4300423860549927,0.2651877999305725,34.30442428588867,0.20212477445602417,18.496492385864258,1.3324817419052124,1.8604731559753418
2017,1,37.182570862242734,80.20334017443793,7660.3447,1322.0,1.4881114959716797,308.5448303222656,37.06922912597656,21.556121826171875,1.3688699007034302,7.446609973907471,12.042218208312988,0.0703665018081665,0.0703665018081665,0.0,398.9150085449219,0.34239810705184937,0.34239810705184937,-0.01669735461473465,0.08640163391828537,1.3027867078781128,0.07368684560060501,18.995952606201172,1.5180240869522095,1.8877383470535278,0.05356244742870331,0.058520812541246414,267.9646301269531,229.5701904296875,0.359429270029068,0.36862027645111084,0.06406185775995255,0.09329882264137268,16.97907257080078,0.04995947331190109,-0.2930873930454254,0.3650098443031311,0.9378025531768799,0.06423093378543854,0.07531498372554779,0.0,538.0346069335938,0.09204670041799545,0.10797762870788574,0.029701275750994682,0.02831592783331871,19.40157127380371,0.05041814222931862,14.541475296020508,1.2626924514770508,2.3121256828308105,0.08337611705064774,0.08624542504549026,0.0,496.66021728515625,0.6095105409622192,0.6095105409622192,0.36231616139411926,0.2026715725660324,1.178320050239563,0.025740159675478935,23.65048599243164,2.5780704021453857,3.08870530128479,0.08583330363035202,0.08583330363035202,0.0,543.3810424804688,0.3224656283855438,0.3224656283855438,0.11869965493679047,0.10380146652460098,10.518841743469238,0.03477606177330017,25.875288009643555,2.7729439735412598,3.751569986343384
2017,1,39.15958465990481,76.70341405309352,7665.042,1210.0,1.5132677555084229,232.2104034423828,18.350603103637695,28.99638557434082,1.3986510038375854,6.900000095367432,13.288222312927246,0.11098215728998184,0.11098215728998184,0.0,398.1614685058594,0.24045974016189575,0.42003822326660156,0.07853120565414429,0.05924233794212341,4.198045253753662,0.15204733610153198,18.96006965637207,1.491050362586975,2.006478786468506,0.059502385556697845,0.07500709593296051,360.0281066894531,174.26052856445312,0.26155829429626465,0.42144325375556946,0.35054418444633484,0.08808902651071548,58.260562896728516,0.21601636707782745,-1.4180731773376465,0.2686866819858551,0.958715558052063,0.08067528903484344,0.09365314990282059,0.0,459.4798583984375,0.5507354140281677,0.5649973750114441,0.3008645176887512,0.2016116827726364,33.96354675292969,0.18309542536735535,12.418374061584473,0.9411919713020325,1.921566367149353,0.11621615290641785,0.12427501380443573,0.0,474.7144775390625,0.49289098381996155,0.6154015064239502,0.3513734042644501,0.20672136545181274,3.1293997764587402,0.1101255863904953,22.605451583862305,2.3117239475250244,2.8502025604248047,0.14032697677612305,0.14032697677612305,0.0,523.5379028320312,0.3767586350440979,0.41533946990966797,0.16337215900421143,0.14794301986694336,13.843894004821777,0.11959163844585419,24.930376052856445,2.5031373500823975,3.31851863861084
2017,1,37.15319876360369,79.99583144781478,7666.1543,1339.0,3.4867753982543945,90.0,35.95204162597656,18.024141311645508,1.3852835893630981,7.860006332397461,9.06067943572998,0.06735596805810928,0.06735596805810928,0.0,390.5613098144531,0.34829652309417725,0.34829652309417725,-0.03943314403295517,0.07159791886806488,1.3305469751358032,0.08630728721618652,18.59815788269043,1.4593634605407715,1.8263219594955444,0.050774119794368744,0.0575525127351284,278.6360168457031,220.73614501953125,0.28862839937210083,0.3621097803115845,0.0295098889619112,0.07556147128343582,18.29422950744629,0.057656433433294296,-0.441983699798584,0.35746175050735474,0.9217064380645752,0.058208562433719635,0.06779628247022629,0.0,523.0667724609375,0.08415696024894714,0.09819380193948746,0.05217238515615463,0.026205580681562424,19.132497787475586,0.05778682231903076,14.136940002441406,1.2246447801589966,2.239295721054077,0.07783816754817963,0.08082376420497894,0.0,487.97137451171875,0.6694530248641968,0.6694530248641968,0.39778590202331543,0.26894623041152954,1.4621332883834839,0.030852388590574265,23.236730575561523,2.5113580226898193,3.0231008529663086,0.08141826838254929,0.08141826838254929,0.0,534.1014404296875,0.39694181084632874,0.44702762365341187,0.18713350594043732,0.12967106699943542,11.929095268249512,0.04153019189834595,25.43340301513672,2.6907477378845215,3.656818389892578
2017,1,39.43015845272686,76.30240709535713,7666.567,1238.0,2.2086257934570312,327.0836181640625,26.59766387939453,24.21881866455078,1.3751287460327148,7.400000095367432,11.450761795043945,0.11874739080667496,0.11874739080667496,0.024738730862736702,404.21197509765625,0.557396650314331,0.6839494705200195,0.25163137912750244,0.19590632617473602,3.3811185359954834,0.1625920683145523,19.247011184692383,1.5663506984710693,2.097504138946533,0.059587784111499786,0.0729779601097107,364.7793273925781,168.67169189453125,0.1054021492600441,0.24448595941066742,0.131034255027771,0.024592921137809753,70.42377471923828,0.25306788086891174,-1.497004747390747,0.26728424429893494,1.0028713941574097,0.09114120155572891,0.10389142483472824,3.6074624061584473,459.2708740234375,0.4015692174434662,0.5758471488952637,0.21995508670806885,0.1456812024116516,33.0251350402832,0.21948857605457306,12.315227508544922,0.9315845370292664,1.9055206775665283,0.12580807507038116,0.1337144672870636,0.08335352689027786,474.7997131347656,0.5622185468673706,0.5622185468673706,0.39582884311676025,0.22011493146419525,2.2795934677124023,0.1366613209247589,22.605541229248047,2.3109030723571777,2.842656373977661,0.14825376868247986,0.14825376868247986,0.0,529.4697265625,0.20092347264289856,0.20092347264289856,0.09483252465724945,0.0596480593085289,9.399617195129395,0.13938327133655548,25.212844848632812,2.576646327972412,3.3574020862579346
2017,1,39.208902317555925,76.14852351800272,7669.637,1273.0,2.3926172256469727,270.0,26.463844299316406,28.405818939208984,1.3841384649276733,7.225211143493652,15.38294506072998,0.10105592757463455,0.10105592757463455,0.18362408876419067,341.3863525390625,0.5407403111457825,0.6769016981124878,0.26631903648376465,0.14528778195381165,8.91801643371582,0.17910827696323395,16.24774932861328,1.257694125175476,1.6659964323043823,0.05037560313940048,0.07011439651250839,604.1443481445312,124.23804473876953,0.11808451265096664,0.26961028575897217,0.20350785553455353,0.030339039862155914,80.52954864501953,0.2417948842048645,-3.6634068489074707,0.23896098136901855,0.8514610528945923,0.07475189119577408,0.08909811079502106,26.77651596069336,361.79071044921875,0.301603227853775,0.4596993625164032,0.09548216313123703,0.07204104214906693,43.73053741455078,0.22767658531665802,9.054437637329102,0.7407108545303345,1.543227195739746,0.11232772469520569,0.11924203485250473,0.6186944246292114,402.715576171875,0.6952860951423645,0.6952860951423645,0.39909613132476807,0.23893959820270538,5.287704944610596,0.13155587017536163,19.147470474243164,1.8821618556976318,2.3594846725463867,0.1304270327091217,0.1304270327091217,0.0,453.7060852050781,0.18087615072727203,0.18087615072727203,0.0927002802491188,0.053237926214933395,22.7000789642334,0.14338994026184082,21.605051040649414,2.067521810531616,2.729722738265991
2017,1,39.28867117630103,76.22048003170217,7669.8257,1264.0,3.027893543243408,232.26133728027344,27.919984817504883,21.924997329711914,1.3553825616836548,7.446173667907715,35.13869857788086,0.10763278603553772,0.10763278603553772,0.10614094138145447,367.3497619628906,0.4819282591342926,0.6344238519668579,0.23406603932380676,0.14949706196784973,6.632223606109619,0.1715518832206726,17.487791061401367,1.3781932592391968,1.8330947160720825,0.05386939272284508,0.07124458253383636,500.7101745605469,141.6027069091797,0.14335116744041443,0.29948723316192627,0.10578060895204544,0.04880164936184883,76.2269058227539,0.24484087526798248,-2.7412784099578857,0.25093966722488403,0.9124953746795654,0.08072833716869354,0.09447033703327179,15.47773265838623,400.8832092285156,0.23261171579360962,0.3396145701408386,0.09039464592933655,0.060594942420721054,39.607017517089844,0.22350066900253296,10.416363716125488,0.8160220384597778,1.6872621774673462,0.11723294854164124,0.12453395128250122,0.3576263189315796,432.9089660644531,0.5124099850654602,0.5124099850654602,0.2905590236186981,0.1845926195383072,4.0947465896606445,0.13153550028800964,20.59768295288086,2.0543456077575684,2.555288314819336,0.13705091178417206,0.13705091178417206,0.0,485.11358642578125,0.1883021742105484,0.1883021742105484,0.09349310398101807,0.05562366917729378,17.354604721069336,0.13970553874969482,23.10064697265625,2.2688188552856445,2.9812827110290527
2017,1,37.18284286740699,80.17207741695223,7671.862,1326.0,1.4881181716918945,308.5446472167969,37.447906494140625,22.02336311340332,1.3658498525619507,7.499466419219971,15.462591171264648,0.0700608417391777,0.0700608417391777,0.0,398.3256530761719,0.37525108456611633,0.37525108456611633,0.05173568055033684,0.10539790987968445,1.2954109907150269,0.07496848702430725,18.96788787841797,1.5132371187210083,1.8830726146697998,0.05319782346487045,0.058393072336912155,268.8377685546875,229.08334350585938,0.31441551446914673,0.4417676031589508,0.08464121073484421,0.08829345554113388,17.054658889770508,0.050800621509552,-0.3034689426422119,0.3642852008342743,0.9358518123626709,0.06351352483034134,0.0744234025478363,0.0,537.0234375,0.0910932719707489,0.1067996472120285,0.03182382509112358,0.028057806193828583,19.266101837158203,0.05119173228740692,14.514147758483887,1.260151743888855,2.306223154067993,0.08273441344499588,0.08562085032463074,0.0,496.139892578125,0.6632320284843445,0.6632320284843445,0.4059680998325348,0.26028627157211304,1.2019932270050049,0.026333242654800415,23.625709533691406,2.574185371398926,3.0855066776275635,0.08535006642341614,0.08535006642341614,0.0,542.8014526367188,0.3293429911136627,0.37403351068496704,0.15334096550941467,0.10791519284248352,10.645936965942383,0.03552575781941414,25.847688674926758,2.7675445079803467,3.745558500289917
2017,1,37.83232431314455,77.28929534050577,7680.888,1424.0,2.9901275634765625,308.30194091796875,39.100669860839844,17.53822135925293,1.363745927810669,7.800000190734863,10.466238021850586,0.0834999829530716,0.0834999829530716,0.0,329.66754150390625,0.6729674935340881,0.6729674935340881,0.28753530979156494,0.16766022145748138,5.078788757324219,0.17846080660820007,15.698453903198242,1.0102152824401855,1.3215926885604858,0.05178845673799515,0.06817393749952316,482.66937255859375,125.57220458984375,0.2338959127664566,0.273335725069046,-0.03727727010846138,0.044440560042858124,52.00895309448242,0.1505078673362732,-2.7259325981140137,0.25377413630485535,0.8189472556114197,0.0598609633743763,0.07494840770959854,8.90575885772705,362.65838623046875,0.1536995768547058,0.1536995768547058,0.11814206838607788,0.0686691552400589,32.54733657836914,0.15766723453998566,9.560881614685059,0.7711324691772461,1.6597509384155273,0.09714995324611664,0.1031867116689682,0.0,411.24871826171875,0.41639673709869385,0.41639673709869385,0.26359501481056213,0.15617462992668152,4.449431896209717,0.0833127424120903,19.583271026611328,1.8635427951812744,2.286722183227539,0.11064280569553375,0.11064280569553375,0.0,451.3618469238281,0.7950613498687744,0.8317869901657104,0.4130958318710327,0.32211747765541077,20.436851501464844,0.09906314313411713,21.49342155456543,1.9012829065322876,2.695864200592041
2017,1,37.80618060366819,77.26611693322997,7683.7095,1454.0,0.9274099469184875,-0.0,32.233036041259766,22.4827880859375,1.355493187904358,7.5,14.384519577026367,0.08229872584342957,0.08229872584342957,0.0,323.8415832519531,0.6458495259284973,0.6458495259284973,0.2820574641227722,0.1858833134174347,5.5257086753845215,0.18013912439346313,15.421028137207031,0.9846409559249878,1.2839487791061401,0.05128961801528931,0.06796536594629288,502.42889404296875,119.40861511230469,0.23746389150619507,0.2611358165740967,-0.05091974511742592,0.05050910636782646,52.89108657836914,0.14943699538707733,-2.923818826675415,0.25085631012916565,0.8065075278282166,0.05762026458978653,0.0726507380604744,10.275853157043457,350.45465087890625,0.1718154400587082,0.22514790296554565,0.07311591506004333,0.044579170644283295,33.53914260864258,0.15867911279201508,9.194021224975586,0.7477216124534607,1.617939829826355,0.09534796327352524,0.1015036404132843,0.0,404.07666015625,0.3802306056022644,0.3802306056022644,0.2538110017776489,0.13591408729553223,4.878993034362793,0.08252366632223129,19.24174690246582,1.8184400796890259,2.238558292388916,0.10924958437681198,0.10924958437681198,0.0,444.11676025390625,0.712441623210907,0.7689360976219177,0.34143975377082825,0.2776195704936981,21.619674682617188,0.09902524948120117,21.14841651916504,1.853512167930603,2.637125253677368
2017,1,39.33933548247028,76.13343392003786,7685.507,1265.0,1.5156891345977783,307.7186279296875,34.44931411743164,23.15607261657715,1.4057852029800415,7.2942094802856445,13.386709213256836,0.10744325816631317,0.10744325816631317,0.10583364218473434,365.51934814453125,0.319473534822464,0.39014142751693726,0.15181569755077362,0.0827794149518013,6.682905197143555,0.17021222412586212,17.40064239501953,1.3706820011138916,1.8158622980117798,0.052438169717788696,0.06994857639074326,513.3353271484375,137.62759399414062,0.22995951771736145,0.32674768567085266,0.2020956575870514,0.0394505076110363,80.7236557006836,0.24845090508460999,-2.8679981231689453,0.25005367398262024,0.9070360064506531,0.08279525488615036,0.0967644676566124,15.43292236328125,394.7987365722656,0.26458925008773804,0.3662068247795105,0.12177705019712448,0.07077047228813171,39.876548767089844,0.2290884107351303,10.253129959106445,0.8039112687110901,1.6562176942825317,0.11913446336984634,0.12608017027378082,0.35659095644950867,429.6624450683594,0.34891068935394287,0.34891068935394287,0.14417120814323425,0.09962011128664017,4.017956256866455,0.13206647336483002,20.44313621520996,2.02497935295105,2.519989490509033,0.13692301511764526,0.13692301511764526,0.0,482.9794616699219,0.18860101699829102,0.18860101699829102,0.09346727281808853,0.05550193786621094,16.782873153686523,0.13820870220661163,22.999021530151367,2.249767541885376,2.942826509475708
2017,1,39.122663303182286,76.84247111944524,7686.2163,1199.0,4.405034065246582,147.19822692871094,16.25446319580078,28.684133529663086,1.393263339996338,6.400884628295898,13.822351455688477,0.11101289093494415,0.11101289093494415,0.0,401.9791259765625,0.6023260951042175,0.6578149795532227,0.2954843044281006,0.21922455728054047,3.8458616733551025,0.14432144165039062,19.141862869262695,1.5048854351043701,2.031583309173584,0.06010887026786804,0.07516328245401382,350.5394287109375,183.79649353027344,0.20475290715694427,0.25702106952667236,0.09519065171480179,0.05613887310028076,55.31112289428711,0.2050437033176422,-1.2728466987609863,0.2722901701927185,0.953547477722168,0.08264728635549545,0.09566032141447067,0.0,472.0244140625,0.14926345646381378,0.1805785596370697,0.0356268547475338,0.04209739342331886,31.98036003112793,0.16952838003635406,12.757416725158691,0.9762304425239563,1.971765160560608,0.1174149438738823,0.12525050342082977,0.0,480.7126770019531,0.19843651354312897,0.20665189623832703,0.08198872953653336,0.06701453030109406,2.8750269412994385,0.103078693151474,22.891080856323242,2.3603603839874268,2.8983404636383057,0.14040382206439972,0.14040382206439972,0.0,528.9105834960938,0.5089489817619324,0.5385318994522095,0.26805028319358826,0.20103034377098083,13.126580238342285,0.11216612160205841,25.18621826171875,2.5440165996551514,3.3707773685455322
2017,1,37.11897070391743,80.30655498652203,7687.3867,1323.0,2.3250629901885986,90.0,32.816810607910156,25.313444137573242,1.3686798810958862,7.449747085571289,13.92897891998291,0.06948713958263397,0.06948713958263397,0.0,393.17706298828125,0.5248822569847107,0.5248822569847107,0.2020573765039444,0.1422884613275528,1.4409518241882324,0.07649402320384979,18.72271728515625,1.48613703250885,1.8521757125854492,0.05406241863965988,0.05855405703186989,271.820556640625,221.6664581298828,0.2646588683128357,0.2646588683128357,0.11903516948223114,0.06229957565665245,18.204544067382812,0.050997231155633926,-0.38285574316978455,0.36306142807006836,0.9428845047950745,0.06378992646932602,0.07473748922348022,0.0,527.682861328125,0.09157503396272659,0.10749296098947525,0.03720957785844803,0.028271419927477837,20.925912857055664,0.05168609321117401,14.261699676513672,1.2350248098373413,2.2738020420074463,0.08303908258676529,0.08592504262924194,0.0,489.5083923339844,0.6250295639038086,0.6250295639038086,0.39595988392829895,0.2416822463274002,1.2913572788238525,0.02607395499944687,23.30992317199707,2.5202877521514893,3.0232551097869873,0.0853477194905281,0.0853477194905281,0.0,535.9228515625,0.24149607121944427,0.24149607121944427,0.0466620959341526,0.07746369391679764,11.061406135559082,0.035658057779073715,25.5201358795166,2.7090585231781006,3.677379846572876
2017,1,41.42495514539009,82.8848116747255,7687.454,986.0,3.7056667804718018,90.0,26.27630043029785,24.63259506225586,1.399999976158142,8.082524299621582,21.603960037231445,0.11456780880689621,0.11456780880689621,0.0,413.502197265625,0.6342673301696777,0.6342673301696777,0.28949546813964844,0.22650954127311707,2.973414182662964,0.08114560693502426,19.690580368041992,1.5006121397018433,2.0452094078063965,0.06186990439891815,0.0730133131146431,331.4267883300781,112.18424987792969,0.1317121684551239,0.19014690816402435,0.023115284740924835,0.028062358498573303,21.926042556762695,0.11838296800851822,-1.6736071109771729,0.26363128423690796,0.5741027593612671,0.06752728670835495,0.08245162665843964,0.0,472.1871032714844,0.5301893949508667,0.5301893949508667,0.26966097950935364,0.1416311413049698,19.900667190551758,0.100828155875206,12.76181411743164,0.9781598448753357,1.7017207145690918,0.0986422672867775,0.10983366519212723,0.0,488.37786865234375,0.6106718182563782,0.6106718182563782,0.37645742297172546,0.2618931531906128,0.9623244404792786,0.07652158290147781,23.256088256835938,2.361992359161377,3.0618693828582764,0.13015629351139069,0.13015629351139069,0.0,543.775634765625,0.46343791484832764,0.46343791484832764,0.23917192220687866,0.16053186357021332,10.79011058807373,0.09242917597293854,25.89407730102539,2.5479252338409424,3.536959171295166
2017,1,39.32721118670595,76.57324843424239,7692.6274,1224.0,0.0,-0.0,27.88181495666504,26.622169494628906,1.3960373401641846,6.300000190734863,15.8616361618042,0.11994397640228271,0.11994397640228271,0.0,414.84698486328125,0.5052316188812256,0.6349126696586609,0.25969478487968445,0.16094215214252472,2.7157227993011475,0.15683278441429138,19.75461769104004,1.608985185623169,2.1708717346191406,0.0631004199385643,0.07582925260066986,312.50238037109375,183.6245880126953,0.14557357132434845,0.233779639005661,0.14660775661468506,0.03837926313281059,58.97516632080078,0.2375950962305069,-0.9837998747825623,0.27322709560394287,1.0189229249954224,0.0880054160952568,0.10021967440843582,0.0,483.8973388671875,0.39476820826530457,0.6294386386871338,0.18138641119003296,0.11929702013731003,31.041475296020508,0.1974235475063324,13.078306198120117,0.9846047759056091,2.0131471157073975,0.12272172421216965,0.13136303424835205,0.0,490.3846740722656,0.752993643283844,0.752993643283844,0.47651076316833496,0.2963251769542694,2.1518990993499756,0.12779588997364044,23.35165023803711,2.4238078594207764,2.974719762802124,0.1493382751941681,0.1493382751941681,0.0,542.5201416015625,0.2011336088180542,0.2011336088180542,0.09416107088327408,0.06018739193677902,9.415060997009277,0.13387523591518402,25.834293365478516,2.668480396270752,3.503335952758789
2017,1,39.27061627613563,76.41909731082475,7707.146,1244.0,2.207141876220703,147.1432342529297,20.089380264282227,25.752723693847656,1.3629695177078247,7.433838367462158,10.633621215820312,0.11298805475234985,0.11298805475234985,0.03334106504917145,392.05706787109375,0.3474522531032562,0.41821610927581787,0.18310333788394928,0.08161645382642746,4.626510143280029,0.16672267019748688,18.667797088623047,1.4866900444030762,1.9929547309875488,0.05878761410713196,0.07413365691900253,391.18194580078125,161.647216796875,0.031549882143735886,0.21713432669639587,0.2068704217672348,0.015242673456668854,65.67465209960938,0.24085690081119537,-1.7521735429763794,0.2625834345817566,0.9713155627250671,0.08210546523332596,0.09502855688333511,4.861875534057617,442.3534851074219,0.38148942589759827,0.5894418358802795,0.2002379596233368,0.10265728831291199,35.9144172668457,0.21095582842826843,11.824097633361816,0.8956620693206787,1.8523129224777222,0.1180436983704567,0.12619581818580627,0.11233782023191452,463.6084289550781,0.6496000289916992,0.6496000289916992,0.4175757169723511,0.22072507441043854,3.237318992614746,0.12929928302764893,22.071243286132812,2.241072177886963,2.7717244625091553,0.1423463076353073,0.1423463076353073,0.0,514.9443359375,0.19354970753192902,0.19354970753192902,0.09414330869913101,0.05764883756637573,13.809745788574219,0.13752488791942596,24.52115821838379,2.4617302417755127,3.2469751834869385
2017,1,41.445435796528564,82.57408367691718,7709.4487,998.0,1.2371416091918945,270.0,28.812496185302734,24.210208892822266,1.3818053007125854,7.900000095367432,20.275121688842773,0.1068430244922638,0.1068430244922638,0.0,405.63092041015625,0.658710241317749,0.6749204993247986,0.256281316280365,0.1910368651151657,3.326724052429199,0.11095117777585983,19.315757751464844,1.4308278560638428,1.9375334978103638,0.06268433481454849,0.07496842741966248,338.1524658203125,99.29840087890625,0.2680007517337799,0.2937473654747009,-0.024914821609854698,0.05841111019253731,22.242576599121094,0.15251199901103973,-1.8233134746551514,0.25859537720680237,0.5460861325263977,0.06660589575767517,0.08387823402881622,0.0,458.861328125,0.1806151121854782,0.31105837225914,-0.0333215706050396,0.04611615836620331,20.356496810913086,0.13303746283054352,12.401657104492188,0.9298430681228638,1.630077600479126,0.09656327962875366,0.10619472712278366,0.0,482.4857482910156,0.5651443004608154,0.5771306753158569,0.31134629249572754,0.21430638432502747,0.9101319909095764,0.10594402253627777,22.97551155090332,2.3036162853240967,2.967839002609253,0.1238338053226471,0.1238338053226471,0.0,536.6363525390625,0.6517971754074097,0.7017390131950378,0.3368363082408905,0.2645258903503418,10.080269813537598,0.12009008973836899,25.554113388061523,2.470435619354248,3.403803586959839
2017,1,41.6289634776863,82.60534643440288,7710.5635,1018.0,0.0,-0.0,31.70322036743164,17.659793853759766,1.3264946937561035,8.053764343261719,44.857730865478516,0.11057256162166595,0.11057256162166595,0.8416666388511658,369.0774841308594,0.3614497482776642,0.37576785683631897,0.12157131731510162,0.0928846076130867,7.801009178161621,0.13322937488555908,17.5350399017334,1.2850600481033325,1.7545857429504395,0.05903168395161629,0.07176952064037323,483.68524169921875,83.14032745361328,0.24974386394023895,0.40637966990470886,0.09960978478193283,0.05382513999938965,28.054834365844727,0.17622260749340057,-3.0575947761535645,0.23963603377342224,0.5030011534690857,0.06312717497348785,0.08061180263757706,10.936859130859375,398.0221252441406,0.21723401546478271,0.4872032403945923,0.19832143187522888,0.0628228634595871,26.305644989013672,0.1572553664445877,10.461764335632324,0.8196937441825867,1.4560848474502563,0.10253874957561493,0.11391837149858475,0.0,438.8232116699219,0.482400506734848,0.6059367656707764,0.28441959619522095,0.16443312168121338,3.1570940017700195,0.1295461505651474,20.896343231201172,2.0590507984161377,2.666445016860962,0.1390698254108429,0.1390698254108429,0.0,495.8169250488281,0.4901474416255951,0.5519747734069824,0.25046423077583313,0.14494957029819489,17.077302932739258,0.1432414948940277,23.61033058166504,2.2117178440093994,3.0823428630828857
2017,1,39.15607980647681,76.75758321269078,7725.5117,1202.0,1.5132155418395996,307.7911376953125,16.56962013244629,25.530824661254883,1.399999976158142,6.627685546875,12.3310546875,0.11154557019472122,0.11154557019472122,0.0,400.7904357910156,0.3649022579193115,0.4823318421840668,0.15709857642650604,0.10560839623212814,3.969775915145874,0.14841748774051666,19.08525848388672,1.504584789276123,2.0276248455047607,0.05995536223053932,0.0751173198223114,353.56439208984375,178.90045166015625,0.18840128183364868,0.27314242720603943,0.1135910376906395,0.05084711313247681,57.02762985229492,0.2120678573846817,-1.3333123922348022,0.2704814672470093,0.9593106508255005,0.08187919855117798,0.09482347220182419,0.0,466.27313232421875,0.1337805837392807,0.14970095455646515,0.017783477902412415,0.03728687763214111,32.94550704956055,0.1774677336215973,12.60197639465332,0.9589294195175171,1.9481298923492432,0.11707418411970139,0.12508367002010345,0.0,478.201904296875,0.1685548573732376,0.18314491212368011,0.06882322579622269,0.05572391673922539,2.968197822570801,0.10755749046802521,22.771520614624023,2.3394901752471924,2.8788437843322754,0.1409110277891159,0.1409110277891159,0.0,526.9556884765625,0.3092513382434845,0.3523479402065277,0.13485336303710938,0.1073794811964035,13.299554824829102,0.11667470633983612,25.09312629699707,2.530916690826416,3.352033853530884
2017,1,41.49799076154448,82.39594704893307,7729.787,1005.0,1.5467923879623413,306.8323974609375,26.06235122680664,22.382680892944336,1.3845690488815308,8.026780128479004,22.863948822021484,0.10989648848772049,0.10989648848772049,0.0,389.4945373535156,0.46701139211654663,0.47645866870880127,0.18504227697849274,0.12785550951957703,5.03373384475708,0.12295544147491455,18.547359466552734,1.3381438255310059,1.8194516897201538,0.06362970918416977,0.07731099426746368,372.78076171875,82.48995971679688,0.3234829604625702,0.3722410500049591,0.10974796861410141,0.08081472665071487,24.795467376708984,0.16797688603401184,-2.2159602642059326,0.25063392519950867,0.5125952959060669,0.06888613104820251,0.08861600607633591,0.0,427.59161376953125,0.3528980314731598,0.5069422125816345,0.14127372205257416,0.0986793041229248,25.709810256958008,0.1510610729455948,11.556529998779297,0.8530293107032776,1.5053119659423828,0.1030222699046135,0.11278380453586578,0.0,464.18280029296875,0.5719404816627502,0.6561092138290405,0.37355053424835205,0.22007744014263153,1.6795713901519775,0.11724870651960373,22.10394287109375,2.1647934913635254,2.7815003395080566,0.13070109486579895,0.13070109486579895,0.0,518.5411987304688,0.5833461284637451,0.678046464920044,0.3143230676651001,0.20654234290122986,12.326339721679688,0.13053998351097107,24.69243812561035,2.316490888595581,3.1959776878356934
2017,1,40.59248556972228,79.87186397942791,7731.785,1049.0,1.5332852602005005,307.2115783691406,29.3807430267334,19.787752151489258,1.371132254600525,7.564639568328857,14.666586875915527,0.1164546012878418,0.1164546012878418,0.0,366.4645690917969,0.5358761548995972,0.5481806397438049,0.2904767692089081,0.11054901778697968,5.706691741943359,0.14926667511463165,17.450693130493164,1.1789709329605103,1.636650562286377,0.06209750846028328,0.07304706424474716,405.665283203125,104.07994079589844,0.22078937292099,0.2556127607822418,0.07398117333650589,0.042701076716184616,35.78950119018555,0.17704987525939941,-2.302178144454956,0.23142045736312866,0.5863158106803894,0.06606585532426834,0.07809462398290634,3.1866588592529297,404.2327880859375,0.09253180027008057,0.10824956744909286,-0.005757419858127832,0.02602975256741047,39.89051055908203,0.1783875674009323,10.83908462524414,0.7409091591835022,1.3457300662994385,0.10431301593780518,0.12034597992897034,0.0,432.65484619140625,0.2856769859790802,0.2856769859790802,0.1655777394771576,0.08241873979568481,3.86365008354187,0.11559826135635376,20.602611541748047,1.8995325565338135,2.5201127529144287,0.14419284462928772,0.14419284462928772,0.0,479.41473388671875,0.4584917426109314,0.4584917426109314,0.27254536747932434,0.15583983063697815,24.1221866607666,0.12745702266693115,22.829273223876953,1.949681282043457,2.7141406536102295
2017,1,41.705499488167625,85.95570092911156,7734.453,911.0,2.6502349376678467,290.4699401855469,38.95233154296875,11.278178215026855,1.399999976158142,8.100000381469727,11.735904693603516,0.10689515620470047,0.10689515620470047,1.1380642652511597,373.46270751953125,0.685241162776947,0.685241162776947,0.315936416387558,0.20856815576553345,18.737136840820312,0.09823955595493317,17.729745864868164,1.3335002660751343,1.90786612033844,0.05026014521718025,0.05759982019662857,513.1550903320312,119.8705062866211,0.26300981640815735,0.3176562190055847,-0.06088480353355408,0.06017102673649788,31.27399253845215,0.12962017953395844,-3.0021722316741943,0.2376604676246643,0.5967156887054443,0.05511892959475517,0.0654265359044075,17.579853057861328,391.62103271484375,0.25084206461906433,0.25084206461906433,0.01239838171750307,0.06180717423558235,28.089515686035156,0.11113428324460983,10.109221458435059,0.8597325086593628,1.427871823310852,0.09156155586242676,0.10287800431251526,0.10609174519777298,424.8681945800781,0.14057432115077972,0.1625508964061737,0.018524717539548874,0.035546813160181046,5.198015213012695,0.09012984484434128,20.22676658630371,1.964124321937561,2.661487102508545,0.12590688467025757,0.12590688467025757,0.0,499.3431091308594,0.6252527832984924,0.6252527832984924,0.3032090365886688,0.24252912402153015,20.661039352416992,0.0973910465836525,23.778242111206055,2.2367703914642334,3.1788322925567627
2017,1,37.61457303140162,80.31302514215058,7741.268,1260.0,1.4933801889419556,308.3839111328125,36.281734466552734,21.9500789642334,1.3600000143051147,7.908066749572754,10.122737884521484,0.07697004079818726,0.07697004079818726,0.0,442.5128479003906,0.11623536795377731,0.11623536795377731,-0.07846751064062119,0.03264753893017769,0.6987548470497131,0.030339468270540237,21.072040557861328,1.7994732856750488,2.20576810836792,0.056557442992925644,0.05907582864165306,236.2999267578125,278.8337097167969,0.19708606600761414,0.26567381620407104,-0.01573863998055458,0.051914092153310776,8.874610900878906,0.026564951986074448,0.3246854245662689,0.38879016041755676,0.9458380937576294,0.07699140906333923,0.09075400233268738,0.0,614.0173950195312,0.10788992792367935,0.1263178288936615,-0.06279197335243225,0.03213582560420036,13.455224990844727,0.026263734325766563,16.595064163208008,1.4660391807556152,2.6472315788269043,0.09210871160030365,0.09429784119129181,0.0,545.6991577148438,0.43533703684806824,0.5218512415885925,0.22440190613269806,0.16076450049877167,0.10208465158939362,0.01082697231322527,25.985675811767578,2.9699018001556396,3.5015194416046143,0.09205815941095352,0.09205815941095352,0.0,595.120361328125,0.2919376492500305,0.29452356696128845,0.10966037958860397,0.09630587697029114,5.060556888580322,0.013954863883554935,28.33906364440918,3.228947401046753,4.2685089111328125
2017,1,39.1754858142614,75.91191023880371,7741.6294,1311.0,1.8543341159820557,180.0,27.657958984375,23.632102966308594,1.3846535682678223,7.900000095367432,13.6733980178833,0.09264688938856125,0.09264688938856125,0.3424796462059021,298.12139892578125,0.525851845741272,0.6440330147743225,0.22579866647720337,0.14514198899269104,12.596890449523926,0.1918535977602005,14.179947853088379,1.0795711278915405,1.4158201217651367,0.044194191694259644,0.06704150140285492,796.239013671875,95.29559326171875,0.2388812154531479,0.27111586928367615,0.06597606092691422,0.049330394715070724,92.74798583984375,0.24590353667736053,-5.350712776184082,0.2181164026260376,0.7531713247299194,0.06999555230140686,0.08538462221622467,49.94122314453125,296.59332275390625,0.287116140127182,0.40808752179145813,0.09101899713277817,0.07622966170310974,49.6590461730957,0.2429429143667221,6.66627311706543,0.6185678839683533,1.2973755598068237,0.1086881160736084,0.11466461420059204,1.1539349555969238,349.9241027832031,0.5809277892112732,0.5809277892112732,0.26079586148262024,0.20060323178768158,6.943295955657959,0.13869328796863556,16.608102798461914,1.5913703441619873,2.021146059036255,0.12203904241323471,0.12203904241323471,0.0,401.1606140136719,0.17204217612743378,0.17204217612743378,0.09168274700641632,0.0501193031668663,30.09096908569336,0.15378040075302124,19.102886199951172,1.7545232772827148,2.311453104019165
2017,1,39.610448826519786,76.67727480271822,7749.5283,1203.0,1.203737735748291,90.0,26.257869720458984,26.838850021362305,1.382319450378418,6.900000095367432,15.67310619354248,0.1251174658536911,0.1251174658536911,1.8485400676727295,397.98065185546875,0.3157041072845459,0.3432854413986206,0.14656279981136322,0.09241484105587006,4.984119892120361,0.16456617414951324,18.863433837890625,1.6094913482666016,2.196605682373047,0.06277014315128326,0.07383733242750168,457.0363464355469,187.2725372314453,0.2506389021873474,0.5191625356674194,0.2864916920661926,0.07661904394626617,63.3414192199707,0.2497943490743637,-2.059265613555908,0.2594684064388275,0.970553457736969,0.0916794165968895,0.10327798873186111,25.898483276367188,474.60235595703125,0.5156999230384827,0.7898496389389038,0.3484753370285034,0.18777894973754883,28.922138214111328,0.20094160735607147,12.127131462097168,0.9861325621604919,1.989249348640442,0.1274658739566803,0.1369752585887909,0.9028530716896057,465.9737548828125,0.813360333442688,0.8183409571647644,0.5608224272727966,0.36008554697036743,2.500248670578003,0.15585070848464966,22.1462345123291,2.379894971847534,2.914918899536133,0.15617668628692627,0.15617668628692627,0.0,523.85986328125,0.20959928631782532,0.20959928631782532,0.088498555123806,0.06218961253762245,10.404654502868652,0.15524768829345703,24.945707321166992,2.6534769535064697,3.4570040702819824
2017,1,41.84725431065668,81.9841624439505,7753.911,1297.0,1.5521891117095947,126.68328094482422,29.547914505004883,19.08643913269043,1.373878002166748,8.0,22.122291564941406,0.11176085472106934,0.11176085472106934,6.563637733459473,255.6524200439453,0.18119730055332184,0.18119730055332184,0.13536308705806732,0.050107065588235855,23.49742317199707,0.1988735795021057,11.861370086669922,0.8240334987640381,1.171690583229065,0.0486588291823864,0.06631539762020111,944.5667114257812,29.946630477905273,0.23327326774597168,0.40033313632011414,0.08743556588888168,0.07743795216083527,47.74201965332031,0.23624016344547272,-6.981832504272461,0.18183302879333496,0.36730465292930603,0.0559474341571331,0.07585873454809189,60.38075637817383,226.96249389648438,0.2021522969007492,0.2021522969007492,-0.034321270883083344,0.04443379491567612,56.444862365722656,0.23232899606227875,4.502208709716797,0.49370938539505005,0.8741658329963684,0.1176835149526596,0.13101769983768463,3.396242618560791,301.4814147949219,0.7669250965118408,0.8097689151763916,0.48636746406555176,0.3651959002017975,11.401780128479004,0.19665762782096863,14.19453239440918,1.304089069366455,1.746896743774414,0.16752159595489502,0.16752159595489502,0.3958069980144501,361.9624938964844,0.7664284706115723,0.7664284706115723,0.47695988416671753,0.27885574102401733,41.63077163696289,0.20580530166625977,17.21746253967285,1.4028904438018799,2.0143582820892334
2017,1,39.38649939431257,76.35765089830828,7766.8,1236.0,2.571335554122925,68.87144470214844,23.130578994750977,26.648544311523438,1.3832019567489624,7.099999904632568,12.179075241088867,0.11818276345729828,0.11818276345729828,0.028990620747208595,403.3089294433594,0.5642534494400024,0.7196003794670105,0.27950724959373474,0.18207472562789917,3.5366499423980713,0.1639876514673233,19.203805923461914,1.5600606203079224,2.0931520462036133,0.06021328642964363,0.07375971227884293,363.81768798828125,169.747314453125,0.13621178269386292,0.2608838975429535,0.15922914445400238,0.028278598561882973,67.68016052246094,0.25002041459083557,-1.4814531803131104,0.266951322555542,1.0012285709381104,0.08907071501016617,0.10172688961029053,4.22748327255249,459.94647216796875,0.4866982698440552,0.7534276247024536,0.32040920853614807,0.1918221265077591,33.2437858581543,0.21585379540920258,12.316729545593262,0.9328950047492981,1.9136477708816528,0.12396607547998428,0.132078617811203,0.09767964482307434,474.5956115722656,0.6633456349372864,0.6633456349372864,0.4051750600337982,0.2766522765159607,2.441256046295166,0.13586941361427307,22.595138549804688,2.315685510635376,2.8497629165649414,0.14764130115509033,0.14764130115509033,0.0,528.3422241210938,0.19992925226688385,0.19992925226688385,0.0947665348649025,0.05948009714484215,10.264781951904297,0.14030276238918304,25.15915298461914,2.5711286067962646,3.3612396717071533
2017,1,40.97705628097567,80.483344965988,7772.996,1076.0,2.6244184970855713,69.31922149658203,25.925655364990234,23.7833309173584,1.4153802394866943,7.651329040527344,13.006218910217285,0.11771094799041748,0.11771094799041748,0.0,300.8760681152344,0.42053380608558655,0.5067987442016602,0.12671364843845367,0.11130378395318985,11.186456680297852,0.1951102316379547,14.327431678771973,0.955223798751831,1.2957247495651245,0.055370572954416275,0.07589852064847946,682.0031127929688,80.19223022460938,0.2507433593273163,0.31374257802963257,0.01465680729597807,0.05238308012485504,42.56352996826172,0.254431813955307,-4.5939764976501465,0.19789880514144897,0.46738678216934204,0.06614764034748077,0.08484603464603424,15.449816703796387,293.20391845703125,0.16537970304489136,0.16537970304489136,-0.04481948912143707,0.0434102863073349,53.76405715942383,0.24745257198810577,7.5068678855896,0.6266732811927795,1.0464597940444946,0.1154799610376358,0.13092485070228577,0.0,354.8670654296875,0.33965542912483215,0.37331312894821167,0.11090777814388275,0.10076174885034561,5.231373310089111,0.19133904576301575,16.8984317779541,1.550749659538269,2.055257797241211,0.15631306171417236,0.15631306171417236,0.0,404.86474609375,0.4888685643672943,0.5704734325408936,0.2530611455440521,0.17028692364692688,26.961170196533203,0.20291733741760254,19.279273986816406,1.5737249851226807,2.1695892810821533
2017,1,37.577919220742295,78.37993794896599,7782.7886,1368.0,1.1701340675354004,90.0,35.908897399902344,20.701963424682617,1.3519021272659302,7.722140312194824,12.629022598266602,0.07217656821012497,0.07217656821012497,0.0,419.61834716796875,0.5305784940719604,0.6482597589492798,0.18476031720638275,0.14452485740184784,0.4390110671520233,0.04367979243397713,19.981826782226562,1.6198686361312866,2.0280723571777344,0.04824778437614441,0.055704280734062195,269.3035888671875,244.71066284179688,0.22762487828731537,0.324077308177948,0.04920322820544243,0.0626814067363739,19.339412689208984,0.040490951389074326,-0.18773216009140015,0.34466996788978577,0.9827097654342651,0.055554792284965515,0.06547120213508606,0.0,557.1128540039062,0.07953943312168121,0.09388022869825363,-0.008748284541070461,0.024897083640098572,12.981578826904297,0.03582657873630524,15.057104110717773,1.2725218534469604,2.355894088745117,0.08047037571668625,0.08439355343580246,0.0,518.7183227539062,0.27811697125434875,0.27811697125434875,0.10749220848083496,0.09565360099077225,0.28353002667427063,0.012323496863245964,24.70087242126465,2.708584785461426,3.2310006618499756,0.08837562054395676,0.08837562054395676,0.0,560.96435546875,0.3137945830821991,0.3137945830821991,0.09057329595088959,0.10664039850234985,6.97653865814209,0.018116986379027367,26.712589263916016,2.842125654220581,3.8347771167755127
2017,1,41.87474020955012,84.13149160634894,7782.924,1055.0,2.2332606315612793,146.11880493164062,34.26350784301758,20.52701759338379,1.4077593088150024,8.100000381469727,13.421387672424316,0.11361832171678543,0.11361832171678543,2.3947980403900146,324.5082702636719,0.7467211484909058,0.753354012966156,0.4400981068611145,0.3300038278102875,17.66377830505371,0.13530345261096954,15.338736534118652,1.2017239332199097,1.7052109241485596,0.04353092983365059,0.057549431920051575,775.5760498046875,95.1798095703125,0.18961858749389648,0.3705301582813263,-0.0017135979142040014,0.04471695423126221,36.08445358276367,0.16219203174114227,-5.193864345550537,0.21120932698249817,0.5169872641563416,0.05288346856832504,0.068971186876297,37.680023193359375,325.03778076171875,0.27371278405189514,0.4172099828720093,0.05293538421392441,0.06981852650642395,32.53694152832031,0.1505335122346878,7.766425609588623,0.7669300436973572,1.2975350618362427,0.10326725989580154,0.1164538711309433,0.0,377.62188720703125,0.6977895498275757,0.6977895498275757,0.38798990845680237,0.27450427412986755,7.960758209228516,0.13171829283237457,17.98199462890625,1.7811022996902466,2.389948844909668,0.14921161532402039,0.14921161532402039,0.0,442.1147155761719,0.5578964948654175,0.5578964948654175,0.24166607856750488,0.13137273490428925,30.631629943847656,0.14421933889389038,21.053081512451172,1.9516748189926147,2.7922041416168213
2017,1,38.273217929804005,77.23539818607277,7787.8955,1257.0,0.9274099469184875,180.0,33.623600006103516,21.82837677001953,1.3700847625732422,7.811641693115234,10.166670799255371,0.0901729166507721,0.0901729166507721,0.0,364.533203125,0.2616415321826935,0.2616415321826935,0.1921030580997467,0.06453325599431992,4.649193286895752,0.18027949333190918,17.35872459411621,1.1834251880645752,1.6047290563583374,0.05600477755069733,0.07268068194389343,406.67755126953125,171.51638793945312,0.325295627117157,0.3547903001308441,0.09820736944675446,0.06411436945199966,48.610111236572266,0.1796928346157074,-1.7951234579086304,0.2685403823852539,0.882179319858551,0.07580400258302689,0.09060652554035187,3.7967846393585205,431.2207946777344,0.37683817744255066,0.5446297526359558,0.2753793001174927,0.18411840498447418,31.470836639404297,0.17199210822582245,11.552000045776367,0.9113023281097412,1.87932288646698,0.10828538239002228,0.11361147463321686,0.0,450.22149658203125,0.37694141268730164,0.37694141268730164,0.2649853527545929,0.13339407742023468,3.785968780517578,0.10701462626457214,21.439119338989258,2.1314566135406494,2.5895910263061523,0.11892462521791458,0.11892462521791458,0.0,490.6396179199219,0.3321511447429657,0.41348955035209656,0.053721264004707336,0.08961968123912811,17.712085723876953,0.12060819566249847,23.363792419433594,2.1776318550109863,3.011773109436035
2017,1,39.631469028885725,76.74114250710673,7793.8916,1199.0,1.2041049003601074,90.0,25.521026611328125,25.814573287963867,1.3894362449645996,7.382603168487549,13.786608695983887,0.12398025393486023,0.12398025393486023,2.2238266468048096,390.6973876953125,0.41822800040245056,0.47695761919021606,0.1986880898475647,0.12327300757169724,5.724630832672119,0.16264791786670685,18.498741149902344,1.5828298330307007,2.1631407737731934,0.06174749508500099,0.0732361450791359,497.3214416503906,185.42811584472656,0.20687925815582275,0.2832834720611572,0.1699279099702835,0.05557476356625557,63.88253402709961,0.2450006753206253,-2.3808650970458984,0.2556338608264923,0.9447675943374634,0.09028785675764084,0.10194318741559982,30.96498680114746,466.4515380859375,0.42692428827285767,0.5633630156517029,0.17173273861408234,0.13060471415519714,29.23428726196289,0.1959516555070877,11.769906997680664,0.9753639101982117,1.959424376487732,0.12661348283290863,0.13619118928909302,1.080329179763794,457.4318542480469,0.5941060185432434,0.6016693115234375,0.3649308979511261,0.21408435702323914,2.7659130096435547,0.1543719470500946,21.73102569580078,2.344438076019287,2.87479829788208,0.15533585846424103,0.15533585846424103,0.0,515.564697265625,0.20874373614788055,0.20874373614788055,0.08701062947511673,0.06180582940578461,11.752508163452148,0.1537269651889801,24.55069923400879,2.611269950866699,3.4034981727600098
2017,1,38.11529440689517,77.10873296154858,7795.3086,1340.0,3.987098455429077,117.67753601074219,32.626712799072266,21.386608123779297,1.3802530765533447,7.607200622558594,11.15356731414795,0.08276859670877457,0.08276859670877457,0.0,331.6228942871094,0.1323923021554947,0.1323923021554947,0.022944586351513863,0.034320466220378876,7.030869960784912,0.18610656261444092,15.791566848754883,1.03155517578125,1.3743293285369873,0.052142273634672165,0.07094168663024902,510.8901062011719,133.57431030273438,0.2265464961528778,0.26571714878082275,-0.010700716637074947,0.04993624985218048,54.124969482421875,0.17037267982959747,-2.8802733421325684,0.25203245878219604,0.811295211315155,0.06166603043675423,0.07643724977970123,9.52469539642334,362.0193786621094,0.48962974548339844,0.49294304847717285,0.25018560886383057,0.15998031198978424,37.39482879638672,0.17497116327285767,9.526883125305176,0.7719720602035522,1.635392665863037,0.09741128981113434,0.10337011516094208,0.0,410.416748046875,0.3433227837085724,0.3433227837085724,0.2524046003818512,0.12367995828390121,5.910264492034912,0.09718851745128632,19.54365348815918,1.869542121887207,2.3114380836486816,0.11053477972745895,0.11053477972745895,0.0,450.16790771484375,0.6203027963638306,0.7032067179679871,0.26643311977386475,0.19837625324726105,24.19269561767578,0.11502857506275177,21.436567306518555,1.8984739780426025,2.6720917224884033
2017,1,41.10290994910812,84.18862606814675,7796.9814,938.0,0.9274099469184875,-0.0,29.898435592651367,19.95469856262207,1.3950966596603394,7.638895034790039,8.39312744140625,0.07933341711759567,0.07933341711759567,0.0,445.75653076171875,0.487686425447464,0.48835325241088867,0.07773037254810333,0.12422359734773636,2.662130355834961,0.0252844151109457,21.22650146484375,1.7508022785186768,2.4364571571350098,0.04851752892136574,0.05546632036566734,335.58624267578125,168.7716064453125,0.19315503537654877,0.201426699757576,-0.07917717844247818,0.04417697712779045,17.556127548217773,0.0492059588432312,-1.2733941078186035,0.2770785391330719,0.7473993897438049,0.05336739122867584,0.058524586260318756,0.0,536.5910034179688,0.08729445189237595,0.08747416734695435,-0.04478118568658829,0.027920208871364594,14.806602478027344,0.035587113350629807,14.502459526062012,1.2097935676574707,1.9879372119903564,0.06892704963684082,0.07615803182125092,0.0,518.37890625,0.4804435968399048,0.48312997817993164,0.21686436235904694,0.1930072158575058,0.9395357966423035,0.021874474361538887,24.684711456298828,2.6471545696258545,3.4994006156921387,0.08760077506303787,0.08760077506303787,0.0,580.9967651367188,0.11774685233831406,0.11774685233831406,-0.01969221979379654,0.03519422560930252,10.931028366088867,0.036211300641298294,27.66651153564453,2.944608211517334,4.178319454193115
2017,1,37.132713653364156,79.67917284560538,7797.966,1379.0,2.973017454147339,231.4366912841797,37.812339782714844,19.285120010375977,1.3749006986618042,7.900000095367432,13.418919563293457,0.06350637972354889,0.06350637972354889,0.0,380.4552001953125,0.4793197512626648,0.599806547164917,0.14970886707305908,0.11681843549013138,1.3432303667068481,0.1031842827796936,18.116914749145508,1.3868346214294434,1.7492728233337402,0.0467948243021965,0.056298524141311646,293.450927734375,210.43496704101562,0.22866280376911163,0.29349011182785034,-0.002203714568167925,0.05406193807721138,19.76015853881836,0.06801097840070724,-0.6337096095085144,0.3472383916378021,0.8955700397491455,0.05029897019267082,0.05790942162275314,0.0,504.6366882324219,0.07382096350193024,0.08525501191616058,0.08146438002586365,0.023398466408252716,18.358184814453125,0.06773827224969864,13.638829231262207,1.1786857843399048,2.147832155227661,0.07035360485315323,0.07345724105834961,0.0,477.6683349609375,0.626424252986908,0.6915021538734436,0.3460593819618225,0.2341296225786209,1.8434562683105469,0.03773638978600502,22.746110916137695,2.4337363243103027,2.948744773864746,0.07539265602827072,0.07539265602827072,0.0,523.1497802734375,0.39586907625198364,0.4763082265853882,0.15216544270515442,0.12593065202236176,13.75932788848877,0.05054185166954994,24.911893844604492,2.5941691398620605,3.5441343784332275
2017,1,39.24070016716805,76.20349977489064,7824.015,1270.0,2.206861734390259,327.1545104980469,25.034088134765625,25.881372451782227,1.3921974897384644,7.15716552734375,14.917581558227539,0.10442011803388596,0.10442011803388596,0.13812485337257385,355.7209167480469,0.4514053165912628,0.5833591818809509,0.2118000090122223,0.1169089525938034,7.673854351043701,0.17500287294387817,16.932514190673828,1.3219130039215088,1.755664587020874,0.052392277866601944,0.07091046869754791,544.83203125,133.94607543945312,0.2715115249156952,0.30587121844291687,0.08780823647975922,0.05486025661230087,77.46605682373047,0.24239133298397064,-3.1365342140197754,0.24566461145877838,0.8848674893379211,0.07742268592119217,0.0914236456155777,20.141704559326172,383.5248718261719,0.23139850795269012,0.34327811002731323,0.039425790309906006,0.055423375219106674,41.54909133911133,0.22430920600891113,9.821166038513184,0.7822526693344116,1.6242462396621704,0.11448442935943604,0.1216559037566185,0.4653913974761963,419.68206787109375,0.4599373936653137,0.4599373936653137,0.20809127390384674,0.13851705193519592,4.669319152832031,0.1308114230632782,19.962697982788086,1.9783653020858765,2.469733715057373,0.13380441069602966,0.13380441069602966,0.0,471.0636901855469,0.18458624184131622,0.18458624184131622,0.09310633689165115,0.054467421025037766,19.941890716552734,0.141007661819458,22.431604385375977,2.176628589630127,2.8694238662719727
2017,1,39.57487411831539,76.70476070161166,7827.51,1202.0,1.8543341159820557,180.0,32.55406188964844,23.335142135620117,1.3933231830596924,6.958848476409912,16.04770278930664,0.1270565688610077,0.1270565688610077,1.2552214860916138,412.45330810546875,0.40790894627571106,0.4574078619480133,0.21445757150650024,0.12892431020736694,3.499760627746582,0.15416619181632996,19.580862045288086,1.6686123609542847,2.2731099128723145,0.06451389938592911,0.07486243546009064,388.634765625,196.00328063964844,0.14075541496276855,0.3546231985092163,0.19773750007152557,0.02119225449860096,60.124725341796875,0.24285133183002472,-1.470469355583191,0.2679361402988434,1.000431776046753,0.09405221045017242,0.1055540069937706,17.5391788482666,495.10845947265625,0.24006716907024384,0.3727615475654602,0.11853405833244324,0.07591528445482254,27.19101333618164,0.19128769636154175,12.907278060913086,1.0266786813735962,2.0626156330108643,0.12891928851604462,0.1383121907711029,0.6116455793380737,483.836181640625,0.3153115212917328,0.31844791769981384,0.23183758556842804,0.11059611290693283,1.8694931268692017,0.14426018297672272,23.010692596435547,2.4717652797698975,3.0190834999084473,0.15761040151119232,0.15761040151119232,0.0,540.7200927734375,0.21105808019638062,0.21105808019638062,0.09103566408157349,0.06284401565790176,8.088252067565918,0.1444581300020218,25.748577117919922,2.7526931762695312,3.5793726444244385
2017,1,39.40805914790598,76.56004503602313,7835.783,1225.0,0.0,-0.0,19.957473754882812,22.418397903442383,1.3798749446868896,7.0,13.493185043334961,0.125116765499115,0.125116765499115,0.0,426.11676025390625,0.5012808442115784,0.6538881063461304,0.23868274688720703,0.14561805129051208,1.7120990753173828,0.15601614117622375,20.29127311706543,1.6830549240112305,2.2766058444976807,0.06542924791574478,0.07636886090040207,281.1396789550781,193.1890106201172,0.18319445848464966,0.27252259850502014,0.1012660339474678,0.05321391671895981,58.08980941772461,0.24503570795059204,-0.671379029750824,0.277412086725235,1.051051139831543,0.09306223690509796,0.10485177487134933,0.0,503.4286193847656,0.2861109673976898,0.42287641763687134,0.11871849000453949,0.07730161398649216,28.49331283569336,0.19951587915420532,13.606178283691406,1.0249736309051514,2.0877020359039307,0.12697581946849823,0.13585776090621948,0.0,502.0216369628906,0.5140426158905029,0.5140426158905029,0.27951765060424805,0.17622776329517365,1.4800113439559937,0.13468855619430542,23.905792236328125,2.509666681289673,3.0676159858703613,0.15455910563468933,0.15455910563468933,0.0,555.7881469726562,0.20715388655662537,0.20715388655662537,0.09524762630462646,0.06205236166715622,6.5615153312683105,0.13865865767002106,26.466102600097656,2.781620502471924,3.6325738430023193
2017,1,41.26191257447189,82.74925500270074,7839.5513,984.0,2.46618390083313,270.0,24.729066848754883,23.918853759765625,1.370204210281372,7.932554721832275,15.683727264404297,0.09867502748966217,0.09867502748966217,0.0,418.88494873046875,0.4039100408554077,0.45896202325820923,0.18370859324932098,0.15242180228233337,2.833078384399414,0.08307860791683197,19.946903228759766,1.5298293828964233,2.0807135105133057,0.057625558227300644,0.06948031485080719,337.8226318359375,121.51134490966797,0.30142897367477417,0.4257528781890869,0.08183067291975021,0.09339666366577148,20.04825210571289,0.11831678450107574,-1.6512311697006226,0.2637762129306793,0.5923996567726135,0.061701949685811996,0.0749339610338211,0.0,487.1191101074219,0.4504843056201935,0.6542344689369202,0.21963287889957428,0.1383027732372284,18.23290252685547,0.10112173855304718,13.16538143157959,1.0252336263656616,1.7423912286758423,0.08694752305746078,0.09591831266880035,0.0,496.29449462890625,0.5963907837867737,0.5963907837867737,0.36345648765563965,0.22562912106513977,0.906243085861206,0.07840191572904587,23.633071899414062,2.432858943939209,3.1620242595672607,0.11204995959997177,0.11204995959997177,0.0,551.4833984375,0.5182075500488281,0.5182075500488281,0.28267839550971985,0.1833288073539734,9.942964553833008,0.09232467412948608,26.261112213134766,2.631208658218384,3.638145923614502
2017,1,39.54469046328462,76.97910689392492,7854.8193,1190.0,1.2025904655456543,90.0,17.91388702392578,28.891023635864258,1.3705482482910156,6.5,15.203835487365723,0.1286894828081131,0.1286894828081131,0.783062756061554,428.5657653808594,0.4936932325363159,0.6410785913467407,0.16583475470542908,0.14694976806640625,2.0703225135803223,0.11904927343130112,20.37060546875,1.745092749595642,2.376087188720703,0.06598231941461563,0.07572568207979202,332.7715148925781,214.59765625,0.1952151209115982,0.30702924728393555,0.12274723500013351,0.06008629873394966,53.22776412963867,0.2076696902513504,-0.9020906686782837,0.2788284718990326,0.9959288835525513,0.09605035185813904,0.10747065395116806,10.664734840393066,525.691162109375,0.19191856682300568,0.2976030111312866,0.07800062000751495,0.050899866968393326,23.503084182739258,0.14747707545757294,13.919632911682129,1.1056278944015503,2.170792818069458,0.13014322519302368,0.13943803310394287,0.3731483519077301,505.20001220703125,0.35112670063972473,0.39993584156036377,0.2097293585538864,0.1260770708322525,1.1596283912658691,0.10805720090866089,24.03937339782715,2.6108405590057373,3.176696300506592,0.15881773829460144,0.15881773829460144,0.0,560.2440795898438,0.4255390167236328,0.4392021596431732,0.21536287665367126,0.1551109254360199,6.165918827056885,0.10943782329559326,26.67828941345215,2.8897876739501953,3.741887092590332
2017,1,38.2419551723183,77.27797814203213,7856.261,1253.0,2.535757303237915,68.56004333496094,34.845767974853516,22.75870132446289,1.3716681003570557,7.400000095367432,11.629618644714355,0.09117856621742249,0.09117856621742249,0.0,367.4232482910156,0.14319033920764923,0.14319033920764923,0.011105368845164776,0.0371880941092968,4.113523006439209,0.1792900711297989,17.49634552001953,1.196463704109192,1.6226030588150024,0.05658084526658058,0.07251153886318207,393.4100646972656,174.62757873535156,0.3123804032802582,0.35430651903152466,0.12371290475130081,0.06581245362758636,47.57190704345703,0.1779823899269104,-1.6700952053070068,0.2704668343067169,0.8906062841415405,0.07724489271640778,0.09203328937292099,3.625542640686035,438.1840515136719,0.5003637075424194,0.5464447140693665,0.3381209671497345,0.16917283833026886,29.972408294677734,0.1693858802318573,11.744824409484863,0.9265756011009216,1.9093742370605469,0.10947864502668381,0.11476581543684006,0.0,454.09405517578125,0.38103246688842773,0.38103246688842773,0.29251593351364136,0.1182825043797493,3.3998637199401855,0.10690788179636002,21.62352752685547,2.1578738689422607,2.614105463027954,0.11989475041627884,0.11989475041627884,0.0,494.7030944824219,0.4298197031021118,0.5067681670188904,0.16233199834823608,0.12741553783416748,16.476966857910156,0.11972295492887497,23.557289123535156,2.2077999114990234,3.0511462688446045
2017,1,37.091484805023995,79.74978271078668,7868.6646,1407.0,1.8543341159820557,180.0,36.52231979370117,18.62190055847168,1.3626660108566284,7.951827049255371,13.203605651855469,0.06301965564489365,0.06301965564489365,0.0,376.1024169921875,0.47763994336128235,0.47763994336128235,0.10138574242591858,0.09188788384199142,1.4659091234207153,0.10558462888002396,17.909639358520508,1.3637323379516602,1.7201446294784546,0.04717539623379707,0.05650773644447327,298.42144775390625,204.29029846191406,0.2207147628068924,0.28604134917259216,-0.03518441691994667,0.04927819222211838,20.60222053527832,0.06874983757734299,-0.7185583710670471,0.3452076315879822,0.8942538499832153,0.050567690283060074,0.05818724259734154,0.0,496.1098327636719,0.07435808330774307,0.08580637723207474,0.08738972991704941,0.023560624569654465,19.47600746154785,0.0688667744398117,13.408373832702637,1.15707266330719,2.1179356575012207,0.07026828825473785,0.07330821454524994,0.0,472.0670166015625,0.6546607613563538,0.7042385339736938,0.3469185531139374,0.23487865924835205,1.9636788368225098,0.03779368847608566,22.479381561279297,2.3900625705718994,2.898874521255493,0.0749359279870987,0.0749359279870987,0.0,517.4962768554688,0.42793411016464233,0.42793411016464233,0.182322695851326,0.13477039337158203,14.204812049865723,0.05100657045841217,24.64267921447754,2.5476770401000977,3.487173318862915
2017,1,38.09912124737431,77.25749303179259,7871.097,1293.0,0.9274099469184875,-0.0,31.523469924926758,21.495664596557617,1.3749027252197266,7.5,10.096109390258789,0.08766679465770721,0.08766679465770721,0.0,350.810791015625,0.13867270946502686,0.13867270946502686,0.014980939216911793,0.036216456443071365,4.825408458709717,0.1801435947418213,16.705276489257812,1.116461992263794,1.4961079359054565,0.054529983550310135,0.07098336517810822,437.60308837890625,153.93907165527344,0.19047245383262634,0.2656520903110504,-0.024827664718031883,0.038966890424489975,49.831932067871094,0.16861921548843384,-2.165374279022217,0.26275694370269775,0.8575050830841064,0.06978397071361542,0.08464974164962769,6.156910419464111,404.3243408203125,0.2793148159980774,0.3342401683330536,0.17253994941711426,0.10163536667823792,31.791976928710938,0.16668815910816193,10.761281967163086,0.8574588894844055,1.7946197986602783,0.10402961075305939,0.10964269936084747,0.0,434.7843322753906,0.5024391412734985,0.6153047680854797,0.33926495909690857,0.20932786166667938,4.086983680725098,0.09852462261915207,20.704015731811523,2.0273630619049072,2.471397638320923,0.11576277017593384,0.11576277017593384,0.0,475.13116455078125,0.6222220063209534,0.7223984003067017,0.2817939221858978,0.199172705411911,18.784090042114258,0.11294606328010559,22.625293731689453,2.070690393447876,2.889220952987671
2017,1,37.06749930045751,80.05538720148459,7873.7817,1387.0,0.0,-0.0,39.64776611328125,18.215530395507812,1.388251543045044,8.037006378173828,13.718921661376953,0.06538429111242294,0.06538429111242294,0.0,380.3653869628906,0.41875359416007996,0.41875359416007996,0.0677814781665802,0.09773929417133331,1.5348800420761108,0.09432568401098251,18.112638473510742,1.3996446132659912,1.7580962181091309,0.05051245167851448,0.057439278811216354,288.92852783203125,207.4368896484375,0.32935625314712524,0.42759618163108826,0.07441440969705582,0.08282053470611572,20.241844177246094,0.06148357689380646,-0.6220734715461731,0.3519746959209442,0.9185317754745483,0.05618983134627342,0.06520847976207733,0.0,504.1180114746094,0.08174149692058563,0.09516234695911407,0.0694926530122757,0.02562774531543255,20.99283790588379,0.06199343875050545,13.624811172485352,1.175667405128479,2.164900302886963,0.07573546469211578,0.07871416211128235,0.0,475.6737060546875,0.6492989659309387,0.734260618686676,0.4001602828502655,0.24505937099456787,1.7321158647537231,0.0327892005443573,22.6511287689209,2.414522647857666,2.9163267612457275,0.07926427572965622,0.07926427572965622,0.0,521.3693237304688,0.32979828119277954,0.32979828119277954,0.12163055688142776,0.10105603188276291,13.125875473022461,0.044710006564855576,24.82710838317871,2.5824878215789795,3.5287346839904785
2017,1,37.79674960494015,80.37285290098467,7877.076,1247.0,1.4956389665603638,231.6846466064453,32.2337646484375,24.406442642211914,1.3537945747375488,7.111202239990234,11.69223690032959,0.07064809650182724,0.07064809650182724,0.0,445.6873474121094,0.10540822893381119,0.10540822893381119,-0.09476756304502487,0.029953468590974808,0.6692267656326294,0.0252336747944355,21.22320556640625,1.8332033157348633,2.2700796127319336,0.05398635193705559,0.056329675018787384,246.7956085205078,275.98883056640625,0.2780366837978363,0.3139062821865082,0.05523721128702164,0.08433318883180618,8.456902503967285,0.024411743506789207,0.22284890711307526,0.3873744010925293,0.9367092251777649,0.07139553874731064,0.08286742120981216,0.0,616.4354248046875,0.09969183057546616,0.11492276191711426,-0.08037035167217255,0.02983185276389122,12.403409957885742,0.02289436012506485,16.660415649414062,1.479048252105713,2.674936294555664,0.08308486640453339,0.0848219245672226,0.0,547.6334838867188,0.2972082197666168,0.2972082197666168,0.13070841133594513,0.10287702828645706,0.09888796508312225,0.008460958488285542,26.07778549194336,2.989513874053955,3.511171817779541,0.0826411172747612,0.0826411172747612,0.0,597.1148071289062,0.27544814348220825,0.295969694852829,0.060775306075811386,0.09133424609899521,4.927218437194824,0.011692751199007034,28.434038162231445,3.254242420196533,4.282853126525879
2017,1,39.23046207114933,76.33932845207968,7887.5737,1251.0,1.1971949338912964,90.0,24.84678077697754,26.25397300720215,1.3802471160888672,7.077889442443848,9.045990943908691,0.10798598825931549,0.10798598825931549,0.07775447517633438,373.75830078125,0.47582101821899414,0.5906774997711182,0.24356234073638916,0.16618075966835022,6.192532062530518,0.17077919840812683,17.7943115234375,1.3975434303283691,1.865513801574707,0.05562009662389755,0.07278952747583389,463.3645935058594,147.59385681152344,0.10725435614585876,0.21369270980358124,0.11882343888282776,0.02223174460232258,70.39152526855469,0.2392629235982895,-2.410463571548462,0.2543032467365265,0.9268017411231995,0.07841882109642029,0.09188191592693329,11.338348388671875,412.61553955078125,0.20930354297161102,0.2890421748161316,0.1171099916100502,0.05321548506617546,39.0091438293457,0.21560966968536377,10.845330238342285,0.8373725414276123,1.738258957862854,0.11509649455547333,0.12282254546880722,0.2619822919368744,442.1224670410156,0.42316028475761414,0.42316028475761414,0.26984113454818726,0.12779203057289124,4.043250560760498,0.1281377375125885,21.04097557067871,2.109174966812134,2.6221210956573486,0.13733264803886414,0.13733264803886414,0.0,492.9062805175781,0.1880985051393509,0.1880985051393509,0.09353917837142944,0.05581403151154518,17.276630401611328,0.13804897665977478,23.47172737121582,2.3118300437927246,3.0557985305786133
2017,1,37.99375268948139,77.4256591098212,7889.52,1298.0,1.1767393350601196,90.0,32.18601989746094,23.500690460205078,1.3859057426452637,7.699999809265137,11.272854804992676,0.09116365760564804,0.09116365760564804,0.0,364.3301086425781,0.14299534261226654,0.14299534261226654,0.00665124598890543,0.037805259227752686,2.514676570892334,0.17137248814105988,17.34905433654785,1.1682846546173096,1.5596370697021484,0.05560706555843353,0.06984468549489975,370.79168701171875,164.73245239257812,0.3487108647823334,0.47620126605033875,0.15265017747879028,0.0937139168381691,46.30156326293945,0.15934714674949646,-1.572971224784851,0.27118316292762756,0.8935826420783997,0.07438986748456955,0.08958261460065842,2.3848469257354736,435.5308837890625,0.2751673460006714,0.2751673460006714,0.1866529881954193,0.11908107995986938,26.330520629882812,0.15369828045368195,11.706649780273438,0.9162746071815491,1.9152307510375977,0.10844187438488007,0.11380335688591003,0.0,453.3745422363281,0.400271475315094,0.400271475315094,0.2684852182865143,0.13942602276802063,2.1237776279449463,0.09224861860275269,21.589263916015625,2.1378064155578613,2.578155517578125,0.11936213076114655,0.11936213076114655,0.0,494.13385009765625,0.4439283311367035,0.524541974067688,0.10703708231449127,0.12897278368473053,13.520573616027832,0.10350293666124344,23.530183792114258,2.193293333053589,3.052215814590454
2017,1,39.23827887529603,76.78534111674848,7895.061,1209.0,1.1973276138305664,90.0,16.70560646057129,30.974550247192383,1.3799999952316284,6.961751461029053,14.548426628112793,0.11653893440961838,0.11653893440961838,0.0,412.1310119628906,0.40033063292503357,0.4059259593486786,0.11550074070692062,0.12386668473482132,3.0256471633911133,0.14243941009044647,19.625286102294922,1.5807182788848877,2.1358323097229004,0.06213334947824478,0.0756201297044754,324.9119567871094,189.66343688964844,0.19299060106277466,0.2822839021682739,6.227223202586174E-4,0.05238548293709755,55.57537841796875,0.21374210715293884,-1.0324313640594482,0.2749733328819275,0.983835756778717,0.08653105050325394,0.09906087815761566,0.0,486.7986755371094,0.17399652302265167,0.2071448564529419,0.01231302134692669,0.05109807848930359,30.210384368896484,0.1727645844221115,13.156721115112305,1.0043644905090332,2.0252630710601807,0.12104199081659317,0.12931032478809357,0.0,490.1942443847656,0.2826838195323944,0.33917102217674255,0.13580787181854248,0.095270536839962,2.324577569961548,0.10900536924600601,23.34258270263672,2.4310853481292725,2.9791717529296875,0.14594535529613495,0.14594535529613495,0.0,540.3797607421875,0.38739627599716187,0.392759770154953,0.1515229493379593,0.15421880781650543,10.640795707702637,0.11615581065416336,25.732370376586914,2.647878408432007,3.48441219329834
2017,1,37.600290530727435,78.28804033535553,7895.8228,1365.0,1.170492172241211,270.0,39.56040954589844,19.029081344604492,1.3899999856948853,7.60544490814209,10.841595649719238,0.07310790568590164,0.07310790568590164,0.0,411.70086669921875,0.5663574934005737,0.6305115222930908,0.21711617708206177,0.12487883120775223,0.6156162023544312,0.05541697517037392,19.60480308532715,1.5611872673034668,1.958820104598999,0.04826989397406578,0.05647525191307068,283.841064453125,232.1405792236328,0.27636265754699707,0.3121359050273895,-6.496874266304076E-4,0.06090956926345825,22.466903686523438,0.049510881304740906,-0.39466026425361633,0.3359244763851166,0.9678993821144104,0.05578728765249252,0.06621479988098145,0.0,540.2557983398438,0.21416768431663513,0.21416768431663513,0.11621186882257462,0.0871114507317543,14.380664825439453,0.045851144939661026,14.601509094238281,1.2260503768920898,2.2978553771972656,0.0818561315536499,0.08592753112316132,0.0,509.859375,0.38503971695899963,0.38503971695899963,0.1924326866865158,0.12604103982448578,0.41278189420700073,0.01707390695810318,24.27901840209961,2.6329901218414307,3.145643472671509,0.09023644775152206,0.09023644775152206,0.0,551.8478393554688,0.6834443211555481,0.8000137209892273,0.3216700255870819,0.22880502045154572,7.705175399780273,0.023527948185801506,26.27846908569336,2.757716655731201,3.7350497245788574
2017,1,37.146189056747666,79.73037670300208,7897.4434,1373.0,3.94675874710083,242.0138702392578,33.303436279296875,19.38770866394043,1.3799999952316284,7.804337978363037,12.120073318481445,0.06442447751760483,0.06442447751760483,0.0,383.60589599609375,0.47059231996536255,0.5116196274757385,0.13609808683395386,0.11181711405515671,1.3110612630844116,0.09903504699468613,18.266948699951172,1.4074968099594116,1.7724800109863281,0.047549955546855927,0.0565049983561039,289.03875732421875,214.051025390625,0.26312410831451416,0.3830680847167969,0.01630127802491188,0.07198743522167206,19.25946617126465,0.06564798206090927,-0.5724254846572876,0.34990835189819336,0.90171879529953,0.05187763646245003,0.05989842861890793,0.0,510.55859375,0.07583454251289368,0.08781552314758301,0.07386935502290726,0.023944325745105743,18.26551628112793,0.0653577595949173,13.798880577087402,1.193472146987915,2.174194574356079,0.07194969058036804,0.0750475600361824,0.0,481.16046142578125,0.611900806427002,0.6662006974220276,0.35552799701690674,0.22559309005737305,1.7327475547790527,0.03627558797597885,22.912403106689453,2.4602997303009033,2.976074457168579,0.07678081095218658,0.07678081095218658,0.0,526.7808837890625,0.41871336102485657,0.4832302927970886,0.1839437335729599,0.13598507642745972,13.266182899475098,0.04853617772459984,25.08480453491211,2.6252970695495605,3.5812580585479736
2017,1,37.346157443489446,79.80907091839329,7905.989,1301.0,2.1903023719787598,212.16761779785156,36.208641052246094,20.286190032958984,1.3797074556350708,7.900000095367432,13.711540222167969,0.07115168869495392,0.07115168869495392,0.0,414.13055419921875,0.47781994938850403,0.47781994938850403,0.11956317722797394,0.13272725045681,0.782333254814148,0.06873166561126709,19.720502853393555,1.59247624874115,1.9873989820480347,0.050711169838905334,0.0571783147752285,250.8663787841797,252.34361267089844,0.22895286977291107,0.33009400963783264,0.027432139962911606,0.05610988661646843,13.914620399475098,0.0500955805182457,0.011276690289378166,0.3705882728099823,0.9370761513710022,0.060403063893318176,0.07078930735588074,0.0,568.5146484375,0.08622053265571594,0.1012687012553215,0.013762062415480614,0.02668209932744503,14.454623222351074,0.04870475083589554,15.36526107788086,1.3397912979125977,2.4100382328033447,0.08133383095264435,0.08453688770532608,0.0,517.1492309570312,0.5169751644134521,0.6294050216674805,0.280576229095459,0.18663328886032104,0.7774313688278198,0.02772226370871067,24.62615203857422,2.738111734390259,3.2760655879974365,0.0859096497297287,0.0859096497297287,0.0,563.82177734375,0.21101662516593933,0.23625800013542175,0.003984247799962759,0.0661626011133194,9.19809341430664,0.03570656478404999,26.848655700683594,2.9382948875427246,3.9570493698120117
2017,1,38.217162570461134,76.9653639444782,7911.2227,1330.0,2.1976842880249023,32.47262191772461,28.095542907714844,23.285499572753906,1.3603967428207397,7.400000095367432,11.883070945739746,0.0791449248790741,0.0791449248790741,0.0,321.6361389160156,0.26618316769599915,0.33342263102531433,0.13222259283065796,0.09859012067317963,8.814505577087402,0.18843938410282135,15.316006660461426,0.9843530654907227,1.307283878326416,0.049871303141117096,0.07133933156728745,554.280029296875,121.9096908569336,0.2400294691324234,0.27765440940856934,0.0965113490819931,0.0672081783413887,57.82017517089844,0.17514072358608246,-3.300536870956421,0.24540676176548004,0.7821778655052185,0.05627858638763428,0.0711805671453476,9.566530227661133,337.9534606933594,0.09171108901500702,0.09171108901500702,0.06549369543790817,0.04126327484846115,42.58570861816406,0.18300266563892365,8.875322341918945,0.7174089550971985,1.5300266742706299,0.09310795366764069,0.09919145703315735,0.0,397.26873779296875,0.49122154712677,0.7329861521720886,0.2992589771747589,0.1877841204404831,7.141663551330566,0.09593965113162994,18.917558670043945,1.7764867544174194,2.2249906063079834,0.10705234855413437,0.10705234855413437,0.0,436.2980651855469,0.2878479063510895,0.30294573307037354,0.08765926957130432,0.11599167436361313,28.34918785095215,0.1164378970861435,20.776098251342773,1.7920154333114624,2.534550666809082
2017,1,39.424227848325785,76.28731303829122,7911.2275,1239.0,4.879678249359131,100.93016052246094,25.733430862426758,28.29319953918457,1.3995037078857422,7.467169761657715,11.81650161743164,0.11781571805477142,0.11781571805477142,0.028891701251268387,401.32843017578125,0.28515625,0.314182311296463,0.059966836124658585,0.08583497256040573,3.6225881576538086,0.1629755049943924,19.109500885009766,1.550837516784668,2.074720859527588,0.058958861976861954,0.07269062101840973,375.4644470214844,166.09762573242188,0.20302574336528778,0.38798782229423523,0.16436119377613068,0.05118594318628311,71.36085510253906,0.2526715099811554,-1.5982201099395752,0.26603612303733826,0.9954652786254883,0.09052009135484695,0.10337703675031662,4.213058948516846,454.15301513671875,0.5013023614883423,0.7767208218574524,0.3059823215007782,0.2081233561038971,33.576324462890625,0.22033052146434784,12.160539627075195,0.921273410320282,1.8852245807647705,0.12531894445419312,0.13313589990139008,0.09734635055065155,471.44183349609375,0.7634990811347961,0.7634990811347961,0.4995211958885193,0.3499775826931,2.4089038372039795,0.13604816794395447,22.444974899291992,2.2881362438201904,2.8171167373657227,0.14732179045677185,0.14732179045677185,0.0,526.0220947265625,0.19992315769195557,0.19992315769195557,0.09471991658210754,0.05930476263165474,9.928437232971191,0.13893714547157288,25.048669815063477,2.550811529159546,3.3244998455047607
2017,1,41.813837807362155,84.25384488015445,7921.243,979.0,3.101058006286621,53.30230712890625,36.8475227355957,21.88896369934082,1.4009159803390503,8.198423385620117,13.871543884277344,0.10800290107727051,0.10800290107727051,1.8113335371017456,344.9837646484375,0.42161858081817627,0.4765942096710205,0.1745530068874359,0.08519013971090317,15.545279502868652,0.11896330863237381,16.341543197631836,1.2936886548995972,1.8270004987716675,0.04450811818242073,0.05696464329957962,697.9677124023438,107.4790267944336,0.1655152142047882,0.248491570353508,-0.03721603751182556,0.03722871094942093,34.01030349731445,0.14706829190254211,-4.507547378540039,0.22195357084274292,0.553646445274353,0.05217409506440163,0.06652245670557022,30.77804183959961,357.6077880859375,0.49973610043525696,0.5901563167572021,0.19930864870548248,0.1411636918783188,29.71371078491211,0.13319554924964905,8.833236694335938,0.8334053754806519,1.3950432538986206,0.09719672054052353,0.10926351696252823,0.0,400.4339599609375,0.6907998323440552,0.6907998323440552,0.45307281613349915,0.2603532671928406,6.913450717926025,0.11462212353944778,19.068283081054688,1.9090044498443604,2.5532000064849854,0.13872753083705902,0.13872753083705902,0.0,464.8968505859375,0.4931314289569855,0.4931314289569855,0.2867613136768341,0.18656359612941742,27.326631546020508,0.12735557556152344,22.1379451751709,2.101015090942383,2.9860057830810547
2017,1,39.366018743174095,76.43877086467256,7924.509,1235.0,1.8543341159820557,-0.0,18.327592849731445,23.190673828125,1.3799999952316284,7.099999904632568,14.340855598449707,0.1198330670595169,0.1198330670595169,0.014739970676600933,410.20263671875,0.540367066860199,0.6862505674362183,0.23656976222991943,0.1673157662153244,3.0147006511688232,0.16354316473007202,19.532756805419922,1.5924080610275269,2.1435024738311768,0.06210579723119736,0.07500790059566498,332.9459533691406,176.64064025878906,0.12114286422729492,0.26268887519836426,0.10893473029136658,0.032737359404563904,63.31790542602539,0.24812860786914825,-1.193170189857483,0.2701207399368286,1.0185701847076416,0.08886083215475082,0.10120522230863571,2.149418592453003,473.08575439453125,0.30080902576446533,0.4154813885688782,0.14917109906673431,0.10282505303621292,32.11786651611328,0.21078042685985565,12.728009223937988,0.9587090611457825,1.9689277410507202,0.12363725155591965,0.13210956752300262,0.04966416954994202,483.41241455078125,0.37347230315208435,0.37347230315208435,0.22918131947517395,0.1320941299200058,2.240894079208374,0.13579091429710388,23.01727294921875,2.3755009174346924,2.9189693927764893,0.14925532042980194,0.14925532042980194,0.0,536.6041870117188,0.20140108466148376,0.20140108466148376,0.09496775269508362,0.06011918559670448,9.554498672485352,0.14100158214569092,25.552579879760742,2.6297671794891357,3.445277690887451
2017,1,38.269980622439206,77.0289641028035,7929.973,1289.0,2.536587715148926,248.56741333007812,31.675060272216797,22.6875,1.3953720331192017,7.300000190734863,11.606241226196289,0.08227936923503876,0.08227936923503876,0.0,335.61590576171875,0.13147488236427307,0.13147488236427307,0.02246329002082348,0.03375175967812538,7.683130264282227,0.18516135215759277,15.981710433959961,1.0474305152893066,1.401242733001709,0.05138959735631943,0.07188355177640915,507.4820251464844,137.39422607421875,0.21176666021347046,0.2371274083852768,0.029025934636592865,0.045346904546022415,55.415618896484375,0.17777855694293976,-2.8250977993011475,0.25255119800567627,0.812808096408844,0.0620715506374836,0.07703493535518646,6.8619465827941895,367.55523681640625,0.10244078934192657,0.10244078934192657,0.0776267945766449,0.0462239608168602,39.84735107421875,0.18056614696979523,9.748467445373535,0.7761744260787964,1.6347081661224365,0.0976688340306282,0.10348121076822281,0.0,414.41461181640625,0.2584480047225952,0.2584480047225952,0.17511051893234253,0.09278281033039093,6.1269917488098145,0.09885724633932114,19.73402976989746,1.8874238729476929,2.3420629501342773,0.110588438808918,0.110588438808918,0.0,453.7188415527344,0.337115615606308,0.3942486643791199,0.11448516696691513,0.10665708780288696,25.36870765686035,0.11743592470884323,21.60565948486328,1.9105228185653687,2.6801443099975586
2017,1,37.1734074095779,79.7597532607422,7932.612,1348.0,3.704791784286499,180.0,37.53448486328125,16.132179260253906,1.3867961168289185,7.994215488433838,14.531875610351562,0.06552690267562866,0.06552690267562866,0.0,388.22503662109375,0.6090952157974243,0.6090952157974243,0.2585512697696686,0.163972407579422,1.2395130395889282,0.09403278678655624,18.486906051635742,1.436085820198059,1.8054734468460083,0.04819997027516365,0.05665648728609085,283.01507568359375,219.71517944335938,0.2108842134475708,0.26920285820961,-0.015092030167579651,0.05164097994565964,18.473569869995117,0.06299255043268204,-0.4832054674625397,0.3532678186893463,0.9082170128822327,0.05343027785420418,0.06187234818935394,0.0,519.3238525390625,0.07775766402482986,0.09029431641101837,0.06421028077602386,0.02445843815803528,17.810312271118164,0.06256812810897827,14.03577995300293,1.2155048847198486,2.2107150554656982,0.07361609488725662,0.07672540098428726,0.0,486.5223388671875,0.5942057371139526,0.6483921408653259,0.32299670577049255,0.19380120933055878,1.5823577642440796,0.034755460917949677,23.1677303314209,2.5014894008636475,3.020021438598633,0.07834325730800629,0.07834325730800629,0.0,532.3090209960938,0.4462391138076782,0.4462391138076782,0.2395036369562149,0.129962757229805,12.620293617248535,0.046327754855155945,25.348047256469727,2.672133207321167,3.637477159500122
2017,1,36.89448172048275,81.53114007242566,7934.216,1426.0,1.484671950340271,51.34927749633789,33.64541244506836,25.244897842407227,1.350000023841858,7.900000095367432,13.864046096801758,0.061026837676763535,0.061026837676763535,0.0,415.6246337890625,0.39824989438056946,0.5104675889015198,0.1395263671875,0.11216294765472412,1.3508362770080566,0.05097155645489693,19.791648864746094,1.6408008337020874,2.0395667552948,0.04614829272031784,0.04945942759513855,269.9035339355469,247.38575744628906,0.27190154790878296,0.3434833586215973,0.06286516785621643,0.06267711520195007,17.49162483215332,0.042780570685863495,-0.17189130187034607,0.37211284041404724,1.0917671918869019,0.04882870241999626,0.056093480437994,0.0,562.7567138671875,0.4578569829463959,0.5434795022010803,0.2085997313261032,0.14848990738391876,26.03049659729004,0.04370250552892685,15.209640502929688,1.3287755250930786,2.4797089099884033,0.06787094473838806,0.07050732523202896,0.0,506.3638000488281,0.09486723691225052,0.0972517877817154,0.016081927344202995,0.03019101545214653,0.29046303033828735,0.0203301552683115,24.11256217956543,2.6129233837127686,3.018860101699829,0.06906759738922119,0.06906759738922119,0.0,555.4627685546875,0.32837656140327454,0.32910478115081787,0.05949558690190315,0.09736569970846176,7.087161540985107,0.024971256032586098,26.450607299804688,2.8528735637664795,3.8584847450256348
2017,1,37.84256240916325,77.31893944430908,7937.4697,1404.0,0.9274099469184875,180.0,37.41613006591797,17.61427879333496,1.3799999952316284,7.994204044342041,10.083090782165527,0.08458562195301056,0.08458562195301056,0.0,334.8253479003906,0.19176995754241943,0.19176995754241943,0.24787063896656036,0.10436098277568817,4.576405048370361,0.17640039324760437,15.944064140319824,1.0318759679794312,1.352117896080017,0.052168022841215134,0.06820240616798401,463.1496887207031,130.58901977539062,0.21196673810482025,0.22938314080238342,-0.08003205060958862,0.043281663209199905,51.140995025634766,0.15036655962467194,-2.538630962371826,0.2564848065376282,0.8304886817932129,0.061719417572021484,0.07688797265291214,7.539205551147461,373.6731262207031,0.1899569034576416,0.2013978511095047,0.126397043466568,0.06226927414536476,31.440614700317383,0.1557973325252533,9.89551067352295,0.7918294072151184,1.6981884241104126,0.09872611612081528,0.10465739667415619,0.0,417.78765869140625,0.3827700614929199,0.3827700614929199,0.23938734829425812,0.133118137717247,3.9778053760528564,0.08309384435415268,19.894649505615234,1.9035416841506958,2.328648090362549,0.11187698692083359,0.11187698692083359,0.0,457.97076416015625,0.6692662239074707,0.7330924868583679,0.29415804147720337,0.2135973870754242,19.182994842529297,0.09806859493255615,21.80813217163086,1.9439921379089355,2.7495226860046387
2017,1,37.719134492003874,78.2327965324044,7965.5205,1330.0,2.5201735496520996,111.57933807373047,32.63440704345703,26.232053756713867,1.386759638786316,7.458266258239746,15.891645431518555,0.07273989170789719,0.07273989170789719,0.0,411.51641845703125,0.4555996358394623,0.5347398519515991,0.2008785754442215,0.11697418987751007,0.6585718393325806,0.06214873492717743,19.596019744873047,1.5564074516296387,1.9697068929672241,0.04835477098822594,0.05664202198386192,291.57830810546875,229.59744262695312,0.2072092741727829,0.29417458176612854,0.05462740361690521,0.04492035135626793,23.604999542236328,0.057474952191114426,-0.47313645482063293,0.33188384771347046,0.9610920548439026,0.057088982313871384,0.06710141152143478,0.0,539.6126098632812,0.21024926006793976,0.21024926006793976,0.06910298019647598,0.08093740046024323,14.489067077636719,0.05243496596813202,14.584125518798828,1.2241706848144531,2.3084819316864014,0.08160221576690674,0.08553484082221985,0.0,510.01361083984375,0.32513394951820374,0.3405478298664093,0.1916264444589615,0.097217857837677,0.4645557999610901,0.022450339049100876,24.28636360168457,2.635145664215088,3.1494648456573486,0.08956162631511688,0.08956162631511688,0.0,551.9054565429688,0.3279767632484436,0.5121152400970459,0.09722404927015305,0.10252013802528381,7.689455986022949,0.028901949524879456,26.281211853027344,2.7580480575561523,3.7330641746520996
2017,1,40.65231332855636,80.28769298906596,7971.321,1047.0,0.9274099469184875,180.0,23.93641471862793,23.56643295288086,1.3598966598510742,7.401071071624756,16.10831642150879,0.11354802548885345,0.11354802548885345,0.0,370.6394958496094,0.6169292330741882,0.7380680441856384,0.30319976806640625,0.203142911195755,5.765094757080078,0.16984272003173828,17.649499893188477,1.1982452869415283,1.6303125619888306,0.055872850120067596,0.07203751802444458,415.4290466308594,119.54170227050781,0.18634289503097534,0.2770206034183502,0.06607546657323837,0.039708588272333145,31.039552688598633,0.2113313227891922,-2.2586820125579834,0.22539466619491577,0.5657984018325806,0.061165690422058105,0.07371216267347336,5.0307297706604,417.0709533691406,0.2315552830696106,0.2315552830696106,0.06483612209558487,0.0649736225605011,33.5664176940918,0.20364436507225037,11.136221885681152,0.7991966605186462,1.362952709197998,0.10257335752248764,0.1198786124587059,0.0,438.1850891113281,0.5401564240455627,0.5401564240455627,0.37373337149620056,0.21016325056552887,3.075422763824463,0.15590214729309082,20.865957260131836,1.9775762557983398,2.6101436614990234,0.14691437780857086,0.14691437780857086,0.0,484.6949462890625,0.41141313314437866,0.5098148584365845,0.22835524380207062,0.1281760185956955,17.604799270629883,0.16612571477890015,23.080711364746094,2.0144758224487305,2.765958309173584
2017,1,37.81211120806927,77.3423853976481,7978.515,1408.0,0.9274099469184875,180.0,36.751853942871094,22.269834518432617,1.4088369607925415,7.800000190734863,10.292784690856934,0.08466149121522903,0.08466149121522903,0.0,335.2621765136719,0.6883572936058044,0.6883572936058044,0.3982536196708679,0.12726829946041107,4.27913761138916,0.17454786598682404,15.964865684509277,1.0307221412658691,1.3465272188186646,0.051949791610240936,0.06779462844133377,456.1612548828125,129.69430541992188,0.258273720741272,0.2977450489997864,0.011653825640678406,0.050220418721437454,50.92878723144531,0.14756177365779877,-2.4921140670776367,0.256997674703598,0.8325864672660828,0.061438221484422684,0.07671338319778442,6.864877700805664,375.0505065917969,0.1584605723619461,0.1584605723619461,0.11561141908168793,0.06992447376251221,30.86784553527832,0.1531616747379303,9.950963020324707,0.7927635908126831,1.703810453414917,0.09874270111322403,0.10466046631336212,0.0,418.8419494628906,0.3501535952091217,0.3501535952091217,0.24878551065921783,0.11878371983766556,3.700744390487671,0.08044520765542984,19.944854736328125,1.9063249826431274,2.329948902130127,0.11192791908979416,0.11192791908979416,0.0,459.0158996582031,0.7799111008644104,0.8234525918960571,0.40449392795562744,0.29900917410850525,18.591535568237305,0.095106340944767,21.857898712158203,1.9475557804107666,2.7569468021392822
2017,1,39.109459904963025,77.0127954023837,7978.535,1190.0,1.5125973224639893,307.8092956542969,15.51764965057373,32.53106689453125,1.3864812850952148,6.370882987976074,15.271252632141113,0.11311574280261993,0.11311574280261993,0.0,411.2489929199219,0.30528196692466736,0.4236082434654236,0.15274973213672638,0.07815361022949219,3.0101585388183594,0.13401824235916138,19.583284378051758,1.551965594291687,2.105398178100586,0.06178562343120575,0.07557108998298645,326.370361328125,199.56121826171875,0.1942097395658493,0.26002487540245056,0.16007199883460999,0.045921690762043,51.2531623840332,0.19398397207260132,-0.9680086374282837,0.2784656882286072,0.9594699144363403,0.08709513396024704,0.09998195618391037,0.0,495.5109558105469,0.40357130765914917,0.612567126750946,0.24471645057201385,0.13521051406860352,28.48187255859375,0.15302330255508423,13.39218807220459,1.0363050699234009,2.064196825027466,0.12058988213539124,0.12824644148349762,0.0,492.8570556640625,0.5175021886825562,0.6843773722648621,0.3371308147907257,0.20395278930664062,2.2916066646575928,0.09669391810894012,23.469383239746094,2.4556331634521484,2.9959499835968018,0.14258264005184174,0.14258264005184174,0.0,540.9191284179688,0.3808900713920593,0.418167382478714,0.15829354524612427,0.14613057672977448,11.104813575744629,0.10447490215301514,25.758052825927734,2.640481472015381,3.4877772331237793
2017,1,39.20674411264607,75.96796559814658,7980.7397,1303.0,1.5138989686965942,307.77105712890625,28.569276809692383,25.563217163085938,1.387521743774414,7.599999904632568,9.534422874450684,0.09563226997852325,0.09563226997852325,0.2802397310733795,313.7679748535156,0.372100293636322,0.42240744829177856,0.15184536576271057,0.09321984648704529,11.224727630615234,0.18636859953403473,14.927987098693848,1.142822027206421,1.501756191253662,0.0459081195294857,0.06767607480287552,727.8212890625,104.4924545288086,0.13734827935695648,0.24291417002677917,0.10018939524888992,0.03917679563164711,89.90505981445312,0.24552758038043976,-4.758235454559326,0.22569872438907623,0.7879390120506287,0.07249294221401215,0.08758755773305893,40.8652458190918,318.6383056640625,0.2916375696659088,0.3909071981906891,0.11969001591205597,0.0774446427822113,47.57264709472656,0.23927275836467743,7.50738000869751,0.6593593955039978,1.3770557641983032,0.11071814596652985,0.11690328270196915,0.9442266225814819,368.6767272949219,0.5771105289459229,0.5771105289459229,0.33361056447029114,0.20343329012393951,6.294007778167725,0.13584886491298676,17.511070251464844,1.6888539791107178,2.13443922996521,0.1250397115945816,0.1250397115945816,0.0,420.21533203125,0.1753636598587036,0.1753636598587036,0.09204291552305222,0.05120734125375748,27.088409423828125,0.1489076167345047,20.01025390625,1.8638691902160645,2.453082323074341
2017,1,40.669021580203626,80.31410424460552,7981.304,1050.0,1.222629427909851,270.0,18.83932113647461,25.647340774536133,1.3700000047683716,7.254611015319824,17.195810317993164,0.11352698504924774,0.11352698504924774,0.0,367.86883544921875,0.6265999674797058,0.7630781531333923,0.2985805869102478,0.1991383284330368,5.995204448699951,0.17183169722557068,17.517562866210938,1.1888396739959717,1.6158448457717896,0.05552908778190613,0.0721222311258316,427.37945556640625,118.57560729980469,0.1500653326511383,0.18613635003566742,0.001213002484291792,0.03132542967796326,31.317386627197266,0.21474310755729675,-2.35728120803833,0.22392696142196655,0.5606227517127991,0.06109995394945145,0.07392094284296036,5.56755256652832,412.35894775390625,0.1952660083770752,0.1952660083770752,0.01665903814136982,0.0530635230243206,34.108856201171875,0.20665793120861053,10.994361877441406,0.7945141792297363,1.3502473831176758,0.10298872739076614,0.12027344107627869,0.0,434.86102294921875,0.5542738437652588,0.5542738437652588,0.3648178279399872,0.20358125865459442,3.1248011589050293,0.15928137302398682,20.70766830444336,1.9628756046295166,2.590531587600708,0.1473749727010727,0.1473749727010727,0.0,481.5473937988281,0.41992276906967163,0.47560036182403564,0.20785899460315704,0.13156059384346008,17.691137313842773,0.1694377213716507,22.930828094482422,1.9987581968307495,2.7430763244628906
2017,1,37.49868991322467,78.55322307500397,7989.0205,1364.0,4.467802047729492,308.42724609375,33.76750564575195,23.062576293945312,1.3717693090438843,7.300000190734863,15.257678031921387,0.072242371737957,0.072242371737957,0.0,429.22369384765625,0.6299272179603577,0.7310826182365417,0.24223285913467407,0.1637272983789444,0.20667198300361633,0.031028876081109047,20.439224243164062,1.6873782873153687,2.104041814804077,0.04867875576019287,0.055282674729824066,245.1610565185547,262.2051696777344,0.2276902198791504,0.2755615711212158,-0.059999484568834305,0.04751179367303848,15.1422119140625,0.030385151505470276,0.13010777533054352,0.35760051012039185,1.0030577182769775,0.055835071951150894,0.06553555279970169,0.04252371937036514,578.7772827148438,0.07892445474863052,0.09361687302589417,-0.011805754154920578,0.024840347468852997,11.341328620910645,0.024771016091108322,15.641480445861816,1.3314719200134277,2.422750949859619,0.08036357164382935,0.08421128243207932,0.0,529.5733642578125,0.3695918619632721,0.3695918619632721,0.16940021514892578,0.13082383573055267,0.12356361746788025,0.008172750473022461,25.2177791595459,2.799879789352417,3.333287239074707,0.08789706975221634,0.08789706975221634,0.0,572.3905639648438,0.39965951442718506,0.39965951442718506,0.17676572501659393,0.13595344126224518,6.187089443206787,0.01325151976197958,27.25669288635254,2.9468159675598145,3.9607086181640625
2017,1,41.49610456179887,83.23784762332892,7993.193,974.0,1.5467625856399536,306.8332214355469,28.004716873168945,22.983613967895508,1.4199999570846558,7.909921169281006,16.54901123046875,0.13143371045589447,0.13143371045589447,0.0,418.2061462402344,0.676569402217865,0.676569402217865,0.36845797300338745,0.26086315512657166,2.6958463191986084,0.05053640529513359,19.91457748413086,1.552564024925232,2.1282219886779785,0.06337962299585342,0.0732094794511795,321.2442626953125,119.51143646240234,0.19631806015968323,0.41370517015457153,0.03600538522005081,0.05020285025238991,22.760496139526367,0.08479245007038116,-1.5399452447891235,0.2681722640991211,0.5884671807289124,0.07168293744325638,0.08524400740861893,0.0,476.937255859375,0.2646084725856781,0.2646084725856781,4.881816857960075E-4,0.07312167435884476,20.266141891479492,0.06861724704504013,12.890195846557617,0.999004602432251,1.7464838027954102,0.1073680892586708,0.12141997367143631,0.0,489.70489501953125,0.23772697150707245,0.23772697150707245,0.11177545040845871,0.07714192569255829,1.0535591840744019,0.04638686031103134,23.31928062438965,2.378678321838379,3.0952348709106445,0.14684975147247314,0.14684975147247314,0.0,546.3580322265625,0.5221101641654968,0.5221101641654968,0.27674731612205505,0.19461126625537872,11.89758014678955,0.06495170295238495,26.017047882080078,2.575444221496582,3.6025681495666504
2017,1,38.190751314921584,77.1796103727931,7995.866,1298.0,1.5005995035171509,308.165771484375,36.319766998291016,20.37544059753418,1.3808598518371582,7.514227390289307,11.325087547302246,0.08659113198518753,0.08659113198518753,0.0,348.8258972167969,0.13724274933338165,0.13724274933338165,0.017175475135445595,0.03557970002293587,5.722562789916992,0.18244807422161102,16.610755920410156,1.109785795211792,1.4917837381362915,0.054033949971199036,0.07172489166259766,454.7712097167969,152.90773010253906,0.28821659088134766,0.2982165217399597,-0.017305949702858925,0.07177900522947311,51.25160598754883,0.174427330493927,-2.3043012619018555,0.2607187330722809,0.848537266254425,0.06885834783315659,0.08368762582540512,6.26942253112793,398.2662048339844,0.2973204553127289,0.4334539771080017,0.16089700162410736,0.10371636599302292,34.221561431884766,0.172700896859169,10.594507217407227,0.8441227674484253,1.7628363370895386,0.10302107036113739,0.10864537954330444,0.0,431.3789367675781,0.4836287200450897,0.5811879634857178,0.3164217174053192,0.18340307474136353,4.728694438934326,0.101390540599823,20.541854858398438,2.0058116912841797,2.4559288024902344,0.11487177759408951,0.11487177759408951,0.0,471.4573059082031,0.6240257620811462,0.6976721882820129,0.290955126285553,0.22143110632896423,20.689571380615234,0.11695943772792816,22.450347900390625,2.043715476989746,2.849684476852417
2017,1,37.15966446013118,80.17800802135329,7998.648,1322.0,1.1636337041854858,90.0,37.35533905029297,22.263635635375977,1.3745218515396118,7.682657718658447,13.87503433227539,0.0694175586104393,0.0694175586104393,0.0,395.4423522949219,0.4680841863155365,0.4680841863155365,0.1094469279050827,0.11943751573562622,1.34463632106781,0.07748308032751083,18.83058738708496,1.4957716464996338,1.8637791872024536,0.053004927933216095,0.058298878371715546,271.6094970703125,225.4352264404297,0.20057694613933563,0.3175694942474365,-0.02255188673734665,0.0490734726190567,17.602848052978516,0.05209905654191971,-0.3524753153324127,0.3626581132411957,0.9349437355995178,0.06266969442367554,0.07335779070854187,0.0,531.7704467773438,0.09003157913684845,0.10549680143594742,0.03707662597298622,0.027795689180493355,19.714019775390625,0.05254253000020981,14.372174263000488,1.2464714050292969,2.2847347259521484,0.08194361627101898,0.08484276384115219,0.0,492.7470703125,0.5601502656936646,0.5601502656936646,0.2286963164806366,0.21077251434326172,1.2771484851837158,0.027066783979535103,23.46414566040039,2.5473649501800537,3.056347370147705,0.08462914079427719,0.08462914079427719,0.0,539.2536010742188,0.4046926498413086,0.4046926498413086,0.1816694736480713,0.1375313252210617,11.000185012817383,0.03664056956768036,25.678743362426758,2.7369964122772217,3.709888458251953
2017,1,40.78733044935365,80.47256731874182,8011.3804,1053.0,1.2248048782348633,90.0,18.523874282836914,25.816390991210938,1.3709125518798828,7.199999809265137,16.05613136291504,0.11479891091585159,0.11479891091585159,0.0,345.73333740234375,0.671343207359314,0.7733543515205383,0.317950040102005,0.20404285192489624,7.816431045532227,0.1846531629562378,16.463491439819336,1.1124873161315918,1.503975510597229,0.05435853824019432,0.07344242930412292,515.8692626953125,108.84825134277344,0.26471424102783203,0.34636345505714417,-0.07699719816446304,0.04818739369511604,34.080509185791016,0.2360030710697174,-3.1070306301116943,0.2137952446937561,0.5243491530418396,0.06213444843888283,0.07717288285493851,9.309234619140625,374.5074462890625,0.16655471920967102,0.16655471920967102,-0.09158232808113098,0.039436500519514084,39.65050506591797,0.22638821601867676,9.870222091674805,0.7499762773513794,1.2499146461486816,0.10729536414146423,0.1242302805185318,0.0,408.8503723144531,0.5320822596549988,0.6809560656547546,0.2928146421909332,0.17864452302455902,3.718820333480835,0.17913584411144257,19.469064712524414,1.8395793437957764,2.427687644958496,0.15153326094150543,0.15153326094150543,0.0,456.323486328125,0.5246654748916626,0.6473354697227478,0.2883414328098297,0.18590354919433594,19.515892028808594,0.18978732824325562,21.729690551757812,1.8666982650756836,2.5567121505737305
2017,1,37.0998367012971,80.20495882812034,8014.6436,1337.0,1.4871199131011963,308.5752868652344,34.7333869934082,21.43639373779297,1.3641401529312134,7.931053161621094,11.700915336608887,0.06787203997373581,0.06787203997373581,0.0,388.32861328125,0.5270689725875854,0.5270689725875854,0.18250800669193268,0.1211409866809845,1.4702717065811157,0.08338602632284164,18.491840362548828,1.4529900550842285,1.8166706562042236,0.052643753588199615,0.05808447301387787,278.1136169433594,216.35952758789062,0.2626679241657257,0.322857141494751,-0.014566437341272831,0.0651712715625763,18.97791290283203,0.05510452389717102,-0.4714052081108093,0.3588433861732483,0.9338982701301575,0.060713641345500946,0.07088761776685715,0.0,518.8624877929688,0.08757339417934418,0.10250290483236313,0.049640554934740067,0.027199598029255867,20.903589248657227,0.05568108707666397,14.023310661315918,1.2126976251602173,2.232342481613159,0.08014331012964249,0.08307712525129318,0.0,484.33447265625,0.6842380166053772,0.6842380166053772,0.3913905918598175,0.26047176122665405,1.455828070640564,0.028741689398884773,23.06354522705078,2.4806110858917236,2.9834537506103516,0.08297887444496155,0.08297887444496155,0.0,530.4483032226562,0.3354809284210205,0.3354809284210205,0.13336344063282013,0.098735012114048,11.851127624511719,0.039229292422533035,25.259443283081055,2.6611111164093018,3.6215059757232666
2017,1,39.470852208940606,76.66487850178964,8018.3315,1219.0,0.0,-0.0,15.965766906738281,23.481904983520508,1.3715730905532837,7.099999904632568,13.398491859436035,0.1293373852968216,0.1293373852968216,0.0,437.27996826171875,0.5823668241500854,0.7562574148178101,0.2868739366531372,0.2145097851753235,0.8342223167419434,0.14357250928878784,20.822856903076172,1.7559571266174316,2.3814194202423096,0.06737969815731049,0.07682213187217712,255.71316528320312,206.62872314453125,0.15476766228675842,0.38941866159439087,0.20582878589630127,0.036485157907009125,55.394073486328125,0.2377590835094452,-0.37469035387039185,0.28272536396980286,1.0638301372528076,0.09735304862260818,0.10879924893379211,0.0,526.1441040039062,0.5012174248695374,0.7811217308044434,0.32701778411865234,0.19539624452590942,25.321317672729492,0.18489214777946472,14.220109939575195,1.0801478624343872,2.1728882789611816,0.1305464506149292,0.13960564136505127,0.0,514.6804809570312,0.7839694023132324,0.7890362739562988,0.5335509777069092,0.35654881596565247,0.8656483292579651,0.1286962628364563,24.508596420288086,2.6100571155548096,3.177121162414551,0.15882281959056854,0.15882281959056854,0.0,569.3269653320312,0.2120336890220642,0.2120336890220642,0.0958026871085167,0.06357230246067047,4.197506904602051,0.13096173107624054,27.110809326171875,2.9001269340515137,3.7673802375793457
2017,1,41.873933112259444,84.13257070880388,8018.719,1052.0,5.054844856262207,100.54508972167969,34.1973762512207,19.82867431640625,1.4046300649642944,8.100000381469727,14.16124439239502,0.11357046663761139,0.11357046663761139,2.389296770095825,324.69049072265625,0.3829295039176941,0.4911516010761261,0.10027143359184265,0.13082341849803925,17.645160675048828,0.13515767455101013,15.347676277160645,1.2025344371795654,1.7062820196151733,0.04354040324687958,0.05754517763853073,774.8812866210938,95.2865219116211,0.2374919205904007,0.3555203080177307,0.043988313525915146,0.05787486955523491,36.06576156616211,0.1620565801858902,-5.187746524810791,0.21130512654781342,0.517303466796875,0.0528760701417923,0.06894854456186295,37.61738204956055,325.32586669921875,0.5931901335716248,0.7085199356079102,0.3264473080635071,0.1996554583311081,32.5118293762207,0.15037837624549866,7.775905609130859,0.7675147652626038,1.2983992099761963,0.10321275889873505,0.11638925969600677,0.0,377.8260192871094,0.7996070384979248,0.7996070384979248,0.4778919219970703,0.403777152299881,7.951560020446777,0.13156384229660034,17.991714477539062,1.7822366952896118,2.3913965225219727,0.14911897480487823,0.14911897480487823,0.0,442.3173828125,0.42245039343833923,0.42245039343833923,0.12431249767541885,0.09686198085546494,30.602401733398438,0.14406824111938477,21.062732696533203,1.9529889822006226,2.793905258178711
2017,1,39.1622779569411,76.154721668467,8024.0103,1271.0,2.206139087677002,32.81638717651367,23.32400894165039,25.981346130371094,1.3990893363952637,7.3517069816589355,13.968432426452637,0.09873587638139725,0.09873587638139725,0.20945830643177032,332.9432373046875,0.38758790493011475,0.47994229197502136,0.14987236261367798,0.11064650863409042,9.700194358825684,0.182134211063385,15.844465255737305,1.217342734336853,1.6122525930404663,0.04961668699979782,0.07016538083553314,635.3923950195312,119.43541717529297,0.12701579928398132,0.2763109505176544,0.3042934238910675,0.04700323939323425,80.44978332519531,0.23928090929985046,-3.9386026859283447,0.23511196672916412,0.8318376541137695,0.07184671610593796,0.08633141964673996,30.543724060058594,350.1013488769531,0.3828732967376709,0.573763370513916,0.23448492586612701,0.13063189387321472,45.11390686035156,0.22709394991397858,8.636693000793457,0.7181789875030518,1.5030195713043213,0.1098702922463417,0.1167706772685051,0.7057390213012695,393.3342590332031,0.5729292035102844,0.5729292035102844,0.3941969871520996,0.23309895396232605,5.737675189971924,0.13112936913967133,18.696596145629883,1.831601619720459,2.3028645515441895,0.1280679851770401,0.1280679851770401,0.0,443.47589111328125,0.17807403206825256,0.17807403206825256,0.09242165833711624,0.052415188401937485,24.7872257232666,0.1449650675058365,21.117900848388672,2.002697229385376,2.6542394161224365
2017,1,39.43311929582634,76.60558583508198,8024.69,1218.0,1.516965627670288,307.68133544921875,22.45282745361328,22.548948287963867,1.3973249197006226,6.642875671386719,14.172043800354004,0.12686139345169067,0.12686139345169067,0.0,430.8141174316406,0.47552627325057983,0.5765157341957092,0.17870309948921204,0.13482238352298737,1.3390662670135498,0.15085890889167786,20.51495933532715,1.713375210762024,2.320356845855713,0.0662538930773735,0.07656097412109375,270.32098388671875,198.94064331054688,0.15423211455345154,0.1802019625902176,0.012699545361101627,0.01993110217154026,56.919097900390625,0.24193815886974335,-0.5448880791664124,0.2796871066093445,1.0564311742782593,0.09489621967077255,0.10654500871896744,0.0,513.087890625,0.12595321238040924,0.1438029259443283,0.06470552831888199,0.03612998127937317,27.139833450317383,0.19335800409317017,13.867240905761719,1.0484691858291626,2.1240508556365967,0.128488227725029,0.13743644952774048,0.0,507.3843688964844,0.20039890706539154,0.20108014345169067,0.0832347497344017,0.06374374777078629,1.2191933393478394,0.13221552968025208,24.16115951538086,2.5521249771118164,3.113755702972412,0.15632297098636627,0.15632297098636627,0.0,561.5029907226562,0.20915916562080383,0.20915916562080383,0.09535569697618484,0.06268000602722168,5.562088489532471,0.13546866178512573,26.738235473632812,2.8313918113708496,3.6893885135650635
2017,1,40.79568680472781,80.14027956734009,8039.7134,1057.0,2.618140459060669,249.26727294921875,24.83755874633789,22.819551467895508,1.3998384475708008,7.329221248626709,13.109301567077637,0.11324068158864975,0.11324068158864975,0.0,334.0987854003906,0.5812807083129883,0.6215037107467651,0.21782518923282623,0.17162413895130157,8.272543907165527,0.17145434021949768,15.909465789794922,1.070465326309204,1.468735933303833,0.05633573234081268,0.07252698391675949,553.9071044921875,92.71592712402344,0.19047173857688904,0.2324008345603943,-0.03276647627353668,0.04752703011035919,39.28734588623047,0.21768975257873535,-3.5205435752868652,0.2131117880344391,0.5230402946472168,0.06285672634840012,0.0776245966553688,9.93101978302002,347.34857177734375,0.08996061980724335,0.10952125489711761,0.02589329518377781,0.025358276441693306,45.03273391723633,0.21363508701324463,9.119393348693848,0.6852786540985107,1.1946887969970703,0.10674396902322769,0.12255222350358963,0.0,392.0011901855469,0.3162490725517273,0.3162490725517273,0.1733626127243042,0.10603193938732147,4.159823894500732,0.15667065978050232,18.666723251342773,1.7211410999298096,2.2832982540130615,0.14671659469604492,0.14671659469604492,0.0,442.6435852050781,0.4255359470844269,0.4255359470844269,0.25705575942993164,0.15867303311824799,24.52529525756836,0.1654590666294098,21.078266143798828,1.7675790786743164,2.4498636722564697
2017,1,38.24680667426445,77.01090920263809,8041.7266,1307.0,5.984772682189941,308.1443176269531,31.71714973449707,23.850269317626953,1.3831861019134521,7.359516143798828,12.295467376708984,0.08126024156808853,0.08126024156808853,0.0,330.86846923828125,0.13019223511219025,0.13019223511219025,0.024077633395791054,0.033422909677028656,8.031351089477539,0.18624918162822723,15.75564193725586,1.0260347127914429,1.369207501411438,0.05090920254588127,0.07166659086942673,522.965087890625,132.1354522705078,0.17729859054088593,0.20666491985321045,0.00619556475430727,0.04372536763548851,56.165008544921875,0.176621213555336,-2.9834320545196533,0.2501794099807739,0.8026615381240845,0.06013869866728783,0.07507701218128204,7.834055423736572,357.60552978515625,0.0954776480793953,0.0954776480793953,0.06897717714309692,0.0429685115814209,40.66353225708008,0.1811487376689911,9.453283309936523,0.7566195726394653,1.6002016067504883,0.09615259617567062,0.1020592451095581,0.0,408.6292419433594,0.19713379442691803,0.19713379442691803,0.108668752014637,0.07131055742502213,6.451276779174805,0.09779876470565796,19.45853614807129,1.8501954078674316,2.3023643493652344,0.10941825062036514,0.10941825062036514,0.0,447.857177734375,0.18720228970050812,0.1900082379579544,0.049814336001873016,0.06117487698793411,26.306739807128906,0.11698319017887115,21.3265323638916,1.870995044708252,2.6318490505218506
2017,1,39.16362906456029,76.00946645165101,8044.343,1292.0,2.564244270324707,248.81011962890625,30.13783073425293,27.161367416381836,1.4087295532226562,7.699999809265137,11.76279067993164,0.09482089430093765,0.09482089430093765,0.2961215078830719,310.5884094238281,0.6123350858688354,0.7648939490318298,0.31066951155662537,0.20677465200424194,11.574492454528809,0.1886550337076187,14.775823593139648,1.129059910774231,1.4873467683792114,0.0463072806596756,0.0683249682188034,738.126953125,104.34818267822266,0.17946070432662964,0.22526606917381287,0.09705373644828796,0.033687055110931396,87.78887939453125,0.24308790266513824,-4.838006019592285,0.22419531643390656,0.7815548181533813,0.0703585296869278,0.08539678901433945,43.1811637878418,316.245849609375,0.2965618968009949,0.435827374458313,0.1437225192785263,0.08024264127016068,48.02204895019531,0.23659315705299377,7.380126953125,0.6552906632423401,1.374035120010376,0.10883835703134537,0.11519051343202591,0.9977379441261292,365.5987243652344,0.3893634080886841,0.3893634080886841,0.2696523666381836,0.11913561075925827,6.531095504760742,0.13600340485572815,17.36195182800293,1.6798938512802124,2.125047206878662,0.12418323010206223,0.12418323010206223,0.0,416.2956848144531,0.17412753403186798,0.17412753403186798,0.09194696694612503,0.05094607174396515,28.31277084350586,0.15094424784183502,19.823604583740234,1.8444064855575562,2.4372799396514893
2017,1,40.86791086449047,80.37689284653909,8049.7227,1061.0,1.2262983322143555,270.0,23.797399520874023,25.914548873901367,1.3799999952316284,7.400000095367432,15.5718994140625,0.11505509167909622,0.11505509167909622,0.0,324.2658996582031,0.3318416476249695,0.37024396657943726,0.11452537775039673,0.07716002315282822,9.291626930236816,0.1850104182958603,15.441232681274414,1.0371028184890747,1.4097723960876465,0.055038902908563614,0.07393361628055573,595.3721313476562,92.67426300048828,0.127004474401474,0.28027185797691345,0.020607000216841698,0.026800230145454407,39.0273323059082,0.23845542967319489,-3.837388277053833,0.2069644033908844,0.5004146099090576,0.06356515735387802,0.07993533462285995,12.052467346191406,333.58831787109375,0.14910581707954407,0.14910581707954407,-0.005924732889980078,0.03631078824400902,46.69329833984375,0.23135218024253845,8.690157890319824,0.6816113591194153,1.151426076889038,0.11006306856870651,0.12607920169830322,0.0,381.9155578613281,0.6318972110748291,0.7805420160293579,0.39790764451026917,0.2646370828151703,4.410367965698242,0.178028404712677,18.18645477294922,1.688017725944519,2.2347447872161865,0.15164875984191895,0.15164875984191895,0.0,431.6026306152344,0.4660787582397461,0.5792475938796997,0.23328763246536255,0.14546911418437958,23.845617294311523,0.1881570816040039,20.552507400512695,1.7202295064926147,2.3701300621032715
2017,1,39.50238251248953,76.71311705698582,8052.7344,1209.0,2.5750551223754883,291.0965270996094,18.17746925354004,27.707765579223633,1.3887395858764648,6.900000095367432,13.213664054870605,0.13096390664577484,0.13096390664577484,0.04230603203177452,440.9112243652344,0.5050820112228394,0.6909624934196472,0.2246956080198288,0.1500745266675949,0.5902262330055237,0.13789811730384827,20.993757247924805,1.783066749572754,2.4206249713897705,0.06802762299776077,0.07692805677652359,250.729736328125,211.69091796875,0.24538995325565338,0.3298155963420868,0.19017262756824493,0.046359870582818985,54.43486785888672,0.23404094576835632,-0.2980063259601593,0.28433823585510254,1.0654146671295166,0.09883347153663635,0.11014026403427124,0.5906649827957153,534.1755981445312,0.7203694581985474,0.7810277342796326,0.4764423072338104,0.2773328125476837,24.11566925048828,0.17804871499538422,14.42121410369873,1.1008175611495972,2.2027976512908936,0.13184799253940582,0.14100617170333862,0.020600445568561554,518.6980590820312,0.7644820213317871,0.7691648602485657,0.5291391611099243,0.3287464380264282,0.6630827784538269,0.12576137483119965,24.698925018310547,2.6461400985717773,3.216738700866699,0.16049937903881073,0.16049937903881073,0.0,573.7647094726562,0.5018596053123474,0.5018596053123474,0.28018128871917725,0.15587368607521057,3.4282333850860596,0.12730328738689423,27.32213020324707,2.94329571723938,3.8152599334716797
2017,1,39.419648351543884,75.89196467979166,8055.3516,1322.0,1.5167839527130127,307.6866149902344,31.169240951538086,23.80501365661621,1.3911828994750977,7.900000095367432,9.252378463745117,0.10245520621538162,0.10245520621538162,0.08756648749113083,352.61590576171875,0.40108242630958557,0.4598502814769745,0.15402978658676147,0.11592118442058563,7.511457443237305,0.16612721979618073,16.787063598632812,1.2895569801330566,1.6789766550064087,0.046248871833086014,0.06573039293289185,564.5938720703125,117.73665618896484,0.11261589080095291,0.216640904545784,0.08903893083333969,0.029051927849650383,94.41233825683594,0.25236842036247253,-3.4111239910125732,0.2449149489402771,0.868158221244812,0.08421918004751205,0.09920474886894226,12.769160270690918,361.7972717285156,0.1951020210981369,0.2504430413246155,0.015682926401495934,0.051362402737140656,42.8898811340332,0.24358755350112915,9.433192253112793,0.7348856329917908,1.5055688619613647,0.12084867060184479,0.12658563256263733,0.2950424551963806,412.8390808105469,0.3990003168582916,0.3990003168582916,0.11339150369167328,0.12230487912893295,4.32216739654541,0.1263294219970703,19.644954681396484,1.873152256011963,2.3480684757232666,0.13206686079502106,0.13206686079502106,0.0,467.9309387207031,0.1843332201242447,0.1843332201242447,0.09285804629325867,0.05355159193277359,17.244260787963867,0.1281074732542038,22.282424926757812,2.1048121452331543,2.731898546218872
2017,1,39.195426914172415,76.19434078132687,8060.592,1269.0,1.513749361038208,232.22454833984375,22.91383934020996,26.55156135559082,1.4056731462478638,7.092650413513184,12.504237174987793,0.1016627624630928,0.1016627624630928,0.1670932024717331,345.63507080078125,0.3130965232849121,0.34041064977645874,0.12843632698059082,0.0847061276435852,8.585368156433105,0.17818517982959747,16.450855255126953,1.2735025882720947,1.6896730661392212,0.051220834255218506,0.07071517407894135,583.0053100585938,127.57827758789062,0.12929441034793854,0.19826968014240265,0.1290401816368103,0.03285741060972214,78.23590087890625,0.24008969962596893,-3.4765422344207764,0.2410741150379181,0.8610956072807312,0.0744234099984169,0.08863143622875214,24.36594009399414,368.7989196777344,0.17899957299232483,0.23142145574092865,0.037775542587041855,0.044886354357004166,43.214786529541016,0.22466826438903809,9.308999061584473,0.7537130117416382,1.5715365409851074,0.11197753250598907,0.11906275898218155,0.5629960298538208,408.26654052734375,0.3335186243057251,0.3335186243057251,0.12395963817834854,0.09707870334386826,5.176294326782227,0.13028749823570251,19.414453506469727,1.9140911102294922,2.3973987102508545,0.13101346790790558,0.13101346790790558,0.0,458.865478515625,0.18135981261730194,0.18135981261730194,0.09277459979057312,0.053478874266147614,22.246580123901367,0.14240506291389465,21.850736618041992,2.0976479053497314,2.774484395980835
2017,1,37.08097470384102,80.15779491627802,8065.7905,1347.0,4.731151103973389,78.72061157226562,36.75575256347656,20.508045196533203,1.3874714374542236,8.0,11.371220588684082,0.06682228296995163,0.06682228296995163,0.0,384.7252502441406,0.48318612575531006,0.48318612575531006,0.1588999629020691,0.11880266666412354,1.5071409940719604,0.08783749490976334,18.320249557495117,1.4294084310531616,1.7909263372421265,0.05187276378273964,0.05782880634069443,282.5101318359375,212.1907958984375,0.3480767011642456,0.3557758927345276,0.0651889368891716,0.08132954686880112,19.585033416748047,0.0576556921005249,-0.5367887616157532,0.35605376958847046,0.9287915825843811,0.05889825522899628,0.0686088278889656,0.0,512.2570190429688,0.08523523807525635,0.0995827242732048,0.05796384438872337,0.026579977944493294,21.0850830078125,0.058215588331222534,13.8447847366333,1.195885181427002,2.202850818634033,0.0784083753824234,0.08136560022830963,0.0,480.3393859863281,0.6027827858924866,0.6800093650817871,0.35273322463035583,0.21493861079216003,1.57059645652771,0.030339481309056282,22.87330436706543,2.449730157852173,2.951467990875244,0.08151159435510635,0.08151159435510635,0.0,526.252685546875,0.2995317578315735,0.2995317578315735,0.09280568361282349,0.09076330065727234,12.390177726745605,0.04143006354570389,25.059650421142578,2.624727725982666,3.578869581222534
2017,1,38.00075793723636,77.40652510720086,8066.808,1295.0,3.018383502960205,22.928890228271484,33.476680755615234,23.776704788208008,1.3700000047683716,7.638479232788086,11.279309272766113,0.09069018810987473,0.09069018810987473,0.0,362.30731201171875,0.14241519570350647,0.14241519570350647,0.007752516772598028,0.03760816156864166,2.7951343059539795,0.17249445617198944,17.252729415893555,1.1602709293365479,1.5491995811462402,0.055461641401052475,0.06993915140628815,379.8108825683594,162.989990234375,0.29817336797714233,0.31527239084243774,-0.003395786276087165,0.06396245211362839,46.74037170410156,0.16016925871372223,-1.6551213264465332,0.270011305809021,0.8885814547538757,0.07369739562273026,0.08884605020284653,2.956148147583008,431.0209045410156,0.29331859946250916,0.32171496748924255,0.19349978864192963,0.11366524547338486,26.972755432128906,0.15512600541114807,11.569317817687988,0.9078500270843506,1.8985927104949951,0.10780734568834305,0.11320851743221283,0.0,450.68341064453125,0.41658011078834534,0.41658011078834534,0.27278852462768555,0.15661194920539856,2.371701240539551,0.09285760670900345,21.46111488342285,2.1217269897460938,2.5620312690734863,0.1188531145453453,0.1188531145453453,0.0,491.39886474609375,0.6078864932060242,0.6997129917144775,0.25773265957832336,0.19489699602127075,14.17745304107666,0.10450968891382217,23.399946212768555,2.175755023956299,3.029404401779175
2017,1,41.67531583313685,81.69688039948119,8075.73,1263.0,0.9274099469184875,180.0,27.058530807495117,22.18842887878418,1.403568983078003,8.100000381469727,17.536176681518555,0.11895712465047836,0.11895712465047836,4.559378147125244,268.10894775390625,0.061042167246341705,0.061042167246341705,0.014808140695095062,0.011782043613493443,21.753368377685547,0.1704784482717514,12.549980163574219,0.824785590171814,1.189774513244629,0.05366820469498634,0.0745563730597496,834.3060302734375,16.8911190032959,0.5028871297836304,0.7357320785522461,0.45772865414619446,0.13319776952266693,45.90784454345703,0.21344681084156036,-6.239808559417725,0.18847444653511047,0.35746216773986816,0.0667857900261879,0.09111852198839188,39.53313064575195,231.9629669189453,0.32523271441459656,0.32523271441459656,0.17730282247066498,0.07552440464496613,62.65210723876953,0.21830244362354279,5.200806617736816,0.47614410519599915,0.8127665519714355,0.12795396149158478,0.14025214314460754,2.6703436374664307,316.81353759765625,0.7179791331291199,0.7991696000099182,0.46200913190841675,0.3190878927707672,10.442049980163574,0.1646454632282257,14.959198951721191,1.301630973815918,1.7202471494674683,0.16858135163784027,0.16858135163784027,0.3112088143825531,375.97479248046875,0.6427270770072937,0.6427270770072937,0.367032915353775,0.22283190488815308,38.42353820800781,0.17251352965831757,17.888742446899414,1.4010863304138184,2.00188946723938
2017,1,38.25812387273809,77.00417150094634,8076.719,1300.0,1.1810039281845093,90.0,30.710952758789062,23.047077178955078,1.3899999856948853,7.281785488128662,11.929320335388184,0.08116757869720459,0.08116757869720459,0.0,331.019287109375,0.13004332780838013,0.13004332780838013,0.02404033951461315,0.033360473811626434,8.089893341064453,0.18609723448753357,15.762823104858398,1.0263149738311768,1.3696638345718384,0.050800882279872894,0.07171536982059479,522.9938354492188,132.15684509277344,0.1418149173259735,0.1668165922164917,-0.048822373151779175,0.028042800724506378,56.308555603027344,0.1770593225955963,-2.9834887981414795,0.25013822317123413,0.8024140000343323,0.06005781516432762,0.0750194862484932,7.595177173614502,357.6911926269531,0.10934187471866608,0.10934187471866608,0.08269379287958145,0.0493832528591156,40.89383316040039,0.18152114748954773,9.462054252624512,0.7560576796531677,1.5987247228622437,0.09609908610582352,0.10199625045061111,0.0,408.7673034667969,0.24754253029823303,0.24754253029823303,0.16822458803653717,0.09129033982753754,6.469836711883545,0.09772440046072006,19.46510887145996,1.8501003980636597,2.3032171726226807,0.10936610400676727,0.10936610400676727,0.0,447.9495544433594,0.48014122247695923,0.5546532869338989,0.23683053255081177,0.1856088638305664,26.42467498779297,0.11698752641677856,21.3309326171875,1.8702956438064575,2.630581855773926
2017,1,39.190847417390536,77.3181323470184,8077.445,1171.0,0.9274099469184875,180.0,14.421041488647461,29.419631958007812,1.3810983896255493,5.843305587768555,16.906084060668945,0.12084668129682541,0.12084668129682541,0.0,434.88177490234375,0.1443995088338852,0.1443995088338852,2.130653301719576E-4,0.03172754868865013,1.0942058563232422,0.10554636269807816,20.708656311035156,1.6962578296661377,2.317523241043091,0.06589116156101227,0.07653889805078506,271.32403564453125,232.1531219482422,0.3568015992641449,0.38241609930992126,0.18669302761554718,0.09439615905284882,43.86389923095703,0.17215968668460846,-0.29901444911956787,0.2912345826625824,0.9795334339141846,0.0967007502913475,0.1089925765991211,0.0,547.6437377929688,0.36092376708984375,0.36092376708984375,0.1984996795654297,0.10393810272216797,21.007320404052734,0.11575133353471756,14.801182746887207,1.1664667129516602,2.262683629989624,0.12818539142608643,0.13596457242965698,0.0,521.0732421875,0.20513127744197845,0.20513127744197845,0.101698137819767,0.0696553885936737,0.9462451934814453,0.08059613406658173,24.813011169433594,2.679809331893921,3.235947370529175,0.1504337042570114,0.1504337042570114,0.0,570.2210083007812,0.16123750805854797,0.2287694364786148,0.014704142697155476,0.05764131620526314,6.142222881317139,0.08492018282413483,27.15338134765625,2.8911144733428955,3.7781622409820557
2017,1,39.278972631509774,76.42664210980719,8096.27,1245.0,2.567903518676758,248.84181213378906,21.668760299682617,27.577974319458008,1.374077558517456,7.199999809265137,10.736922264099121,0.11376953125,0.11376953125,0.02913421392440796,394.4838562011719,0.46948176622390747,0.5946537256240845,0.23606251180171967,0.1312403529882431,4.416093349456787,0.16625630855560303,18.783557891845703,1.4996123313903809,2.0114550590515137,0.05923019349575043,0.07429400086402893,382.41314697265625,163.60459899902344,0.005963901523500681,0.16332747042179108,0.2021944373846054,0.004826548974961042,65.158203125,0.24139666557312012,-1.6702944040298462,0.26363879442214966,0.977429211139679,0.08276941627264023,0.09561638534069061,4.248422622680664,446.40826416015625,0.2295263111591339,0.27967432141304016,0.09351563453674316,0.06456726789474487,35.45759582519531,0.21057304739952087,11.950265884399414,0.9037923216819763,1.8678605556488037,0.11858441680669785,0.12678958475589752,0.09816346317529678,466.37225341796875,0.35490158200263977,0.35490158200263977,0.173649400472641,0.11619507521390915,3.1193222999572754,0.12979024648666382,22.203527450561523,2.2589592933654785,2.791696310043335,0.1431320756673813,0.1431320756673813,0.0,517.8538818359375,0.19442149996757507,0.19442149996757507,0.09423758089542389,0.05793340876698494,13.306564331054688,0.13772781193256378,24.65970802307129,2.4828972816467285,3.273082971572876
2017,1,40.841499608950905,80.2712522834819,8096.578,1061.0,3.7035300731658936,138.61257934570312,30.177724838256836,21.806095123291016,1.3856016397476196,7.336583137512207,14.334299087524414,0.11399764567613602,0.11399764567613602,0.0,327.6312561035156,0.4587520658969879,0.5460971593856812,0.16549186408519745,0.12670773267745972,8.904940605163574,0.17928467690944672,15.601489067077637,1.048580527305603,1.4312204122543335,0.05541593208909035,0.07320699095726013,581.7232055664062,92.14353942871094,0.15286529064178467,0.24378380179405212,-0.033739473670721054,0.03267058730125427,39.32693862915039,0.2299998253583908,-3.7372493743896484,0.20916572213172913,0.5087114572525024,0.06306155025959015,0.07876173406839371,11.313257217407227,337.7409362792969,0.10031817108392715,0.10031817108392715,0.018579643219709396,0.02073848620057106,46.11313247680664,0.2241678386926651,8.822369575500488,0.6807540655136108,1.1658220291137695,0.1085224598646164,0.12442325055599213,0.0,385.01129150390625,0.6256366968154907,0.8030521869659424,0.3816203773021698,0.25255414843559265,4.299865245819092,0.1692938655614853,18.33386993408203,1.696007490158081,2.247648239135742,0.14930413663387299,0.14930413663387299,0.0,435.36065673828125,0.551249623298645,0.7341666221618652,0.31170010566711426,0.20640233159065247,24.208444595336914,0.17860791087150574,20.731460571289062,1.735155701637268,2.3973207473754883
2017,1,41.79766910694236,84.20587387102148,8098.3975,982.0,1.5514147281646729,53.29540252685547,36.2802734375,21.30832862854004,1.4077438116073608,8.029537200927734,14.977438926696777,0.10973591357469559,0.10973591357469559,1.790872573852539,348.7998352050781,0.6590257287025452,0.7032928466796875,0.2512107193470001,0.2114293873310089,14.808707237243652,0.11416187137365341,16.52423667907715,1.3099435567855835,1.8472039699554443,0.04542142525315285,0.05769987776875496,679.361328125,108.7799301147461,0.2230634242296219,0.3156392276287079,-0.06487211585044861,0.05007832497358322,33.47980499267578,0.14248305559158325,-4.355583190917969,0.22443842887878418,0.5573104619979858,0.05367302522063255,0.067899689078331,29.49151611328125,364.19537353515625,0.324433833360672,0.47971153259277344,0.03087620995938778,0.0954030230641365,29.2570858001709,0.12864741683006287,9.046050071716309,0.8438031673431396,1.4156068563461304,0.09835907816886902,0.11071974039077759,0.0,404.7630615234375,0.3915010392665863,0.3915010392665863,0.11867653578519821,0.11943250149488449,6.589257717132568,0.11027761548757553,19.274431228637695,1.9344903230667114,2.5832114219665527,0.14000225067138672,0.14000225067138672,0.0,469.0628967285156,0.43595969676971436,0.43595969676971436,0.2770613133907318,0.1845916509628296,26.55526351928711,0.12318477779626846,22.336328506469727,2.128904342651367,3.0246076583862305
2017,1,41.77152539746601,84.21638397220445,8101.701,973.0,1.2434144020080566,90.0,36.20298767089844,21.513139724731445,1.4114575386047363,8.0,16.040950775146484,0.10896239429712296,0.10896239429712296,1.6191145181655884,356.7540588378906,0.3975446820259094,0.4022815227508545,0.10287883877754211,0.09978895634412766,13.79910945892334,0.10689800977706909,16.91118812561035,1.34541916847229,1.8935483694076538,0.046165499836206436,0.057892102748155594,647.137451171875,113.10957336425781,0.15516063570976257,0.2955463230609894,-0.005319120362401009,0.03615689277648926,32.60444641113281,0.13569962978363037,-4.0765485763549805,0.22886179387569427,0.570155143737793,0.05428684502840042,0.06793836504220963,26.843076705932617,377.1686706542969,0.22811247408390045,0.2812541425228119,0.036862269043922424,0.05913277342915535,28.196557998657227,0.1212402880191803,9.46825885772705,0.8687653541564941,1.4548455476760864,0.09722302854061127,0.10941756516695023,0.0,413.63604736328125,0.32813218235969543,0.32813218235969543,0.08149639517068863,0.10235073417425156,6.11106538772583,0.10308802872896194,19.69695472717285,1.9851505756378174,2.646552562713623,0.13761396706104279,0.13761396706104279,0.0,477.87353515625,0.32455843687057495,0.32455843687057495,0.162604421377182,0.12059003859758377,25.184377670288086,0.1161191388964653,22.755882263183594,2.187354326248169,3.101848602294922
2017,1,36.869149567398125,81.57829952516691,8103.3696,1409.0,1.8543341159820557,180.0,36.94988250732422,21.89488410949707,1.3678593635559082,7.900000095367432,14.54350471496582,0.06085881218314171,0.06085881218314171,0.0,411.7056884765625,0.4798015356063843,0.5990938544273376,0.16559961438179016,0.11642204225063324,1.4507936239242554,0.05325199291110039,19.605031967163086,1.6197965145111084,2.0127851963043213,0.04586423188447952,0.04924004152417183,275.3438415527344,241.431396484375,0.2050675004720688,0.29990869760513306,0.021189434453845024,0.04666195809841156,17.922605514526367,0.043966494500637054,-0.25887367129325867,0.36948829889297485,1.088622808456421,0.04824806749820709,0.05544141307473183,0.0,555.1009521484375,0.22921425104141235,0.2745734453201294,0.027146318927407265,0.06413344293832779,26.342241287231445,0.04451843723654747,15.002727508544922,1.3101732730865479,2.443340301513672,0.06756909191608429,0.07026009261608124,0.0,501.0755615234375,0.3849751353263855,0.3849751353263855,0.19113804399967194,0.13418301939964294,0.39686262607574463,0.021035727113485336,23.860740661621094,2.573793649673462,2.978736639022827,0.06880106776952744,0.06880106776952744,0.0,550.0464477539062,0.41616374254226685,0.4201637804508209,0.15075990557670593,0.1377033293247223,7.668613433837891,0.026203487068414688,26.19268798828125,2.807697057723999,3.8076539039611816
2017,1,37.96599478542368,77.4908779218289,8107.235,1308.0,0.0,-0.0,33.34937286376953,22.479473114013672,1.3899999856948853,7.368902206420898,12.838643074035645,0.09264881163835526,0.09264881163835526,0.0,370.87396240234375,0.580565333366394,0.580565333366394,0.28250402212142944,0.2145540714263916,1.5604971647262573,0.16724002361297607,17.66066551208496,1.1932499408721924,1.5909565687179565,0.055966783314943314,0.06943996250629425,340.3164367675781,169.95602416992188,0.2903846502304077,0.30180299282073975,-0.02292564883828163,0.06473473459482193,44.90007019042969,0.1560516506433487,-1.3004612922668457,0.2750132083892822,0.9098791480064392,0.07646103948354721,0.09183155745267868,0.3123835623264313,450.1659240722656,0.24172934889793396,0.24172934889793396,0.1482422649860382,0.09963181614875793,24.206892013549805,0.14852726459503174,12.158204078674316,0.942903995513916,1.9688425064086914,0.1104281097650528,0.11565770953893661,0.0,462.2032775878906,0.41189566254615784,0.41189566254615784,0.25808387994766235,0.14191502332687378,1.2659857273101807,0.08951597660779953,22.009679794311523,2.1892268657684326,2.6295599937438965,0.12096395343542099,0.12096395343542099,0.0,503.0841064453125,0.6131715178489685,0.7642412185668945,0.27004408836364746,0.20365986227989197,11.311311721801758,0.09944804757833481,23.95638656616211,2.2493574619293213,3.125863790512085
2017,1,39.41749014663402,75.9404752401521,8118.4175,1298.0,3.0276131629943848,336.660888671875,27.92399024963379,27.818359375,1.388785481452942,8.0,11.207115173339844,0.10421095788478851,0.10421095788478851,0.08274754881858826,357.99664306640625,0.31996282935142517,0.39304012060165405,0.14720697700977325,0.07942794263362885,7.089362621307373,0.1659877896308899,17.043519973754883,1.3191004991531372,1.7242668867111206,0.047768983989953995,0.06658989936113358,543.8107299804688,123.37712860107422,0.12875555455684662,0.27790388464927673,0.14686627686023712,0.03245466202497482,91.58644104003906,0.2523062825202942,-3.2094168663024902,0.24722172319889069,0.8824650645256042,0.08482608944177628,0.09955772757530212,12.066451072692871,372.3584289550781,0.28361424803733826,0.3983231782913208,0.1445443481206894,0.07881007343530655,41.83058166503906,0.24073296785354614,9.737621307373047,0.756329357624054,1.5495710372924805,0.1212562620639801,0.1272483915090561,0.2788057327270508,419.347412109375,0.4895515739917755,0.4895515739917755,0.2740420997142792,0.16195780038833618,4.116732597351074,0.1275927871465683,19.95564842224121,1.9207273721694946,2.401793956756592,0.13380736112594604,0.13380736112594604,0.0,474.3316650390625,0.18608924746513367,0.18608924746513367,0.09307101368904114,0.054211877286434174,16.486373901367188,0.129642516374588,22.587223052978516,2.155386209487915,2.7996394634246826
2017,1,37.587894229798856,78.27429738590881,8122.8403,1389.0,1.493051528930664,231.60610961914062,38.43071365356445,21.339096069335938,1.3604142665863037,7.599999904632568,11.526739120483398,0.07344662398099899,0.07344662398099899,0.0,409.9223327636719,0.4336024224758148,0.4715489447116852,0.13627438247203827,0.10497783869504929,0.6487990617752075,0.0572713240981102,19.520111083984375,1.5482324361801147,1.9412280321121216,0.04829607158899307,0.05666578188538551,285.84503173828125,229.68002319335938,0.17055673897266388,0.28538382053375244,-0.029690027236938477,0.037889767438173294,23.03089141845703,0.05058929696679115,-0.42874059081077576,0.3344908356666565,0.9656764268875122,0.05572474002838135,0.06634518504142761,0.0,536.4948120117188,0.18361707031726837,0.18361707031726837,0.08930830657482147,0.07439074665307999,14.694211959838867,0.04733485355973244,14.499858856201172,1.2155323028564453,2.282799005508423,0.08231142908334732,0.0864403024315834,0.0,507.8045959472656,0.24068301916122437,0.24068301916122437,0.05278117582201958,0.07292445749044418,0.43448373675346375,0.017528681084513664,24.181171417236328,2.615140438079834,3.1251981258392334,0.09086520969867706,0.09086520969867706,0.0,549.7504272460938,0.5594317317008972,0.6038179397583008,0.2216082364320755,0.18498338758945465,7.872283458709717,0.024133741855621338,26.178592681884766,2.738053560256958,3.7121591567993164
2017,1,37.695420992601655,78.2327965324044,8138.4697,1337.0,0.9274099469184875,180.0,31.1984920501709,26.740983963012695,1.3996425867080688,7.400000095367432,12.0752592086792,0.07296755164861679,0.07296755164861679,0.0,410.52630615234375,0.38877755403518677,0.442135751247406,0.07976508885622025,0.11848344653844833,0.6717605590820312,0.06223825737833977,19.548871994018555,1.5497339963912964,1.9582014083862305,0.04835023358464241,0.05671871826052666,291.69293212890625,228.53656005859375,0.18425364792346954,0.25108200311660767,-0.02183758281171322,0.0546300895512104,23.76552963256836,0.05694523826241493,-0.48210960626602173,0.33163154125213623,0.9607284069061279,0.05685579404234886,0.06703225523233414,0.0,537.5564575195312,0.138963982462883,0.138963982462883,0.018330346792936325,0.053180448710918427,14.650726318359375,0.052333712577819824,14.528552055358887,1.218469500541687,2.298474073410034,0.0818738117814064,0.08585769683122635,0.0,508.8216247558594,0.20991048216819763,0.20991048216819763,0.02454235590994358,0.06649646162986755,0.46982723474502563,0.02192930318415165,24.22960090637207,2.6247222423553467,3.137357473373413,0.08998973667621613,0.08998973667621613,0.0,550.7020263671875,0.3064239025115967,0.3457798361778259,0.05536556988954544,0.08758258074522018,7.787372589111328,0.028467483818531036,26.223907470703125,2.7468578815460205,3.7203683853149414
2017,1,37.97461868686106,77.41460945741076,8141.8213,1306.0,2.9936845302581787,308.2480773925781,34.83596420288086,22.789770126342773,1.3700000047683716,7.900000095367432,11.684866905212402,0.09037835150957108,0.09037835150957108,0.0,360.95855712890625,0.5897473096847534,0.5897473096847534,0.29428645968437195,0.2125670313835144,2.7314841747283936,0.17167891561985016,17.18850326538086,1.1521718502044678,1.5346198081970215,0.05514749139547348,0.06960917264223099,380.7171630859375,160.60659790039062,0.28369301557540894,0.3261541426181793,0.06068800017237663,0.05947026237845421,46.87678909301758,0.15802422165870667,-1.6802332401275635,0.26951465010643005,0.8863893151283264,0.07284393906593323,0.08805377036333084,2.8422579765319824,428.4677429199219,0.2712719738483429,0.2712719738483429,0.1750865876674652,0.11665287613868713,26.910533905029297,0.15368372201919556,11.503392219543457,0.9016410112380981,1.8901207447052002,0.10728953033685684,0.11271383613348007,0.0,449.3677062988281,0.4186939597129822,0.4186939597129822,0.2664047181606293,0.15131813287734985,2.3091440200805664,0.09080128371715546,21.398462295532227,2.1106302738189697,2.5492215156555176,0.11847677826881409,0.11847677826881409,0.0,490.0469665527344,0.5865676403045654,0.6761732697486877,0.2239256203174591,0.17722263932228088,14.135624885559082,0.1024700254201889,23.335569381713867,2.1643075942993164,3.017333984375
2017,1,40.856861212080034,80.47068111899621,8145.0083,1064.0,3.0721147060394287,232.89813232421875,22.959144592285156,29.53385353088379,1.3920148611068726,7.420008182525635,17.421100616455078,0.11578793078660965,0.11578793078660965,0.0,329.1405029296875,0.6738462448120117,0.7990241646766663,0.3375343978404999,0.22467893362045288,9.054409980773926,0.18825751543045044,15.673357009887695,1.054320216178894,1.4272515773773193,0.054728444665670395,0.07430031895637512,577.3976440429688,98.11282348632812,0.27938809990882874,0.33567333221435547,-0.016868826001882553,0.06192987412214279,37.26920700073242,0.24247784912586212,-3.6586625576019287,0.20794755220413208,0.5034363865852356,0.06357085704803467,0.07993604987859726,11.574061393737793,344.3069152832031,0.1714368462562561,0.1714368462562561,-0.03738631680607796,0.040037959814071655,44.876564025878906,0.23389998078346252,8.992779731750488,0.7038453817367554,1.1745718717575073,0.11023883521556854,0.12661144137382507,0.0,388.8056640625,0.5958297848701477,0.7524632215499878,0.34001871943473816,0.22470857203006744,4.274105548858643,0.1832830309867859,18.514554977416992,1.7319517135620117,2.2890515327453613,0.15315745770931244,0.15315745770931244,0.0,437.2835693359375,0.5552487969398499,0.6838306784629822,0.3210386633872986,0.2097877860069275,22.30666160583496,0.19420452415943146,20.823026657104492,1.757996678352356,2.413468360900879
2017,1,38.29531723462489,77.00389949578208,8149.097,1281.0,2.3622233867645264,90.0,31.288028717041016,22.391738891601562,1.3833203315734863,7.376767635345459,14.234771728515625,0.08169946819543839,0.08169946819543839,0.0,334.6595153808594,0.41902250051498413,0.42118680477142334,0.11971870809793472,0.10793822258710861,7.956052303314209,0.18499250710010529,15.93616771697998,1.0418598651885986,1.3929306268692017,0.05091747269034386,0.07195625454187393,512.0430297851562,135.87005615234375,0.2863907814025879,0.304018497467041,0.0646590068936348,0.075276680290699,56.064456939697266,0.1786857694387436,-2.871549129486084,0.2517307996749878,0.8090830445289612,0.061246756464242935,0.07627478986978531,6.423041343688965,364.8709411621094,0.11291349679231644,0.11291349679231644,0.08591078221797943,0.05099322274327278,40.76823425292969,0.1817995309829712,9.687780380249023,0.7686761021614075,1.6201072931289673,0.09705652296543121,0.10286835581064224,0.0,413.1231689453125,0.5161445140838623,0.7149795889854431,0.3183072805404663,0.2041705995798111,6.273531436920166,0.09826341271400452,19.67253303527832,1.876086950302124,2.332794666290283,0.1100841835141182,0.1100841835141182,0.0,452.2677917480469,0.37452220916748047,0.4940315783023834,0.14638684689998627,0.11247589439153671,25.989269256591797,0.11725190281867981,21.536561965942383,1.89670729637146,2.6620936393737793
2017,1,41.502570258326365,82.89586132713593,8150.461,997.0,4.4518141746521,213.72805786132812,31.615697860717773,22.122501373291016,1.409999966621399,8.099991798400879,19.15199089050293,0.12078560143709183,0.12078560143709183,0.020345646888017654,409.3679504394531,0.5335796475410461,0.5335796475410461,0.3499630093574524,0.12464355677366257,3.1714327335357666,0.08447961509227753,19.49274253845215,1.4758259057998657,2.011134386062622,0.06372736394405365,0.0747980922460556,332.634765625,106.09522247314453,0.14105010032653809,0.15858545899391174,0.06541067361831665,0.02995026484131813,22.94021987915039,0.12319774180650711,-1.7293095588684082,0.26240256428718567,0.5605677366256714,0.06990671902894974,0.08588536828756332,0.25462040305137634,462.6912536621094,0.5348024964332581,0.5348024964332581,0.26652947068214417,0.1455691009759903,20.765655517578125,0.10515955090522766,12.498287200927734,0.9490289688110352,1.6701278686523438,0.10369731485843658,0.11573262512683868,0.0,483.2279052734375,0.625789999961853,0.625789999961853,0.39445212483406067,0.26137009263038635,1.0305533409118652,0.07988975197076797,23.010852813720703,2.318079948425293,2.9987127780914307,0.13773910701274872,0.13773910701274872,0.0,538.5849609375,0.4511342942714691,0.4511342942714691,0.2333214432001114,0.1502958983182907,11.19400691986084,0.09635961055755615,25.64690399169922,2.495462417602539,3.465839147567749
2017,1,37.12975281026467,80.2319051757863,8160.289,1325.0,2.325395345687866,270.0,35.32686996459961,22.104019165039062,1.3657230138778687,7.900000095367432,9.51910400390625,0.06905743479728699,0.06905743479728699,0.0,392.80267333984375,0.5632326602935791,0.5632326602935791,0.24964596331119537,0.1767730414867401,1.4126356840133667,0.078626848757267,18.70488929748535,1.4814049005508423,1.8474723100662231,0.053302716463804245,0.05834507569670677,273.411865234375,221.73858642578125,0.23090355098247528,0.314861536026001,0.06606029719114304,0.061452172696590424,18.170251846313477,0.052454374730587006,-0.3944525718688965,0.36181846261024475,0.9374157190322876,0.062607541680336,0.07326476275920868,0.0,526.9647827148438,0.09000836312770844,0.10550519824028015,0.04032265767455101,0.02782665751874447,20.460813522338867,0.053029756993055344,14.242292404174805,1.2336617708206177,2.2673816680908203,0.08189623802900314,0.08479657024145126,0.0,489.4129333496094,0.610200822353363,0.610200822353363,0.36066940426826477,0.22056342661380768,1.3289755582809448,0.02711920626461506,23.305377960205078,2.5204575061798096,3.0256528854370117,0.08447171002626419,0.08447171002626419,0.0,535.7924194335938,0.12716464698314667,0.12716464698314667,0.0710073783993721,0.04031384736299515,11.2399263381958,0.036928415298461914,25.51392364501953,2.707519769668579,3.6754610538482666
2017,1,38.01504043791054,77.45287746265143,8163.675,1294.0,0.0,-0.0,32.52075958251953,23.81772804260254,1.3899999856948853,7.599999904632568,9.741157531738281,0.09254193305969238,0.09254193305969238,0.0,370.1729736328125,0.14476840198040009,0.14476840198040009,0.004751297645270824,0.03827385604381561,2.044243574142456,0.17032131552696228,17.62728500366211,1.195315957069397,1.6004555225372314,0.05634500831365585,0.07011297345161438,351.7762145996094,171.48306274414062,0.32181087136268616,0.34243401885032654,0.056096967309713364,0.06896768510341644,45.22981262207031,0.16066652536392212,-1.3762836456298828,0.2741870582103729,0.9065125584602356,0.07695308327674866,0.09214434772729874,1.4494643211364746,447.9560241699219,0.4104035496711731,0.5259690880775452,0.2432335466146469,0.1602480411529541,25.124666213989258,0.15285396575927734,12.067745208740234,0.9415833950042725,1.9599730968475342,0.11041948944330215,0.11567176878452301,0.0,460.488037109375,0.4011998176574707,0.4011998176574707,0.2663007974624634,0.13942773640155792,1.720852255821228,0.09392787516117096,21.928001403808594,2.1849372386932373,2.627645492553711,0.12089523673057556,0.12089523673057556,0.0,501.38983154296875,0.4383794367313385,0.531043529510498,0.12010891735553741,0.1147129163146019,12.271543502807617,0.10436638444662094,23.87570571899414,2.2438600063323975,3.1140990257263184
2017,1,37.81615561272475,77.350469747858,8186.8364,1402.0,1.8543341159820557,180.0,36.010711669921875,21.19134521484375,1.3899999856948853,7.800000190734863,9.813539505004883,0.08498379588127136,0.08498379588127136,0.0,336.79583740234375,0.5594512224197388,0.5594512224197388,0.1874268651008606,0.13755422830581665,4.138477802276611,0.1739879995584488,16.03789710998535,1.0372554063796997,1.3558610677719116,0.05206966772675514,0.06781657040119171,450.5322265625,131.22711181640625,0.21928447484970093,0.2610531747341156,-0.03780313953757286,0.04069655388593674,50.67650604248047,0.14761246740818024,-2.437443494796753,0.257793664932251,0.8359777927398682,0.0620037205517292,0.07729998230934143,6.474738121032715,378.3096008300781,0.1691771298646927,0.1691771298646927,0.12010955810546875,0.07280130684375763,30.556188583374023,0.1526881754398346,10.049590110778809,0.7989344000816345,1.715143084526062,0.09921428561210632,0.10510078072547913,0.0,420.7698974609375,0.3744717836380005,0.3744717836380005,0.24993540346622467,0.126826211810112,3.568336009979248,0.0804634690284729,20.03666114807129,1.9182275533676147,2.34248423576355,0.11229588836431503,0.11229588836431503,0.0,460.9647216796875,0.7327731847763062,0.8003450036048889,0.3544428050518036,0.25385239720344543,18.235445022583008,0.09490270167589188,21.950700759887695,1.9602410793304443,2.772787094116211
2017,1,39.21267471704715,76.31075899163024,8190.7656,1249.0,3.0262291431427,156.72181701660156,24.48377227783203,26.607187271118164,1.370762586593628,7.497714519500732,11.344216346740723,0.10605549067258835,0.10605549067258835,0.09761346131563187,366.3840637207031,0.4782464802265167,0.6084592342376709,0.23004664480686188,0.1542869359254837,6.829671859741211,0.1726226508617401,17.442211151123047,1.3625329732894897,1.8160167932510376,0.05445513874292374,0.07232538610696793,492.7672424316406,142.2266845703125,0.1426241099834442,0.2633650004863739,0.10039439797401428,0.03390667587518692,72.06771850585938,0.23862186074256897,-2.67588210105896,0.25093111395835876,0.9091416001319885,0.0768992006778717,0.0905616357922554,14.234233856201172,400.9877014160156,0.41362473368644714,0.6316395401954651,0.2711603045463562,0.14349031448364258,40.21612548828125,0.21728865802288055,10.452796936035156,0.8147664070129395,1.6942850351333618,0.11387073993682861,0.12144722044467926,0.3288942277431488,433.47271728515625,0.6684690713882446,0.6684690713882446,0.3821304142475128,0.282522052526474,4.370412349700928,0.12793239951133728,20.625896453857422,2.057704210281372,2.5636062622070312,0.13539494574069977,0.13539494574069977,0.0,484.0071105957031,0.18597249686717987,0.18597249686717987,0.09330615401268005,0.055108193308115005,18.707704544067383,0.1386408805847168,23.047958374023438,2.252955675125122,2.9810309410095215
2017,1,40.48873120641069,80.50759801661769,8191.742,1037.0,1.219345211982727,90.0,21.980995178222656,30.165348052978516,1.3665273189544678,6.989301681518555,19.368318557739258,0.10948497802019119,0.10948497802019119,0.0,415.831787109375,0.6341397762298584,0.7464350461959839,0.35870853066444397,0.19773024320602417,2.62739896774292,0.16786062717437744,19.801513671875,1.3643505573272705,1.8356738090515137,0.052187249064445496,0.0694652870297432,261.574462890625,155.6368408203125,0.3110748529434204,0.4238448143005371,0.11282455176115036,0.07134512066841125,20.374103546142578,0.2077733725309372,-0.808684229850769,0.23910900950431824,0.6130606532096863,0.055503960698843,0.0649082288146019,0.0,502.7853698730469,0.1853398233652115,0.1853398233652115,0.016331147402524948,0.045242227613925934,17.22125816345215,0.19321368634700775,13.588793754577637,0.9535608887672424,1.5810602903366089,0.09410139918327332,0.11324258893728256,0.0,493.5776062011719,0.4375840723514557,0.47493037581443787,0.2636926770210266,0.1530623435974121,1.323404312133789,0.16137349605560303,23.503694534301758,2.3033769130706787,3.020921468734741,0.1435074359178543,0.1435074359178543,0.0,537.1119384765625,0.5803816914558411,0.6725610494613647,0.3504703640937805,0.2165602147579193,7.425638198852539,0.17052316665649414,25.576759338378906,2.3390636444091797,3.17551589012146
2017,1,40.65447153346623,80.54182607630395,8201.265,1043.0,2.220508575439453,33.387516021728516,26.65472412109375,20.80702018737793,1.417771339416504,7.400000095367432,20.645395278930664,0.11278913915157318,0.11278913915157318,0.0,379.8583984375,0.5015305876731873,0.579861044883728,0.2689465582370758,0.12963560223579407,5.422346591949463,0.17341725528240204,18.0884952545166,1.238585114479065,1.6722453832626343,0.05333947017788887,0.07175624370574951,395.76837158203125,131.38270568847656,0.2035035789012909,0.31692013144493103,0.18392059206962585,0.04892376437783241,27.261730194091797,0.21904510259628296,-2.0182111263275146,0.22567002475261688,0.5644214749336243,0.059132225811481476,0.07163155823945999,4.788193225860596,437.05517578125,0.13546571135520935,0.13546571135520935,-0.01222318783402443,0.03289173170924187,28.660818099975586,0.20684519410133362,11.682891845703125,0.8530793190002441,1.4154951572418213,0.10153715312480927,0.11963485181331635,0.0,450.2268371582031,0.26379743218421936,0.28742673993110657,0.15341390669345856,0.08239802718162537,2.579179286956787,0.16785366833209991,21.439373016357422,2.069852828979492,2.721174478530884,0.14859604835510254,0.14859604835510254,0.0,495.91717529296875,0.4471757411956787,0.523819625377655,0.24559004604816437,0.14231452345848083,13.682068824768066,0.17780710756778717,23.615102767944336,2.104306936264038,2.8671765327453613
2017,1,39.25848752127025,76.4482018634006,8202.454,1240.0,2.207026243209839,32.85211181640625,22.975460052490234,23.193500518798828,1.3868260383605957,7.266282081604004,10.107185363769531,0.11310647428035736,0.11310647428035736,0.022519996389746666,394.19500732421875,0.5987703800201416,0.7371202111244202,0.3758305609226227,0.22071819007396698,4.465183258056641,0.1661788374185562,18.770118713378906,1.49293053150177,2.002490520477295,0.059197962284088135,0.07448392361402512,379.2142639160156,163.22933959960938,0.01709868386387825,0.23019443452358246,0.14498849213123322,0.012805470265448093,64.28204345703125,0.23942796885967255,-1.6487398147583008,0.26371341943740845,0.9758582711219788,0.08162837475538254,0.094485804438591,3.283921241760254,445.76422119140625,0.2087966799736023,0.2467745691537857,0.09656108915805817,0.06455671042203903,35.72688293457031,0.20899173617362976,11.958927154541016,0.9017007946968079,1.866255283355713,0.11759857088327408,0.12584753334522247,0.07587782293558121,466.55255126953125,0.37270018458366394,0.37270018458366394,0.2203260213136673,0.13515940308570862,3.201104164123535,0.12813198566436768,22.21317481994629,2.2568163871765137,2.7909581661224365,0.14244914054870605,0.14244914054870605,0.0,517.5595092773438,0.1935494989156723,0.1935494989156723,0.0941583663225174,0.057705629616975784,13.664401054382324,0.13663797080516815,24.64569091796875,2.474982738494873,3.2686808109283447
2017,1,37.555284823795006,80.19929576978245,8214.6875,1271.0,2.1920406818389893,212.2398681640625,32.70790100097656,24.278661727905273,1.3899999856948853,7.450531482696533,9.816654205322266,0.0779964029788971,0.0779964029788971,0.0,440.61376953125,0.35657060146331787,0.35657060146331787,0.07666897028684616,0.08114549517631531,0.6392931938171387,0.03488240763545036,20.981609344482422,1.7776236534118652,2.1797802448272705,0.056264691054821014,0.05931340530514717,231.70924377441406,279.74078369140625,0.2693978548049927,0.284953236579895,0.022209234535694122,0.0793829932808876,9.184835433959961,0.029621414840221405,0.36665287613868713,0.3882838189601898,0.950329601764679,0.07587867230176926,0.08973062038421631,0.0,612.85986328125,0.10649926215410233,0.12528333067893982,-0.05238807946443558,0.03184566646814346,13.240571975708008,0.029155371710658073,16.563779830932617,1.4594709873199463,2.6280341148376465,0.09297861903905869,0.09547891467809677,0.0,544.8862915039062,0.3725535571575165,0.4050788879394531,0.20267215371131897,0.1300753802061081,0.10215320438146591,0.013562898151576519,25.94696617126465,2.9605395793914795,3.4991190433502197,0.09393245726823807,0.09393245726823807,0.0,593.8834228515625,0.33219102025032043,0.39201316237449646,0.12900087237358093,0.11729584634304047,5.339643955230713,0.017041975632309914,28.280162811279297,3.2114479541778564,4.258415222167969
2017,1,37.078548952867955,79.9955594426505,8217.038,1397.0,3.012791633605957,157.3242950439453,37.644168853759766,16.755477905273438,1.3799999952316284,8.0,12.127545356750488,0.06511446088552475,0.06511446088552475,0.0,380.3557434082031,0.44287848472595215,0.44287848472595215,0.07407265901565552,0.12284991145133972,1.5082006454467773,0.09577028453350067,18.112178802490234,1.3976742029190063,1.7562243938446045,0.049931321293115616,0.0572894848883152,289.97747802734375,207.8511199951172,0.3641236424446106,0.36954066157341003,0.07268735021352768,0.10051050782203674,20.157482147216797,0.06250456720590591,-0.6269188523292542,0.3511359989643097,0.9141319990158081,0.05535891652107239,0.06417381763458252,0.0,504.0500183105469,0.08063804358243942,0.09375086426734924,0.071438729763031,0.025308692827820778,20.579601287841797,0.06292656064033508,13.622973442077637,1.1759278774261475,2.161932945251465,0.07491642236709595,0.07790273427963257,0.0,475.9293212890625,0.6271129250526428,0.7211052179336548,0.37866491079330444,0.23200134932994843,1.7555054426193237,0.03353596851229668,22.663299560546875,2.4173240661621094,2.9211084842681885,0.07864072918891907,0.07864072918891907,0.0,521.6185302734375,0.28571817278862,0.28571817278862,0.06308341026306152,0.0880388393998146,13.23288631439209,0.045596539974212646,24.83897590637207,2.5843682289123535,3.5307366847991943
2017,1,38.05358044831547,77.482793571619,8219.462,1282.0,1.8543341159820557,-0.0,28.657133102416992,24.410694122314453,1.3786534070968628,7.199999809265137,11.997795104980469,0.09443546831607819,0.09443546831607819,0.0,378.0152893066406,0.1472402960062027,0.1472402960062027,0.002606355817988515,0.03889403119683266,1.4990705251693726,0.1696484237909317,18.000728607177734,1.232967734336853,1.6588345766067505,0.05747685953974724,0.07063265889883041,328.3363952636719,181.1398468017578,0.24350585043430328,0.3184454143047333,0.042024947702884674,0.060888152569532394,43.80009460449219,0.1634896844625473,-1.1236377954483032,0.2781345248222351,0.9235655665397644,0.08061924576759338,0.0957600548863411,0.48945707082748413,464.5147399902344,0.4579666554927826,0.4896667003631592,0.23835191130638123,0.17450067400932312,23.631404876708984,0.1526438146829605,12.541223526000977,0.9762449860572815,2.0197930335998535,0.11315283179283142,0.118262380361557,0.0,469.8394470214844,0.3561762869358063,0.3561762869358063,0.209315687417984,0.1290981024503708,1.2709237337112427,0.09731605648994446,22.373308181762695,2.248826503753662,2.6951346397399902,0.12300178408622742,0.12300178408622742,0.0,510.9530334472656,0.47671353816986084,0.5917273163795471,0.1652211844921112,0.13656550645828247,10.75493335723877,0.10673461109399796,24.331096649169922,2.3123297691345215,3.196777582168579
2017,1,39.22075906725704,76.47003362215827,8231.695,1235.0,0.9274099469184875,180.0,21.808773040771484,26.933021545410156,1.4086581468582153,6.759559631347656,12.276286125183105,0.11130423098802567,0.11130423098802567,0.015075304545462132,391.44879150390625,0.5673949122428894,0.7241542339324951,0.3124168813228607,0.1707606464624405,4.733962535858154,0.1663348227739334,18.63970184326172,1.469903588294983,1.9699567556381226,0.05863438919186592,0.07454818487167358,382.5736083984375,160.55569458007812,0.2452584058046341,0.2833370566368103,0.24686384201049805,0.05782148241996765,63.66134262084961,0.23598730564117432,-1.6947933435440063,0.2628460228443146,0.9674548506736755,0.07932790368795395,0.09228880703449249,2.1983180046081543,440.6384582519531,0.2680908143520355,0.3900164067745209,0.08517427742481232,0.06524558365345001,36.59659194946289,0.20717249810695648,11.849733352661133,0.8900929689407349,1.847365140914917,0.1156497448682785,0.1238945946097374,0.050794027745723724,464.1739501953125,0.5743737816810608,0.5743737816810608,0.27717161178588867,0.1861926019191742,3.4332597255706787,0.12498073279857635,22.101102828979492,2.2351491451263428,2.769310712814331,0.14061535894870758,0.14061535894870758,0.0,514.3592529296875,0.19136276841163635,0.19136276841163635,0.09394199401140213,0.05706755071878433,14.648018836975098,0.13450758159160614,24.493297576904297,2.441735029220581,3.2353146076202393
2017,1,38.02851584129406,77.40814376088326,8234.294,1289.0,1.4985435009002686,128.2276153564453,31.83639907836914,22.902584075927734,1.3834692239761353,7.608702182769775,8.837296485900879,0.09135378897190094,0.09135378897190094,0.0,365.1741638183594,0.14329707622528076,0.14329707622528076,0.007313536945730448,0.037789687514305115,2.703920364379883,0.17280283570289612,17.389245986938477,1.1749701499938965,1.5732448101043701,0.05592908710241318,0.07028395682573318,373.24945068359375,166.94149780273438,0.3028484582901001,0.3118433654308319,0.043739739805459976,0.0776020884513855,46.31200408935547,0.16228729486465454,-1.5748698711395264,0.27132341265678406,0.8942678570747375,0.0751519575715065,0.09025348722934723,2.7435128688812256,436.855712890625,0.2973310053348541,0.32288455963134766,0.2109087109565735,0.11384440958499908,26.66444206237793,0.15602204203605652,11.732762336730957,0.9204832911491394,1.9189292192459106,0.10881958156824112,0.11416840553283691,0.0,453.91448974609375,0.4000924229621887,0.4000924229621887,0.2733796238899231,0.14761504530906677,2.298001527786255,0.09498590975999832,21.614974975585938,2.144943952560425,2.5873773097991943,0.11961746960878372,0.11961746960878372,0.0,494.699462890625,0.5307797193527222,0.6013637185096741,0.23801130056381226,0.16628104448318481,13.833084106445312,0.10637860000133514,23.557117462158203,2.2002687454223633,3.0578553676605225
2017,1,37.109267700025136,79.65842018930262,8237.494,1391.0,1.487229824066162,51.42808151245117,32.28773880004883,21.513975143432617,1.3553040027618408,7.616415500640869,15.541494369506836,0.06260913610458374,0.06260913610458374,0.0,376.4790954589844,0.5244377255439758,0.6536417007446289,0.1757183074951172,0.13394732773303986,1.4099726676940918,0.10739399492740631,17.927576065063477,1.3625653982162476,1.7207283973693848,0.04629038646817207,0.05620919540524483,298.83709716796875,205.49717712402344,0.19173431396484375,0.24822403490543365,-0.0515003465116024,0.04447086527943611,20.43198585510254,0.07019351422786713,-0.7125184535980225,0.34434452652931213,0.8896353244781494,0.04912908747792244,0.05641259253025055,0.0,496.9977111816406,0.07240056991577148,0.08338888734579086,0.08963003754615784,0.023014690726995468,18.783605575561523,0.070076122879982,13.432371139526367,1.159599781036377,2.116548776626587,0.0690213218331337,0.07210322469472885,0.0,473.0018615722656,0.6190080046653748,0.6607142686843872,0.3369702696800232,0.22712919116020203,1.975767731666565,0.03894583135843277,22.523897171020508,2.3980305194854736,2.910421848297119,0.0740935280919075,0.0740935280919075,0.0,518.3671264648438,0.3997955620288849,0.45058685541152954,0.18702930212020874,0.11948446184396744,14.310256958007812,0.05232943966984749,24.68415069580078,2.5539541244506836,3.495441198348999
2017,1,38.216355473170466,77.25533928598378,8246.627,1268.0,3.655951738357544,284.67578125,35.382930755615234,19.4183406829834,1.3695472478866577,7.699999809265137,11.008222579956055,0.08984165638685226,0.08984165638685226,0.0,361.8199768066406,0.14145468175411224,0.14145468175411224,0.012734508141875267,0.036746107041835785,4.52065372467041,0.17995311319828033,17.229522705078125,1.1699082851409912,1.5817785263061523,0.05581154674291611,0.07217666506767273,410.63427734375,167.87734985351562,0.17941762506961823,0.18390606343746185,0.002877355320379138,0.03119784966111183,48.5881233215332,0.17619995772838593,-1.8531063795089722,0.26763132214546204,0.8783749341964722,0.07468593865633011,0.08949775248765945,4.391568183898926,426.3348083496094,0.36524906754493713,0.4932017922401428,0.22108188271522522,0.13518112897872925,31.058027267456055,0.1697402000427246,11.403871536254883,0.9020286202430725,1.8666913509368896,0.10754915326833725,0.1129395067691803,0.0,447.3674621582031,0.39639604091644287,0.39639604091644287,0.285312682390213,0.14415815472602844,3.7418603897094727,0.10476398468017578,21.303213119506836,2.112433433532715,2.5661582946777344,0.1184053048491478,0.1184053048491478,0.0,487.83221435546875,0.5202504992485046,0.6231903433799744,0.19948725402355194,0.1612320840358734,17.592378616333008,0.11832147091627121,23.230106353759766,2.159109354019165,2.992105722427368
2017,1,37.10414865201578,80.15321541949614,8252.144,1339.0,1.487169861793518,51.42623519897461,34.17792510986328,22.56525993347168,1.3799999952316284,7.922281742095947,8.67640209197998,0.067479208111763,0.067479208111763,0.0,387.6409606933594,0.304936021566391,0.304936021566391,-0.020270105451345444,0.07121583074331284,1.458004355430603,0.08526071161031723,18.45909309387207,1.4471161365509033,1.810478925704956,0.052081573754549026,0.05792767181992531,279.6833801269531,215.86981201171875,0.34938618540763855,0.36838483810424805,0.037029337137937546,0.08386674523353577,19.032682418823242,0.056318558752536774,-0.48712658882141113,0.35771867632865906,0.9298120141029358,0.05977141484618187,0.0697111114859581,0.0,517.570068359375,0.08633527159690857,0.10093390196561813,0.05260636284947395,0.026852654293179512,20.641931533813477,0.056827668100595474,13.988380432128906,1.209712028503418,2.22464919090271,0.07922746986150742,0.08217162638902664,0.0,483.7640075683594,0.6551308035850525,0.6551308035850525,0.397243469953537,0.2490834891796112,1.49406099319458,0.02957998774945736,23.0363826751709,2.4767839908599854,2.980839729309082,0.0822553038597107,0.0822553038597107,0.0,529.8342895507812,0.12468775361776352,0.12468775361776352,0.08242657035589218,0.039766665548086166,12.029451370239258,0.04028172791004181,25.23020362854004,2.6555733680725098,3.6148903369903564
2017,1,38.24114807502763,77.25991878276568,8254.693,1256.0,1.5012439489364624,51.85355758666992,32.49190902709961,23.499048233032227,1.3799999952316284,7.696493148803711,10.49854564666748,0.09048766642808914,0.09048766642808914,0.0,364.84185791015625,0.14228616654872894,0.14228616654872894,0.01200928259640932,0.03692866861820221,4.381911277770996,0.17977158725261688,17.373422622680664,1.1844255924224854,1.604659914970398,0.056187067180871964,0.07244397699832916,402.45806884765625,171.62322998046875,0.179154172539711,0.22464095056056976,-0.007153037469834089,0.04366995766758919,48.16419219970703,0.1778235286474228,-1.7620978355407715,0.269046425819397,0.8844527006149292,0.07604295760393143,0.09084131568670273,3.9325153827667236,432.5167236328125,0.6394861340522766,0.6478456258773804,0.3905734121799469,0.2511085867881775,30.70210838317871,0.17015819251537323,11.583356857299805,0.9146561622619629,1.8877674341201782,0.10854414850473404,0.11387551575899124,0.0,450.8927001953125,0.43503350019454956,0.539404571056366,0.31502941250801086,0.12914402782917023,3.6104230880737305,0.10624317824840546,21.471080780029297,2.1362385749816895,2.592097282409668,0.11916124075651169,0.11916124075651169,0.0,491.4077453613281,0.2862306833267212,0.3491987884044647,0.04500710591673851,0.07783462107181549,17.1541748046875,0.1194976419210434,23.400367736816406,2.184166669845581,3.0217864513397217
2017,1,40.63830283304643,80.43995791273798,8259.487,1045.0,0.0,-0.0,23.201017379760742,28.504783630371094,1.361258864402771,7.099999904632568,17.050077438354492,0.11280558258295059,0.11280558258295059,0.0,379.7154235839844,0.5121963620185852,0.5913436412811279,0.19848044216632843,0.15225905179977417,5.243176460266113,0.17544914782047272,18.08168601989746,1.2313191890716553,1.663271188735962,0.05399351567029953,0.07165620476007462,388.333740234375,129.78585815429688,0.24156306684017181,0.36381593346595764,0.033353034406900406,0.0569467730820179,27.88866424560547,0.2198546975851059,-1.9736480712890625,0.22631190717220306,0.5691112279891968,0.05941158905625343,0.07163400202989578,4.5029826164245605,435.81475830078125,0.13890007138252258,0.13890007138252258,-0.04702448472380638,0.035054247826337814,29.282711029052734,0.20878663659095764,11.657074928283691,0.8405762910842896,1.4041948318481445,0.10119779407978058,0.11919277906417847,0.0,449.74835205078125,0.39664292335510254,0.47759342193603516,0.18136714398860931,0.1323832869529724,2.6171271800994873,0.16736039519309998,21.416587829589844,2.0554168224334717,2.7066221237182617,0.1477726548910141,0.1477726548910141,0.0,495.2770080566406,0.5474548935890198,0.6036750674247742,0.29216375946998596,0.22095917165279388,14.238229751586914,0.17744454741477966,23.584619522094727,2.086350440979004,2.848973274230957
2017,1,39.170901858378464,76.69559724894683,8263.456,1213.0,2.2062184810638428,212.819580078125,20.176855087280273,26.08121681213379,1.3995767831802368,6.300000190734863,15.23692512512207,0.11152681708335876,0.11152681708335876,0.0,399.1416015625,0.4642442762851715,0.4658121168613434,0.11599021404981613,0.13047347962856293,4.114990711212158,0.1521623432636261,19.006742477416992,1.4982696771621704,2.0164296627044678,0.0597074069082737,0.07505353540182114,357.3843078613281,174.764892578125,0.22665344178676605,0.34318748116493225,0.08390938490629196,0.08649451285600662,58.317012786865234,0.21718688309192657,-1.3940412998199463,0.26893091201782227,0.9620853066444397,0.08107604831457138,0.09400662779808044,0.0,460.85955810546875,0.22630007565021515,0.3428412079811096,0.0509488508105278,0.07275199145078659,33.80185317993164,0.18379636108875275,12.455663681030273,0.9436419606208801,1.9266263246536255,0.11658449470996857,0.1246839314699173,0.0,475.6148681640625,0.36239975690841675,0.3672657012939453,0.13241241872310638,0.12253773957490921,3.074331760406494,0.11101250350475311,22.648326873779297,2.3182621002197266,2.8576176166534424,0.14087358117103577,0.14087358117103577,0.0,524.6416015625,0.46343472599983215,0.4765884578227997,0.1681545376777649,0.17586950957775116,13.591617584228516,0.12028266489505768,24.982933044433594,2.512984275817871,3.329359292984009
2017,1,37.84983966208248,77.25857213424753,8270.8125,1414.0,0.9274099469184875,-0.0,32.04625701904297,21.002172470092773,1.364582896232605,7.599103927612305,14.099618911743164,0.08291623741388321,0.08291623741388321,0.0,326.9717102050781,0.13258959352970123,0.13258959352970123,0.01990288682281971,0.03504115715622902,5.522500038146973,0.18060745298862457,15.57008171081543,1.000758171081543,1.3108527660369873,0.051726944744586945,0.06843569129705429,496.464599609375,123.77989959716797,0.16258671879768372,0.19881223142147064,-0.055022042244672775,0.04053312540054321,52.588993072509766,0.15249010920524597,-2.844921350479126,0.25214752554893494,0.8120617866516113,0.059145282953977585,0.0741300955414772,9.939889907836914,356.5618896484375,0.19052480161190033,0.2774030566215515,0.08024601638317108,0.05741238221526146,33.49330139160156,0.16034485399723053,9.368162155151367,0.7605953216552734,1.6375648975372314,0.09638062119483948,0.10247410833835602,0.0,407.49462890625,0.27705201506614685,0.27705201506614685,0.16355055570602417,0.10325300693511963,4.856844902038574,0.08512015640735626,19.40450668334961,1.842756986618042,2.2661893367767334,0.11001355946063995,0.11001355946063995,0.0,447.57073974609375,0.47836118936538696,0.5794507265090942,0.1850106120109558,0.16333860158920288,21.440521240234375,0.10145873576402664,21.31289291381836,1.8785759210586548,2.6653389930725098
2017,1,38.18724646149358,77.04378615470515,8278.087,1325.0,2.534099578857422,68.54530334472656,31.45383071899414,22.925277709960938,1.3818542957305908,7.400000095367432,11.500677108764648,0.08158284425735474,0.08158284425735474,0.0,329.5706787109375,0.13074594736099243,0.13074594736099243,0.024332666769623756,0.0336933508515358,7.75979471206665,0.18690872192382812,15.693842887878418,1.021748423576355,1.3621630668640137,0.05134354904294014,0.07135533541440964,524.037109375,131.23995971679688,0.29994508624076843,0.31679925322532654,0.16457580029964447,0.06416276097297668,55.54570388793945,0.17402894794940948,-2.9984517097473145,0.2501276433467865,0.8027727007865906,0.06024327874183655,0.07507804781198502,9.035195350646973,356.05108642578125,0.2267998605966568,0.3524182140827179,0.13468095660209656,0.09116031229496002,39.592350006103516,0.17912082374095917,9.37880802154541,0.7568813562393188,1.6034681797027588,0.09621432423591614,0.10217751562595367,0.0,407.3291931152344,0.3166644275188446,0.3166644275188446,0.15995101630687714,0.11229054629802704,6.371852874755859,0.09771033376455307,19.39662742614746,1.846107840538025,2.2932074069976807,0.10952271521091461,0.10952271521091461,0.0,446.766357421875,0.2766133248806,0.2780522108078003,0.09455661475658417,0.08647453784942627,25.791479110717773,0.11655765771865845,21.27458953857422,1.8696131706237793,2.63250994682312
2017,1,37.14214911119325,80.23244472701376,8278.971,1322.0,1.4876267910003662,231.44027709960938,36.261112213134766,20.979114532470703,1.374859094619751,7.900000095367432,10.308004379272461,0.06944116204977036,0.06944116204977036,0.0,394.3988952636719,0.5597633719444275,0.5597633719444275,0.21269847452640533,0.12053101509809494,1.3881418704986572,0.07714727520942688,18.780899047851562,1.4912612438201904,1.8581748008728027,0.05345028266310692,0.058416713029146194,271.9046325683594,223.7209930419922,0.2345483899116516,0.25678935647010803,-0.028975557535886765,0.04085269197821617,17.8685302734375,0.05166187882423401,-0.36781400442123413,0.3627506196498871,0.93797367811203,0.06316230446100235,0.07396206259727478,0.0,529.8434448242188,0.09071708470582962,0.10637014359235764,0.037290651351213455,0.028003675863146782,20.240047454833984,0.05222497135400772,14.320093154907227,1.2411832809448242,2.2794406414031982,0.0823996290564537,0.08528865873813629,0.0,491.2638854980469,0.5925120711326599,0.5925120711326599,0.31094425916671753,0.18008194863796234,1.2874337434768677,0.02665131725370884,23.393518447875977,2.5351104736328125,3.041442632675171,0.0849100649356842,0.0849100649356842,0.0,537.7384033203125,0.3357263207435608,0.3357263207435608,0.15023870766162872,0.10374493896961212,11.038049697875977,0.03623932600021362,25.606592178344727,2.724388599395752,3.69502592086792
2017,1,39.356855290509266,75.85585487946085,8295.958,1329.0,0.0,-0.0,28.349689483642578,26.069334030151367,1.3899999856948853,7.900000095367432,10.466290473937988,0.09850462526082993,0.09850462526082993,0.16537950932979584,333.12530517578125,0.40930792689323425,0.5556107759475708,0.17903998494148254,0.1230587512254715,9.264668464660645,0.1735745072364807,15.85523509979248,1.209190011024475,1.5721850395202637,0.0445280522108078,0.06541028618812561,646.9580688476562,107.19628143310547,0.30228301882743835,0.36487117409706116,0.14483198523521423,0.07041238248348236,96.27983856201172,0.2510577142238617,-4.120319366455078,0.23553229868412018,0.8250455260276794,0.07999341934919357,0.09528234601020813,24.116044998168945,335.4471435546875,0.33299219608306885,0.4830981194972992,0.17111985385417938,0.1050213947892189,45.547855377197266,0.24593986570835114,8.41435432434082,0.6861515045166016,1.4135873317718506,0.11732210218906403,0.12292451411485672,0.5572220087051392,389.9879150390625,0.5715744495391846,0.5715744495391846,0.3487403988838196,0.22428353130817413,5.202832221984863,0.12930506467819214,18.54431915283203,1.7576661109924316,2.2147600650787354,0.1280701607465744,0.1280701607465744,0.0,444.1796875,0.17972694337368011,0.17972694337368011,0.09238266199827194,0.05213357135653496,21.383773803710938,0.13452789187431335,21.15141487121582,1.968983769416809,2.562319755554199
2017,1,39.36035568483622,76.54037148217533,8305.574,1227.0,2.207972526550293,32.890159606933594,21.653806686401367,24.056827545166016,1.4118889570236206,6.470930576324463,12.874917030334473,0.12187444418668747,0.12187444418668747,0.0,418.49725341796875,0.5405569076538086,0.7022470235824585,0.25347670912742615,0.16669361293315887,2.371323585510254,0.1590028554201126,19.92844009399414,1.6337066888809204,2.205723762512207,0.06392665207386017,0.07601956278085709,301.3067932128906,185.67579650878906,0.1792500615119934,0.3186003267765045,0.16410760581493378,0.05175229534506798,59.15470504760742,0.24330754578113556,-0.882679283618927,0.2742552161216736,1.0335372686386108,0.08975210785865784,0.10180513560771942,0.0,489.3008728027344,0.22107286751270294,0.29661425948143005,0.07702789455652237,0.06195198744535446,30.392412185668945,0.20180197060108185,13.224348068237305,0.9938303828239441,2.033902406692505,0.12422443926334381,0.13297180831432343,0.0,493.84014892578125,0.4491240680217743,0.4491240680217743,0.23472382128238678,0.15516389906406403,1.9270036220550537,0.13277873396873474,23.516197204589844,2.447845458984375,3.000833749771118,0.1512833535671234,0.1512833535671234,0.0,546.6986694335938,0.2034079134464264,0.2034079134464264,0.09484916180372238,0.060884878039360046,8.396710395812988,0.13808922469615936,26.03327178955078,2.7038702964782715,3.54353666305542
2017,1,38.01665909159295,77.4480259607053,8306.398,1291.0,2.994739055633545,51.76784133911133,32.17483901977539,23.16454315185547,1.3899999856948853,7.599999904632568,9.891257286071777,0.09241772443056107,0.09241772443056107,0.0,369.645263671875,0.14461550116539001,0.14461550116539001,0.005030576139688492,0.03822271153330803,2.115610122680664,0.17059960961341858,17.602155685424805,1.193198800086975,1.597662329673767,0.0563044473528862,0.07013440877199173,354.0873107910156,171.0169219970703,0.3524075448513031,0.3960823118686676,0.06221611425280571,0.07990483939647675,45.34388732910156,0.16085965931415558,-1.3974838256835938,0.2738831639289856,0.9052146077156067,0.0767681673169136,0.09194885939359665,1.592956781387329,446.7821350097656,0.3990356922149658,0.5042244791984558,0.23178808391094208,0.13799476623535156,25.289386749267578,0.1532076597213745,12.032139778137207,0.9393735527992249,1.9556406736373901,0.11025252938270569,0.1155150979757309,0.0,459.7898864746094,0.40991395711898804,0.40991395711898804,0.2684909999370575,0.145379900932312,1.7836960554122925,0.09406449645757675,21.894756317138672,2.180731773376465,2.6234185695648193,0.12076160311698914,0.12076160311698914,0.0,500.679931640625,0.4665892720222473,0.49484944343566895,0.12196996062994003,0.14977219700813293,12.439550399780273,0.10460516065359116,23.841901779174805,2.2392754554748535,3.108159303665161
2017,1,37.738268494624215,78.50687071955339,8318.425,1312.0,1.1726622581481934,90.0,31.980112075805664,27.494403839111328,1.3814016580581665,7.300000190734863,14.610490798950195,0.06707457453012466,0.06707457453012466,0.0,434.84185791015625,0.5620588064193726,0.6409927606582642,0.18604740500450134,0.17450915277004242,0.19362935423851013,0.026053523644804955,20.706754684448242,1.7368478775024414,2.18939208984375,0.04711568355560303,0.05303531140089035,260.069580078125,263.9661560058594,0.2352648824453354,0.31207576394081116,0.018848687410354614,0.060640040785074234,14.440072059631348,0.029295887798070908,0.029744772240519524,0.35636547207832336,0.9942673444747925,0.05450805276632309,0.06216025725007057,0.0,589.6423950195312,0.07679212838411331,0.08825398236513138,-0.043269284069538116,0.02388918772339821,10.031089782714844,0.02132784016430378,15.936281204223633,1.3682290315628052,2.4976885318756104,0.07357903569936752,0.07685574144124985,0.0,536.839111328125,0.19269941747188568,0.19269941747188568,0.012629247270524502,0.06523153185844421,0.12332524359226227,0.00626843236386776,25.563766479492188,2.8717916011810303,3.4208028316497803,0.07972130924463272,0.07972130924463272,0.0,579.3807983398438,0.2909160554409027,0.2909160554409027,0.08786924183368683,0.09849536418914795,5.5785346031188965,0.010770902968943119,27.589561462402344,3.0225353240966797,4.0443878173828125
2017,1,39.17710000884276,76.2916249890099,8320.399,1256.0,1.513499140739441,232.2172088623047,23.575183868408203,26.52616310119629,1.3829213380813599,6.599999904632568,15.3341646194458,0.10337305068969727,0.10337305068969727,0.12089034169912338,357.0322265625,0.5126644372940063,0.6860973834991455,0.25054997205734253,0.17654114961624146,7.658484935760498,0.1751198172569275,16.995777130126953,1.316184639930725,1.7514290809631348,0.05311603099107742,0.07194596529006958,527.94775390625,135.67327880859375,0.1593330353498459,0.24187202751636505,0.06908207386732101,0.04333041235804558,73.39458465576172,0.23670487105846405,-2.9944615364074707,0.24673089385032654,0.8865715265274048,0.07431714236736298,0.08821247518062592,17.62852668762207,386.5516662597656,0.1422790139913559,0.1691705584526062,0.074663445353508,0.040622737258672714,41.82600784301758,0.21825093030929565,9.970895767211914,0.7864475250244141,1.640914797782898,0.11173825711011887,0.11917922645807266,0.4073222577571869,422.80908203125,0.2418731302022934,0.2418731302022934,0.11758414655923843,0.07589957863092422,4.827322959899902,0.12704111635684967,20.114370346069336,1.9943290948867798,2.492360830307007,0.13268926739692688,0.13268926739692688,0.0,472.7311706542969,0.18291062116622925,0.18291062116622925,0.09298298507928848,0.05413856357336044,20.733970642089844,0.13920438289642334,22.51100730895996,2.1768996715545654,2.8880393505096436
2017,1,39.352003788563124,76.40104241065936,8321.453,1239.0,3.6687889099121094,40.766197204589844,21.422388076782227,26.223360061645508,1.3922816514968872,7.199999809265137,12.183616638183594,0.11758577078580856,0.11758577078580856,0.026296544820070267,403.0277099609375,0.5638905763626099,0.7388154864311218,0.29911571741104126,0.19320717453956604,3.6161770820617676,0.1645849645137787,19.19054412841797,1.5545023679733276,2.0879733562469482,0.06058154255151749,0.07430794835090637,359.9398193359375,170.3571014404297,0.24053683876991272,0.3591550290584564,0.10607162117958069,0.0778145119547844,65.62865447998047,0.2472722977399826,-1.4471962451934814,0.26698821783065796,1.0003044605255127,0.08737478405237198,0.09997773170471191,3.8346266746520996,460.4966125488281,0.24032418429851532,0.323140949010849,0.0719999223947525,0.06260606646537781,33.45958709716797,0.21291197836399078,12.342215538024902,0.9334622025489807,1.9191592931747437,0.1224684938788414,0.13072320818901062,0.08860234916210175,475.0259704589844,0.36620938777923584,0.36620938777923584,0.27803143858909607,0.12681204080581665,2.5589382648468018,0.13447311520576477,22.616065979003906,2.3194870948791504,2.8559775352478027,0.14700759947299957,0.14700759947299957,0.0,528.0153198242188,0.19899100065231323,0.19899100065231323,0.09469610452651978,0.05929083004593849,10.862860679626465,0.14010752737522125,25.143587112426758,2.5664288997650146,3.3643546104431152
2017,1,37.7118616981857,80.33323824722585,8324.824,1254.0,0.0,-0.0,34.722679138183594,23.69388198852539,1.3700000047683716,7.5305609703063965,10.832677841186523,0.07352206856012344,0.07352206856012344,0.0,444.10919189453125,0.4437953233718872,0.4437953233718872,0.17728060483932495,0.11973024159669876,0.6772099733352661,0.027841834351420403,21.148056030273438,1.8162848949432373,2.238948345184326,0.055105648934841156,0.05756355822086334,241.83314514160156,277.32281494140625,0.3199443817138672,0.3213220238685608,0.04155556857585907,0.08708827197551727,8.676911354064941,0.025598913431167603,0.27091342210769653,0.38791850209236145,0.9408804774284363,0.07379847764968872,0.08629202097654343,0.0,615.29296875,0.10322890430688858,0.11990182846784592,-0.07185264676809311,0.0308329239487648,12.847472190856934,0.024589259177446365,16.629539489746094,1.472770094871521,2.661295175552368,0.08714562654495239,0.0891047790646553,0.0,546.7395629882812,0.4710623323917389,0.5585228800773621,0.2728475034236908,0.1752530336380005,0.10030435025691986,0.009700494818389416,26.03521728515625,2.9803669452667236,3.507211446762085,0.08694621920585632,0.08694621920585632,0.0,596.1455688476562,0.31629449129104614,0.34463009238243103,0.09733118861913681,0.11176951974630356,5.003735542297363,0.012907908298075199,28.38788604736328,3.241727828979492,4.276057243347168
2017,1,39.369251591437845,76.53282222409184,8328.559,1225.0,5.131259441375732,291.13330078125,21.0532283782959,23.405790328979492,1.4027280807495117,6.725282192230225,15.95666790008545,0.12243761867284775,0.12243761867284775,0.0,419.6122741699219,0.4913947880268097,0.6281063556671143,0.2046574354171753,0.1579407900571823,2.266756772994995,0.15949910879135132,19.981536865234375,1.6411212682724,2.216243028640747,0.06417448073625565,0.07607683539390564,297.9382629394531,186.40382385253906,0.12121493369340897,0.22729237377643585,0.07746786624193192,0.03681958094239235,59.16584777832031,0.2447938323020935,-0.8514080047607422,0.27460309863090515,1.0376827716827393,0.09028392285108566,0.10229034721851349,0.0,491.0445251464844,0.1291191726922989,0.1371685266494751,0.037535157054662704,0.03384096175432205,30.176485061645508,0.20285768806934357,13.27147388458252,0.9970043301582336,2.0406150817871094,0.12467626482248306,0.13345199823379517,0.0,494.927734375,0.2655235230922699,0.2655235230922699,0.1314672827720642,0.08459096401929855,1.8583309650421143,0.13410326838493347,23.5679874420166,2.4555232524871826,3.0091261863708496,0.15185131132602692,0.15185131132602692,0.0,547.9882202148438,0.20406702160835266,0.20406702160835266,0.09500512480735779,0.06108811870217323,8.091707229614258,0.13918548822402954,26.094675064086914,2.714754104614258,3.5559630393981934
2017,1,37.3218999337587,79.74654540342188,8331.579,1318.0,4.770808696746826,345.8831787109375,38.47391128540039,16.06472396850586,1.3899999856948853,8.0,13.590669631958008,0.06976304203271866,0.06976304203271866,0.0,409.6159362792969,0.5507940649986267,0.6810705661773682,0.20467278361320496,0.16505762934684753,0.8212215304374695,0.0743679329752922,19.505521774291992,1.5624611377716064,1.9555593729019165,0.049691375344991684,0.05679447576403618,255.9174346923828,247.20025634765625,0.18877679109573364,0.21183624863624573,-0.041928473860025406,0.04882802441716194,14.691004753112793,0.05339864641427994,-0.0665433332324028,0.3671658933162689,0.931671142578125,0.0578891821205616,0.06764567643404007,0.0,560.4163818359375,0.08294777572154999,0.0972319021821022,0.02430577203631401,0.025823498144745827,14.654214859008789,0.05192068591713905,15.14638900756836,1.3189244270324707,2.373044729232788,0.07903887331485748,0.0822926014661789,0.0,512.216064453125,0.566474974155426,0.606313943862915,0.29176339507102966,0.17899654805660248,0.9140335917472839,0.02984566241502762,24.3912410736084,2.6996450424194336,3.2365002632141113,0.08403798192739487,0.08403798192739487,0.0,558.5880737304688,0.3751883804798126,0.43341001868247986,0.11607065051794052,0.11271936446428299,9.874045372009277,0.03860046714544296,26.599430084228516,2.8923604488372803,3.904010534286499
2017,1,40.681150335069,80.58871798298198,8338.663,1042.0,2.2207772731781006,213.39804077148438,18.674320220947266,27.47017478942871,1.3698006868362427,7.0,14.801331520080566,0.11321868747472763,0.11321868747472763,0.0,375.5368347167969,0.47621622681617737,0.6224154829978943,0.17529793083667755,0.12704195082187653,5.899899005889893,0.16885893046855927,17.882707595825195,1.2298223972320557,1.6648386716842651,0.05351022258400917,0.0721110850572586,417.056396484375,128.1293182373047,0.21222680807113647,0.28202953934669495,-0.06089916080236435,0.0392787903547287,28.04032325744629,0.21459047496318817,-2.205550193786621,0.2244231253862381,0.5570566654205322,0.05972452089190483,0.07274144887924194,5.339754581451416,429.2310485839844,0.13453330099582672,0.13453330099582672,-0.06170625984668732,0.03135615214705467,30.06987953186035,0.2027343064546585,11.456521034240723,0.8466747403144836,1.4065232276916504,0.10270839929580688,0.12058999389410019,0.0,445.1296691894531,0.402487576007843,0.43143653869628906,0.2113969475030899,0.14187243580818176,2.768932819366455,0.1634201556444168,21.196651458740234,2.047806978225708,2.6899466514587402,0.14926837384700775,0.14926837384700775,0.0,491.4253845214844,0.5007311105728149,0.5399762988090515,0.2770802974700928,0.1796240210533142,14.650015830993652,0.17334596812725067,23.401208877563477,2.0885260105133057,2.8457376956939697
2017,1,38.424943302248565,77.15643642461835,8342.389,1229.0,3.5471506118774414,270.0,31.990966796875,23.97979736328125,1.384053111076355,7.537800312042236,11.154289245605469,0.08979956805706024,0.08979956805706024,0.0,368.32275390625,0.5475739240646362,0.5475739240646362,0.2898661196231842,0.12924475967884064,5.320935249328613,0.18011964857578278,17.5391788482666,1.1999331712722778,1.6338555812835693,0.05547225475311279,0.0737069621682167,405.1819152832031,175.75747680664062,0.3197919726371765,0.32102301716804504,0.08064935356378555,0.06940965354442596,49.77606201171875,0.18754427134990692,-1.7513316869735718,0.26900050044059753,0.8835617303848267,0.07645708322525024,0.09138761460781097,1.629479169845581,436.456298828125,0.11295817792415619,0.1291121393442154,0.1007113978266716,0.031148817390203476,33.812686920166016,0.1780083328485489,11.752076148986816,0.916412353515625,1.8794875144958496,0.10864444822072983,0.11383775621652603,0.0,453.8504333496094,0.15121254324913025,0.15843449532985687,0.03071896918118,0.04376378282904625,4.065054416656494,0.10970230400562286,21.61192512512207,2.149528980255127,2.6198136806488037,0.11905702203512192,0.11905702203512192,0.0,493.8828430175781,0.4180546998977661,0.5060015320777893,0.13161899149417877,0.12974807620048523,18.918363571166992,0.12402771413326263,23.518230438232422,2.19041109085083,3.0201828479766846
2017,1,37.06264779851136,79.82146721932187,8343.503,1395.0,1.4866739511489868,308.5890197753906,38.38720703125,15.817825317382812,1.3839924335479736,8.0,9.601969718933105,0.06289004534482956,0.06289004534482956,0.0,373.7304992675781,0.48884645104408264,0.48884645104408264,0.11872132867574692,0.11804558336734772,1.546373724937439,0.10609050840139389,17.796689987182617,1.3521242141723633,1.7053900957107544,0.04770033061504364,0.056692469865083694,300.4381103515625,200.717529296875,0.23537437617778778,0.3033938407897949,0.013508986681699753,0.052193041890859604,21.113513946533203,0.06859908998012543,-0.7612256407737732,0.3445901572704315,0.8962534070014954,0.051130954176187515,0.058859772980213165,0.0,491.5314636230469,0.07519879937171936,0.08682151138782501,0.08954957127571106,0.023811304941773415,20.314388275146484,0.06896359473466873,13.284634590148926,1.1451650857925415,2.103278398513794,0.07065826654434204,0.07366392761468887,0.0,468.87921142578125,0.6352389454841614,0.6941694021224976,0.3491608202457428,0.2211235761642456,2.0144572257995605,0.03742942214012146,22.32758140563965,2.3646721839904785,2.86904239654541,0.07503223419189453,0.07503223419189453,0.0,514.2723999023438,0.3053314685821533,0.3053314685821533,0.08122000098228455,0.09235188364982605,14.387622833251953,0.05078904703259468,24.48916244506836,2.521138906478882,3.4550139904022217
2017,1,38.051694248569866,77.5148634263954,8345.28,1283.0,3.018702745437622,337.0567626953125,29.290266036987305,26.376420974731445,1.3747410774230957,7.389769077301025,11.395257949829102,0.09446592628955841,0.09446592628955841,0.0,381.17657470703125,0.14707215130329132,0.14707215130329132,1.1729036486940458E-4,0.038903139531612396,1.221737265586853,0.1666172593832016,18.15126609802246,1.2508087158203125,1.68159818649292,0.057520270347595215,0.07031221687793732,318.8532409667969,184.6204833984375,0.30270105600357056,0.39789658784866333,0.07441221177577972,0.08127988874912262,42.8836784362793,0.1611853986978531,-1.0246776342391968,0.28051432967185974,0.9296855330467224,0.0810774639248848,0.09609222412109375,0.0,471.4531555175781,0.5401242971420288,0.5475765466690063,0.2955247461795807,0.18561725318431854,22.78117561340332,0.14960575103759766,12.741976737976074,0.9923383593559265,2.0463263988494873,0.11316785961389542,0.1181974783539772,0.0,473.81573486328125,0.40631988644599915,0.40631988644599915,0.25695815682411194,0.1433076709508896,1.0321540832519531,0.09588270634412766,22.562654495239258,2.277357578277588,2.7258388996124268,0.12278220802545547,0.12278220802545547,0.0,515.0040893554688,0.5215086340904236,0.6157786250114441,0.18776433169841766,0.1523158997297287,10.041254043579102,0.10482805967330933,24.524005889892578,2.343810796737671,3.2356977462768555
2017,1,37.111425904935,80.1044373130725,8360.169,1341.0,2.1883766651153564,147.91270446777344,35.81025314331055,20.0975399017334,1.3700000047683716,7.916493892669678,11.213382720947266,0.06720507144927979,0.06720507144927979,0.0,387.4337158203125,0.3831283152103424,0.3831283152103424,0.1047445759177208,0.09981478750705719,1.4386959075927734,0.08661910146474838,18.4492244720459,1.4442402124404907,1.807676076889038,0.05158768966794014,0.0577905997633934,280.66778564453125,215.96560668945312,0.22381985187530518,0.2454805225133896,-0.01957741752266884,0.051974665373563766,19.004005432128906,0.05725426226854324,-0.4939098358154297,0.3569328784942627,0.9262996315956116,0.059004079550504684,0.06875587999820709,0.0,517.1753540039062,0.08531690388917923,0.0996432900428772,0.05457015335559845,0.02656359225511551,20.33260726928711,0.05768650770187378,13.97771167755127,1.2090046405792236,2.220740556716919,0.07848938554525375,0.08144349604845047,0.0,483.7472839355469,0.589444100856781,0.589444100856781,0.3294338881969452,0.22060556709766388,1.5173391103744507,0.030255287885665894,23.035585403442383,2.477240800857544,2.982786178588867,0.0816931203007698,0.0816931203007698,0.0,529.7949829101562,0.28745830059051514,0.28745830059051514,0.08923279494047165,0.08967965841293335,12.141181945800781,0.04109925031661987,25.22833251953125,2.654944896697998,3.614105224609375
2017,1,38.07406109945394,77.19416487863155,8378.517,1312.0,0.9274099469184875,-0.0,32.76833724975586,23.95258903503418,1.3899999856948853,7.4983649253845215,11.997970581054688,0.08502008020877838,0.08502008020877838,0.0,339.5623779296875,0.13530147075653076,0.13530147075653076,0.019144171848893166,0.03527600318193436,5.8638014793396,0.18303412199020386,16.16963768005371,1.065963864326477,1.4217500686645508,0.05323728546500206,0.07067970186471939,476.978759765625,141.62411499023438,0.23065051436424255,0.2796908915042877,0.08058909326791763,0.06041248142719269,51.96919631958008,0.16752980649471283,-2.5599591732025146,0.25682583451271057,0.8320256471633911,0.06507448852062225,0.07989180833101273,8.2440185546875,380.1709289550781,0.2957771420478821,0.4363352358341217,0.19800794124603271,0.10096172988414764,34.364707946777344,0.16960079967975616,10.052079200744629,0.8091437220573425,1.7072253227233887,0.10028156638145447,0.10610716789960861,0.0,420.8301696777344,0.4242653548717499,0.5181179046630859,0.31388059258461,0.15589244663715363,4.985770225524902,0.09665150195360184,20.039531707763672,1.9369248151779175,2.3772807121276855,0.11283786594867706,0.11283786594867706,0.0,460.90985107421875,0.40201953053474426,0.47259390354156494,0.1246822327375412,0.11949600279331207,21.441741943359375,0.1127731055021286,21.948087692260742,1.9733437299728394,2.768559217453003
2017,1,38.098853701311114,77.10469301599417,8384.8125,1344.0,2.531447172164917,111.47832489013672,32.438846588134766,21.62102508544922,1.3799999952316284,7.699999809265137,14.210067749023438,0.082358218729496,0.082358218729496,0.0,329.45721435546875,0.1318870484828949,0.1318870484828949,0.023629942908883095,0.03420598432421684,7.147242069244385,0.18657755851745605,15.688438415527344,1.021833896636963,1.3595877885818481,0.05196624621748924,0.07080534100532532,517.4777221679688,131.17909240722656,0.2249557226896286,0.24860696494579315,0.05220340937376022,0.05242913216352463,54.38646697998047,0.16953890025615692,-2.9488446712493896,0.2510150372982025,0.806969940662384,0.06082703173160553,0.07558143138885498,10.034421920776367,357.602783203125,0.31784752011299133,0.3606434166431427,0.17594560980796814,0.09550487250089645,37.631858825683594,0.1749502271413803,9.393739700317383,0.7635368704795837,1.620897650718689,0.09675918519496918,0.10276366770267487,0.0,407.82080078125,0.3265363276004791,0.3265363276004791,0.23015332221984863,0.11869796365499496,6.034536838531494,0.09663248062133789,19.4200382232666,1.8530961275100708,2.293405294418335,0.11003798246383667,0.11003798246383667,0.0,447.5577087402344,0.6183190941810608,0.665233314037323,0.2783610224723816,0.19727107882499695,24.532989501953125,0.11469417065382004,21.312273025512695,1.8813039064407349,2.651431083679199
2017,1,38.099932803766045,77.09741576307495,8428.584,1349.0,2.3558950424194336,90.0,32.45724105834961,21.440889358520508,1.3799999952316284,7.599999904632568,12.345288276672363,0.08212290704250336,0.08212290704250336,0.0,328.5454406738281,0.13158489763736725,0.13158489763736725,0.02401122823357582,0.034114181995391846,7.2541632652282715,0.18686288595199585,15.645020484924316,1.017798900604248,1.3538109064102173,0.05185087397694588,0.07080531865358353,520.985107421875,130.2118377685547,0.2336127609014511,0.2487117350101471,-0.005753600504249334,0.0542876236140728,54.59431457519531,0.16963794827461243,-2.983002185821533,0.25050225853919983,0.8047592639923096,0.06043947488069534,0.07518958300352097,10.191595077514648,355.5865478515625,0.23460105061531067,0.36498746275901794,0.11443528532981873,0.07986190170049667,37.90469741821289,0.17535848915576935,9.334999084472656,0.759452223777771,1.6132715940475464,0.09644288569688797,0.10246367752552032,0.0,406.6606140136719,0.29288750886917114,0.29288750886917114,0.19709613919258118,0.10458789765834808,6.122402667999268,0.09657368063926697,19.364791870117188,1.845571756362915,2.285801649093628,0.10978784412145615,0.10978784412145615,0.0,446.3682861328125,0.45036837458610535,0.46412134170532227,0.1593368500471115,0.15666945278644562,24.794353485107422,0.11480051279067993,21.255632400512695,1.8730800151824951,2.641047477722168
2017,1,41.44597534775603,85.88024402108513,8446.751,894.0,0.0,-0.0,38.64608383178711,13.917524337768555,1.399999976158142,8.100000381469727,13.031107902526855,0.0992872565984726,0.0992872565984726,0.0,430.0430603027344,0.562859058380127,0.562859058380127,0.2543952465057373,0.16710156202316284,14.792680740356445,0.047560449689626694,20.478240966796875,1.5902454853057861,2.2536909580230713,0.05276598408818245,0.05797320231795311,306.66351318359375,155.49301147460938,0.18906991183757782,0.3030613362789154,-0.04263526201248169,0.037169575691223145,26.126375198364258,0.07438305765390396,-1.1539732217788696,0.26528915762901306,0.6873095631599426,0.05844058096408844,0.06477219611406326,0.0,489.5373229980469,0.18221765756607056,0.18221765756607056,-0.009921494871377945,0.04823809862136841,21.26222038269043,0.05467739701271057,13.230738639831543,1.047410249710083,1.7333400249481201,0.08270535618066788,0.09291105717420578,0.0,491.16229248046875,0.3896520137786865,0.3896520137786865,0.17354744672775269,0.13648101687431335,1.8831039667129517,0.03644377738237381,23.388681411743164,2.349233627319336,3.147061824798584,0.10797511041164398,0.10797511041164398,0.0,564.9882202148438,0.5919061899185181,0.5919061899185181,0.40401676297187805,0.16373048722743988,10.860893249511719,0.04267994686961174,26.904199600219727,2.6920807361602783,3.8258063793182373
2017,1,38.01100049235612,77.50192757423935,8449.757,1293.0,1.1770156621932983,270.0,31.004379272460938,22.83650016784668,1.390397071838379,7.302881717681885,11.014949798583984,0.09395451843738556,0.09395451843738556,0.0,376.5405578613281,0.49791720509529114,0.49791720509529114,0.2410164177417755,0.19920746982097626,1.3200609683990479,0.16754208505153656,17.930503845214844,1.222800374031067,1.6385116577148438,0.05691498890519142,0.07001828402280807,326.8392333984375,177.7754669189453,0.33824360370635986,0.40288570523262024,0.10215995460748672,0.0873551294207573,43.897865295410156,0.15947440266609192,-1.1378912925720215,0.2777887284755707,0.9214398860931396,0.07929353415966034,0.09454662352800369,0.0,461.8951110839844,0.450817346572876,0.5989208221435547,0.2675241231918335,0.17144787311553955,23.385255813598633,0.14961032569408417,12.483651161193848,0.96888267993927,2.0110812187194824,0.1123621016740799,0.1174897700548172,0.0,468.6590576171875,0.43130698800086975,0.43130698800086975,0.28540730476379395,0.1555546075105667,1.0874618291854858,0.09337716549634933,22.31709861755371,2.236268997192383,2.6802761554718018,0.12240419536828995,0.12240419536828995,0.0,509.707275390625,0.5256974697113037,0.6563102006912231,0.1977376639842987,0.14725308120250702,10.50706958770752,0.10271745920181274,24.27177619934082,2.2995572090148926,3.184694766998291
2017,1,39.38730649160325,75.9639211934911,8454.81,1286.0,0.0,-0.0,31.257902145385742,26.12744140625,1.415105938911438,7.801031589508057,9.370192527770996,0.1037198081612587,0.1037198081612587,0.10858984291553497,353.9617004394531,0.38738587498664856,0.47213536500930786,0.16818316280841827,0.11807069182395935,7.499388694763184,0.16879716515541077,16.850147247314453,1.30632746219635,1.7113903760910034,0.0481240451335907,0.06709040701389313,561.2674560546875,123.01132202148438,0.23664918541908264,0.2832018733024597,0.04964371398091316,0.05044109374284744,90.20767211914062,0.25133660435676575,-3.3454666137695312,0.24513083696365356,0.8749841451644897,0.08334317058324814,0.09802281111478806,15.834837913513184,369.0916748046875,0.17460638284683228,0.2088291198015213,0.04189964383840561,0.04706505686044693,42.20709991455078,0.2393767535686493,9.54748249053955,0.7514019012451172,1.5431692600250244,0.11994420737028122,0.12606677412986755,0.36587756872177124,414.86199951171875,0.17815208435058594,0.17815208435058594,0.08694204688072205,0.05458895489573479,4.3391804695129395,0.12927329540252686,19.737911224365234,1.9074313640594482,2.3859975337982178,0.13328354060649872,0.13328354060649872,0.0,469.3201904296875,0.18529725074768066,0.18529725074768066,0.09301318228244781,0.05405823886394501,17.66808319091797,0.1329786330461502,22.348581314086914,2.1349456310272217,2.7784078121185303
2017,1,37.94982162590284,77.3898168555536,8465.782,1317.0,2.5269956588745117,111.51809692382812,32.2601203918457,23.095932006835938,1.3873554468154907,7.900000095367432,10.816737174987793,0.08903171867132187,0.08903171867132187,0.0,355.08343505859375,0.1402517855167389,0.1402517855167389,0.009457874111831188,0.03710861876606941,3.179281711578369,0.17275138199329376,16.908735275268555,1.1250789165496826,1.4936481714248657,0.054441262036561966,0.0693209171295166,399.6048583984375,153.84774780273438,0.3273075520992279,0.364326536655426,0.04825805500149727,0.07336559146642685,47.89986801147461,0.1565350592136383,-1.8760085105895996,0.26653459668159485,0.8735821843147278,0.07030583918094635,0.08551131933927536,3.8412749767303467,416.0523986816406,0.28667524456977844,0.30598434805870056,0.18017998337745667,0.11132282763719559,28.036039352416992,0.1543775498867035,11.140841484069824,0.876555323600769,1.8459736108779907,0.10533157736063004,0.11086767911911011,0.0,442.23577880859375,0.39367690682411194,0.39367690682411194,0.2503776252269745,0.14013278484344482,2.702143907546997,0.08911307901144028,21.058847427368164,2.0636346340179443,2.499558210372925,0.11696270853281021,0.11696270853281021,0.0,482.7867431640625,0.6144819259643555,0.7229140996932983,0.2472919374704361,0.18082328140735626,15.338705062866211,0.10156804323196411,22.989845275878906,2.1140780448913574,2.9560301303863525
2017,1,41.414717049371376,85.88266977205821,8480.074,893.0,1.5455209016799927,233.13226318359375,52.97336959838867,13.531976699829102,1.4193665981292725,8.20292854309082,13.726340293884277,0.09750817716121674,0.09750817716121674,0.0,430.98968505859375,0.5465393662452698,0.5465393662452698,0.24827292561531067,0.16024699807167053,14.622453689575195,0.04694310575723648,20.523317337036133,1.5988152027130127,2.2659316062927246,0.052424538880586624,0.057631589472293854,307.9241027832031,157.1663818359375,0.24375562369823456,0.3360307514667511,-0.008446557447314262,0.05125158652663231,25.509235382080078,0.07277360558509827,-1.150822401046753,0.2664943337440491,0.6942629814147949,0.05789061263203621,0.06403294205665588,0.0,492.2431640625,0.2743872106075287,0.2743872106075287,0.08047027885913849,0.07753068953752518,20.907756805419922,0.05365457013249397,13.303869247436523,1.057782530784607,1.74932062625885,0.08139200508594513,0.09131281822919846,0.0,492.60174560546875,0.12034225463867188,0.1406451314687729,-0.014508373104035854,0.031252045184373856,1.8514193296432495,0.035738226026296616,23.457225799560547,2.364919662475586,3.162825107574463,0.10591617971658707,0.10591617971658707,0.0,566.4454956054688,0.5073236227035522,0.5073236227035522,0.21186311542987823,0.1666591912508011,10.758289337158203,0.04204081743955612,26.973594665527344,2.71069073677063,3.85052752494812
2017,1,41.56617041665166,82.90394567734583,8482.781,1007.0,2.7802884578704834,180.0,28.999353408813477,20.914913177490234,1.41879403591156,8.101358413696289,16.74738883972168,0.12063346803188324,0.12063346803188324,0.5006952881813049,391.9099426269531,0.6976079940795898,0.6976079940795898,0.306796133518219,0.19968073070049286,5.390390396118164,0.09664733707904816,18.63853645324707,1.4077415466308594,1.9255889654159546,0.0611996091902256,0.07285171747207642,407.92803955078125,99.61289978027344,0.16680237650871277,0.2505989372730255,0.022129951044917107,0.03841608017683029,25.41578483581543,0.1351717710494995,-2.353550672531128,0.252765953540802,0.5417311191558838,0.06783110648393631,0.08398441225290298,6.260300159454346,434.86236572265625,0.5086196064949036,0.5086196064949036,0.20702800154685974,0.12689809501171112,23.354188919067383,0.11785759776830673,11.583840370178223,0.9017810821533203,1.589501142501831,0.10538510233163834,0.11796942353248596,0.0,462.6009521484375,0.6746306419372559,0.6746306419372559,0.4053340554237366,0.2911317050457001,2.1307790279388428,0.09286529570817947,22.028615951538086,2.20792818069458,2.8647515773773193,0.1426735818386078,0.1426735818386078,0.0,519.2665405273438,0.654056191444397,0.654056191444397,0.3612346053123474,0.24278023838996887,14.4987211227417,0.10862699896097183,24.72697639465332,2.379279375076294,3.319746732711792
2017,1,37.94416302666602,77.40221315648219,8484.188,1320.0,1.1759428977966309,90.0,31.983104705810547,22.216896057128906,1.3799999952316284,7.900000095367432,10.636473655700684,0.08930414915084839,0.08930414915084839,0.0,356.2914733886719,0.14057812094688416,0.14057812094688416,0.008730961941182613,0.037226177752017975,2.9985718727111816,0.1719520092010498,16.96626091003418,1.1296205520629883,1.499252200126648,0.05450103431940079,0.0692380741238594,393.8728942871094,154.78273010253906,0.30778661370277405,0.4288056194782257,0.08186830580234528,0.0735933855175972,47.640106201171875,0.15587261319160461,-1.82511568069458,0.267246276140213,0.8766077160835266,0.07067739963531494,0.08591803908348083,3.444641590118408,418.7608642578125,0.2527274787425995,0.2527274787425995,0.15726545453071594,0.10655433684587479,27.636829376220703,0.15337537229061127,11.224762916564941,0.8814408183097839,1.8558915853500366,0.10569465905427933,0.11120624840259552,0.0,443.8756103515625,0.34191685914993286,0.34191685914993286,0.19603630900382996,0.12002578377723694,2.5391407012939453,0.08855224400758743,21.136934280395508,2.0731000900268555,2.50899600982666,0.1172562912106514,0.1172562912106514,0.0,484.4481506347656,0.4749509394168854,0.49199536442756653,0.14410464465618134,0.14488495886325836,14.92233943939209,0.10075902193784714,23.068960189819336,2.1244046688079834,2.9696550369262695
2017,1,38.289926181451264,77.13595131437883,8485.707,1267.0,2.1983184814453125,212.49862670898438,33.0394287109375,22.971498489379883,1.3798459768295288,7.453737258911133,10.867813110351562,0.08667843788862228,0.08667843788862228,0.0,352.3919982910156,0.13722722232341766,0.13722722232341766,0.016824185848236084,0.03536590188741684,6.050248146057129,0.18232932686805725,16.78057098388672,1.1260498762130737,1.5193095207214355,0.05391274392604828,0.07244873046875,450.3023681640625,157.1123504638672,0.2050410658121109,0.20835638046264648,-1.5254467143677175E-4,0.04760289937257767,51.72510528564453,0.17975762486457825,-2.2380917072296143,0.26162874698638916,0.8521099090576172,0.06987596303224564,0.08476869016885757,4.837983131408691,404.1096496582031,0.132917582988739,0.132917582988739,0.10709375888109207,0.06071815639734268,35.409427642822266,0.17641319334506989,10.791126251220703,0.8529295325279236,1.7726341485977173,0.10369189083576202,0.10921317338943481,0.0,435.0700988769531,0.33741623163223267,0.33920565247535706,0.2274252027273178,0.1236744374036789,4.83502197265625,0.10370048880577087,20.71762466430664,2.0271997451782227,2.4852993488311768,0.11530008912086487,0.11530008912086487,0.0,474.9521179199219,0.4017835557460785,0.5181362628936768,0.16021397709846497,0.12270230054855347,21.191190719604492,0.11955489218235016,22.61676788330078,2.0626444816589355,2.868166208267212
2017,1,39.18060486227076,76.26791148960767,8488.496,1258.0,1.196347951889038,90.0,21.43471336364746,28.942169189453125,1.3813519477844238,6.800000190734863,12.781288146972656,0.1029258519411087,0.1029258519411087,0.13306842744350433,354.0682373046875,0.515383243560791,0.6761171221733093,0.2503248155117035,0.16730420291423798,7.901707172393799,0.17595699429512024,16.854055404663086,1.3050940036773682,1.7355221509933472,0.052647851407527924,0.07165013253688812,542.1793212890625,133.62649536132812,0.15642400085926056,0.28964558243751526,0.11856557428836823,0.04468778893351555,74.57129669189453,0.23751616477966309,-3.1187241077423096,0.24525946378707886,0.8799752593040466,0.07429887354373932,0.08827165514230728,19.40436553955078,382.0054626464844,0.2566976249217987,0.3189654052257538,0.09601734578609467,0.07371830195188522,42.186370849609375,0.21981850266456604,9.800029754638672,0.7780834436416626,1.6233079433441162,0.11175879836082458,0.11911383271217346,0.448354572057724,419.0475158691406,0.3478641211986542,0.3478641211986542,0.21551062166690826,0.12267128378152847,4.921051979064941,0.127883642911911,19.93329429626465,1.9738229513168335,2.4681050777435303,0.13224978744983673,0.13224978744983673,0.0,469.1231994628906,0.18249456584453583,0.18249456584453583,0.09292855858802795,0.05396715924143791,21.145471572875977,0.1400797814130783,22.339200973510742,2.1564223766326904,2.8589491844177246
2017,1,37.0720787972394,79.97238549447574,8498.054,1400.0,1.8543341159820557,-0.0,37.79281234741211,15.913996696472168,1.3814623355865479,7.900000095367432,10.357394218444824,0.06468736380338669,0.06468736380338669,0.0,378.8874206542969,0.2433716058731079,0.2433716058731079,-0.012864352203905582,0.06226750463247299,1.5232709646224976,0.09768655151128769,18.042259216308594,1.3880527019500732,1.7454506158828735,0.0495852455496788,0.05719279125332832,292.001220703125,206.16323852539062,0.3931320309638977,0.3931320309638977,0.0771356001496315,0.11845195293426514,20.392629623413086,0.06359606236219406,-0.6552518010139465,0.3499060571193695,0.9113664627075195,0.05462507903575897,0.06324958056211472,0.0,501.2979736328125,0.07970112562179565,0.09256190061569214,0.07495632767677307,0.025055408477783203,20.627382278442383,0.06402479112148285,13.54859447479248,1.169040560722351,2.1496853828430176,0.07417900115251541,0.07716874033212662,0.0,474.30108642578125,0.5833095908164978,0.6815145015716553,0.3331381380558014,0.20836924016475677,1.8064950704574585,0.03421134874224663,22.585765838623047,2.404913902282715,2.9083251953125,0.07800101488828659,0.07800101488828659,0.0,519.9236450195312,0.24109995365142822,0.24109995365142822,0.04758899658918381,0.0741439089179039,13.461275100708008,0.0465245395898819,24.758268356323242,2.5698204040527344,3.5134220123291016
2017,1,41.711697638631925,83.26156558183219,8502.641,1007.0,2.650465726852417,110.46807861328125,32.64915084838867,20.868934631347656,1.409999966621399,8.021211624145508,16.267662048339844,0.13130739331245422,0.13130739331245422,1.861386775970459,356.8576965332031,0.4300539791584015,0.5074810981750488,0.18745727837085724,0.12417691200971603,10.32540225982666,0.10185332596302032,16.904584884643555,1.304919958114624,1.8137948513031006,0.05504833161830902,0.06795862317085266,583.7929077148438,94.68033599853516,0.16757044196128845,0.22039148211479187,0.0055525824427604675,0.03832533210515976,30.716636657714844,0.1341608166694641,-3.7336838245391846,0.23373527824878693,0.5179021954536438,0.06690048426389694,0.08299100399017334,22.4610595703125,379.84979248046875,0.6364337205886841,0.6364337205886841,0.31797686219215393,0.20729564130306244,28.773881912231445,0.12172510474920273,9.659154891967773,0.8274266123771667,1.455772042274475,0.11503162235021591,0.13069851696491241,0.0,417.96490478515625,0.6422585844993591,0.6422585844993591,0.4180774688720703,0.2847079634666443,4.7111406326293945,0.10092441737651825,19.90308952331543,1.993220329284668,2.6203787326812744,0.16314110159873962,0.16314110159873962,0.0,478.48358154296875,0.22957640886306763,0.22957640886306763,0.13046130537986755,0.06638389825820923,22.746196746826172,0.11614491045475006,22.78493309020996,2.1614067554473877,3.0708017349243164
2017,1,38.115022401730904,77.20736827685081,8515.88,1312.0,0.0,-0.0,31.972087860107422,22.992338180541992,1.3892213106155396,7.400000095367432,10.63924503326416,0.08621560782194138,0.08621560782194138,0.0,345.3422546386719,0.13681180775165558,0.13681180775165558,0.017458058893680573,0.03562713786959648,5.538949966430664,0.18213340640068054,16.444869995117188,1.0926917791366577,1.4628210067749023,0.0538431853055954,0.07107549905776978,459.8313293457031,148.33853149414062,0.2947109341621399,0.31773748993873596,0.023152122274041176,0.0699540451169014,51.162296295166016,0.16988147795200348,-2.3778076171875,0.2595876455307007,0.843838095664978,0.06749404221773148,0.08232290297746658,7.134341716766357,392.0682067871094,0.28594493865966797,0.3824581503868103,0.18182474374771118,0.0944816991686821,33.607261657714844,0.16974152624607086,10.403617858886719,0.8327101469039917,1.747549295425415,0.10211987793445587,0.10782940685749054,0.0,427.7152099609375,0.35475102066993713,0.35475102066993713,0.2730259895324707,0.1351524293422699,4.668917179107666,0.09863453358411789,20.36739158630371,1.9819108247756958,2.4260811805725098,0.11424203217029572,0.11424203217029572,0.0,467.8728942871094,0.6225737929344177,0.670463502407074,0.2859797775745392,0.2030571550130844,20.49452781677246,0.11412713676691055,22.279661178588867,2.020705223083496,2.8254358768463135
2017,1,40.651506231265685,80.47768636675119,8518.219,1043.0,1.2223140001296997,90.0,22.875574111938477,25.662124633789062,1.3719711303710938,7.178049087524414,17.12221336364746,0.11282643675804138,0.11282643675804138,0.0,378.0639953613281,0.28889375925064087,0.3569832146167755,0.0844896212220192,0.06631917506456375,5.404580593109131,0.1777164340019226,18.003047943115234,1.225860595703125,1.653365135192871,0.05359024927020073,0.07175032049417496,396.1949768066406,129.82325744628906,0.23694615066051483,0.2815569043159485,0.027203163132071495,0.05309136584401131,27.852243423461914,0.22355970740318298,-2.033371925354004,0.22514209151268005,0.5649479627609253,0.059287577867507935,0.07173950225114822,4.912598609924316,433.3555908203125,0.21695861220359802,0.21695861220359802,0.04274634271860123,0.0568951778113842,29.431438446044922,0.2118760347366333,11.579540252685547,0.8400634527206421,1.3966807126998901,0.10152839124202728,0.11956427991390228,0.0,447.88873291015625,0.5858604907989502,0.8213172554969788,0.4006146788597107,0.2461344450712204,2.630758285522461,0.17126160860061646,21.328035354614258,2.0494465827941895,2.6979808807373047,0.148350790143013,0.148350790143013,0.0,493.4244689941406,0.5015861988067627,0.6230422854423523,0.27951082587242126,0.17386382818222046,14.044845581054688,0.18135425448417664,23.496402740478516,2.078687906265259,2.8359243869781494
2017,1,38.291540376032614,77.04944475394197,8520.986,1274.0,2.1983306407928467,327.5008850097656,28.264102935791016,22.434621810913086,1.3735562562942505,7.300000190734863,14.552196502685547,0.08338624984025955,0.08338624984025955,0.0,340.5605773925781,0.4449459910392761,0.44796934723854065,0.20226936042308807,0.1610981971025467,7.306972980499268,0.18414542078971863,16.21717071533203,1.069991946220398,1.4351757764816284,0.051945336163043976,0.07211291790008545,491.4085693359375,142.98263549804688,0.2588520646095276,0.29346606135368347,0.024994956329464912,0.06939898431301117,54.58149337768555,0.17896564304828644,-2.6597399711608887,0.2550504803657532,0.8235297799110413,0.0641552060842514,0.07913217693567276,5.948803424835205,377.98077392578125,0.09369399398565292,0.09369399398565292,0.06625766307115555,0.04179539531469345,38.92713928222656,0.17993059754371643,10.05491828918457,0.7970012426376343,1.6714621782302856,0.09928964078426361,0.10500635951757431,0.0,420.43426513671875,0.2598217725753784,0.2598217725753784,0.16561590135097504,0.09635748714208603,5.789538383483887,0.10011609643697739,20.020679473876953,1.9266828298568726,2.383657693862915,0.11184156686067581,0.11184156686067581,0.0,459.8358459472656,0.43986794352531433,0.45763319730758667,0.1858939379453659,0.1448766589164734,24.360639572143555,0.11803995817899704,21.896944046020508,1.9523940086364746,2.731318473815918
2017,1,37.0561776428828,80.03032259446317,8527.021,1400.0,2.5010290145874023,248.2468719482422,37.149723052978516,18.140043258666992,1.3863117694854736,8.0,13.552730560302734,0.06478402018547058,0.06478402018547058,0.0,378.1606750488281,0.5979426503181458,0.5979426503181458,0.244328573346138,0.15554803609848022,1.5616263151168823,0.09696833789348602,18.00765037536621,1.3854929208755493,1.7422354221343994,0.0500863641500473,0.05731603130698204,291.775634765625,204.83547973632812,0.3161446452140808,0.35072439908981323,0.012417706660926342,0.07488410919904709,20.609846115112305,0.06295918673276901,-0.6636652946472168,0.350268691778183,0.9151485562324524,0.05521436408162117,0.06397853046655655,0.0,500.00177001953125,0.0805014967918396,0.09359312802553177,0.07446087151765823,0.025296423584222794,21.13188934326172,0.06349083036184311,13.513561248779297,1.1652839183807373,2.146986722946167,0.07475779950618744,0.07774132490158081,0.0,473.1878967285156,0.6709739565849304,0.733656108379364,0.39868366718292236,0.25624367594718933,1.8045446872711182,0.03368561714887619,22.532756805419922,2.395420551300049,2.896348476409912,0.07840488851070404,0.07840488851070404,0.0,518.7822265625,0.3927328586578369,0.3927328586578369,0.17045116424560547,0.1269633024930954,13.4513521194458,0.04596351459622383,24.703916549682617,2.5603013038635254,3.5024023056030273
2017,1,41.70172708867642,83.26857082958715,8529.059,1002.0,2.231396198272705,146.1902313232422,31.00322723388672,18.554828643798828,1.4199999570846558,8.100000381469727,16.274568557739258,0.1315929889678955,0.1315929889678955,1.7786552906036377,359.87091064453125,0.49922025203704834,0.5311428308486938,0.1625208556652069,0.14231209456920624,9.961838722229004,0.09884428232908249,17.052011489868164,1.31790030002594,1.8306798934936523,0.05543626844882965,0.06819391995668411,571.4525146484375,96.08833312988281,0.22627098858356476,0.36526376008987427,0.05077516287565231,0.05652719363570213,30.337533950805664,0.13111612200737,-3.6287343502044678,0.23543831706047058,0.5216880440711975,0.06721240282058716,0.08316516876220703,21.449718475341797,384.62921142578125,0.4532492458820343,0.4532492458820343,0.18545813858509064,0.12112798541784286,28.36368179321289,0.1185726523399353,9.815661430358887,0.8363162875175476,1.470711588859558,0.11481226980686188,0.13045044243335724,0.0,421.4080810546875,0.5761527419090271,0.5761527419090271,0.3670963644981384,0.2335662543773651,4.540592193603516,0.09778521209955215,20.06705093383789,2.0122532844543457,2.644216537475586,0.1626153588294983,0.1626153588294983,0.0,481.7676086425781,0.22841820120811462,0.22841820120811462,0.12934136390686035,0.06606435030698776,22.253389358520508,0.11319543421268463,22.941314697265625,2.182061195373535,3.097931146621704
2017,1,37.134332307046556,80.16372552067911,8538.525,1337.0,3.9462857246398926,297.9897766113281,37.70536422729492,21.12934684753418,1.3700000047683716,7.952437400817871,12.228476524353027,0.0685020387172699,0.0685020387172699,0.0,391.8273010253906,0.3398679196834564,0.3398679196834564,0.11839095503091812,0.07800213992595673,1.395437479019165,0.08115223050117493,18.658443450927734,1.4731062650680542,1.8390393257141113,0.052548255771398544,0.05811532586812973,275.3564453125,221.02723693847656,0.11469808220863342,0.18993183970451355,-0.0040360200218856335,0.02705969102680683,18.263103485107422,0.054105792194604874,-0.41472679376602173,0.3603403568267822,0.9324638843536377,0.06127208471298218,0.07160079479217529,0.0,525.2028198242188,0.08824414759874344,0.10329204052686691,0.044363319873809814,0.027338530868291855,20.124303817749023,0.05457049235701561,14.194671630859375,1.2294667959213257,2.2567670345306396,0.08064069598913193,0.08356279134750366,0.0,488.6016540527344,0.47140175104141235,0.47140175104141235,0.20810344815254211,0.13782544434070587,1.3780357837677002,0.028272660449147224,23.26674461364746,2.514798641204834,3.0216052532196045,0.08350033313035965,0.08350033313035965,0.0,534.9016723632812,0.33871379494667053,0.33871379494667053,0.16036175191402435,0.10633490979671478,11.481616973876953,0.03837617486715317,25.471508026123047,2.6993203163146973,3.6659882068634033
2017,1,39.3563157392818,76.25497563745162,8540.501,1249.0,0.9274099469184875,-0.0,27.596975326538086,29.062097549438477,1.3929352760314941,7.099999904632568,13.74087905883789,0.11266838759183884,0.11266838759183884,0.0631650984287262,384.78936767578125,0.5201482772827148,0.7332150936126709,0.2506240904331207,0.18284641206264496,5.085392951965332,0.16690625250339508,18.320295333862305,1.464928150177002,1.9539501667022705,0.056367479264736176,0.07194188982248306,435.34637451171875,153.8369903564453,0.017160983756184578,0.15606366097927094,0.20284320414066315,0.01216028444468975,73.80071258544922,0.2485218495130539,-2.1489264965057373,0.25876063108444214,0.954636812210083,0.08560200035572052,0.09890928119421005,9.21088981628418,427.8194274902344,0.1412932127714157,0.16091853380203247,0.04430708661675453,0.035603418946266174,36.5921516418457,0.2217932790517807,11.31374454498291,0.8689106702804565,1.7868109941482544,0.12126033008098602,0.12881162762641907,0.21282553672790527,452.7666320800781,0.15745826065540314,0.15745826065540314,0.08014937490224838,0.04921437427401543,3.23895263671875,0.13329143822193146,21.550182342529297,2.172560691833496,2.688089609146118,0.14213088154792786,0.14213088154792786,0.0,506.1381530761719,0.19405612349510193,0.19405612349510193,0.0940997377038002,0.057443272322416306,13.559964179992676,0.13872091472148895,24.101816177368164,2.4109787940979004,3.1548094749450684
2017,1,38.03875839641381,77.25399263746564,8543.3,1300.0,2.5296525955200195,248.5056610107422,31.3109073638916,23.984577178955078,1.3552589416503906,7.559275150299072,24.80583953857422,0.08639590442180634,0.08639590442180634,0.0,344.53564453125,0.13704784214496613,0.13704784214496613,0.0163948405534029,0.0358855165541172,5.051529884338379,0.18044374883174896,16.40645980834961,1.0862884521484375,1.448212742805481,0.05379978194832802,0.07036885619163513,453.8227844238281,146.1307830810547,0.14111968874931335,0.15374621748924255,0.022338276728987694,0.027451157569885254,50.603981018066406,0.16477636992931366,-2.3487939834594727,0.25990983843803406,0.8453084826469421,0.06701017916202545,0.0818994864821434,7.181834697723389,391.65802001953125,0.2755497694015503,0.37234991788864136,0.20039699971675873,0.1040128618478775,32.342342376708984,0.16538195312023163,10.39124870300293,0.8318475484848022,1.7525385618209839,0.10201189666986465,0.10775082558393478,0.0,427.5333557128906,0.4569261968135834,0.5831193923950195,0.3267333209514618,0.1739528477191925,4.322903633117676,0.09528880566358566,20.358732223510742,1.978613018989563,2.417574644088745,0.11423982679843903,0.11423982679843903,0.0,467.8021240234375,0.3471079170703888,0.3844216763973236,0.10558533668518066,0.10934765636920929,19.567249298095703,0.11026177555322647,22.27629280090332,2.019777774810791,2.8294472694396973
2017,1,39.45791635678456,76.66433895056217,8553.862,1212.0,3.0324881076812744,52.32862854003906,16.60453224182129,24.34392738342285,1.3632659912109375,7.199999809265137,13.389442443847656,0.12855061888694763,0.12855061888694763,0.0,435.55169677734375,0.6109926104545593,0.7620041370391846,0.2919355630874634,0.21025055646896362,0.9823610782623291,0.14409245550632477,20.740556716918945,1.744382619857788,2.3649747371673584,0.06703561544418335,0.07674267143011093,260.27923583984375,205.10671997070312,0.07207708805799484,0.3924019932746887,0.23330342769622803,0.04638775438070297,55.56019973754883,0.23702804744243622,-0.42116421461105347,0.28207430243492126,1.0594677925109863,0.09661709517240524,0.10812854021787643,0.0,523.1141357421875,0.4013417959213257,0.6119460463523865,0.23609867691993713,0.1379081904888153,25.719188690185547,0.1850620061159134,14.13822078704834,1.0736875534057617,2.1614437103271484,0.12991945445537567,0.13893821835517883,0.0,512.8856201171875,0.7260659337043762,0.7333213686943054,0.4835512936115265,0.3212089240550995,0.9656935930252075,0.12804937362670898,24.423124313354492,2.5965750217437744,3.1623973846435547,0.15802952647209167,0.15802952647209167,0.0,567.2919921875,0.21111151576042175,0.21111151576042175,0.09557069838047028,0.06328829377889633,4.618434429168701,0.13062715530395508,27.013904571533203,2.8825247287750244,3.747417688369751
2017,1,38.212311068514985,77.21949703171619,8565.376,1274.0,1.1802644729614258,90.0,34.34047317504883,21.80561065673828,1.3607033491134644,7.599999904632568,9.94184684753418,0.08844339847564697,0.08844339847564697,0.0,356.45294189453125,0.13963426649570465,0.13963426649570465,0.014633548445999622,0.03622700273990631,5.0638556480407715,0.18103083968162537,16.973949432373047,1.145073413848877,1.5448423624038696,0.055036336183547974,0.0720335841178894,429.4194641113281,161.70733642578125,0.26113611459732056,0.2805076837539673,0.0476929172873497,0.06343897432088852,49.77234649658203,0.17581671476364136,-2.0436041355133057,0.26470643281936646,0.8657257556915283,0.07224072515964508,0.08706400543451309,5.106390953063965,414.6105041503906,0.3653149902820587,0.37753161787986755,0.196253702044487,0.11842279136180878,32.5094108581543,0.1712883859872818,11.067678451538086,0.87762451171875,1.8224883079528809,0.10563983023166656,0.11112415045499802,0.0,440.7129821777344,0.364204466342926,0.364204466342926,0.25729456543922424,0.12017723172903061,4.176719665527344,0.10347907990217209,20.986331939697266,2.067852258682251,2.5205793380737305,0.11690858006477356,0.11690858006477356,0.0,480.99725341796875,0.38845884799957275,0.4570915102958679,0.15776747465133667,0.10718189924955368,18.967586517333984,0.11792656034231186,22.904630661010742,2.110565185546875,2.9318394660949707
2017,1,37.86439416792093,77.34319249493878,8574.198,1374.0,1.4964815378189087,51.710140228271484,36.19571304321289,19.494892120361328,1.3715660572052002,8.0,11.506331443786621,0.08577173948287964,0.08577173948287964,0.0,340.3746032714844,0.5717005133628845,0.5717005133628845,0.20815764367580414,0.1956467479467392,4.130656719207764,0.17486180365085602,16.208314895629883,1.056406021118164,1.3882629871368408,0.05268750712275505,0.06839220225811005,444.22125244140625,136.52488708496094,0.2739041745662689,0.29842379689216614,-0.028066402301192284,0.06228397414088249,50.24665069580078,0.15128739178180695,-2.3488271236419678,0.2592994272708893,0.8425137996673584,0.06390661001205444,0.07912066578865051,6.310510158538818,385.36859130859375,0.2824013829231262,0.38539788126945496,0.1646207571029663,0.08715024590492249,30.416385650634766,0.15473388135433197,10.244812965393066,0.8145332932472229,1.7388427257537842,0.10047789663076401,0.10629812628030777,0.0,424.62811279296875,0.3568665385246277,0.3568665385246277,0.22456978261470795,0.12070580571889877,3.561964273452759,0.08391416072845459,20.220386505126953,1.946936011314392,2.3746883869171143,0.1132345050573349,0.1132345050573349,0.0,464.89703369140625,0.5579388737678528,0.6388727426528931,0.18958218395709991,0.16948671638965607,18.01309585571289,0.0981438085436821,22.13795280456543,1.9901469945907593,2.806370735168457
2017,1,41.71654914057807,83.2715361317877,8579.774,1004.0,1.5501561164855957,306.7392883300781,32.88785171508789,20.305084228515625,1.4199999570846558,8.019360542297363,15.926764488220215,0.13160309195518494,0.13160309195518494,1.9114776849746704,355.59033203125,0.4123483896255493,0.4284827411174774,0.15225419402122498,0.1201477125287056,10.496235847473145,0.10240509361028671,16.84185028076172,1.3007299900054932,1.8089419603347778,0.05484513193368912,0.06782476603984833,589.9161987304688,94.39115905761719,0.17162258923053741,0.2383294254541397,-0.007305152248591185,0.04165571555495262,30.887338638305664,0.13450470566749573,-3.7826337814331055,0.23303000628948212,0.5168333053588867,0.06689572334289551,0.08303157240152359,23.045589447021484,377.87359619140625,0.3174472451210022,0.3174472451210022,0.08469600975513458,0.08956606686115265,28.953859329223633,0.12224602699279785,9.589946746826172,0.824456512928009,1.4505434036254883,0.11536324769258499,0.13111662864685059,0.0,416.3959655761719,0.41581547260284424,0.41581547260284424,0.20707567036151886,0.15354256331920624,4.796606063842773,0.10157818347215652,19.828378677368164,1.9854636192321777,2.6112797260284424,0.1637597680091858,0.1637597680091858,0.0,477.02685546875,0.3680642247200012,0.3680642247200012,0.2157462239265442,0.06923063099384308,23.013296127319336,0.11675076186656952,22.715564727783203,2.1532950401306152,3.061044692993164
2017,1,41.70792523914071,83.08342895384808,8584.705,1051.0,3.044369697570801,155.9391632080078,31.006982803344727,19.52927017211914,1.4281138181686401,8.100000381469727,11.654900550842285,0.12554451823234558,0.12554451823234558,1.700169563293457,355.28045654296875,0.4047367572784424,0.4755696952342987,0.12683416903018951,0.09606575965881348,10.272113800048828,0.11316131055355072,16.837156295776367,1.2808951139450073,1.7744472026824951,0.05539058521389961,0.06832282245159149,577.6439208984375,89.83163452148438,0.15064659714698792,0.22935326397418976,0.011679421178996563,0.030457841232419014,30.754655838012695,0.1484815925359726,-3.723757743835449,0.23268821835517883,0.5088102221488953,0.06505647301673889,0.08140986412763596,20.85718536376953,376.8979187011719,0.189834326505661,0.189834326505661,9.154208237305284E-4,0.051870860159397125,28.881479263305664,0.1343379020690918,9.622722625732422,0.8123401403427124,1.433633804321289,0.11193106323480606,0.1266046017408371,0.0,417.8008728027344,0.3199745714664459,0.3199745714664459,0.15338605642318726,0.09326022118330002,4.612795352935791,0.11166690289974213,19.895278930664062,1.9799296855926514,2.5953550338745117,0.15803341567516327,0.15803341567516327,0.0,477.7840576171875,0.22156061232089996,0.22156061232089996,0.12557239830493927,0.06471681594848633,22.18817901611328,0.12634767591953278,22.751623153686523,2.1427717208862305,3.0340936183929443
2017,1,38.45162210385132,77.22246233391672,8586.208,1226.0,2.199737548828125,327.443359375,37.651309967041016,24.3436279296875,1.3899999856948853,7.821643829345703,11.74592113494873,0.09298838675022125,0.09298838675022125,0.0,379.9605712890625,0.7105239033699036,0.7105239033699036,0.317727655172348,0.21418136358261108,4.307250499725342,0.17951613664627075,18.093360900878906,1.257086992263794,1.7223814725875854,0.057531893253326416,0.07436107844114304,368.94805908203125,190.56002807617188,0.21402113139629364,0.24779196083545685,-0.07234418392181396,0.04466348513960838,47.15110778808594,0.1905849725008011,-1.3617407083511353,0.27520447969436646,0.9105662703514099,0.08233862370252609,0.0971236303448677,0.847663164138794,461.7159423828125,0.12062547355890274,0.13616159558296204,0.07981818169355392,0.03277992829680443,30.832460403442383,0.176571786403656,12.455899238586426,0.9714499115943909,1.9759912490844727,0.1130111813545227,0.1180124506354332,0.0,467.85430908203125,0.42639222741127014,0.42639222741127014,0.2705526351928711,0.15345199406147003,3.3156180381774902,0.11511938273906708,22.278778076171875,2.248220920562744,2.721254825592041,0.12245473265647888,0.12245473265647888,0.0,508.346923828125,0.7150718569755554,0.7503237128257751,0.3512750566005707,0.2678123116493225,16.232046127319336,0.12764056026935577,24.20699691772461,2.2979373931884766,3.15128755569458
2017,1,38.14951800748036,77.22219032875246,8591.531,1296.0,3.6528308391571045,75.31136322021484,30.234981536865234,23.420011520385742,1.3852694034576416,7.5,11.499271392822266,0.08737914264202118,0.08737914264202118,0.0,350.76702880859375,0.13829222321510315,0.13829222321510315,0.01587071642279625,0.03598087653517723,5.210927963256836,0.18132664263248444,16.70319175720215,1.11790931224823,1.501552939414978,0.05445278435945511,0.07143300771713257,443.56378173828125,154.68844604492188,0.28115811944007874,0.3308030962944031,8.588146883994341E-4,0.0574156828224659,50.34945297241211,0.17195501923561096,-2.205155372619629,0.2622184753417969,0.8551139831542969,0.06981202960014343,0.08464426547288895,6.161706447601318,403.31097412109375,0.25622427463531494,0.31845006346702576,0.12961286306381226,0.08150748163461685,32.81129837036133,0.16974349319934845,10.733763694763184,0.8552207350730896,1.7862492799758911,0.1038789302110672,0.10948167741298676,0.0,434.1924743652344,0.35015439987182617,0.35015439987182617,0.2694324553012848,0.12158159911632538,4.361915588378906,0.10053102672100067,20.675832748413086,2.0245561599731445,2.4720184803009033,0.11558952927589417,0.11558952927589417,0.0,474.4393005371094,0.7155581712722778,0.746683657169342,0.35349035263061523,0.2804734706878662,19.556428909301758,0.11540073901414871,22.592348098754883,2.065804958343506,2.8797473907470703
2017,1,41.69525693304787,83.17775231843162,8592.376,1022.0,1.549820899963379,126.7485580444336,34.92633056640625,21.02371597290039,1.4121029376983643,8.108112335205078,21.002897262573242,0.12868496775627136,0.12868496775627136,1.6580584049224854,360.4255676269531,0.43844521045684814,0.5978884696960449,0.17683318257331848,0.12453778833150864,9.764239311218262,0.10354751348495483,17.08416748046875,1.3110853433609009,1.8175053596496582,0.055801525712013245,0.0685153380036354,562.511474609375,94.1521987915039,0.17377664148807526,0.28231674432754517,-0.00800110213458538,0.041329193860292435,30.172155380249023,0.13737328350543976,-3.5752618312835693,0.23566094040870667,0.5185793042182922,0.06641678512096405,0.08247144520282745,20.15821647644043,385.2835693359375,0.5143869519233704,0.5143869519233704,0.23013538122177124,0.16012009978294373,28.22315216064453,0.12389673292636871,9.868252754211426,0.8323818445205688,1.4658123254776,0.1130966991186142,0.1281924992799759,0.0,422.91705322265625,0.5551413297653198,0.5551413297653198,0.3223307728767395,0.22236268222332,4.407366752624512,0.10213568806648254,20.138906478881836,2.0140373706817627,2.6419506072998047,0.159658744931221,0.159658744931221,0.0,482.91064453125,0.2236383706331253,0.2236383706331253,0.1260119378566742,0.0650172084569931,21.721569061279297,0.11733584105968475,22.995744705200195,2.1816723346710205,3.090818405151367
2017,1,38.189944217630895,77.12786696416893,8599.51,1307.0,1.5005888938903809,128.16610717773438,31.833520889282227,22.127578735351562,1.3886640071868896,7.577730655670166,10.470443725585938,0.08469151705503464,0.08469151705503464,0.0,341.5526428222656,0.134776771068573,0.134776771068573,0.01987890899181366,0.03486267849802971,6.4962005615234375,0.18412405252456665,16.26441192626953,1.0765036344528198,1.4427794218063354,0.05300973355770111,0.07158753275871277,480.9625244140625,144.7128143310547,0.2610746920108795,0.29343101382255554,0.03848119452595711,0.05795421823859215,52.88395690917969,0.17429932951927185,-2.566791534423828,0.25671112537384033,0.831216037273407,0.0655948668718338,0.08042772114276886,7.300590515136719,382.3063049316406,0.19767092168331146,0.300859659910202,0.13268184661865234,0.06695573031902313,36.26585006713867,0.17514801025390625,10.135290145874023,0.811094343662262,1.7024794816970825,0.10044348984956741,0.10619539767503738,0.0,422.2922668457031,0.3024667799472809,0.3024667799472809,0.20390260219573975,0.1078580692410469,5.350945949554443,0.09999117255210876,20.109155654907227,1.9454063177108765,2.3944363594055176,0.11284563690423965,0.11284563690423965,0.0,462.1253967285156,0.49928900599479675,0.5913107395172119,0.2269585132598877,0.16055485606193542,22.625499725341797,0.1168043240904808,22.005971908569336,1.9778294563293457,2.7674787044525146
2017,1,39.304032779430145,77.78759096502624,8616.967,1156.0,2.568700075149536,68.84869384765625,14.428509712219238,32.8505973815918,1.402441143989563,7.247745990753174,10.698603630065918,0.11858338862657547,0.11858338862657547,0.0,451.19769287109375,0.5434530973434448,0.5434530973434448,0.2786458134651184,0.16921298205852509,0.24446378648281097,0.058621667325496674,21.485605239868164,1.8326137065887451,2.4932804107666016,0.06685937941074371,0.07456839829683304,267.1081237792969,252.60328674316406,0.17585259675979614,0.2165982723236084,0.011406728066504002,0.03148706257343292,34.66724395751953,0.12463941425085068,-0.11072390526533127,0.30569127202033997,0.938196063041687,0.09058409184217453,0.10164039582014084,0.0,586.2977905273438,0.12874552607536316,0.13822071254253387,0.00504404678940773,0.03423641622066498,14.616242408752441,0.06448536366224289,15.84588623046875,1.290802240371704,2.4448952674865723,0.12139184772968292,0.1305597722530365,0.0,541.86767578125,0.3354616165161133,0.34758883714675903,0.1850975751876831,0.11519064754247665,0.2884795367717743,0.04477347433567047,25.803224563598633,2.8732292652130127,3.4529025554656982,0.1476266235113144,0.1476266235113144,0.0,592.1395263671875,0.4021341800689697,0.43058153986930847,0.20178033411502838,0.13247695565223694,3.4552814960479736,0.04678945988416672,28.197118759155273,3.1189005374908447,4.02892541885376
2017,1,37.19389251981743,79.77403576141637,8622.513,1335.0,1.4882487058639526,128.54063415527344,36.87532043457031,17.82627296447754,1.3899320363998413,7.915050983428955,14.68982219696045,0.06628596037626266,0.06628596037626266,0.0,391.5386962890625,0.6039676070213318,0.6039676070213318,0.26883575320243835,0.17438019812107086,1.184997797012329,0.09060661494731903,18.64470100402832,1.456369400024414,1.82895028591156,0.04859991744160652,0.05674684792757034,278.79901123046875,223.82827758789062,0.39654624462127686,0.40235623717308044,0.0809021145105362,0.10426799207925797,17.9005126953125,0.06120412424206734,-0.4196239709854126,0.35558629035949707,0.9124106764793396,0.05444543808698654,0.06316576898097992,0.0,525.610595703125,0.07900557667016983,0.09190557897090912,0.05749994143843651,0.02478957735002041,17.43660545349121,0.06067192927002907,14.205692291259766,1.2313499450683594,2.236588954925537,0.07471708953380585,0.07783597707748413,0.0,490.4005432128906,0.6093063354492188,0.6811901330947876,0.3505510091781616,0.20250971615314484,1.4768856763839722,0.03375133499503136,23.352407455444336,2.531367778778076,3.052107334136963,0.07939371466636658,0.07939371466636658,0.0,536.3046264648438,0.12011986970901489,0.12011986970901489,0.06916946172714233,0.03796454519033432,12.168813705444336,0.04484574496746063,25.538314819335938,2.7059459686279297,3.6780548095703125
2017,1,37.108732607898716,80.13488851416648,8638.431,1340.0,2.3247478008270264,270.0,35.49140930175781,19.96954345703125,1.3700000047683716,7.900000095367432,10.386678695678711,0.06743238121271133,0.06743238121271133,0.0,387.80279541015625,0.5304182767868042,0.5304182767868042,0.176944762468338,0.14666329324245453,1.4469269514083862,0.08555036038160324,18.466800689697266,1.4475064277648926,1.8110404014587402,0.05191701278090477,0.05788569152355194,279.8185119628906,216.20510864257812,0.2394554316997528,0.30514657497406006,0.006327217910438776,0.06545574963092804,18.97687530517578,0.05655337870121002,-0.48559853434562683,0.3575645685195923,0.9285938143730164,0.05956169217824936,0.0694512203335762,0.0,517.8573608398438,0.0860523208975792,0.1005713939666748,0.05289153382182121,0.026768997311592102,20.491931915283203,0.057030487805604935,13.996145248413086,1.210579514503479,2.224990129470825,0.07902325689792633,0.08196986466646194,0.0,484.037109375,0.5835675597190857,0.5835675597190857,0.33021318912506104,0.2152441143989563,1.4964383840560913,0.02976592630147934,23.049386978149414,2.479161024093628,2.9839529991149902,0.08210912346839905,0.08210912346839905,0.0,530.1122436523438,0.3085715174674988,0.3085715174674988,0.09996266663074493,0.09494418650865555,12.041152000427246,0.04048820212483406,25.243440628051758,2.6578643321990967,3.6175413131713867
2017,1,37.15966446013118,79.86566136986258,8660.74,1341.0,2.503978967666626,248.27383422851562,38.23041915893555,15.305355072021484,1.3880268335342407,8.0,9.094207763671875,0.06621554493904114,0.06621554493904114,0.0,388.5888366699219,0.601228654384613,0.601228654384613,0.28774493932724,0.1772959679365158,1.2940889596939087,0.0912083312869072,18.504230499267578,1.4425065517425537,1.8099637031555176,0.049304936081171036,0.0570581816136837,281.97344970703125,219.291748046875,0.26540639996528625,0.3932330906391144,0.05141958221793175,0.06978912651538849,18.51156234741211,0.06090813875198364,-0.47848621010780334,0.35468748211860657,0.9133700728416443,0.05544355884194374,0.06435965746641159,0.0,519.6710815429688,0.08048118650913239,0.09363441914319992,0.06009945273399353,0.025202378630638123,18.50189971923828,0.06077147275209427,14.045164108276367,1.2162821292877197,2.2183122634887695,0.07533801347017288,0.07838528603315353,0.0,486.3469543457031,0.6326878070831299,0.6326878070831299,0.3730485439300537,0.24766944348812103,1.5507678985595703,0.03315931558609009,23.159379959106445,2.4995927810668945,3.0144903659820557,0.07953601330518723,0.07953601330518723,0.0,532.2735595703125,0.388462632894516,0.47404035925865173,0.16993474960327148,0.1304827481508255,12.399320602416992,0.0444207601249218,25.346359252929688,2.673496723175049,3.63761830329895
2017,1,40.9603480293284,80.60380758094685,8668.443,1069.0,3.07517409324646,232.94131469726562,24.945533752441406,30.616281509399414,1.387410044670105,7.676319599151611,13.482848167419434,0.11771374940872192,0.11771374940872192,0.0,312.0143127441406,0.6156416535377502,0.7062007188796997,0.32074445486068726,0.2178836464881897,10.812553405761719,0.1828034371137619,14.857824325561523,1.001500129699707,1.3652218580245972,0.05529708042740822,0.07582440227270126,646.686767578125,84.7326431274414,0.2585985064506531,0.37150681018829346,0.058399662375450134,0.05876399576663971,40.118465423583984,0.2393168956041336,-4.289726257324219,0.20226310193538666,0.4746650457382202,0.06592268496751785,0.08435601741075516,13.338906288146973,312.6653137207031,0.16645239293575287,0.16645239293575287,-0.027323387563228607,0.04169011488556862,50.567569732666016,0.2321571260690689,8.089902877807617,0.6630462408065796,1.1052594184875488,0.11496512591838837,0.1305852234363556,0.0,368.7677917480469,0.2857109308242798,0.2879023551940918,0.15038160979747772,0.09590370208024979,5.021766185760498,0.17876356840133667,17.56037139892578,1.6288886070251465,2.1496353149414062,0.15630412101745605,0.15630412101745605,0.0,418.77392578125,0.4802587926387787,0.5386679172515869,0.2785206735134125,0.1875089555978775,25.436973571777344,0.18996290862560272,19.941614151000977,1.6644495725631714,2.2894887924194336
2017,1,41.60228467608353,83.08288940262061,8674.133,996.0,2.230332136154175,146.23110961914062,34.166019439697266,22.335481643676758,1.4199999570846558,8.081652641296387,12.528682708740234,0.12617681920528412,0.12617681920528412,0.8367190361022949,385.3220520019531,0.29127636551856995,0.29127636551856995,0.009495237842202187,0.07813165336847305,6.51420783996582,0.089086152613163,18.30882453918457,1.4015439748764038,1.9275263547897339,0.059578537940979004,0.07121559977531433,449.3062744140625,101.7966537475586,0.1580534279346466,0.23232558369636536,0.05935022234916687,0.038450825959444046,26.72673988342285,0.12491825968027115,-2.652745246887207,0.24945808947086334,0.5428136587142944,0.06806565821170807,0.08356929570436478,10.265172958374023,424.572998046875,0.42987769842147827,0.42987769842147827,0.21294350922107697,0.11205363273620605,24.606006622314453,0.10929576307535172,11.197508811950684,0.89570552110672,1.575287103652954,0.10882291197776794,0.12272391468286514,0.0,452.9630126953125,0.4134518802165985,0.4134518802165985,0.21810318529605865,0.14424574375152588,2.7899346351623535,0.08613476157188416,21.56966781616211,2.1689765453338623,2.8274457454681396,0.15031711757183075,0.15031711757183075,0.0,510.9422912597656,0.3730393350124359,0.3730393350124359,0.15516723692417145,0.1074683666229248,16.771957397460938,0.10231935232877731,24.330585479736328,2.34451961517334,3.2917227745056152
2017,1,37.09768295548828,80.23541002921431,8677.696,1336.0,0.0,-0.0,34.882537841796875,21.39573097229004,1.3700000047683716,7.900000095367432,11.856881141662598,0.06811442226171494,0.06811442226171494,0.0,388.7898864746094,0.3514365553855896,0.3514365553855896,0.06304992735385895,0.09087817370891571,1.476385235786438,0.08222980797290802,18.513803482055664,1.456781268119812,1.820713996887207,0.052978843450546265,0.058177053928375244,277.11602783203125,216.72030639648438,0.15826751291751862,0.22722283005714417,-0.040752559900283813,0.03762761503458023,18.935789108276367,0.054364193230867386,-0.4610361158847809,0.3595428764820099,0.9363712668418884,0.061279915273189545,0.07159525901079178,0.0,519.7323608398438,0.08831566572189331,0.1034446656703949,0.04778845235705376,0.02740740403532982,21.049474716186523,0.054977551102638245,14.046819686889648,1.2147284746170044,2.2373013496398926,0.08069692552089691,0.08362508565187454,0.0,484.7381286621094,0.36523768305778503,0.36523768305778503,0.11424197256565094,0.11839773505926132,1.4315224885940552,0.028235124424099922,23.082767486572266,2.4833858013153076,2.985562324523926,0.08342014253139496,0.08342014253139496,0.0,530.8790283203125,0.3339492380619049,0.3339492380619049,0.13108322024345398,0.10497762262821198,11.738839149475098,0.03858918696641922,25.279953002929688,2.664950132369995,3.626103639602661
2017,1,38.1864393642029,77.37283659874208,8679.345,1246.0,0.9274099469184875,-0.0,31.655580520629883,26.763460159301758,1.377044439315796,7.400000095367432,11.189764976501465,0.09354238957166672,0.09354238957166672,0.0,375.28216552734375,0.14626823365688324,0.14626823365688324,0.00722128851339221,0.03822166100144386,2.8541784286499023,0.17619366943836212,17.87057876586914,1.2306333780288696,1.6692622900009155,0.0577726811170578,0.07216142863035202,358.6885070800781,182.61073303222656,0.21010543406009674,0.27958351373672485,0.059918131679296494,0.04801163449883461,45.23953628540039,0.17442302405834198,-1.3441050052642822,0.27537021040916443,0.9118730425834656,0.08072657138109207,0.09554680436849594,2.5245070457458496,456.4524230957031,0.2914833724498749,0.2914833724498749,0.17184844613075256,0.12298314273357391,26.63996124267578,0.16337063908576965,12.268321990966797,0.9645761847496033,1.9835550785064697,0.11241835355758667,0.11758025735616684,0.0,464.5067138671875,0.3321777284145355,0.3321777284145355,0.26245617866516113,0.10870934277772903,2.427180528640747,0.10620661824941635,22.119367599487305,2.2259058952331543,2.679480791091919,0.12226642668247223,0.12226642668247223,0.0,505.49188232421875,0.32420989871025085,0.457903116941452,0.11934881657361984,0.09707103669643402,13.538997650146484,0.11718625575304031,24.071043014526367,2.2840452194213867,3.1500182151794434
2017,1,37.122743103408645,79.81472951763011,8679.645,1378.0,4.733626365661621,258.72662353515625,37.73955154418945,15.438785552978516,1.3758972883224487,8.0,13.80159854888916,0.06459284573793411,0.06459284573793411,0.0,382.13787841796875,0.48098519444465637,0.48098519444465637,0.12632432579994202,0.11120070517063141,1.385719895362854,0.09841662645339966,18.19704246520996,1.4020226001739502,1.7639325857162476,0.048287320882081985,0.05678519606590271,290.213134765625,211.4887237548828,0.26635581254959106,0.33525511622428894,-0.03725765645503998,0.06143249198794365,19.60865592956543,0.06481730192899704,-0.6009498238563538,0.34993818402290344,0.9043978452682495,0.053009990602731705,0.06127909570932388,0.0,507.5418395996094,0.07742627710103989,0.08974112570285797,0.07391171902418137,0.024388961493968964,19.066286087036133,0.06481263786554337,13.717347145080566,1.1856821775436401,2.166910409927368,0.07282589375972748,0.07587239146232605,0.0,478.94085693359375,0.7024433016777039,0.7024433016777039,0.405191570520401,0.27948102355003357,1.758946180343628,0.03545815497636795,22.80670738220215,2.442584991455078,2.954076051712036,0.07725262641906738,0.07725262641906738,0.0,524.6016235351562,0.47738444805145264,0.5632147192955017,0.21344469487667084,0.13875164091587067,13.315216064453125,0.04770852252840996,24.98103141784668,2.608105182647705,3.559627056121826
2017,1,37.190927217616895,80.02708974619942,8680.975,1324.0,2.3272738456726074,270.0,36.028743743896484,20.539020538330078,1.3700000047683716,7.435179233551025,13.792947769165039,0.0688101202249527,0.0688101202249527,0.0,396.36529541015625,0.5210664868354797,0.5210664868354797,0.20475569367408752,0.12851978838443756,1.2474627494812012,0.08019527047872543,18.874536514282227,1.4956902265548706,1.8667666912078857,0.0515693798661232,0.05781788378953934,272.0039367675781,227.80410766601562,0.2989402711391449,0.3555848002433777,0.01289712730795145,0.069078229367733,17.265052795410156,0.0543372705578804,-0.33740320801734924,0.36140885949134827,0.927436113357544,0.06039262190461159,0.07055137306451797,0.0,533.7828369140625,0.08692412823438644,0.10165808349847794,0.04020964354276657,0.02692541666328907,18.527862548828125,0.05439000204205513,14.426563262939453,1.2520668506622314,2.284712553024292,0.07997572422027588,0.08294250071048737,0.0,494.6415710449219,0.5760092735290527,0.5760092735290527,0.2897894084453583,0.19713720679283142,1.2891674041748047,0.028884680941700935,23.55436134338379,2.56329345703125,3.0784096717834473,0.08331912755966187,0.08331912755966187,0.0,541.0593872070312,0.40272170305252075,0.4455016851425171,0.1809801608324051,0.13159963488578796,11.136417388916016,0.0386991910636425,25.764734268188477,2.750537633895874,3.727240562438965
2017,1,38.451354557788115,77.29118154025139,8682.814,1220.0,1.8543341159820557,-0.0,33.08233642578125,25.177282333374023,1.3970437049865723,7.699999809265137,12.685389518737793,0.09582141041755676,0.09582141041755676,0.0,389.3536071777344,0.71946781873703,0.71946781873703,0.34322646260261536,0.2233019769191742,3.3415040969848633,0.1792519986629486,18.5406494140625,1.3040084838867188,1.7948960065841675,0.05944763496518135,0.07479704916477203,338.5570983886719,202.79339599609375,0.2647373676300049,0.2751891613006592,0.08601859956979752,0.05413689836859703,44.68345260620117,0.19217181205749512,-1.0363640785217285,0.280457079410553,0.9335583448410034,0.08737555146217346,0.10199751704931259,0.641431450843811,482.5869140625,0.12725147604942322,0.14224481582641602,0.061373621225357056,0.034238386899232864,27.889423370361328,0.1745705008506775,13.025553703308105,1.018316626548767,2.0592496395111084,0.11674518883228302,0.12160488218069077,0.0,479.25811767578125,0.1603766530752182,0.1669536828994751,0.025092480704188347,0.046666789799928665,2.647920608520508,0.11968327313661575,22.821815490722656,2.3305201530456543,2.8039488792419434,0.12538176774978638,0.12538176774978638,0.0,520.2217407226562,0.38771146535873413,0.4458037316799164,0.12637710571289062,0.12472032010555267,13.751311302185059,0.13054189085960388,24.772462844848633,2.388779640197754,3.2629525661468506
2017,1,38.46833035549859,77.28147853635909,8694.558,1224.0,0.0,-0.0,35.6150016784668,22.844430923461914,1.386419653892517,7.699999809265137,11.39419937133789,0.09575408697128296,0.09575408697128296,0.0,389.6548156738281,0.14909492433071136,0.14909492433071136,0.006677378434687853,0.03835395723581314,3.4306118488311768,0.17929702997207642,18.554990768432617,1.3053646087646484,1.7974954843521118,0.05938122421503067,0.07491448521614075,338.8973693847656,203.159423828125,0.3604140877723694,0.3616214096546173,0.12116853147745132,0.09059081226587296,44.83548355102539,0.19307591021060944,-1.0361676216125488,0.28044188022613525,0.9334297776222229,0.08740813285112381,0.10204165428876877,0.43631091713905334,482.9071044921875,0.1272500902414322,0.14223849773406982,0.06209583207964897,0.03420333191752434,28.181365966796875,0.17530786991119385,13.039751052856445,1.0184037685394287,2.0583367347717285,0.11674892157316208,0.1215963140130043,0.0,479.5044250488281,0.42097994685173035,0.42097994685173035,0.2916690707206726,0.14949077367782593,2.692272901535034,0.12001080065965652,22.83354377746582,2.3315963745117188,2.8063509464263916,0.12536774575710297,0.12536774575710297,0.0,520.4234008789062,0.2555409073829651,0.3450908064842224,0.06337550282478333,0.07386195659637451,13.919897079467773,0.13097167015075684,24.782066345214844,2.389195442199707,3.2625961303710938
2017,1,41.74673279560885,84.1918589164105,8711.963,966.0,1.8543341159820557,180.0,37.43095397949219,18.87517738342285,1.419920563697815,8.0,14.405404090881348,0.10967139154672623,0.10967139154672623,1.5022058486938477,363.6097412109375,0.7268711924552917,0.7349507808685303,0.3920186161994934,0.29635390639305115,12.776469230651855,0.09980101138353348,17.243215560913086,1.375313639640808,1.9318927526474,0.04717598482966423,0.05848575755953789,617.2850952148438,116.28421783447266,0.16304610669612885,0.3237035274505615,-0.0016107705887407064,0.0392720028758049,31.774669647216797,0.12899522483348846,-3.8244340419769287,0.23290669918060303,0.5794008374214172,0.055545274168252945,0.06880374997854233,24.51972770690918,388.53411865234375,0.07072373479604721,0.08164010941982269,0.028784992173314095,0.021695923060178757,27.315685272216797,0.11421027034521103,9.838226318359375,0.8891133666038513,1.4896656274795532,0.09730466455221176,0.10958707332611084,0.0,421.3568115234375,0.14508558809757233,0.1665213257074356,0.04472699388861656,0.043441109359264374,5.64246129989624,0.09627057611942291,20.06460952758789,2.0294594764709473,2.7007782459259033,0.13709288835525513,0.13709288835525513,0.0,485.42681884765625,0.29762524366378784,0.29762524366378784,0.16358546912670135,0.1343867927789688,23.93609046936035,0.10951299965381622,23.115562438964844,2.2372589111328125,3.1687917709350586
2017,1,38.330080386437544,76.99797335048204,8715.283,1268.0,3.8878345489501953,17.676828384399414,34.667911529541016,23.687999725341797,1.3808053731918335,7.298422336578369,10.03624153137207,0.08197104930877686,0.08197104930877686,0.0,337.2544250488281,0.35192039608955383,0.3800813555717468,0.16330216825008392,0.12143376469612122,7.91386079788208,0.18406197428703308,16.059734344482422,1.052523136138916,1.4088283777236938,0.050888337194919586,0.0721534937620163,504.5481262207031,138.35877990722656,0.22113136947155,0.2807159423828125,0.031144198030233383,0.06522153317928314,56.0303840637207,0.18011853098869324,-2.7953386306762695,0.25277331471443176,0.8133769035339355,0.06196124479174614,0.07705844193696976,5.395101070404053,369.8027038574219,0.13641901314258575,0.14101330935955048,0.04654814675450325,0.05007227137684822,40.88620376586914,0.1822703778743744,9.848854064941406,0.7766363024711609,1.6332041025161743,0.09764891862869263,0.10339424759149551,0.0,416.2016906738281,0.3280225098133087,0.39036664366722107,0.14857728779315948,0.1105150654911995,6.15233850479126,0.09848859161138535,19.819128036499023,1.8935009241104126,2.3534717559814453,0.11051815003156662,0.11051815003156662,0.0,455.2778625488281,0.35275891423225403,0.3751651346683502,0.1094072237610817,0.12025965005159378,25.793245315551758,0.1173589825630188,21.679899215698242,1.9138576984405518,2.6822280883789062
2017,1,37.84445306800992,77.3763414521701,8734.604,1384.0,2.7802884578704834,180.0,35.63230895996094,19.686723709106445,1.3784078359603882,7.919173240661621,9.846415519714355,0.08635205030441284,0.08635205030441284,0.0,343.16473388671875,0.6893035769462585,0.6893035769462585,0.2803438603878021,0.20298248529434204,3.6516103744506836,0.17240895330905914,16.341176986694336,1.065749168395996,1.3982545137405396,0.05269816517829895,0.06807712465524673,429.3647155761719,138.18882751464844,0.25362440943717957,0.30738556385040283,1.4654593542218208E-5,0.059153199195861816,49.658138275146484,0.1489553600549698,-2.222716808319092,0.2609981596469879,0.8496812582015991,0.064567431807518,0.07990416884422302,5.133766174316406,391.69390869140625,0.20662955939769745,0.23127447068691254,0.1161162257194519,0.07193329930305481,29.421955108642578,0.15171995759010315,10.44757080078125,0.8251296877861023,1.7616525888442993,0.10124170780181885,0.10700151324272156,0.0,428.5683288574219,0.14306427538394928,0.15077941119670868,0.021194780245423317,0.04243391379714012,3.1155788898468018,0.08169455826282501,20.408016204833984,1.9681499004364014,2.395585775375366,0.11386343836784363,0.11386343836784363,0.0,468.86529541015625,0.7298904061317444,0.7651895880699158,0.35105523467063904,0.23787544667720795,16.939210891723633,0.09530144184827805,22.32691764831543,2.0133001804351807,2.8378360271453857
2017,1,39.04154779591905,76.56677827861382,8748.135,1220.0,2.5603880882263184,248.776611328125,21.58201789855957,28.299278259277344,1.3993401527404785,6.900000095367432,13.318181991577148,0.10136092454195023,0.10136092454195023,0.0,373.3072814941406,0.5185570120811462,0.7362989187240601,0.2382114678621292,0.17568565905094147,6.375761032104492,0.16462396085262299,17.77653694152832,1.3372377157211304,1.7821674346923828,0.0546584390103817,0.07387116551399231,426.0291748046875,146.37179565429688,0.24627748131752014,0.2879335284233093,0.17918498814105988,0.05705823376774788,63.13188552856445,0.21659280359745026,-2.134789228439331,0.25718027353286743,0.9087056517601013,0.06959076225757599,0.08332598209381104,0.0,410.151123046875,0.43909528851509094,0.6352333426475525,0.25709471106529236,0.1546243578195572,40.76940155029297,0.19692488014698029,11.085165977478027,0.8284229636192322,1.7319461107254028,0.10728905349969864,0.11509465426206589,0.0,446.8954772949219,0.6584752798080444,0.6584752798080444,0.4083259105682373,0.26131388545036316,4.613259315490723,0.10777337849140167,21.280736923217773,2.100076675415039,2.6245858669281006,0.13057675957679749,0.13057675957679749,0.0,493.3908386230469,0.17955467104911804,0.17955467104911804,0.09075690805912018,0.05349017679691315,19.747583389282227,0.12146037817001343,23.494802474975586,2.2489616870880127,3.023775815963745
2017,1,38.25866342396556,77.36691045344206,8751.874,1243.0,1.181017518043518,270.0,30.91066551208496,24.18589210510254,1.3760883808135986,7.5,9.777610778808594,0.0948595181107521,0.0948595181107521,0.0,381.3485412597656,0.14801432192325592,0.14801432192325592,0.006492602173238993,0.03853914141654968,2.7609739303588867,0.17708824574947357,18.159454345703125,1.2620313167572021,1.721329927444458,0.05872141942381859,0.07300113886594772,346.2185974121094,191.12416076660156,0.1578224152326584,0.23586267232894897,0.011583750136196613,0.03726787492632866,44.480831146240234,0.17973819375038147,-1.1839269399642944,0.27800747752189636,0.9232764840126038,0.0837872326374054,0.09850460290908813,2.033264636993408,468.54638671875,0.2556428909301758,0.28179991245269775,0.14097225666046143,0.08782108128070831,26.265674591064453,0.16603104770183563,12.6084623336792,0.990614652633667,2.02427077293396,0.1145097017288208,0.11955703794956207,0.0,471.2133483886719,0.3498240113258362,0.3498240113258362,0.24640953540802002,0.12487111985683441,2.33821702003479,0.11114437878131866,22.438732147216797,2.2742302417755127,2.73325777053833,0.12382983416318893,0.12382983416318893,0.0,512.31396484375,0.5675469040870667,0.6058794260025024,0.23902012407779694,0.1816544383764267,13.011359214782715,0.12169407308101654,24.395902633666992,2.334517002105713,3.2076401710510254
2017,1,38.1799736676754,77.1758379733019,8758.062,1304.0,1.5004615783691406,51.830078125,38.32003402709961,22.619930267333984,1.388301968574524,7.585281848907471,10.595513343811035,0.08626314997673035,0.08626314997673035,0.0,347.257080078125,0.1368274688720703,0.1368274688720703,0.017632825300097466,0.035482414066791534,5.812492847442627,0.18268810212612152,16.536052703857422,1.102518081665039,1.4806147813796997,0.05386587977409363,0.07161834090948105,459.4361267089844,151.08030700683594,0.2890418469905853,0.37084561586380005,0.0668506920337677,0.06957345455884933,51.47517776489258,0.17379823327064514,-2.3538613319396973,0.25996607542037964,0.8453159928321838,0.06819736212491989,0.08302419632673264,6.564431190490723,395.0309143066406,0.22790002822875977,0.29820385575294495,0.09970499575138092,0.07532232999801636,34.43394470214844,0.172671839594841,10.499094009399414,0.8376927971839905,1.7518216371536255,0.1025191992521286,0.10817483067512512,0.0,429.50927734375,0.3361908197402954,0.3361908197402954,0.2243485152721405,0.11509733647108078,4.815331935882568,0.10084743797779083,20.452821731567383,1.9935654401779175,2.4426703453063965,0.1144881322979927,0.1144881322979927,0.0,469.5650939941406,0.6518401503562927,0.6800155639648438,0.30867138504981995,0.2208678424358368,20.950437545776367,0.11658961325883865,22.36024284362793,2.030806064605713,2.8341708183288574
2017,1,39.50938776024449,76.76404890921827,8774.143,1210.0,1.5180091857910156,52.34910583496094,12.076597213745117,22.55513572692871,1.3641321659088135,7.300000190734863,10.725998878479004,0.13058483600616455,0.13058483600616455,0.16152821481227875,438.96893310546875,0.5293371081352234,0.5393632650375366,0.2278476357460022,0.13584256172180176,0.8516485095024109,0.13396334648132324,20.89558982849121,1.777570128440857,2.4144487380981445,0.06768673658370972,0.07672765851020813,264.5514831542969,212.5520477294922,0.2896265685558319,0.4276287257671356,0.20280031859874725,0.07372111082077026,54.12672424316406,0.22874762117862701,-0.3969421088695526,0.28353652358055115,1.0527381896972656,0.09836962074041367,0.10969533026218414,2.244237184524536,533.2088012695312,0.3386876881122589,0.40744680166244507,0.14047476649284363,0.08694472908973694,23.953067779541016,0.1718258559703827,14.350394248962402,1.103132724761963,2.1991026401519775,0.13156387209892273,0.14074482023715973,0.07832060009241104,516.6356811523438,0.5499780774116516,0.5667502880096436,0.2468910813331604,0.1583663672208786,0.7537845969200134,0.12207715958356857,24.597970962524414,2.642207145690918,3.2122464179992676,0.16021910309791565,0.16021910309791565,0.0,571.6788330078125,0.5116918683052063,0.5524625778198242,0.255307137966156,0.17699123919010162,3.8905069828033447,0.12353453785181046,27.222801208496094,2.9360709190368652,3.8047752380371094
2017,1,38.317144534281496,77.49761562352066,8805.014,1222.0,1.8543341159820557,-0.0,31.621135711669922,21.828853607177734,1.3768036365509033,7.323864459991455,15.339599609375,0.10117212682962418,0.10117212682962418,0.0,404.97637939453125,0.5277705788612366,0.5277705788612366,0.29144909977912903,0.06015298515558243,0.7193328142166138,0.1752476990222931,19.284589767456055,1.3767340183258057,1.8980761766433716,0.0626780092716217,0.07426740974187851,271.82086181640625,220.6263885498047,0.20704533159732819,0.23605979979038239,0.01758739724755287,0.05039180815219879,39.323001861572266,0.18563708662986755,-0.3907974660396576,0.29053574800491333,0.9776995182037354,0.09542732685804367,0.10990539193153381,0.029014484956860542,519.6646118164062,0.22111232578754425,0.22111232578754425,0.14762234687805176,0.0822339877486229,20.40329360961914,0.16291479766368866,14.044204711914062,1.100641131401062,2.2176270484924316,0.12321502715349197,0.1278630495071411,0.0,499.7270202636719,0.30323222279548645,0.30323222279548645,0.20689094066619873,0.10390593856573105,0.7868077158927917,0.12127358466386795,23.796525955200195,2.472827196121216,2.938070058822632,0.1306009441614151,0.1306009441614151,0.0,541.697265625,0.3962748944759369,0.5058743357658386,0.15329745411872864,0.12008354067802429,7.607687950134277,0.12821413576602936,25.795108795166016,2.5503532886505127,3.4711012840270996
2017,1,37.26369082860702,79.52960567807068,8805.312,1322.0,1.1652408838272095,270.0,33.59037780761719,24.301128387451172,1.3665597438812256,7.5,15.331056594848633,0.06578347086906433,0.06578347086906433,0.0,397.2440185546875,0.5055767893791199,0.6761295795440674,0.17005451023578644,0.1330994963645935,0.9103013277053833,0.09092005342245102,18.9163818359375,1.4789358377456665,1.8666619062423706,0.04646492749452591,0.055656950920820236,270.81768798828125,233.40194702148438,0.2517784833908081,0.28464093804359436,0.0018398192478343844,0.06173164024949074,16.742298126220703,0.0632002130150795,-0.28561636805534363,0.3570902347564697,0.9128680229187012,0.05046780779957771,0.058363135904073715,0.0,538.0924682617188,0.0732850655913353,0.08525015413761139,0.05466694012284279,0.023261060938239098,14.887199401855469,0.061447873711586,14.543039321899414,1.261881709098816,2.269397735595703,0.07216593623161316,0.0755535289645195,0.0,498.871337890625,0.45659470558166504,0.48447558283805847,0.2048499882221222,0.1487063765525818,1.3103939294815063,0.03619128093123436,23.75577735900879,2.5964033603668213,3.1316754817962646,0.07843433320522308,0.07843433320522308,0.0,544.4403686523438,0.3080788850784302,0.3220103979110718,0.09044250100851059,0.09203562140464783,11.809898376464844,0.04715947434306145,25.925731658935547,2.768230438232422,3.760146141052246
2017,1,37.961950380768215,77.29953789562553,8811.527,1319.0,0.0,-0.0,31.934158325195312,23.02474021911621,1.3917145729064941,7.718725204467773,10.682256698608398,0.08639352023601532,0.08639352023601532,0.0,343.55364990234375,0.13699369132518768,0.13699369132518768,0.015046628192067146,0.03607730567455292,4.56044864654541,0.17804472148418427,16.359697341918945,1.0775483846664429,1.4287809133529663,0.053508806973695755,0.06954950094223022,446.99737548828125,143.0800018310547,0.254566490650177,0.2888629734516144,0.07424787431955338,0.05761551484465599,50.20835876464844,0.15904484689235687,-2.3199799060821533,0.2601192891597748,0.8461834788322449,0.06613486260175705,0.08114556968212128,6.827805519104004,390.7879943847656,0.3753286302089691,0.5442994236946106,0.22570207715034485,0.14228086173534393,31.21592140197754,0.16056501865386963,10.377302169799805,0.8286445140838623,1.754263997077942,0.10169167816638947,0.1074545755982399,0.0,427.2715759277344,0.3806435167789459,0.3806435167789459,0.2528139650821686,0.13382025063037872,3.9335134029388428,0.09081371873617172,20.34626579284668,1.9722957611083984,2.406317710876465,0.11407525837421417,0.11407525837421417,0.0,467.5895690917969,0.36031708121299744,0.4569714665412903,0.08423533290624619,0.0870012566447258,18.65997314453125,0.1053069606423378,22.26616859436035,2.015195608139038,2.829620361328125
2017,1,37.14915435894821,79.7831992140812,8812.811,1366.0,0.0,-0.0,37.17425537109375,17.19245719909668,1.380632758140564,7.900000095367432,13.533684730529785,0.0650598481297493,0.0650598481297493,0.0,385.25970458984375,0.6065547466278076,0.6065547466278076,0.2644897401332855,0.1545855551958084,1.3095277547836304,0.09624956548213959,18.345699310302734,1.4194034337997437,1.7851104736328125,0.04821119084954262,0.056713592261075974,286.60528564453125,215.7287139892578,0.3044733703136444,0.379478394985199,0.030219051986932755,0.07421379536390305,19.020689010620117,0.06393572688102722,-0.5410424470901489,0.35159334540367126,0.9060494899749756,0.05318893492221832,0.06153729557991028,0.0,513.572509765625,0.07754886895418167,0.0899612084031105,0.06904353946447372,0.024410046637058258,18.39923667907715,0.0637139230966568,13.880337715148926,1.200985074043274,2.189208507537842,0.07318935543298721,0.07626744359731674,0.0,482.8410949707031,0.6549967527389526,0.7071782946586609,0.3470780849456787,0.23121538758277893,1.670095682144165,0.035135336220264435,22.992433547973633,2.4729528427124023,2.988156795501709,0.07777722924947739,0.07777722924947739,0.0,528.5685424804688,0.5404950976371765,0.6457956433296204,0.2646878659725189,0.18159762024879456,12.964993476867676,0.04704531654715538,25.169931411743164,2.641075849533081,3.599658250808716
2017,1,37.07908404499436,80.22274172312146,8819.673,1338.0,1.4868669509887695,51.41691970825195,36.16374969482422,21.053606033325195,1.3704339265823364,8.0,12.4110746383667,0.06741112470626831,0.06741112470626831,0.0,386.06561279296875,0.4414410889148712,0.4414410889148712,0.11875422298908234,0.1350945085287094,1.5133335590362549,0.08503858000040054,18.384077072143555,1.4396097660064697,1.802056074142456,0.05261452496051788,0.058029383420944214,279.9295654296875,213.4166259765625,0.3582436740398407,0.3916386663913727,0.10309238731861115,0.10863997042179108,19.43234634399414,0.05591283738613129,-0.5077323317527771,0.3577798008918762,0.9344668984413147,0.0601843036711216,0.07021921873092651,0.0,514.7965087890625,0.08691026270389557,0.10171355307102203,0.05334141477942467,0.027047419920563698,21.34514617919922,0.05653427168726921,13.913418769836426,1.2019386291503906,2.2161431312561035,0.07968287169933319,0.08263031393289566,0.0,481.62738037109375,0.5370929837226868,0.6313454508781433,0.279078871011734,0.18771716952323914,1.5075740814208984,0.02917412668466568,22.93463706970215,2.4589405059814453,2.95955491065979,0.08254992216825485,0.08254992216825485,0.0,527.6083984375,0.2686055302619934,0.2686055302619934,0.06029443442821503,0.08240944892168045,12.1045503616333,0.03993238881230354,25.124208450317383,2.6365816593170166,3.593109369277954
2017,1,40.83530145848662,87.05739764908326,8847.033,867.0,3.0714852809906006,127.11076354980469,64.59346008300781,15.93372917175293,1.4210819005966187,8.092659950256348,12.809743881225586,0.05781922861933708,0.05781922861933708,0.0,433.0762023925781,0.6842819452285767,0.6864092946052551,0.3201022446155548,0.19437184929847717,16.211902618408203,0.041076138615608215,20.622676849365234,1.6750861406326294,2.3763229846954346,0.0430637001991272,0.04603398218750954,312.126953125,185.1951141357422,0.23662695288658142,0.3354523479938507,0.00865512527525425,0.0458490364253521,10.851569175720215,0.038029760122299194,-0.9689452052116394,0.3100934624671936,0.8396697044372559,0.04547438398003578,0.04718112200498581,0.0,516.4988403320312,0.2692736089229584,0.33413413166999817,0.12175764888525009,0.07210587710142136,13.245481491088867,0.03309886157512665,13.959427833557129,1.221408724784851,1.99168062210083,0.05371531471610069,0.0573246106505394,0.0,500.8529968261719,0.636374294757843,0.6390763521194458,0.35385698080062866,0.250853955745697,1.5106747150421143,0.022344045341014862,23.850141525268555,2.516209840774536,3.2889251708984375,0.06027868762612343,0.06027868762612343,0.0,579.5776977539062,0.7148526906967163,0.7220504283905029,0.4047974944114685,0.2765330374240875,9.414031028747559,0.036041293293237686,27.59893798828125,2.9323832988739014,4.04644775390625
2017,1,38.22174206724303,77.30681068944371,8851.25,1256.0,2.197722911834717,327.5257873535156,32.459556579589844,24.239391326904297,1.3799004554748535,7.400000095367432,10.795100212097168,0.09184534102678299,0.09184534102678299,0.0,369.4580078125,0.14406725764274597,0.14406725764274597,0.010045616887509823,0.03749161213636398,3.744046211242676,0.17845819890499115,17.593238830566406,1.2053413391113281,1.6345317363739014,0.05693203955888748,0.07238215953111649,383.92724609375,176.6944580078125,0.1988237053155899,0.23214715719223022,-0.06679470837116241,0.041959505528211594,46.88688278198242,0.1767454892396927,-1.5819296836853027,0.27180203795433044,0.8964205384254456,0.07818802446126938,0.09297952800989151,3.4054718017578125,443.0380859375,0.27145686745643616,0.30626145005226135,0.13919495046138763,0.08544149249792099,28.972267150878906,0.1675332486629486,11.881962776184082,0.936899721622467,1.9298394918441772,0.11027919501066208,0.11553659290075302,0.0,456.8348693847656,0.3816381096839905,0.3816381096839905,0.26776552200317383,0.135193333029747,3.123570203781128,0.10664524137973785,21.75404167175293,2.1760261058807373,2.6311028003692627,0.12054584920406342,0.12054584920406342,0.0,497.5618896484375,0.6533843874931335,0.7304585576057434,0.30155396461486816,0.23529665172100067,15.62685489654541,0.118929423391819,23.693424224853516,2.2284064292907715,3.0781309604644775
2017,1,40.50571146322222,81.3497705961778,8851.465,1013.0,3.704791784286499,180.0,21.25568199157715,26.409677505493164,1.409999966621399,7.277796268463135,14.86052131652832,0.11039408296346664,0.11039408296346664,0.0,436.0620422363281,0.5409825444221497,0.5409825444221497,0.255787193775177,0.17141994833946228,3.2574214935302734,0.05603643134236336,20.76485824584961,1.5898174047470093,2.206134080886841,0.05238740146160126,0.0697777196764946,317.3462219238281,172.54132080078125,0.30199265480041504,0.31102198362350464,7.256275857798755E-4,0.07410170882940292,16.05223274230957,0.07978363335132599,-1.105380892753601,0.2501106858253479,0.6138418316841125,0.0558297336101532,0.06544310599565506,0.028396133333444595,546.8421020507812,0.1727197915315628,0.1727197915315628,-0.10227520763874054,0.04502660408616066,9.718995094299316,0.06164945289492607,14.778749465942383,1.1583877801895142,1.9508317708969116,0.0950065404176712,0.11430920660495758,0.0,519.4075927734375,0.1997215300798416,0.1997215300798416,0.06072850897908211,0.07334540039300919,0.9878711104393005,0.050750382244586945,24.733694076538086,2.59336519241333,3.3449318408966064,0.14484725892543793,0.14484725892543793,0.0,567.9417114257812,0.45797163248062134,0.45797163248062134,0.199593648314476,0.1969631314277649,8.581308364868164,0.0579119510948658,27.044843673706055,2.7575724124908447,3.699834108352661
2017,1,37.89188006681437,77.3111226401624,8852.672,1370.0,1.4968221187591553,308.2795715332031,35.771461486816406,19.108898162841797,1.3700010776519775,7.7910332679748535,10.442079544067383,0.08534685522317886,0.08534685522317886,0.0,338.44427490234375,0.13560985028743744,0.13560985028743744,0.01552231889218092,0.03585737198591232,4.56874418258667,0.1771273910999298,16.11639404296875,1.0509103536605835,1.3841233253479004,0.05274027958512306,0.06876560300588608,456.5155334472656,135.8084259033203,0.21640469133853912,0.2962293326854706,-0.005180011969059706,0.056702062487602234,50.74202346801758,0.15398602187633514,-2.448145866394043,0.25799643993377686,0.8370245099067688,0.06357206404209137,0.07867107540369034,7.274580955505371,380.78094482421875,0.21021351218223572,0.25354161858558655,0.0847289115190506,0.06863172352313995,31.33414649963379,0.15778981149196625,10.094766616821289,0.8072175979614258,1.7216224670410156,0.09996730834245682,0.10582945495843887,0.0,421.71368408203125,0.35595256090164185,0.35595256090164185,0.2091088891029358,0.12925319373607635,3.961719036102295,0.08635865896940231,20.08160400390625,1.9321765899658203,2.3609347343444824,0.11279762536287308,0.11279762536287308,0.0,461.9573974609375,0.47993203997612,0.483793169260025,0.21844786405563354,0.1485617756843567,18.962779998779297,0.10113001614809036,21.997970581054688,1.973692536354065,2.7829270362854004
2017,1,37.08501464939544,79.97750454248511,8862.451,1393.0,3.6043968200683594,284.8910827636719,37.44855499267578,15.719655990600586,1.3931150436401367,8.0,10.30127239227295,0.06512629240751266,0.06512629240751266,0.0,380.7927551269531,0.23445872962474823,0.23445872962474823,-0.02776276506483555,0.04910419508814812,1.492156982421875,0.09579728543758392,18.13298988342285,1.3997180461883545,1.758710503578186,0.04979098588228226,0.05725245550274849,289.77593994140625,208.53480529785156,0.33720141649246216,0.34816214442253113,0.050833627581596375,0.08921416848897934,20.0528621673584,0.06260666251182556,-0.6201611757278442,0.35116228461265564,0.9132007360458374,0.055219899863004684,0.06400444358587265,0.0,504.8595275878906,0.08044054359197617,0.09349919110536575,0.07119618356227875,0.025247355923056602,20.392194747924805,0.06298606842756271,13.644852638244629,1.178116798400879,2.1643788814544678,0.07479079067707062,0.07778055965900421,0.0,476.5288391113281,0.6145365834236145,0.6788134574890137,0.3589286804199219,0.21276722848415375,1.7494370937347412,0.03365029767155647,22.691850662231445,2.422226905822754,2.92696213722229,0.07857228070497513,0.07857228070497513,0.0,522.2323608398438,0.29521188139915466,0.29521188139915466,0.08889685571193695,0.09071114659309387,13.208686828613281,0.04569387063384056,24.868206024169922,2.5894954204559326,3.5367913246154785
2017,1,37.078816498931154,79.7177128560103,8863.535,1423.0,0.9274099469184875,-0.0,36.82944869995117,20.594797134399414,1.375582218170166,7.908874988555908,13.794215202331543,0.06232357770204544,0.06232357770204544,0.0,373.454345703125,0.5477709174156189,0.5477709174156189,0.20851477980613708,0.13475807011127472,1.5004969835281372,0.10881944000720978,17.783540725708008,1.34688138961792,1.7007339000701904,0.04665646329522133,0.05638667941093445,302.17529296875,201.14781188964844,0.19031916558742523,0.23160766065120697,-0.09458628296852112,0.04213599115610123,21.029386520385742,0.07052748650312424,-0.7712022066116333,0.34306126832962036,0.8893228769302368,0.04948022589087486,0.05680922046303749,0.0,491.0594482421875,0.07299521565437317,0.08404797315597534,0.09341752529144287,0.02318938635289669,19.63170623779297,0.07070322334766388,13.27187728881836,1.1445070505142212,2.0962536334991455,0.06911040097475052,0.07214424014091492,0.0,469.0570983886719,0.648842990398407,0.6884911060333252,0.3393564224243164,0.2467203587293625,2.0563762187957764,0.03884906694293022,22.33605194091797,2.3671810626983643,2.874906063079834,0.07388198375701904,0.07388198375701904,0.0,514.3929443359375,0.45130664110183716,0.45130664110183716,0.20553268492221832,0.14480118453502655,14.602401733398438,0.052491288632154465,24.494903564453125,2.5213637351989746,3.45546555519104
2017,1,38.36969504019636,77.07989595503595,8870.779,1250.0,3.0037105083465576,231.9027862548828,31.059173583984375,22.216760635375977,1.3808889389038086,7.300000190734863,13.451342582702637,0.08579886704683304,0.08579886704683304,0.0,352.4253234863281,0.4785424470901489,0.4785424470901489,0.20743568241596222,0.09669189155101776,6.593653202056885,0.18181857466697693,16.78215789794922,1.1239502429962158,1.517159342765808,0.05308616906404495,0.07282961905002594,454.95599365234375,156.37403869628906,0.2214278131723404,0.2621041238307953,0.061623238027095795,0.05413364991545677,52.938411712646484,0.18317559361457825,-2.2792515754699707,0.2607598900794983,0.847903847694397,0.06896381080150604,0.08399751782417297,3.4614415168762207,402.4516906738281,0.14218319952487946,0.14218319952487946,0.11461029201745987,0.06327235698699951,37.32225036621094,0.179682195186615,10.783520698547363,0.8448086977005005,1.7540950775146484,0.10300208628177643,0.1084773913025856,0.0,434.6861267089844,0.3128872513771057,0.3128872513771057,0.2159714698791504,0.10955850034952164,5.085134506225586,0.1034604161977768,20.699338912963867,2.0184879302978516,2.4831185340881348,0.11468320339918137,0.11468320339918137,0.0,474.2294616699219,0.36719343066215515,0.43059349060058594,0.163845032453537,0.10848522931337357,22.332199096679688,0.12005685269832611,22.582355499267578,2.0490188598632812,2.8479976654052734
2017,1,39.53633856701151,76.66218074565232,8897.2295,1211.0,1.2024509906768799,270.0,27.579004287719727,25.484987258911133,1.399999976158142,6.5,15.89724063873291,0.1291268765926361,0.1291268765926361,0.6081100702285767,426.79559326171875,0.44557902216911316,0.5567591190338135,0.20730984210968018,0.12394852191209793,1.988996982574463,0.15049318969249725,20.294641494750977,1.7242424488067627,2.3440239429473877,0.06637565046548843,0.07595690339803696,315.2261047363281,202.20025634765625,0.2108207792043686,0.23575551807880402,0.13683998584747314,0.03808031976222992,57.893245697021484,0.2436904013156891,-0.8627925515174866,0.27592042088508606,1.0404582023620605,0.09658556431531906,0.1079840436577797,8.532296180725098,513.3030395507812,0.21419242024421692,0.3140670955181122,0.10207504779100418,0.05454160273075104,25.9791316986084,0.1909765899181366,13.64245319366455,1.0575298070907593,2.128150463104248,0.13047106564044952,0.13973960280418396,0.2973906099796295,501.1217956542969,0.45150795578956604,0.45826035737991333,0.22263821959495544,0.1469726860523224,1.2619454860687256,0.13941217958927155,23.84878158569336,2.5525639057159424,3.1106834411621094,0.15914112329483032,0.15914112329483032,0.0,557.2283325195312,0.21261559426784515,0.21261559426784515,0.09374444931745529,0.06354270130395889,5.613102912902832,0.14023707807064056,26.534683227539062,2.8436243534088135,3.693204164505005
2017,1,37.86008221720225,77.55636427989981,8916.432,1341.0,0.9274099469184875,180.0,33.3829231262207,24.58045768737793,1.3726279735565186,7.4990739822387695,10.1806001663208,0.08897340297698975,0.08897340297698975,0.0,366.42291259765625,0.4865730404853821,0.4865730404853821,0.19960841536521912,0.1574077308177948,1.5559505224227905,0.15628677606582642,17.44870948791504,1.1792654991149902,1.5483713150024414,0.0536390095949173,0.06706589460372925,349.7848815917969,162.3295135498047,0.2962869703769684,0.3137991428375244,-0.012374295853078365,0.07542110979557037,44.462223052978516,0.14029306173324585,-1.4309570789337158,0.27597418427467346,0.8985158205032349,0.0703422948718071,0.08549612015485764,0.0,441.8199157714844,0.36374273896217346,0.5464280247688293,0.1900302618741989,0.12383685261011124,24.06879425048828,0.136512890458107,11.941078186035156,0.9292889833450317,1.9417461156845093,0.10499289631843567,0.11023223400115967,0.0,457.8594970703125,0.30120569467544556,0.30120569467544556,0.2294800877571106,0.08644916117191315,1.1888068914413452,0.07564405351877213,21.802833557128906,2.1609020233154297,2.601094961166382,0.11603806167840958,0.11603806167840958,0.0,498.5481872558594,0.5168412327766418,0.6092442870140076,0.19254998862743378,0.1449136883020401,11.62072467803955,0.08585573732852936,23.74039077758789,2.2222743034362793,3.098078489303589
2017,1,38.235757021854006,77.18095702131126,8919.623,1281.0,5.189914703369141,26.98743438720703,32.41000747680664,24.467544555664062,1.3542155027389526,7.400000095367432,10.249295234680176,0.08743970841169357,0.08743970841169357,0.0,353.3709411621094,0.1383019983768463,0.1383019983768463,0.016024578362703323,0.03578871861100197,5.562475681304932,0.18193389475345612,16.82718849182129,1.131005883216858,1.5250340700149536,0.05445941537618637,0.0721367821097374,442.5780944824219,158.3001251220703,0.23958396911621094,0.2632805109024048,0.06860019266605377,0.048937972635030746,50.766597747802734,0.177049458026886,-2.170060873031616,0.2627549469470978,0.8572079539299011,0.07072760909795761,0.08556617051362991,5.334105491638184,407.3731994628906,0.1294197142124176,0.1294197142124176,0.10106164962053299,0.05658355727791786,33.89975357055664,0.1735234260559082,10.865921020507812,0.8619005680084229,1.7922073602676392,0.10440969467163086,0.1099386066198349,0.0,436.67431640625,0.3012586236000061,0.3012586236000061,0.1993657797574997,0.10800191015005112,4.541222095489502,0.1033114567399025,20.79401397705078,2.040325403213501,2.4943747520446777,0.11591765284538269,0.11591765284538269,0.0,476.7803039550781,0.4046984016895294,0.4286090135574341,0.12012933939695358,0.1258106231689453,20.137802124023438,0.11850132048130035,22.70382308959961,2.079493999481201,2.8918135166168213
2017,1,37.455302859974644,79.51613027468717,8920.224,1299.0,1.4914255142211914,231.5565643310547,28.696430206298828,23.870662689208984,1.3579086065292358,7.3596296310424805,9.520621299743652,0.07118654996156693,0.07118654996156693,0.0,426.6226501464844,0.5470104217529297,0.6857247352600098,0.2032155990600586,0.15165941417217255,0.29465025663375854,0.06362516433000565,20.315364837646484,1.6499459743499756,2.0768251419067383,0.04840444400906563,0.055445797741413116,229.6412353515625,271.5305480957031,0.2710699737071991,0.29621681571006775,0.02099950984120369,0.06588747352361679,11.70919418334961,0.050307903438806534,0.3197658956050873,0.3771471381187439,0.9547690749168396,0.0552162267267704,0.06465113162994385,0.0,595.8881225585938,0.07839623093605042,0.0926562175154686,-2.516532549634576E-4,0.024680128321051598,10.554905891418457,0.04665622115135193,16.105085372924805,1.405243158340454,2.4934868812561035,0.07911867648363113,0.08286090195178986,0.0,534.5653686523438,0.4319194257259369,0.536532461643219,0.20490093529224396,0.1376255601644516,0.3267916440963745,0.02998174913227558,25.455493927001953,2.868757486343384,3.4303300380706787,0.08632124960422516,0.08632124960422516,0.0,580.571533203125,0.30518490076065063,0.39984139800071716,0.07949124276638031,0.09588486701250076,7.988735198974609,0.03712281584739685,27.646263122558594,3.067056894302368,4.127976894378662
2017,1,37.86547327037586,77.39278215775414,8921.081,1367.0,0.9274099469184875,-0.0,37.53466796875,21.269372940063477,1.3766460418701172,7.9271559715271,10.938288688659668,0.0873015969991684,0.0873015969991684,0.0,347.49530029296875,0.5321816205978394,0.5321816205978394,0.24229365587234497,0.15589013695716858,3.337292194366455,0.17152616381645203,16.547395706176758,1.085490345954895,1.4280089139938354,0.05316886305809021,0.0682910680770874,415.4534606933594,143.08009338378906,0.3445636034011841,0.36008065938949585,0.05594189465045929,0.06534049659967422,48.956668853759766,0.1501026153564453,-2.079186201095581,0.2631639242172241,0.8589624166488647,0.06637617945671082,0.08172690868377686,4.309179306030273,400.7807312011719,0.35160133242607117,0.5174632668495178,0.21077601611614227,0.11617100238800049,28.664628982543945,0.15126439929008484,10.715447425842285,0.8431922197341919,1.793391466140747,0.10264666378498077,0.10832171887159348,0.0,433.8253173828125,0.39496684074401855,0.39496684074401855,0.2527398467063904,0.1275544911623001,2.8283324241638184,0.08282022923231125,20.658348083496094,2.0023369789123535,2.431983709335327,0.11494739353656769,0.11494739353656769,0.0,474.20001220703125,0.681942343711853,0.776951789855957,0.3117794990539551,0.2179480791091919,16.087581634521484,0.09587319195270538,22.58095359802246,2.0496575832366943,2.882159471511841
2017,1,39.38892514528565,75.97793614810209,8928.368,1283.0,2.2082417011260986,32.900970458984375,30.886493682861328,25.65765380859375,1.4187452793121338,7.810983657836914,9.733565330505371,0.10432258993387222,0.10432258993387222,0.10398369282484055,356.1440124511719,0.35322192311286926,0.4118422567844391,0.12703941762447357,0.10569269955158234,7.318954944610596,0.1684439480304718,16.954288482666016,1.3171147108078003,1.727243423461914,0.04857993498444557,0.06732282042503357,552.4856567382812,124.87688446044922,0.24173332750797272,0.24514427781105042,0.09260976314544678,0.0489770844578743,89.40584564208984,0.25135356187820435,-3.2641892433166504,0.24611249566078186,0.8804063200950623,0.08366259932518005,0.09826546162366867,15.16315746307373,372.86712646484375,0.28784647583961487,0.4097936451435089,0.14123593270778656,0.08747807890176773,41.8301887512207,0.2385387271642685,9.667675018310547,0.758855402469635,1.5581538677215576,0.1201854720711708,0.12637856602668762,0.3503578007221222,417.4770812988281,0.5083203315734863,0.5083203315734863,0.299184650182724,0.18542401492595673,4.250879764556885,0.12944529950618744,19.863176345825195,1.9243108034133911,2.4052021503448486,0.13388420641422272,0.13388420641422272,0.0,471.94091796875,0.18592557311058044,0.18592557311058044,0.09308615326881409,0.0542823001742363,17.305057525634766,0.13307906687259674,22.473377227783203,2.153378963470459,2.802644968032837
2017,1,37.095524750578406,79.72525765499272,8945.199,1405.0,0.9274099469184875,-0.0,36.7072868347168,18.564037322998047,1.3600000143051147,7.974672317504883,11.993697166442871,0.06289075314998627,0.06289075314998627,0.0,376.0949401855469,0.588854193687439,0.588854193687439,0.26194170117378235,0.16356998682022095,1.4532955884933472,0.10617303103208542,17.909282684326172,1.3627946376800537,1.7195096015930176,0.0469307042658329,0.0564296655356884,298.69940185546875,204.4722442626953,0.18418815732002258,0.26058003306388855,-0.05114205181598663,0.04335024952888489,20.574527740478516,0.06918463855981827,-0.7192912101745605,0.344897985458374,0.8928234577178955,0.05016820505261421,0.05769265443086624,0.0,496.12982177734375,0.07382000982761383,0.0851365327835083,0.08819562196731567,0.023410212248563766,19.30591583251953,0.06924719363451004,13.408914566040039,1.1572166681289673,2.116729497909546,0.06990908831357956,0.07295843958854675,0.0,472.18475341796875,0.45882779359817505,0.46650052070617676,0.17070023715496063,0.14327941834926605,1.970798373222351,0.03812451288104057,22.484989166259766,2.39119553565979,2.9008684158325195,0.07468006759881973,0.07468006759881973,0.0,517.5964965820312,0.4399033188819885,0.4399033188819885,0.19760292768478394,0.14469358325004578,14.247472763061523,0.051397308707237244,24.647451400756836,2.5482709407806396,3.488028049468994
2017,1,37.12166846005478,80.02682220013621,8953.796,1354.0,1.1630486249923706,90.0,37.62982177734375,17.902921676635742,1.3907228708267212,7.977334499359131,10.466814994812012,0.0667254701256752,0.0667254701256752,0.0,386.9776306152344,0.4924171566963196,0.4924171566963196,0.15002048015594482,0.12879103422164917,1.408616065979004,0.08889125287532806,18.427507400512695,1.4388035535812378,1.802489161491394,0.05078589916229248,0.05755440890789032,282.23480224609375,215.9734344482422,0.2615494132041931,0.26965567469596863,0.01873144321143627,0.053107671439647675,18.98702621459961,0.05881613492965698,-0.5058119297027588,0.355636864900589,0.9209539294242859,0.05769607052206993,0.0671292096376419,0.0,516.3607177734375,0.08357734233140945,0.0974544957280159,0.057934511452913284,0.026075271889567375,19.857276916503906,0.05911315605044365,13.955694198608398,1.2073246240615845,2.213597059249878,0.07725876569747925,0.08023436367511749,0.0,483.58697509765625,0.5073801279067993,0.5738035440444946,0.2800661623477936,0.17875075340270996,1.5557069778442383,0.031384263187646866,23.027950286865234,2.4768192768096924,2.98468279838562,0.08076487481594086,0.08076487481594086,0.0,529.580078125,0.23724116384983063,0.23724116384983063,0.0715198665857315,0.07278671860694885,12.333609580993652,0.04247354343533516,25.21809959411621,2.652503252029419,3.61136531829834
2017,1,38.69174023647833,77.4892592681465,8955.267,1189.0,2.201869487762451,327.3564758300781,21.666715621948242,27.336177825927734,1.3931243419647217,6.987861633300781,13.180928230285645,0.11011535674333572,0.11011535674333572,0.0,427.43719482421875,0.5640208721160889,0.5640208721160889,0.19522550702095032,0.13069428503513336,0.4171943664550781,0.15557299554347992,20.354150772094727,1.5423929691314697,2.1422998905181885,0.06631499528884888,0.07677596807479858,243.89718627929688,245.6294403076172,0.26371893286705017,0.26371893286705017,-0.07780046761035919,0.050938114523887634,37.69268035888672,0.1893840730190277,0.013223419897258282,0.29753634333610535,1.0016762018203735,0.10342983156442642,0.1169370785355568,0.0,557.2160034179688,0.1477585881948471,0.15993180871009827,0.008725539781153202,0.038771871477365494,18.565196990966797,0.1503925323486328,15.059891700744629,1.188790202140808,2.3377954959869385,0.1297658383846283,0.1350531131029129,0.0,521.5645141601562,0.5052492618560791,0.6052569150924683,0.3116890788078308,0.20125457644462585,0.5914579629898071,0.11911644786596298,24.83640480041504,2.6527605056762695,3.153607130050659,0.14000901579856873,0.14000901579856873,0.0,565.864501953125,0.5961482524871826,0.6305142045021057,0.3128502368927002,0.20678047835826874,5.602755546569824,0.12407198548316956,26.9459285736084,2.77370548248291,3.704230308532715
2017,1,37.98728253385285,77.38065340288877,8959.441,1302.0,0.9274099469184875,-0.0,33.13086700439453,23.605636596679688,1.366236686706543,7.680555820465088,9.859203338623047,0.08954917639493942,0.08954917639493942,0.0,357.38836669921875,0.1409633904695511,0.1409633904695511,0.009532623924314976,0.037209685891866684,3.229677438735962,0.17370818555355072,17.01849365234375,1.1381243467330933,1.516436219215393,0.054903291165828705,0.06978444010019302,396.74822998046875,157.5723419189453,0.3159595727920532,0.33631736040115356,0.11079413443803787,0.07518789917230606,47.6467170715332,0.15952782332897186,-1.8257701396942139,0.2674447000026703,0.8775611519813538,0.07163998484611511,0.08676832169294357,3.8751230239868164,420.5075378417969,0.24719756841659546,0.24719756841659546,0.1580260694026947,0.10575363785028458,28.043973922729492,0.1562485545873642,11.260334968566895,0.8868505358695984,1.8608191013336182,0.10617755353450775,0.11167235672473907,0.0,444.60723876953125,0.4092930853366852,0.4092930853366852,0.25661563873291016,0.15150752663612366,2.751441717147827,0.09194929152727127,21.171772003173828,2.0823283195495605,2.5208404064178467,0.11758410185575485,0.11758410185575485,0.0,485.2117919921875,0.4440152049064636,0.5816898345947266,0.15262533724308014,0.12867991626262665,15.300347328186035,0.10432171821594238,23.105323791503906,2.1334493160247803,2.9771342277526855
2017,1,38.60469412481401,77.47255101649924,8965.809,1196.0,3.0222179889678955,336.8995361328125,26.357934951782227,27.296112060546875,1.3700000047683716,7.065661907196045,14.086467742919922,0.10722437500953674,0.10722437500953674,0.0,422.47900390625,0.5216637849807739,0.5216637849807739,0.1706283837556839,0.15132373571395874,0.641882061958313,0.16665522754192352,20.1180477142334,1.4963617324829102,2.082078218460083,0.06567678600549698,0.0766456201672554,249.3629913330078,242.52398681640625,0.3129282593727112,0.3629184365272522,0.10062161833047867,0.07399938255548477,37.87790298461914,0.19439835846424103,-0.05220611393451691,0.29643985629081726,1.0002096891403198,0.10277722775936127,0.11656404286623001,0.0,550.2939453125,0.14711910486221313,0.1598350554704666,0.010232328437268734,0.038577862083911896,19.390485763549805,0.16031908988952637,14.872810363769531,1.1717722415924072,2.316941261291504,0.12870177626609802,0.1336030513048172,0.0,517.0875244140625,0.481555700302124,0.5904217958450317,0.30350106954574585,0.18299108743667603,0.7645079493522644,0.1264127939939499,24.62321662902832,2.613163948059082,3.1035501956939697,0.13714246451854706,0.13714246451854706,0.0,560.4526977539062,0.37328168749809265,0.41433876752853394,0.12587891519069672,0.12434300780296326,6.372572898864746,0.13205523788928986,26.68822479248047,2.716012477874756,3.646345853805542
2017,1,38.062471895816046,77.42781731473107,8967.316,1274.0,0.0,-0.0,28.39858627319336,23.457168579101562,1.3986045122146606,7.4214959144592285,11.919999122619629,0.09277061372995377,0.09277061372995377,0.0,371.1579895019531,0.14514504373073578,0.14514504373073578,0.005747856572270393,0.038240931928157806,2.321791172027588,0.17237842082977295,17.6741886138916,1.2038133144378662,1.61822509765625,0.05678132176399231,0.07071865350008011,355.8554382324219,174.3673553466797,0.26742199063301086,0.31732049584388733,0.013722497038543224,0.06747470796108246,45.269649505615234,0.1647283434867859,-1.3854053020477295,0.2742886543273926,0.9070693254470825,0.07794659584760666,0.09300795942544937,2.0013558864593506,449.4058532714844,0.3802028298377991,0.38020893931388855,0.19454853236675262,0.1251724362373352,25.617862701416016,0.15612433850765228,12.092013359069824,0.9467121958732605,1.9638102054595947,0.11088961362838745,0.1161283403635025,0.0,461.0044250488281,0.3485904633998871,0.3485904633998871,0.21398624777793884,0.12582817673683167,1.977848768234253,0.09772832691669464,21.952592849731445,2.193437337875366,2.6389334201812744,0.12120773643255234,0.12120773643255234,0.0,501.94085693359375,0.315624862909317,0.3715193569660187,0.07416339963674545,0.10108742862939835,12.743886947631836,0.10838275402784348,23.901947021484375,2.252061128616333,3.120089292526245
2017,1,38.56669812473759,77.45314946781569,8967.945,1200.0,9.404474258422852,90.0,28.820125579833984,26.283859252929688,1.3831266164779663,7.296064376831055,13.531977653503418,0.10545427352190018,0.10545427352190018,0.0,418.6565856933594,0.591415286064148,0.591415286064148,0.22332948446273804,0.13609378039836884,0.9096652865409851,0.17143182456493378,19.93602752685547,1.4679220914840698,2.0427491664886475,0.06503932923078537,0.07650212943553925,257.0290832519531,238.94561767578125,0.24932463467121124,0.34094712138175964,0.02714763954281807,0.056154508143663406,38.407501220703125,0.19622549414634705,-0.13804185390472412,0.29502785205841064,0.9954469203948975,0.10156930983066559,0.11551161110401154,0.0,543.570556640625,0.1456252634525299,0.15867939591407776,0.014147431589663029,0.03822584077715874,20.280229568481445,0.164921835064888,14.691095352172852,1.155922532081604,2.2929153442382812,0.1275617927312851,0.13232025504112244,0.0,513.1278686523438,0.5387334823608398,0.6440823674201965,0.34151574969291687,0.20498265326023102,0.9535995721817017,0.1286582052707672,24.434659957885742,2.581214427947998,3.067026138305664,0.1353682577610016,0.1353682577610016,0.0,555.9986572265625,0.5945708751678467,0.670356273651123,0.2931055426597595,0.20190000534057617,7.14658260345459,0.13489587604999542,26.476125717163086,2.6746487617492676,3.6012046337127686
2017,1,38.1899442176309,77.47632341599045,8995.578,1235.0,2.358799934387207,270.0,27.529129028320312,23.95440101623535,1.376029133796692,7.099999904632568,13.235519409179688,0.09738767892122269,0.09738767892122269,0.0,390.0061950683594,0.15126344561576843,0.15126344561576843,0.0018041369039565325,0.039668381214141846,1.3031967878341675,0.17289511859416962,18.57172393798828,1.2981760501861572,1.7689268589019775,0.05985914543271065,0.0724632516503334,305.97528076171875,199.2742462158203,0.3231191039085388,0.3519130051136017,0.07053571939468384,0.07985442131757736,41.94453048706055,0.17484499514102936,-0.8145116567611694,0.2834659516811371,0.9468689560890198,0.08735675364732742,0.10216428339481354,0.46674844622612,488.73419189453125,0.47754034399986267,0.4783337712287903,0.23485729098320007,0.16047930717468262,22.531261444091797,0.15856146812438965,13.196417808532715,1.031474232673645,2.1055819988250732,0.11764208227396011,0.12254588305950165,0.0,482.8729553222656,0.36177852749824524,0.36177852749824524,0.19797064363956451,0.1301485002040863,1.1812654733657837,0.10918810963630676,22.99394989013672,2.348212957382202,2.8040902614593506,0.12637032568454742,0.12637032568454742,0.0,524.3549194335938,0.39094600081443787,0.4186258316040039,0.10516928881406784,0.11479916423559189,9.648953437805176,0.11766393482685089,24.969282150268555,2.4174089431762695,3.3162448406219482
2017,1,38.38910104798096,77.38819820187122,9008.395,1210.0,2.1991872787475586,32.5341682434082,32.5341682434082,22.015518188476562,1.4236481189727783,7.699999809265137,12.23500919342041,0.09848222136497498,0.09848222136497498,0.0,396.7215881347656,0.15281565487384796,0.15281565487384796,0.003735159756615758,0.03958304971456528,2.1292686462402344,0.17812860012054443,18.891504287719727,1.3398691415786743,1.8472741842269897,0.06119656562805176,0.07466024160385132,308.5780029296875,211.8613739013672,0.24376635253429413,0.24376635253429413,-0.07013952732086182,0.04725269600749016,42.032867431640625,0.18973729014396667,-0.7382949590682983,0.28522422909736633,0.9545451998710632,0.09148994833230972,0.1059822365641594,0.7845040559768677,500.1450500488281,0.13282674551010132,0.1474183052778244,0.04184888303279877,0.03558991104364395,24.273290634155273,0.16961106657981873,13.496231079101562,1.0586966276168823,2.1357369422912598,0.11994785815477371,0.12471628934144974,0.0,488.7680969238281,0.1640392690896988,0.1703517735004425,0.02135915495455265,0.04799499362707138,1.8306212425231934,0.1215527355670929,23.27467155456543,2.3992061614990234,2.8684916496276855,0.12795743346214294,0.12795743346214294,0.0,530.2626953125,0.3987031579017639,0.455707848072052,0.15522155165672302,0.12924812734127045,10.88453197479248,0.13055561482906342,25.2506046295166,2.4670519828796387,3.3629560470581055
2017,1,37.28066662631749,79.7134009052916,9018.461,1326.0,1.8543341159820557,180.0,34.68520736694336,16.84711265563965,1.382338523864746,8.0,12.499458312988281,0.06820044666528702,0.06820044666528702,0.0,403.0201721191406,0.5905236005783081,0.6773555278778076,0.23337073624134064,0.16308681666851044,0.9245775938034058,0.08128853887319565,19.191436767578125,1.5217467546463013,1.9089607000350952,0.04883871227502823,0.056573864072561264,264.11883544921875,239.07591247558594,0.22774294018745422,0.2682963013648987,0.007315718103200197,0.05692743510007858,15.83576774597168,0.05706411227583885,-0.19116728007793427,0.36254891753196716,0.923633873462677,0.055702101439237595,0.06486894935369492,0.0,547.9939575195312,0.08022941648960114,0.0937570184469223,0.03781711682677269,0.025105539709329605,15.363269805908203,0.055761463940143585,14.810647010803223,1.2875040769577026,2.3213798999786377,0.07674378156661987,0.07999006658792496,0.0,504.547607421875,0.5663847923278809,0.6133988499641418,0.3151434063911438,0.18717290461063385,1.1213061809539795,0.031944576650857925,24.026077270507812,2.6404314041137695,3.1731395721435547,0.08189933001995087,0.08189933001995087,0.0,550.65966796875,0.330822229385376,0.37084561586380005,0.12040974944829941,0.09051565080881119,10.77815055847168,0.04166525602340698,26.22188949584961,2.8249685764312744,3.823544979095459
2017,1,38.36565509464193,77.35801454684042,9026.972,1215.0,2.3645126819610596,90.0,30.167808532714844,24.401182174682617,1.3800129890441895,7.524362087249756,12.722100257873535,0.09677696973085403,0.09677696973085403,0.0,390.3316955566406,0.6031319499015808,0.6031319499015808,0.29244089126586914,0.18436011672019958,2.619446039199829,0.17824412882328033,18.58722496032715,1.3081769943237305,1.7976123094558716,0.06007429584860802,0.0742211788892746,327.4424743652344,203.58465576171875,0.19652441143989563,0.19652441143989563,0.039996787905693054,0.03152654320001602,43.3881721496582,0.1874789446592331,-0.9454795122146606,0.28190678358078003,0.9401115775108337,0.0882471427321434,0.10282616317272186,1.2069048881530762,486.4337463378906,0.12862244248390198,0.14356490969657898,0.05257267504930496,0.03471286594867706,25.736530303955078,0.16986410319805145,13.114238739013672,1.0288053750991821,2.084108591079712,0.11757118999958038,0.12244684249162674,0.0,481.174560546875,0.16136004030704498,0.16785995662212372,0.022720398381352425,0.04718293249607086,2.194122076034546,0.11821088939905167,22.913074493408203,2.3454158306121826,2.812601327896118,0.12611791491508484,0.12611791491508484,0.0,522.4326171875,0.31311920285224915,0.38787105679512024,0.07650499045848846,0.09131167829036713,12.227169036865234,0.12812814116477966,24.877744674682617,2.408757209777832,3.292497396469116
2017,1,38.24599957697377,77.43212926544975,9032.742,1228.0,2.3606176376342773,270.0,34.729774475097656,26.998327255249023,1.3692924976348877,7.400000095367432,14.259467124938965,0.09703494608402252,0.09703494608402252,0.0,389.1808776855469,0.15086132287979126,0.15086132287979126,0.0034814951941370964,0.03939404338598251,1.832615852355957,0.17526021599769592,18.53242301940918,1.2980300188064575,1.7739768028259277,0.05993218347430229,0.07306931912899017,317.0023193359375,199.9866943359375,0.2098703533411026,0.24615706503391266,0.10698956251144409,0.045599550008773804,42.535316467285156,0.17921125888824463,-0.8932489156723022,0.28247010707855225,0.9426247477531433,0.08741259574890137,0.10211113095283508,1.0923393964767456,486.0135803222656,0.3536558449268341,0.4937436878681183,0.22044257819652557,0.12601757049560547,23.753612518310547,0.16276952624320984,13.105978965759277,1.0273518562316895,2.0921733379364014,0.11738189309835434,0.1222982406616211,0.0,481.0901794433594,0.31523022055625916,0.31523022055625916,0.2398160696029663,0.1056467741727829,1.6171655654907227,0.11253515630960464,22.909055709838867,2.340566635131836,2.799708843231201,0.12610076367855072,0.12610076367855072,0.0,522.5039672851562,0.36425626277923584,0.45502999424934387,0.12679052352905273,0.11317671090364456,10.729279518127441,0.1216205433011055,24.881139755249023,2.4075138568878174,3.2993552684783936
2017,1,44.25303297011285,88.23293262339898,9033.958,535.0,2.5880377292633057,270.0,37.683921813964844,25.06151580810547,1.3300000429153442,8.245577812194824,16.26245880126953,0.11051077395677567,0.11051077395677567,0.20800240337848663,374.06427001953125,0.12170311063528061,0.12964871525764465,-0.09623928368091583,0.036908213049173355,20.68199920654297,0.07014654576778412,17.80267906188965,1.4158869981765747,2.381161689758301,0.005975580774247646,0.04722912609577179,837.5601196289062,27.34140968322754,-0.03095194697380066,0.2511156499385834,0.7741386294364929,-0.02872098609805107,29.97431182861328,0.21558530628681183,-6.184875965118408,0.1550997644662857,0.3529399335384369,0.08966205269098282,0.10843484103679657,4.307219505310059,354.17852783203125,0.14400571584701538,0.1677284836769104,-0.017512286081910133,0.036643367260694504,27.13433837890625,0.1094670370221138,9.455981254577637,0.6671326160430908,1.6643989086151123,0.13992971181869507,0.1473493129014969,0.0,451.99267578125,0.21339894831180573,0.221370130777359,-0.001174458651803434,0.05653161555528641,9.035013198852539,0.05706574022769928,21.523460388183594,2.074237823486328,3.354945659637451,0.1615929752588272,0.1615929752588272,0.0,548.3269653320312,0.4257948100566864,0.43871739506721497,0.2042623609304428,0.16777805984020233,24.394378662109375,0.066871277987957,26.110809326171875,2.529735803604126,3.800851821899414
2017,1,39.24070016716805,77.50084847178441,9034.77,1162.0,0.9274099469184875,180.0,17.67702865600586,32.76230239868164,1.360030174255371,6.400000095367432,13.586047172546387,0.12446382641792297,0.12446382641792297,0.0,446.1550598144531,0.47568508982658386,0.47568508982658386,0.1781390905380249,0.1454821676015854,0.27419179677963257,0.08581965416669846,21.245479583740234,1.768990397453308,2.422804355621338,0.06764061003923416,0.07694078236818314,249.01107788085938,248.3770751953125,0.18534576892852783,0.19617010653018951,0.006694803945720196,0.04033486172556877,39.92769241333008,0.15553858876228333,-0.004839685279875994,0.29741954803466797,0.9804527759552002,0.10060887038707733,0.11260680109262466,0.0,572.8843383789062,0.38524705171585083,0.38524705171585083,0.15078698098659515,0.11426561325788498,17.3609676361084,0.09051389992237091,15.48336124420166,1.2322746515274048,2.356865406036377,0.13137716054916382,0.1392839401960373,0.0,534.6354370117188,0.2740998864173889,0.2740998864173889,0.13362477719783783,0.09603001922369003,0.35389506816864014,0.06659375131130219,25.458831787109375,2.791264772415161,3.3576765060424805,0.15409070253372192,0.15409070253372192,0.0,584.1790161132812,0.3273245692253113,0.3910442292690277,0.14628003537654877,0.10814052820205688,4.035743236541748,0.06943680346012115,27.81804656982422,3.0147526264190674,3.9188356399536133
2017,1,39.502650058552724,76.77698476137432,9072.056,1204.0,2.5750551223754883,111.0965347290039,10.803031921386719,23.78407096862793,1.3799999952316284,7.199999809265137,9.392756462097168,0.13096390664577484,0.13096390664577484,0.04276285320520401,441.9251403808594,0.31725674867630005,0.3293420970439911,0.11542762070894241,0.07959136366844177,0.570215106010437,0.13106371462345123,21.042016983032227,1.7900261878967285,2.430734872817993,0.06802762299776077,0.07692805677652359,251.3065185546875,214.65626525878906,0.13139989972114563,0.25496476888656616,0.1841142624616623,0.05133318528532982,53.37408447265625,0.22641487419605255,-0.2797728180885315,0.285317987203598,1.0574564933776855,0.09883347153663635,0.11014026403427124,0.5934076309204102,537.6890869140625,0.2077026218175888,0.22170203924179077,0.04589729383587837,0.059216663241386414,23.546144485473633,0.16872654855251312,14.51609992980957,1.1126519441604614,2.215146780014038,0.13184799253940582,0.14100617170333862,0.02071233280003071,520.3333129882812,0.30274251103401184,0.3234052062034607,0.12346670031547546,0.09707646071910858,0.6342893242835999,0.11898732930421829,24.776790618896484,2.6622631549835205,3.2349636554718018,0.16049937903881073,0.16049937903881073,0.0,575.1551513671875,0.23831678926944733,0.2639201283454895,0.07528383284807205,0.08231458067893982,3.4423441886901855,0.12056497484445572,27.388341903686523,2.9572863578796387,3.8306186199188232
2017,1,39.45306485483841,76.60963023973744,9077.515,1220.0,2.7802884578704834,180.0,19.072702407836914,22.862430572509766,1.3799999952316284,6.735856533050537,14.70528507232666,0.12814778089523315,0.12814778089523315,0.0,433.7287902832031,0.5910434722900391,0.7736203670501709,0.3415851294994354,0.17206379771232605,1.088263988494873,0.14985036849975586,20.653751373291016,1.7325998544692993,2.347806453704834,0.06683135032653809,0.07669473439455032,262.6189270019531,201.651611328125,0.27325454354286194,0.36554181575775146,0.1506410390138626,0.09060855209827423,56.57908248901367,0.2428964078426361,-0.4653994143009186,0.2808363139629364,1.063470482826233,0.09614824503660202,0.10769130289554596,0.0,518.3355712890625,0.26169824600219727,0.39697951078414917,0.06176246702671051,0.06829798966646194,26.442869186401367,0.1927877515554428,14.009068489074707,1.0598437786102295,2.1439476013183594,0.12954281270503998,0.1385515183210373,0.0,510.4593505859375,0.49812400341033936,0.5036496520042419,0.18821892142295837,0.14582808315753937,1.0494779348373413,0.13313034176826477,24.307588577270508,2.5752928256988525,3.1389293670654297,0.15762117505073547,0.15762117505073547,0.0,564.9558715820312,0.21065738797187805,0.21065738797187805,0.09563702344894409,0.06314384937286377,4.8562164306640625,0.1358635127544403,26.902660369873047,2.8611080646514893,3.723240375518799
2017,1,39.25875952643451,88.89346372154698,9082.523,910.0,2.3943111896514893,270.0,41.54893493652344,31.54694175720215,1.383550763130188,8.054607391357422,10.481164932250977,0.04419604688882828,0.04419604688882828,0.5549079775810242,361.6312255859375,0.06052502617239952,0.06052502617239952,-0.06620721518993378,0.016857260838150978,9.008500099182129,0.049674876034259796,17.194108963012695,1.5446401834487915,2.097175121307373,0.03684405982494354,0.039469167590141296,566.423095703125,160.92364501953125,0.271369993686676,0.38090795278549194,0.07029718905687332,0.09348313510417938,16.98963165283203,0.04573819413781166,-3.0954155921936035,0.3206336200237274,0.7372819185256958,0.0393771193921566,0.04036228358745575,21.349851608276367,431.689208984375,0.22027985751628876,0.22027985751628876,0.05990373343229294,0.08012180775403976,16.23691749572754,0.03743566945195198,11.090252876281738,1.145582914352417,1.882705807685852,0.04249423369765282,0.04273804649710655,0.9725840091705322,407.3692932128906,0.2655434310436249,0.2655434310436249,0.03554138168692589,0.0808606669306755,1.55958092212677,0.029534747824072838,19.352224349975586,2.130298614501953,2.8525099754333496,0.046048350632190704,0.046048350632190704,0.0,491.3352966308594,0.4366358518600464,0.4521682560443878,0.1861548125743866,0.14943327009677887,8.908507347106934,0.03361198306083679,23.39691925048828,2.526705503463745,3.158529758453369
2017,1,37.85091876453741,77.51055147567672,9085.998,1359.0,1.8543341159820557,-0.0,35.078392028808594,21.426889419555664,1.384865403175354,7.599999904632568,10.480998992919922,0.08995294570922852,0.08995294570922852,0.0,362.1067199707031,0.6491222381591797,0.6491222381591797,0.2447187453508377,0.14185388386249542,1.6410396099090576,0.16248144209384918,17.24317741394043,1.1463418006896973,1.5073108673095703,0.053823865950107574,0.06767895817756653,355.4355163574219,156.05348205566406,0.21323540806770325,0.21402636170387268,-0.10141580551862717,0.03191419318318367,46.08032989501953,0.14491736888885498,-1.5220003128051758,0.2716972231864929,0.8924394249916077,0.07066388428211212,0.08625724911689758,0.0,432.61175537109375,0.2568443715572357,0.28045085072517395,0.08434244990348816,0.08406621962785721,24.876279830932617,0.14178283512592316,11.69221019744873,0.9029998183250427,1.9065569639205933,0.10636787116527557,0.11173136532306671,0.0,452.9009704589844,0.14853598177433014,0.1557074785232544,0.0066183931194245815,0.044100869446992874,1.2497652769088745,0.07820960879325867,21.566713333129883,2.1173667907714844,2.551208972930908,0.11776623874902725,0.11776623874902725,0.0,493.4757385253906,0.7221777439117432,0.782023549079895,0.3426019549369812,0.2534928321838379,12.016026496887207,0.08878462761640549,23.498844146728516,2.173821210861206,3.0412020683288574
2017,1,39.451985752383486,76.62256609189349,9086.234,1222.0,1.2009965181350708,90.0,20.404165267944336,22.35236930847168,1.3700000047683716,7.045104503631592,13.337047576904297,0.12810592353343964,0.12810592353343964,0.0,433.8589172363281,0.32771551609039307,0.34692129492759705,0.10703928768634796,0.08371785283088684,1.0892536640167236,0.14856378734111786,20.659948348999023,1.7333804368972778,2.349013090133667,0.0668192207813263,0.07669209688901901,262.8706359863281,202.20535278320312,0.13239546120166779,0.16685059666633606,0.1691885143518448,0.03355713561177254,56.36605453491211,0.24136577546596527,-0.46309369802474976,0.28101590275764465,1.0617425441741943,0.09612932056188583,0.10767624527215958,0.0,518.9388427734375,0.17731398344039917,0.22799351811408997,0.08070734888315201,0.046866029500961304,26.340824127197266,0.1909715235233307,14.025375366210938,1.0620017051696777,2.146090269088745,0.1295216828584671,0.13852588832378387,0.0,510.7207946777344,0.23911944031715393,0.24125973880290985,0.1425226330757141,0.0652509555220604,1.047210931777954,0.13180018961429596,24.320037841796875,2.577988862991333,3.1419332027435303,0.1575794368982315,0.1575794368982315,0.0,565.1538696289062,0.21060435473918915,0.21060435473918915,0.095583975315094,0.0631285235285759,4.873945236206055,0.13455143570899963,26.91208839416504,2.8631176948547363,3.7254867553710938
2017,1,37.94874698254897,77.28229009275081,9092.758,1325.0,1.176018476486206,90.0,32.59073257446289,21.981563568115234,1.378709316253662,7.699999809265137,10.56204605102539,0.08557877689599991,0.08557877689599991,0.0,339.8569641113281,0.13596831262111664,0.13596831262111664,0.016393223777413368,0.03580162301659584,4.866886138916016,0.17902010679244995,16.183664321899414,1.061082124710083,1.4044631719589233,0.053134702146053314,0.06942469626665115,459.6231994628906,139.076416015625,0.1980983018875122,0.31440722942352295,0.035366080701351166,0.05093609169125557,50.834510803222656,0.15846513211727142,-2.4469218254089355,0.2582261264324188,0.8380796909332275,0.06464316695928574,0.07962954789400101,7.596925258636475,382.95916748046875,0.2740415334701538,0.3869965672492981,0.1324770450592041,0.09803231060504913,31.94048500061035,0.1613101214170456,10.144925117492676,0.8132767677307129,1.7267184257507324,0.10050305724143982,0.10633859783411026,0.0,422.71380615234375,0.3807236850261688,0.3807236850261688,0.2566857933998108,0.14316341280937195,4.212375640869141,0.0902043804526329,20.129228591918945,1.9431298971176147,2.3755321502685547,0.11315269768238068,0.11315269768238068,0.0,462.96502685546875,0.6369463801383972,0.7190230488777161,0.30236443877220154,0.20188525319099426,19.46035385131836,0.1052091047167778,22.04595375061035,1.984067678451538,2.7912511825561523
2017,1,37.81615561272475,77.36071230297776,9120.631,1404.0,2.9897263050079346,231.69198608398438,34.327579498291016,21.86333656311035,1.3943617343902588,7.70978307723999,10.24335765838623,0.0852857232093811,0.0852857232093811,0.0,338.2489929199219,0.6209848523139954,0.6209848523139954,0.2619263827800751,0.19125929474830627,3.973588466644287,0.1732427477836609,16.107093811035156,1.0430608987808228,1.3636585474014282,0.05215000361204147,0.06778565049171448,444.52593994140625,132.50994873046875,0.2665872275829315,0.3217163681983948,0.03730238229036331,0.05897916853427887,50.421714782714844,0.14730976521968842,-2.3818013668060303,0.25858259201049805,0.8393270969390869,0.06248212605714798,0.0778113305568695,6.031671524047852,381.4515075683594,0.1324383020401001,0.1324383020401001,0.08950211852788925,0.05756280943751335,30.20285415649414,0.1519288271665573,10.146482467651367,0.8046637177467346,1.7261526584625244,0.09964509308338165,0.10550130158662796,0.0,422.6597595214844,0.1412981003522873,0.14914558827877045,0.02294626273214817,0.04194004461169243,3.4130427837371826,0.0801449865102768,20.12665557861328,1.9294137954711914,2.3540706634521484,0.11263671517372131,0.11263671517372131,0.0,462.8719177246094,0.7339437007904053,0.7695397138595581,0.3580303192138672,0.24047648906707764,17.83799171447754,0.09434354305267334,22.041521072387695,1.9722315073013306,2.788130283355713
2017,1,38.3349318883837,77.296572593425,9123.158,1232.0,2.5385639667510986,291.4150390625,35.52009963989258,22.365215301513672,1.3792575597763062,7.900000095367432,10.93101692199707,0.09372558444738388,0.09372558444738388,0.0,378.9222106933594,0.446287602186203,0.446287602186203,0.2176690399646759,0.1537521332502365,3.584724187850952,0.17898908257484436,18.043914794921875,1.2525300979614258,1.7115637063980103,0.058140769600868225,0.07357555627822876,362.9233093261719,189.22463989257812,0.2238789200782776,0.25011998414993286,0.07880760729312897,0.04097504913806915,45.869415283203125,0.18439951539039612,-1.3259440660476685,0.2758794128894806,0.9139184355735779,0.08258716762065887,0.09729050099849701,2.124473810195923,461.7839660644531,0.22507983446121216,0.22507983446121216,0.1579500138759613,0.09690746665000916,28.53040885925293,0.17116452753543854,12.423229217529297,0.9755893349647522,1.9909040927886963,0.11335618793964386,0.1184241846203804,0.0,467.447509765625,0.37011778354644775,0.37011778354644775,0.2603801488876343,0.1288100779056549,2.9235920906066895,0.11309532076120377,22.2594051361084,2.2494471073150635,2.7135043144226074,0.1228424459695816,0.1228424459695816,0.0,508.2836608886719,0.3606925904750824,0.4911532998085022,0.16755767166614532,0.10029345005750656,14.79748821258545,0.1247357502579689,24.203983306884766,2.3045010566711426,3.165480613708496
2017,1,41.41147974200657,86.25834457670997,9145.083,887.0,0.9274099469184875,-0.0,44.52498245239258,12.561349868774414,1.399999976158142,7.960348129272461,11.552608489990234,0.10730208456516266,0.10730208456516266,0.0,420.11163330078125,0.5355351567268372,0.5355351567268372,0.18854352831840515,0.14778204262256622,20.620763778686523,0.06852182000875473,20.00531578063965,1.4869871139526367,2.1121339797973633,0.054054420441389084,0.059031110256910324,302.05218505859375,150.6422119140625,0.25645625591278076,0.33100759983062744,-0.021617243066430092,0.0657166987657547,22.583572387695312,0.08181088417768478,-1.1558011770248413,0.27145540714263916,0.6982368230819702,0.05840578302741051,0.06448917090892792,0.0,469.2195129394531,0.20841388404369354,0.20841388404369354,-0.03728914260864258,0.052683889865875244,20.53778076171875,0.06780045479536057,12.681608200073242,1.0093134641647339,1.623342514038086,0.08539104461669922,0.09641269594430923,0.0,481.5249328613281,0.12809105217456818,0.14928464591503143,-0.015255661681294441,0.0325804129242897,2.258749485015869,0.04941148683428764,22.929759979248047,2.258697509765625,3.0234920978546143,0.11286555975675583,0.11286555975675583,0.0,553.3570556640625,0.4758449196815491,0.4758449196815491,0.12185933440923691,0.12361466884613037,13.111881256103516,0.05925198644399643,26.3503360748291,2.535051107406616,3.5920944213867188
2017,1,38.44273065635075,77.29818678800635,9173.585,1212.0,2.5418412685394287,248.61395263671875,31.731487274169922,26.259544372558594,1.3918346166610718,7.699999809265137,11.797955513000488,0.0959387868642807,0.0959387868642807,0.0,389.4866638183594,0.6757146716117859,0.6757146716117859,0.3262317180633545,0.20873218774795532,3.266541004180908,0.17920546233654022,18.546985626220703,1.3047161102294922,1.7957079410552979,0.05953485518693924,0.07474853098392487,337.4303283691406,202.96646118164062,0.21718858182430267,0.23887795209884644,-0.00148242327850312,0.04345407709479332,44.53400421142578,0.19174911081790924,-1.0264418125152588,0.2806241810321808,0.9343187808990479,0.08750564604997635,0.10211808979511261,0.7301193475723267,483.05780029296875,0.12744510173797607,0.14242593944072723,0.06044011190533638,0.03429858386516571,27.653942108154297,0.17412538826465607,13.035882949829102,1.0196651220321655,2.0622055530548096,0.11685368418693542,0.12171512842178345,0.0,479.4830017089844,0.16050612926483154,0.16707390546798706,0.02490648254752159,0.046729378402233124,2.6039321422576904,0.11963320523500443,22.8325252532959,2.332444667816162,2.805220127105713,0.12547549605369568,0.12547549605369568,0.0,520.4823608398438,0.33462420105934143,0.4245286285877228,0.10253966599702835,0.09449516236782074,13.589938163757324,0.13038969039916992,24.784875869750977,2.3912878036499023,3.2664895057678223
2017,1,38.009649384736925,77.47820961573606,9180.598,1294.0,3.64629864692688,284.7156066894531,32.699466705322266,22.775646209716797,1.398054838180542,7.57943058013916,10.115017890930176,0.09325069934129715,0.09325069934129715,0.0,373.194091796875,0.14564679563045502,0.14564679563045502,0.003255709307268262,0.038556721061468124,1.6647244691848755,0.16890105605125427,17.771146774291992,1.2077382802963257,1.6172887086868286,0.05659961700439453,0.07003480195999146,339.1239013671875,174.28599548339844,0.2883000671863556,0.3459661900997162,0.060699962079524994,0.06482309103012085,44.59672546386719,0.15986773371696472,-1.2583045959472656,0.27589327096939087,0.9138070940971375,0.07805333286523819,0.09329536557197571,0.6801251173019409,454.6223449707031,0.34854722023010254,0.41283878684043884,0.1886412501335144,0.11993271112442017,24.240306854248047,0.1511024683713913,12.268708229064941,0.954282820224762,1.9844439029693604,0.11138435453176498,0.11657800525426865,0.0,464.4305725097656,0.40037673711776733,0.40037673711776733,0.25466617941856384,0.1390199363231659,1.3869669437408447,0.09341918677091599,22.115741729736328,2.209035873413086,2.6520683765411377,0.12166306376457214,0.12166306376457214,0.0,505.3998718261719,0.5330927968025208,0.5819644927978516,0.1908821314573288,0.13536307215690613,11.365547180175781,0.10330212861299515,24.066659927368164,2.2700493335723877,3.1477103233337402
2017,1,37.074504548212474,80.12842281763898,9192.056,1354.0,2.3237009048461914,90.0,37.34393310546875,19.243377685546875,1.4049874544143677,8.0,13.11757755279541,0.06633036583662033,0.06633036583662033,0.0,383.1425476074219,0.41835910081863403,0.41835910081863403,0.10078048706054688,0.09475575387477875,1.5202335119247437,0.09000366926193237,18.244884490966797,1.4188232421875,1.7792869806289673,0.05145291984081268,0.05770235136151314,284.6618957519531,210.41403198242188,0.1858464479446411,0.21648286283016205,-0.03515131026506424,0.04354608431458473,19.836406707763672,0.05891675129532814,-0.5667774081230164,0.3546915650367737,0.925743043422699,0.05800715088844299,0.06748990714550018,0.0,509.3239440917969,0.08408719301223755,0.09813691675662994,0.061897993087768555,0.026270490139722824,21.105323791503906,0.05946490541100502,13.765511512756348,1.1885207891464233,2.1894617080688477,0.07753833383321762,0.08050409704446793,0.0,478.6156005859375,0.5835338830947876,0.636714518070221,0.31311026215553284,0.2133226841688156,1.6255109310150146,0.031138256192207336,22.79121971130371,2.436577320098877,2.9380943775177,0.08077693730592728,0.08077693730592728,0.0,524.4465942382812,0.3533399999141693,0.3533399999141693,0.1513967216014862,0.1103600561618805,12.642998695373535,0.04251275584101677,24.97364616394043,2.6090972423553467,3.5604147911071777
2017,1,38.18670691026611,77.2852509358503,9205.83,1268.0,3.6436245441436768,40.303794860839844,32.99363708496094,21.295757293701172,1.3804776668548584,7.5804243087768555,9.841047286987305,0.09035687148571014,0.09035687148571014,0.0,363.1008605957031,0.14213404059410095,0.14213404059410095,0.011780382134020329,0.03701586648821831,4.1604413986206055,0.17904938757419586,17.290517807006836,1.1749720573425293,1.5874272584915161,0.056060757488012314,0.07194585353136063,402.7413635253906,168.9222412109375,0.1602223962545395,0.19496116042137146,0.04547221213579178,0.04143056273460388,47.98385238647461,0.17431141436100006,-1.7848787307739258,0.2686450779438019,0.8828072547912598,0.07526955753564835,0.0900934636592865,4.26163387298584,429.7002868652344,0.20444655418395996,0.21001051366329193,0.12195340543985367,0.0660528689622879,30.088165283203125,0.16756151616573334,11.49834156036377,0.9092428088188171,1.8823009729385376,0.10810140520334244,0.11347691714763641,0.0,449.2707824707031,0.3301437497138977,0.3301437497138977,0.23752520978450775,0.10910244286060333,3.4778695106506348,0.1039421334862709,21.39384651184082,2.124711275100708,2.5765490531921387,0.11887148767709732,0.11887148767709732,0.0,489.843994140625,0.4431300461292267,0.5225895643234253,0.19125188887119293,0.1419813334941864,16.801986694335938,0.11701703816652298,23.325904846191406,2.1736297607421875,3.0121467113494873
2017,1,37.874097171813226,77.39817321092777,9211.483,1359.0,3.01759672164917,337.10650634765625,36.70000076293945,19.200000762939453,1.366451621055603,8.0,11.23302936553955,0.08765348792076111,0.08765348792076111,0.0,349.0788269042969,0.4377306401729584,0.4377306401729584,0.19680152833461761,0.14702849090099335,3.2305378913879395,0.17127574980258942,16.622802734375,1.092844009399414,1.4392414093017578,0.05335518345236778,0.06838472187519073,410.56805419921875,144.9272918701172,0.29094231128692627,0.3505275845527649,0.002544517396017909,0.060825977474451065,48.70046615600586,0.15062344074249268,-2.027791976928711,0.2639480531215668,0.8623287081718445,0.06706007570028305,0.08241111040115356,4.037169933319092,404.0926818847656,0.3114498257637024,0.4654199182987213,0.1799691766500473,0.1070927083492279,28.399065017700195,0.15118655562400818,10.812311172485352,0.8498684763908386,1.8049830198287964,0.10316845029592514,0.10881291329860687,0.0,435.7286071777344,0.3490990996360779,0.3490990996360779,0.2154160439968109,0.11868658661842346,2.732064962387085,0.08334284275770187,20.748981475830078,2.0149035453796387,2.4453983306884766,0.11534881591796875,0.11534881591796875,0.0,476.1338806152344,0.5826054811477661,0.6997075080871582,0.2265426367521286,0.1865067183971405,15.791271209716797,0.09620025753974915,22.67304229736328,2.0630171298980713,2.89833927154541
2017,1,38.42682950199416,77.28956288656899,9229.256,1211.0,1.503624677658081,51.9248046875,29.009056091308594,24.81678581237793,1.3935210704803467,7.800000190734863,10.701730728149414,0.09526945650577545,0.09526945650577545,0.0,386.7777099609375,0.14848749339580536,0.14848749339580536,0.007137702312320471,0.038274139165878296,3.431999921798706,0.17922590672969818,18.417985916137695,1.291312336921692,1.7745102643966675,0.05910094082355499,0.07452471554279327,344.9483947753906,199.4583282470703,0.24631892144680023,0.2621122896671295,0.055236220359802246,0.056360527873039246,45.02922439575195,0.1904846876859665,-1.1106113195419312,0.2792818546295166,0.9285005927085876,0.0861719399690628,0.10081607103347778,0.9731546640396118,477.3662109375,0.12573225796222687,0.14085844159126282,0.06452199816703796,0.033954232931137085,28.14012908935547,0.17394515872001648,12.875487327575684,1.007468581199646,2.04154896736145,0.11588477343320847,0.12079428136348724,0.0,476.307373046875,0.15941856801509857,0.16606229543685913,0.025380827486515045,0.04641501605510712,2.7342395782470703,0.11813864856958389,22.681303024291992,2.3101673126220703,2.7815964221954346,0.12473193556070328,0.12473193556070328,0.0,517.2266845703125,0.2724173069000244,0.34587451815605164,0.06895117461681366,0.08364780247211456,14.071882247924805,0.12922844290733337,24.629840850830078,2.3674216270446777,3.23797345161438
2017,1,38.58744632193928,77.26827513813983,9230.606,1208.0,1.5057008266448975,308.0133056640625,27.4510498046875,25.36246681213379,1.3799999952316284,7.591468811035156,13.336652755737305,0.09889667481184006,0.09889667481184006,0.0,396.1039123535156,0.6130998730659485,0.6130998730659485,0.24923178553581238,0.1668301820755005,3.2473416328430176,0.17043770849704742,18.862091064453125,1.357909083366394,1.868818998336792,0.060138460248708725,0.07531505823135376,329.72198486328125,207.56289672851562,0.26161766052246094,0.2824086546897888,0.01639717072248459,0.05765699967741966,44.96186065673828,0.19241882860660553,-0.932512104511261,0.28188759088516235,0.9403403997421265,0.08877367526292801,0.10313042998313904,0.0,492.05712890625,0.12874455749988556,0.1431116759777069,0.05945548042654991,0.034520912915468216,27.699188232421875,0.169503316283226,13.298840522766113,1.0378625392913818,2.08443284034729,0.11831037700176239,0.1235026866197586,0.0,485.4397888183594,0.41416457295417786,0.41416457295417786,0.2672268748283386,0.15079182386398315,2.5179169178009033,0.11607368290424347,23.116180419921875,2.378843307495117,2.8659372329711914,0.12859909236431122,0.12859909236431122,0.0,527.3529663085938,0.3686283528804779,0.4456154704093933,0.04931260645389557,0.11842650920152664,13.125266075134277,0.12630586326122284,25.112045288085938,2.455172538757324,3.3296620845794678
2017,1,38.47291431138153,77.29818678800635,9241.423,1221.0,1.5042201280593872,51.94257736206055,32.1284294128418,24.639902114868164,1.3899999856948853,7.699999809265137,11.118175506591797,0.09654076397418976,0.09654076397418976,0.0,392.38226318359375,0.7305564880371094,0.7305564880371094,0.3717278242111206,0.21236345171928406,3.1839866638183594,0.17927351593971252,18.68486976623535,1.3190280199050903,1.8188139200210571,0.05991422384977341,0.07507485151290894,330.5048522949219,206.73777770996094,0.2756028473377228,0.28122398257255554,0.06612395495176315,0.05449729412794113,44.175445556640625,0.19380080699920654,-0.9447868466377258,0.2819179892539978,0.9398797750473022,0.08885177969932556,0.10343938320875168,0.3444254398345947,488.8764343261719,0.12913696467876434,0.14396747946739197,0.05711422860622406,0.03460926190018654,27.42723846435547,0.1749713122844696,13.203567504882812,1.0317071676254272,2.081631898880005,0.11780936270952225,0.12261398136615753,0.0,482.776123046875,0.4148751199245453,0.4148751199245453,0.2749854028224945,0.1489630788564682,2.5192832946777344,0.12144176661968231,22.98933982849121,2.355149507522583,2.8303604125976562,0.12619419395923615,0.12619419395923615,0.0,523.8184814453125,0.35848933458328247,0.4327821135520935,0.10443220287561417,0.10625879466533661,13.268407821655273,0.1319616585969925,24.94373893737793,2.415001153945923,3.2940454483032227
2017,1,37.077737396476216,79.9103995307318,9267.403,1401.0,3.9439806938171387,118.00763702392578,39.630043029785156,14.935667991638184,1.399999976158142,8.0,11.664454460144043,0.06422450393438339,0.06422450393438339,0.0,378.0776062011719,0.49836623668670654,0.49836623668670654,0.10086311399936676,0.10764135420322418,1.5087957382202148,0.09992122650146484,18.00369644165039,1.3811293840408325,1.7380874156951904,0.0489145964384079,0.05700972303748131,293.90771484375,205.5897674560547,0.20960386097431183,0.2860300540924072,-0.03383013233542442,0.04496043175458908,20.45403480529785,0.06503988057374954,-0.6741827726364136,0.348557710647583,0.9063817262649536,0.05351565405726433,0.06186358258128166,0.0,499.7611999511719,0.07824523746967316,0.0907122790813446,0.07848243415355682,0.024646161124110222,20.312278747558594,0.06539231538772583,13.507059097290039,1.1655161380767822,2.1405653953552246,0.07309185713529587,0.07609231024980545,0.0,473.6296081542969,0.5747764706611633,0.5879074335098267,0.2992416322231293,0.19665640592575073,1.8525781631469727,0.035205572843551636,22.553791046142578,2.4004533290863037,2.9053146839141846,0.07713785022497177,0.07713785022497177,0.0,519.2044677734375,0.3859994113445282,0.3859994113445282,0.18757952749729156,0.12200131267309189,13.673553466796875,0.04777282476425171,24.724023818969727,2.563369035720825,3.505648612976074
2017,1,38.42089889759308,77.3833511590261,9274.49,1208.0,2.541172504425049,68.60803985595703,28.15463638305664,25.717267990112305,1.4006507396697998,7.592962265014648,12.768198013305664,0.09896630793809891,0.09896630793809891,0.0,399.058837890625,0.5214684009552002,0.5214684009552002,0.1937512904405594,0.11485128104686737,2.1208324432373047,0.17854250967502594,19.0028018951416,1.3520525693893433,1.8676741123199463,0.06155184283852577,0.0750143826007843,304.1672058105469,215.18551635742188,0.25018343329429626,0.2575802803039551,0.01989850215613842,0.0465371236205101,41.78063201904297,0.192016139626503,-0.6792495846748352,0.28620216250419617,0.958766758441925,0.09266560524702072,0.10711716115474701,0.5855093002319336,504.7355041503906,0.13429033756256104,0.14873337745666504,0.039839401841163635,0.03584878519177437,24.205074310302734,0.17084777355194092,13.625675201416016,1.0685440301895142,2.1507949829101562,0.12074029445648193,0.1254635751247406,0.0,491.3157043457031,0.16492564976215363,0.1711805909872055,0.021641215309500694,0.04821143299341202,1.8149482011795044,0.12357842177152634,23.395986557006836,2.417609691619873,2.8892550468444824,0.1285453885793686,0.1285453885793686,0.0,532.8462524414062,0.4861246645450592,0.6100673675537109,0.20971401035785675,0.1367509514093399,10.736519813537598,0.1324482560157776,25.37363052368164,2.48612117767334,3.3844552040100098
2017,1,39.5212445099456,76.76890041116442,9274.495,1204.0,0.9274099469184875,-0.0,12.35228157043457,25.375822067260742,1.3867480754852295,7.0,11.484007835388184,0.129957914352417,0.129957914352417,0.35839203000068665,434.49578857421875,0.4727898836135864,0.5721602439880371,0.21077197790145874,0.12991838157176971,1.307867169380188,0.1359557807445526,20.67321014404297,1.7598224878311157,2.3916563987731934,0.06712296605110168,0.07639623433351517,286.68829345703125,210.28628540039062,0.2674769461154938,0.3870546519756317,0.18366795778274536,0.06686463207006454,54.935428619384766,0.2294785976409912,-0.5832214951515198,0.28099194169044495,1.0416810512542725,0.097602479159832,0.10895947366952896,4.9771223068237305,527.23779296875,0.29044216871261597,0.3852810561656952,0.06129104271531105,0.0788312777876854,24.392131805419922,0.17313089966773987,14.115153312683105,1.0922348499298096,2.1776208877563477,0.13109396398067474,0.1403125673532486,0.173704594373703,511.1912841796875,0.40250590443611145,0.4038920998573303,0.17633725702762604,0.11885051429271698,0.9389262795448303,0.12440574914216995,24.334169387817383,2.61564564704895,3.1821463108062744,0.15975557267665863,0.15975557267665863,0.0,566.4993896484375,0.4293522238731384,0.45518243312835693,0.18039390444755554,0.14809489250183105,4.63722562789917,0.12568260729312897,26.97616195678711,2.9067180156707764,3.7683358192443848
2017,1,38.46940945795352,77.48683351717344,9288.804,1207.0,2.199894428253174,327.43695068359375,31.178499221801758,26.789146423339844,1.3899999856948853,7.5,12.832911491394043,0.10432489216327667,0.10432489216327667,0.0,417.87646484375,0.5397980809211731,0.5397980809211731,0.1969808042049408,0.14876440167427063,0.5512181520462036,0.1789056360721588,19.898880004882812,1.4471423625946045,2.017322301864624,0.06524425745010376,0.07629133015871048,248.4685516357422,240.25489807128906,0.379299521446228,0.4251638352870941,0.172233447432518,0.10198590904474258,37.375938415527344,0.19824793934822083,-0.06269964575767517,0.2962161898612976,1.0025293827056885,0.10269642621278763,0.11680926382541656,0.02561238780617714,545.6242065429688,0.14735600352287292,0.1606767773628235,0.006966897286474705,0.038626424968242645,19.325035095214844,0.16963812708854675,14.745908737182617,1.1599124670028687,2.309138059616089,0.12803739309310913,0.132463276386261,0.0,513.6832885742188,0.17319346964359283,0.17887872457504272,0.018171235918998718,0.05078458786010742,0.7228023409843445,0.13431979715824127,24.461111068725586,2.5795607566833496,3.0554580688476562,0.13421298563480377,0.13421298563480377,0.0,556.0419311523438,0.21425169706344604,0.2770175039768219,0.041747041046619415,0.06213010475039482,6.502065658569336,0.1402936726808548,26.478187561035156,2.663013458251953,3.598740577697754
2017,1,38.25057907375566,77.09849486552989,9303.664,1290.0,2.19797682762146,327.515380859375,28.515409469604492,24.310649871826172,1.3693989515304565,7.240739345550537,14.782853126525879,0.08460533618927002,0.08460533618927002,0.0,343.3772277832031,0.38750317692756653,0.38750317692756653,0.16467784345149994,0.10811071842908859,6.729304790496826,0.1838938146829605,16.351295471191406,1.0843249559402466,1.4560482501983643,0.052811820060014725,0.07199005782604218,479.0693664550781,146.67518615722656,0.23299787938594818,0.264745831489563,0.09406643360853195,0.05104498937726021,53.29685974121094,0.17736680805683136,-2.537360191345215,0.2570631504058838,0.8324811458587646,0.06595484912395477,0.08084648847579956,6.335615158081055,385.06829833984375,0.08107087016105652,0.08107087016105652,0.06088126450777054,0.03611511364579201,37.12739944458008,0.177385613322258,10.236018180847168,0.8143435120582581,1.7048755884170532,0.10067740082740784,0.10636969655752182,0.0,424.1471862792969,0.2441190630197525,0.2441190630197525,0.1424805372953415,0.08282678574323654,5.428797245025635,0.10098667442798615,20.197484970092773,1.9550001621246338,2.4089748859405518,0.11297012865543365,0.11297012865543365,0.0,463.82928466796875,0.45110023021698,0.5546160340309143,0.16234451532363892,0.1262401044368744,23.02260971069336,0.11804110556840897,22.087108612060547,1.9854742288589478,2.7740941047668457
2017,1,42.9656548231746,89.08507129381354,9312.075,80.0,4.6273674964904785,180.0,46.746585845947266,16.16478157043457,1.399999976158142,7.922391414642334,21.727256774902344,0.0892658680677414,0.0892658680677414,0.0,389.5444030761719,0.648050844669342,0.6668812036514282,0.3092205226421356,0.2095348834991455,20.079431533813477,0.07588975876569748,18.549734115600586,1.5011651515960693,2.1565914154052734,0.03453488647937775,0.044825710356235504,384.5859680175781,119.7350845336914,0.13757222890853882,0.3267286717891693,-0.03887203708291054,0.026803551241755486,15.358691215515137,0.08527577668428421,-2.0217626094818115,0.2926851809024811,0.658105731010437,0.06668810546398163,0.07759863138198853,0.7316976189613342,410.7981262207031,0.22210656106472015,0.22210656106472015,-0.013878410682082176,0.06333548575639725,25.047441482543945,0.08391963690519333,11.082876205444336,0.9241478443145752,1.7115116119384766,0.11821095645427704,0.1304008513689041,0.0,439.5738220214844,0.40907278656959534,0.5327298641204834,0.1267530769109726,0.12562565505504608,11.0338134765625,0.0724659189581871,20.932086944580078,1.972196102142334,3.015465497970581,0.1448703408241272,0.1448703408241272,0.0,540.0000610351562,0.505153238773346,0.531119167804718,0.21879012882709503,0.1807967722415924,26.85768699645996,0.07907640933990479,25.714290618896484,2.563593626022339,3.4675512313842773
2017,1,37.10064379858777,79.75436220756856,9332.6,1399.0,1.4871265888214111,128.57508850097656,37.45644760131836,18.19382095336914,1.3658039569854736,7.911277770996094,12.488557815551758,0.06332792341709137,0.06332792341709137,0.0,377.5101318359375,0.5432546138763428,0.5432546138763428,0.19155190885066986,0.130853533744812,1.441334843635559,0.10416177660226822,17.976673126220703,1.3722548484802246,1.7301404476165771,0.047328218817710876,0.0565352737903595,296.58905029296875,206.05535888671875,0.2174435257911682,0.31354159116744995,-0.02309993840754032,0.05233000963926315,20.359323501586914,0.06802162528038025,-0.6910970211029053,0.3461875021457672,0.8960879445075989,0.0509534515440464,0.05868130177259445,0.0,498.8027648925781,0.0748245045542717,0.0864172950387001,0.08458761125802994,0.02368507906794548,19.306432723999023,0.06808263808488846,13.481155395507812,1.163834810256958,2.128871202468872,0.0707060694694519,0.07375296205282211,0.0,473.7285461425781,0.6311588287353516,0.6890037059783936,0.32882750034332275,0.22606001794338226,1.9183409214019775,0.03739584609866142,22.558502197265625,2.40283465385437,2.91265606880188,0.07536705583333969,0.07536705583333969,0.0,519.201171875,0.43985435366630554,0.43985435366630554,0.1983209252357483,0.13538716733455658,14.014930725097656,0.05041007697582245,24.723865509033203,2.56203031539917,3.504497528076172
2017,1,41.31715637742303,83.12520181251676,9335.506,973.0,2.468261241912842,270.0,26.45992660522461,25.399805068969727,1.3936423063278198,7.800000190734863,17.268905639648438,0.1120852679014206,0.1120852679014206,0.0,423.509521484375,0.6976222395896912,0.6976222395896912,0.34120139479637146,0.23202791810035706,2.594043731689453,0.056061163544654846,20.1671199798584,1.5792205333709717,2.1646976470947266,0.0588831789791584,0.06911983340978622,328.9884338378906,128.971923828125,0.18144746124744415,0.26782071590423584,0.05464461073279381,0.041866302490234375,20.470760345458984,0.08813943713903427,-1.5268436670303345,0.2686443030834198,0.6132476329803467,0.06512884050607681,0.07703197747468948,0.0,492.29644775390625,0.692880392074585,0.692880392074585,0.3985443711280823,0.24156078696250916,18.73832130432129,0.0729178637266159,13.305309295654297,1.0476188659667969,1.7919803857803345,0.09381011128425598,0.10503753274679184,0.0,498.0512390136719,0.6363756060600281,0.6363756060600281,0.4170743525028229,0.26938027143478394,0.9656244516372681,0.05165259167551994,23.716724395751953,2.454608678817749,3.2051703929901123,0.12524616718292236,0.12524616718292236,0.0,554.5633544921875,0.3240378201007843,0.3240378201007843,0.06369464099407196,0.10250693559646606,11.040894508361816,0.0682830810546875,26.407777786254883,2.6658153533935547,3.723478078842163
2017,1,37.87598337155884,77.28309719004149,9336.178,1394.0,4.383072376251221,327.6481628417969,39.22871780395508,18.225706100463867,1.3587427139282227,7.629276275634766,11.341083526611328,0.08417383581399918,0.08417383581399918,0.0,332.9820556640625,0.1341538429260254,0.1341538429260254,0.01770295947790146,0.03545179218053818,5.0567474365234375,0.1789279729127884,15.856287956237793,1.0272618532180786,1.3499398231506348,0.05226457864046097,0.0686534196138382,476.1163024902344,130.18710327148438,0.2529238760471344,0.36154526472091675,-0.008303345181047916,0.05822886899113655,51.65776824951172,0.15359552204608917,-2.6406807899475098,0.2551685869693756,0.8249537944793701,0.06148653104901314,0.07652478665113449,8.568016052246094,369.17572021484375,0.21968530118465424,0.29412731528282166,0.1018330380320549,0.06338126957416534,32.44326400756836,0.15929649770259857,9.746153831481934,0.7849344611167908,1.6810200214385986,0.09825671464204788,0.10422854125499725,0.0,414.8898010253906,0.3787229657173157,0.3787229657173157,0.24440136551856995,0.1428089439868927,4.414492130279541,0.08600470423698425,19.756656646728516,1.8894835710525513,2.315983295440674,0.11146484315395355,0.11146484315395355,0.0,455.0484924316406,0.726143479347229,0.7637304663658142,0.3444238305091858,0.26528388261795044,20.209156036376953,0.10155942291021347,21.668975830078125,1.9281408786773682,2.7262797355651855
2017,1,37.189308563934496,79.91929097823237,9350.342,1318.0,2.189009666442871,32.11372756958008,35.77505111694336,21.37429428100586,1.3799999952316284,7.983314037322998,9.254424095153809,0.06764135509729385,0.06764135509729385,0.0,393.8630676269531,0.44527575373649597,0.44527575373649597,0.12282155454158783,0.1122758761048317,1.229064702987671,0.08504553884267807,18.75538444519043,1.4762710332870483,1.8475537300109863,0.050269268453121185,0.05735435709357262,275.4335632324219,225.54287719726562,0.3135458827018738,0.36889874935150146,0.053395938128232956,0.0863325297832489,17.615646362304688,0.05747050419449806,-0.3808448314666748,0.35864296555519104,0.9206103086471558,0.057749420404434204,0.06726454198360443,0.0,529.4564819335938,0.08341868221759796,0.09733237326145172,0.04841657355427742,0.025981314480304718,18.12665367126465,0.05729150027036667,14.309635162353516,1.2410982847213745,2.26082181930542,0.0776137262582779,0.08064373582601547,0.0,492.30413818359375,0.5896558165550232,0.5896558165550232,0.3503873646259308,0.21044747531414032,1.3826026916503906,0.031068965792655945,23.44305419921875,2.5455777645111084,3.062727928161621,0.08152548223733902,0.08152548223733902,0.0,538.487548828125,0.2830110192298889,0.33743488788604736,0.08960744738578796,0.08103557676076889,11.633598327636719,0.04148858040571213,25.64226531982422,2.726926565170288,3.700756072998047
2017,1,37.42915915049829,79.5630221813652,9359.247,1301.0,2.980189085006714,128.45327758789062,33.165489196777344,23.268110275268555,1.356171727180481,7.699999809265137,11.980649948120117,0.07093866914510727,0.07093866914510727,0.0,423.13690185546875,0.39654412865638733,0.5710809826850891,0.09721778333187103,0.10811164975166321,0.40693309903144836,0.0658533051609993,20.149375915527344,1.6322858333587646,2.0515546798706055,0.04868100583553314,0.0557643361389637,235.436767578125,266.5030822753906,0.28814366459846497,0.3433401882648468,0.0678674653172493,0.08043789863586426,12.303706169128418,0.05090924724936485,0.23714736104011536,0.37500250339508057,0.949036717414856,0.05590943992137909,0.06543844193220139,0.0,588.4763793945312,0.07954198867082596,0.09381864219903946,0.004788655787706375,0.02496274560689926,11.395913124084473,0.04775043949484825,15.904766082763672,1.3874123096466064,2.468688726425171,0.07915592938661575,0.08278173208236694,0.0,529.941650390625,0.46036916971206665,0.5030628442764282,0.2737957537174225,0.15768301486968994,0.45394158363342285,0.02989639900624752,25.235315322875977,2.8340671062469482,3.3904504776000977,0.08584798127412796,0.08584798127412796,0.0,576.0609741210938,0.30460330843925476,0.35076603293418884,0.08197414875030518,0.10201787948608398,8.380036354064941,0.037363450974226,27.431476593017578,3.0316243171691895,4.081881999969482
2017,1,37.147807710430065,80.12869036370219,9360.819,1331.0,2.188673496246338,32.099693298339844,36.620174407958984,22.432632446289062,1.3742656707763672,7.599999904632568,13.351551055908203,0.0685528889298439,0.0685528889298439,0.0,392.7991943359375,0.38128039240837097,0.38128039240837097,0.08268729597330093,0.0805707648396492,1.3622174263000488,0.08109007030725479,18.704723358154297,1.4778249263763428,1.84470796585083,0.052286405116319656,0.05804731696844101,274.83380126953125,222.50962829589844,0.18111802637577057,0.21772991120815277,-0.04582513868808746,0.03997061774134636,18.037233352661133,0.0542445033788681,-0.3994210958480835,0.36046668887138367,0.9307339787483215,0.06103917211294174,0.07131880521774292,0.0,527.0023193359375,0.08790691941976547,0.10286110639572144,0.043658796697854996,0.02723114937543869,19.743133544921875,0.054623741656541824,14.243307113647461,1.234303593635559,2.2624504566192627,0.08043324947357178,0.08336178958415985,0.0,489.9104919433594,0.4218168556690216,0.45359089970588684,0.18356743454933167,0.1249125599861145,1.3628009557724,0.02846101112663746,23.329071044921875,2.5254530906677246,3.0341994762420654,0.08340120315551758,0.08340120315551758,0.0,536.2442016601562,0.34550365805625916,0.34550365805625916,0.16893984377384186,0.11010939627885818,11.418900489807129,0.03851468116044998,25.535438537597656,2.7105660438537598,3.6792638301849365
2017,1,37.347771638070796,79.79182311551857,9383.407,1308.0,1.4901114702224731,51.51642990112305,36.133331298828125,19.504981994628906,1.3799517154693604,7.900000095367432,10.335680961608887,0.07101556658744812,0.07101556658744812,0.0,414.1058654785156,0.6187384724617004,0.7370688319206238,0.25104519724845886,0.1717342883348465,0.7697100043296814,0.06914691627025604,19.719327926635742,1.591443657875061,1.987187147140503,0.05052291601896286,0.057083919644355774,250.71658325195312,252.48617553710938,0.28221604228019714,0.3079317510128021,-0.018128957599401474,0.07400259375572205,13.913365364074707,0.05044493451714516,0.013508256524801254,0.37044399976730347,0.9369396567344666,0.059980522841215134,0.070271797478199,0.0,568.6206665039062,0.08563658595085144,0.10057812184095383,0.014368965290486813,0.02652917429804802,14.334919929504395,0.04897299036383629,15.368125915527344,1.339927315711975,2.4091293811798096,0.08102283626794815,0.08424735814332962,0.0,517.2494506835938,0.5825374126434326,0.646697461605072,0.31315702199935913,0.20041823387145996,0.77695232629776,0.028015974909067154,24.63092803955078,2.7387702465057373,3.2774362564086914,0.0857260674238205,0.0857260674238205,0.0,563.8741455078125,0.43386733531951904,0.4988274574279785,0.17714092135429382,0.1446409374475479,9.226680755615234,0.03605007380247116,26.85114860534668,2.938180923461914,3.9575936794281006
2017,1,38.36942749413315,77.45476366239704,9403.982,1214.0,0.9274099469184875,-0.0,32.797813415527344,20.529821395874023,1.398813247680664,7.8189544677734375,11.423728942871094,0.10070447623729706,0.10070447623729706,0.0,404.0128173828125,0.6632213592529297,0.6632213592529297,0.33912038803100586,0.1838240623474121,1.2236899137496948,0.177043154835701,19.238706588745117,1.374772071838379,1.8992701768875122,0.06257931143045425,0.07476545125246048,281.9602355957031,220.67860412597656,0.2851119935512543,0.3147846460342407,0.09516435861587524,0.05771280825138092,39.999473571777344,0.1893516182899475,-0.46779870986938477,0.2894849181175232,0.9731455445289612,0.0951981320977211,0.10961221903562546,0.37439993023872375,516.6458129882812,0.13775689899921417,0.1519918292760849,0.025732185691595078,0.03671198710799217,21.663597106933594,0.16661401093006134,13.953280448913574,1.0949337482452393,2.2023050785064697,0.12280882894992828,0.12746652960777283,0.0,497.9033508300781,0.16727745532989502,0.1733541339635849,0.018193939700722694,0.04908148944377899,1.1763339042663574,0.12369608879089355,23.70968246459961,2.463087797164917,2.931565284729004,0.13022319972515106,0.13022319972515106,0.0,539.767578125,0.3182290196418762,0.3945479094982147,0.09091642498970032,0.09690552949905396,8.657971382141113,0.13124895095825195,25.703218460083008,2.538036584854126,3.451911211013794
2017,1,38.86718356742617,77.50246712546681,9414.197,1184.0,2.203448534011841,147.29237365722656,19.682828903198242,25.559114456176758,1.399999976158142,7.400000095367432,12.625171661376953,0.11486837267875671,0.11486837267875671,0.0,434.3135986328125,0.5632455348968506,0.5632455348968506,0.23488913476467133,0.18383090198040009,0.28774160146713257,0.1328398585319519,20.68160057067871,1.6198567152023315,2.2393829822540283,0.0668821707367897,0.07682512700557709,243.10369873046875,247.70777893066406,0.3225680887699127,0.3738163113594055,0.0997566506266594,0.08021262288093567,38.11716079711914,0.1782488226890564,0.03514569625258446,0.2980743646621704,0.9965264201164246,0.10287978500127792,0.11586874723434448,0.0,564.2516479492188,0.14658071100711823,0.15784013271331787,0.011637191288173199,0.03861626237630844,17.883546829223633,0.13061337172985077,15.250044822692871,1.2076678276062012,2.3522520065307617,0.13048414885997772,0.136597141623497,0.0,526.8397827148438,0.4499743580818176,0.5205323696136475,0.27502724528312683,0.16735132038593292,0.4585781693458557,0.10238222777843475,25.087610244750977,2.7054898738861084,3.227565288543701,0.14464817941188812,0.14464817941188812,0.0,572.85595703125,0.3259960412979126,0.3731505870819092,0.11740341037511826,0.1153222918510437,4.883403301239014,0.10651232302188873,27.27885627746582,2.86011004447937,3.7841708660125732
2017,1,37.97057428220558,77.26827513813983,9414.457,1320.0,1.497815728187561,51.75043869018555,33.38694763183594,22.96735382080078,1.384417176246643,7.699999809265137,9.883732795715332,0.08555426448583603,0.08555426448583603,0.0,339.9817199707031,0.13595673441886902,0.13595673441886902,0.016870344057679176,0.035737521946430206,5.024769306182861,0.17981675267219543,16.189605712890625,1.0630229711532593,1.4093308448791504,0.053219784051179886,0.06966584175825119,462.2672119140625,139.83807373046875,0.23631401360034943,0.34294143319129944,-0.027469461783766747,0.05605311319231987,50.96761703491211,0.1601540893316269,-2.4612910747528076,0.2580839693546295,0.837485671043396,0.06485632807016373,0.0798017680644989,7.765388011932373,382.8770751953125,0.19657231867313385,0.23590141534805298,0.05847281962633133,0.06896492093801498,32.29304504394531,0.1627826690673828,10.138153076171875,0.8136553764343262,1.725152850151062,0.10055572539567947,0.10638809204101562,0.0,422.5810852050781,0.5045686960220337,0.5994089245796204,0.31161919236183167,0.15266399085521698,4.342178821563721,0.0915619432926178,20.122909545898438,1.9438152313232422,2.3775618076324463,0.11316891759634018,0.11316891759634018,0.0,462.8193054199219,0.7907638549804688,0.8389200568199158,0.3962570130825043,0.31849780678749084,19.761150360107422,0.10672775655984879,22.03901481628418,1.9842004776000977,2.7896695137023926
2017,1,38.9515363820542,77.7291098547103,9459.783,1173.0,1.5104901790618896,232.12863159179688,20.97361946105957,27.044782638549805,1.419278860092163,7.0,13.083348274230957,0.10821117460727692,0.10821117460727692,0.0,441.30755615234375,0.4376789629459381,0.4376789629459381,0.16005343198776245,0.12984128296375275,0.2613324522972107,0.09735111892223358,21.014644622802734,1.7121515274047852,2.3383092880249023,0.064250148832798,0.0727083683013916,258.9186706542969,252.1241455078125,0.19358624517917633,0.20819301903247833,-0.005290885455906391,0.04495001956820488,33.58608627319336,0.14400635659694672,-0.05186653882265091,0.3073156774044037,0.9699608683586121,0.09259659051895142,0.10373666882514954,0.0,578.6439819335938,0.1317649781703949,0.14156167209148407,-0.008938685059547424,0.035015739500522614,15.318063735961914,0.09745655208826065,15.639026641845703,1.268807053565979,2.4321746826171875,0.11840953677892685,0.12506504356861115,0.0,535.3875122070312,0.44730719923973083,0.5182027816772461,0.2719297707080841,0.15850421786308289,0.37663984298706055,0.07398784905672073,25.49464225769043,2.804020881652832,3.3511669635772705,0.1350170373916626,0.1350170373916626,0.0,582.220458984375,0.27854856848716736,0.4139724671840668,0.13852688670158386,0.08188974857330322,4.322125434875488,0.07730753719806671,27.724782943725586,2.9872384071350098,3.922025442123413
2017,1,38.38532864848974,77.27420574254091,9461.351,1220.0,3.004117012023926,51.90887451171875,34.321319580078125,22.241628646850586,1.393674373626709,7.800000190734863,10.663261413574219,0.09383288025856018,0.09383288025856018,0.0,380.6803894042969,0.47475647926330566,0.47475647926330566,0.18451672792434692,0.11613941192626953,3.765963554382324,0.17934058606624603,18.12763786315918,1.2613716125488281,1.7271273136138916,0.05819382891058922,0.07399829477071762,361.588623046875,191.6460418701172,0.15536057949066162,0.18282897770404816,-0.008973832242190838,0.03427273780107498,46.05055618286133,0.18741941452026367,-1.2972716093063354,0.2763252258300781,0.915721595287323,0.08325037360191345,0.09795303642749786,1.63746976852417,464.6836242675781,0.12199744582176208,0.13743819296360016,0.07329870015382767,0.03321767970919609,29.092058181762695,0.17332544922828674,12.514760971069336,0.9806793928146362,1.9964895248413086,0.11376100033521652,0.11878233402967453,0.0,469.184326171875,0.15704260766506195,0.1638532131910324,0.026456529274582863,0.04574573412537575,3.011829376220703,0.11483985930681229,22.342111587524414,2.2607412338256836,2.728656530380249,0.12310837209224701,0.12310837209224701,0.0,509.9502868652344,0.2937946319580078,0.37924352288246155,0.07460138946771622,0.09719178825616837,15.074929237365723,0.12662550806999207,24.283348083496094,2.3147966861724854,3.1753506660461426
2017,1,37.30977563799438,79.83601726605926,9468.478,1310.0,0.9274099469184875,180.0,33.769039154052734,22.93560791015625,1.3820866346359253,7.697387218475342,12.844185829162598,0.0703607052564621,0.0703607052564621,0.0,409.34521484375,0.472036212682724,0.472036212682724,0.13106125593185425,0.11088042706251144,0.8915702104568481,0.07257485389709473,19.492630004882812,1.5652779340744019,1.9541071653366089,0.05062771216034889,0.05725407600402832,256.9508056640625,245.9771728515625,0.2440752387046814,0.25309550762176514,-0.0326058566570282,0.059966567903757095,14.777793884277344,0.05179306119680405,-0.08376829326152802,0.36771082878112793,0.9325335621833801,0.059900667518377304,0.070106141269207,0.0,559.188720703125,0.08573859184980392,0.100533626973629,0.021911628544330597,0.026558713987469673,15.330348014831543,0.05072522908449173,15.113208770751953,1.3163800239562988,2.3747806549072266,0.08051129430532455,0.08366124331951141,0.0,511.2459411621094,0.5414661169052124,0.614275336265564,0.2847304940223694,0.1922772228717804,0.9249026775360107,0.02845519594848156,24.34504508972168,2.692574977874756,3.2254862785339355,0.08488277345895767,0.08488277345895767,0.0,557.8314819335938,0.36516523361206055,0.4247852861881256,0.14581872522830963,0.11299490183591843,9.774686813354492,0.03700823709368706,26.563404083251953,2.888627529144287,3.8963537216186523
2017,1,37.29818643435647,79.60344393241469,9481.722,1321.0,1.1657741069793701,270.0,34.997779846191406,24.362306594848633,1.3703759908676147,7.900000095367432,12.650146484375,0.06756211817264557,0.06756211817264557,0.0,403.7964172363281,0.5847100615501404,0.6812845468521118,0.22870108485221863,0.16511835157871246,0.8302779197692871,0.08308060467243195,19.2283992767334,1.520958423614502,1.9138022661209106,0.04772411659359932,0.05601930618286133,262.3453369140625,241.1402130126953,0.21307267248630524,0.24224510788917542,-0.03673269599676132,0.05363190174102783,15.648550987243652,0.058827754110097885,-0.16187123954296112,0.3621565103530884,0.9229284524917603,0.0533498115837574,0.0619976744055748,0.0,550.3329467773438,0.07694657146930695,0.08988606184720993,0.03992247208952904,0.024239595979452133,14.469303131103516,0.05700711905956268,14.873863220214844,1.2927520275115967,2.32261061668396,0.07505957037210464,0.07843378931283951,0.0,506.264404296875,0.6035968065261841,0.6537414789199829,0.3366433084011078,0.2050604522228241,1.095024824142456,0.033538512885570526,24.10782814025879,2.6532082557678223,3.191113233566284,0.0809817984700203,0.0809817984700203,0.0,552.1321411132812,0.34818634390830994,0.36382144689559937,0.11032422631978989,0.10202990472316742,10.84349536895752,0.04344722256064415,26.292007446289062,2.834169864654541,3.83843994140625
2017,1,38.56858432448321,77.44721886341462,9487.597,1200.0,1.5054588317871094,128.0205078125,28.894393920898438,27.04186248779297,1.3799999952316284,7.199999809265137,13.683683395385742,0.10527310520410538,0.10527310520410538,0.0,417.96612548828125,0.45982247591018677,0.45982247591018677,0.17790834605693817,0.1283508688211441,0.9853043556213379,0.17123860120773315,19.903148651123047,1.4648563861846924,2.037728786468506,0.06488301604986191,0.07646393030881882,259.4033508300781,237.93435668945312,0.3637872636318207,0.4090627133846283,0.13833799958229065,0.09388086199760437,38.62459945678711,0.19602008163928986,-0.16388538479804993,0.29460132122039795,0.9936020970344543,0.10114724189043045,0.11509966105222702,0.0,541.9342041015625,0.14506541192531586,0.15815630555152893,0.015652971342206,0.038103703409433365,20.518184661865234,0.1649296134710312,14.646870613098145,1.152192234992981,2.2861926555633545,0.12726478278636932,0.13204315304756165,0.0,512.2584838867188,0.5170280933380127,0.6188324093818665,0.3469167649745941,0.19716870784759521,1.0038868188858032,0.12812665104866028,24.393259048461914,2.5749590396881104,3.060960054397583,0.13517962396144867,0.13517962396144867,0.0,555.1095581054688,0.27467525005340576,0.35334038734436035,0.03013494610786438,0.09612849354743958,7.3374152183532715,0.13448947668075562,26.433788299560547,2.6680636405944824,3.592869520187378
2017,1,37.320013734013095,79.6627321400213,9491.415,1323.0,3.0142269134521484,22.74102783203125,37.363121032714844,17.46826171875,1.3799999952316284,7.9461259841918945,11.541726112365723,0.06882666051387787,0.06882666051387787,0.0,408.04437255859375,0.5630788207054138,0.657457172870636,0.18685342371463776,0.16039526462554932,0.789510190486908,0.07774847745895386,19.43068504333496,1.5489414930343628,1.944169521331787,0.04867253080010414,0.05633985251188278,257.191650390625,246.01841735839844,0.2327355146408081,0.2662792205810547,-0.024429569020867348,0.06139681115746498,14.934404373168945,0.055748775601387024,-0.0852917805314064,0.36547476053237915,0.9289947748184204,0.05557568743824959,0.06478914618492126,0.0,558.0905151367188,0.07982145994901657,0.09346913546323776,0.02999044768512249,0.025001246482133865,14.281641960144043,0.0539642758667469,15.083527565002441,1.3125206232070923,2.357534646987915,0.07716865092515945,0.08051103353500366,0.0,510.9473876953125,0.633558452129364,0.653649091720581,0.34539100527763367,0.2463027983903885,0.9598380327224731,0.03159475326538086,24.330827713012695,2.689424753189087,3.22847843170166,0.08274944126605988,0.08274944126605988,0.0,557.060791015625,0.40235668420791626,0.47187453508377075,0.14515550434589386,0.13209806382656097,10.202482223510742,0.04078279808163643,26.526704788208008,2.877023458480835,3.88852596282959
2017,1,38.15948855743587,77.34696935353104,9517.277,1258.0,3.534226894378662,90.0,32.51023483276367,21.585554122924805,1.3863368034362793,7.4822821617126465,11.311653137207031,0.09203388541936874,0.09203388541936874,0.0,369.0828857421875,0.14430087804794312,0.14430087804794312,0.008987092413008213,0.03771885856986046,3.310218095779419,0.17683179676532745,17.575376510620117,1.2010395526885986,1.623632788658142,0.056882940232753754,0.07178382575511932,377.64678955078125,175.0552215576172,0.12772715091705322,0.13527321815490723,-0.0619494765996933,0.027094615623354912,46.396644592285156,0.17242929339408875,-1.546500563621521,0.27221786975860596,0.8982554078102112,0.07784482836723328,0.09270023554563522,3.301424741744995,443.3079833984375,0.2043050080537796,0.2043050080537796,0.11674345284700394,0.08322411775588989,27.880395889282227,0.16375140845775604,11.892069816589355,0.9371129274368286,1.9358373880386353,0.11025548726320267,0.1155298724770546,0.0,457.07452392578125,0.25961053371429443,0.25961053371429443,0.1951139122247696,0.09317144751548767,2.802513360977173,0.10370257496833801,21.765453338623047,2.175313711166382,2.6262481212615967,0.12059584259986877,0.12059584259986877,0.0,497.8884582519531,0.35683518648147583,0.4116232395172119,0.09999098628759384,0.1207580491900444,14.787206649780273,0.11551598459482193,23.708972930908203,2.2297239303588867,3.0841712951660156
2017,1,38.169463566492425,77.28740914076016,9530.216,1267.0,2.5335731506347656,291.4593811035156,35.736202239990234,22.150390625,1.3801926374435425,7.679315090179443,11.815187454223633,0.09010007232427597,0.09010007232427597,0.0,361.7705383300781,0.1418026238679886,0.1418026238679886,0.011982109397649765,0.03696112707257271,4.1753106117248535,0.1789606660604477,17.227169036865234,1.168325662612915,1.5765300989151,0.055895283818244934,0.0717703104019165,405.5938720703125,167.1531524658203,0.32408222556114197,0.4538348317146301,0.13537712395191193,0.10531040281057358,48.11479949951172,0.17317532002925873,-1.8201580047607422,0.26808273792266846,0.8803970217704773,0.07465439289808273,0.08949056267738342,4.447408199310303,427.08514404296875,0.2220129817724228,0.2220129817724228,0.13450613617897034,0.09133361279964447,30.128400802612305,0.16699552536010742,11.42264175415039,0.9038669466972351,1.873906135559082,0.10767367482185364,0.11307614296674728,0.0,447.7882080078125,0.3213348686695099,0.3213348686695099,0.2393599897623062,0.11135271191596985,3.5011870861053467,0.1030087098479271,21.3232479095459,2.11446213722229,2.5649631023406982,0.11855348944664001,0.11855348944664001,0.0,488.348876953125,0.6901562213897705,0.7105048894882202,0.3140881657600403,0.2516510486602783,16.903297424316406,0.1161649152636528,23.25470733642578,2.163053512573242,3.000077724456787
2017,1,39.71608938957697,76.88478352934138,9535.615,1188.0,2.5819642543792725,248.96267700195312,29.893770217895508,27.51692771911621,1.3801692724227905,6.615172386169434,20.364349365234375,0.11941682547330856,0.11941682547330856,3.7373979091644287,359.6619873046875,0.5422211289405823,0.6144015789031982,0.2479274719953537,0.1694611757993698,8.698436737060547,0.16717585921287537,16.94879150390625,1.4633445739746094,2.01062273979187,0.05764377862215042,0.07082368433475494,657.787109375,172.65846252441406,0.14858824014663696,0.20061129331588745,0.19562537968158722,0.03975332900881767,67.91970825195312,0.2394317090511322,-3.7032721042633057,0.23848819732666016,0.8558667302131653,0.08470376580953598,0.09658684581518173,51.3416633605957,427.3812255859375,0.3384394943714142,0.5257012844085693,0.11247512698173523,0.10673532634973526,31.494659423828125,0.19269311428070068,10.16323184967041,0.9107069969177246,1.8172471523284912,0.12319301813840866,0.13304486870765686,1.7943737506866455,420.2343444824219,0.300666481256485,0.5459766387939453,0.1543835550546646,0.10844627767801285,3.8613057136535645,0.16045184433460236,19.92571258544922,2.1731603145599365,2.681070327758789,0.1519617885351181,0.1519617885351181,0.0,479.7784118652344,0.38405218720436096,0.4818936288356781,0.1475353240966797,0.13903871178627014,17.127405166625977,0.15969602763652802,22.846590042114258,2.4167373180389404,3.161390781402588
2017,1,38.65051138813817,77.2804038930052,9547.652,1201.0,3.0225167274475098,156.88624572753906,24.77849006652832,27.730709075927734,1.3949096202850342,7.25478458404541,12.791058540344238,0.10156593471765518,0.10156593471765518,0.0,401.3307800292969,0.6956075429916382,0.6956075429916382,0.3265458941459656,0.21580028533935547,2.9011759757995605,0.16383354365825653,19.11098861694336,1.399233341217041,1.9249944686889648,0.060997724533081055,0.07550510764122009,319.82525634765625,211.64471435546875,0.2386801391839981,0.2565164864063263,0.053566351532936096,0.06270216405391693,44.55681610107422,0.19074486196041107,-0.8258057236671448,0.2835056781768799,0.9475927948951721,0.09026096016168594,0.10437676310539246,0.0,500.4325866699219,0.13054144382476807,0.14440105855464935,0.05478892847895622,0.03495531529188156,26.635419845581055,0.16390329599380493,13.525205612182617,1.0570400953292847,2.1134212017059326,0.11982747167348862,0.12527380883693695,0.0,490.5650939941406,0.4199661314487457,0.4199661314487457,0.27236106991767883,0.1537400335073471,2.2729172706604004,0.11318452656269073,23.36024284362793,2.4204626083374023,2.9147720336914062,0.13126666843891144,0.13126666843891144,0.0,533.3070678710938,0.348800390958786,0.4636586904525757,0.10979844629764557,0.10306157171726227,12.08017635345459,0.122585229575634,25.39557456970215,2.5121231079101562,3.390511989593506
2017,1,38.675031984831065,77.1858085232574,9557.788,1197.0,1.8543341159820557,-0.0,22.10454559326172,28.603050231933594,1.3777769804000854,6.934454917907715,13.306396484375,0.09911566972732544,0.09911566972732544,0.0,391.8150634765625,0.20916065573692322,0.20916065573692322,-0.06253209710121155,0.054485954344272614,3.9179959297180176,0.16300556063652039,18.657861709594727,1.3561372756958008,1.854889988899231,0.05890343710780144,0.07499365508556366,351.4489440917969,197.39796447753906,0.16162848472595215,0.1617257446050644,0.04037633538246155,0.048948775976896286,47.71090316772461,0.18987822532653809,-1.1759617328643799,0.27756425738334656,0.9248480796813965,0.08461784571409225,0.09887177497148514,0.0,477.66668701171875,0.12305847555398941,0.13741491734981537,0.07490955293178558,0.03332224488258362,29.957807540893555,0.1663426160812378,12.909910202026367,1.004213809967041,2.020465612411499,0.11584975570440292,0.12155794352293015,0.0,478.5167236328125,0.34769749641418457,0.4613661468029022,0.21084284782409668,0.11423332989215851,2.952888011932373,0.10778218507766724,22.786510467529297,2.332650661468506,2.8288729190826416,0.12871700525283813,0.12871700525283813,0.0,521.044189453125,0.32871729135513306,0.3693014681339264,0.11572528630495071,0.11629269272089005,14.633285522460938,0.11885450035333633,24.811628341674805,2.420222520828247,3.274919033050537
2017,1,38.021238588374835,77.38523735877172,9560.664,1289.0,2.195990800857544,32.40306091308594,31.93223762512207,24.27278709411621,1.3799999952316284,7.699999809265137,10.119141578674316,0.09043103456497192,0.09043103456497192,0.0,361.26751708984375,0.14212286472320557,0.14212286472320557,0.008791391737759113,0.037458375096321106,3.0750272274017334,0.17385703325271606,17.203216552734375,1.157515287399292,1.5476653575897217,0.05548419803380966,0.07019307464361191,387.1137390136719,162.7022705078125,0.28080907464027405,0.29321765899658203,-0.03286997973918915,0.06515415757894516,47.06418228149414,0.162011981010437,-1.7130646705627441,0.2692506015300751,0.8853641152381897,0.07352585345506668,0.08860807120800018,3.4796555042266846,428.4452819824219,0.25438961386680603,0.25438961386680603,0.1658748835325241,0.1103987842798233,27.581708908081055,0.15712614357471466,11.485557556152344,0.9036912322044373,1.8884168863296509,0.10751833766698837,0.11294090747833252,0.0,449.0505065917969,0.5061662793159485,0.6133910417556763,0.3386900722980499,0.17589198052883148,2.6187353134155273,0.09441666305065155,21.38335609436035,2.1135125160217285,2.5547492504119873,0.11860047280788422,0.11860047280788422,0.0,489.74163818359375,0.6750838756561279,0.7983896136283875,0.3353159427642822,0.24233439564704895,14.776533126831055,0.10641100257635117,23.321029663085938,2.166398048400879,3.0157651901245117
2017,1,42.86729151303664,90.3465777364397,9562.787,400.0,3.704791784286499,180.0,45.61547088623047,22.80794906616211,1.3938664197921753,8.0,18.521821975708008,0.05678420513868332,0.05678420513868332,0.0,407.19976806640625,0.41368749737739563,0.5462888479232788,0.08419457077980042,0.12139735370874405,14.337754249572754,0.04462374001741409,19.390466690063477,1.6598644256591797,2.558126926422119,0.03384074568748474,0.042211003601551056,374.5484619140625,148.65191650390625,0.14771121740341187,0.27754414081573486,-0.12556973099708557,0.028683550655841827,12.576754570007324,0.0528055876493454,-1.7244011163711548,0.3084099292755127,0.7677537798881531,0.05151207745075226,0.055926110595464706,0.45454636216163635,456.7610168457031,0.1652713119983673,0.17687399685382843,-0.14408491551876068,0.03584885969758034,15.964377403259277,0.047799188643693924,12.33260726928711,1.0629057884216309,2.0213613510131836,0.07024908810853958,0.0738913044333458,0.0,463.6641845703125,0.35871976613998413,0.5282769203186035,-0.015702033415436745,0.09088721871376038,6.381414890289307,0.04466617479920387,22.079246520996094,2.1917662620544434,3.4323697090148926,0.07526472955942154,0.07526472955942154,0.0,573.2241821289062,0.46234968304634094,0.5524024367332458,0.08326447010040283,0.14313732087612152,14.245596885681152,0.04032239690423012,27.296390533447266,2.966651201248169,3.976048707962036
2017,1,38.15329040697158,77.24860158429203,9563.115,1285.0,3.6429238319396973,40.29076385498047,32.70440673828125,23.907642364501953,1.3689121007919312,7.6775946617126465,10.139042854309082,0.08838820457458496,0.08838820457458496,0.0,354.7850036621094,0.13959278166294098,0.13959278166294098,0.014373481273651123,0.03635415434837341,4.803774356842041,0.18034879863262177,16.89452362060547,1.1361416578292847,1.5283747911453247,0.054976727813482285,0.07151888310909271,429.2171325683594,159.15756225585938,0.19384156167507172,0.25105413794517517,-0.023945972323417664,0.03869349882006645,49.50033950805664,0.17213116586208344,-2.0615234375,0.2643973231315613,0.8645090460777283,0.0715654119849205,0.08640376478433609,5.520431041717529,412.057373046875,0.19897381961345673,0.2029149830341339,0.07617756724357605,0.039186008274555206,31.760318756103516,0.16849637031555176,10.9874849319458,0.873079240322113,1.8187848329544067,0.1052691787481308,0.11079930514097214,0.0,439.2017822265625,0.4124135673046112,0.4124135673046112,0.26300889253616333,0.152400404214859,4.025437831878662,0.10124707221984863,20.914371490478516,2.0575101375579834,2.505838394165039,0.11667965352535248,0.11667965352535248,0.0,479.5684814453125,0.6429953575134277,0.6686491370201111,0.30271199345588684,0.2065594643354416,18.530364990234375,0.11545883119106293,22.836593627929688,2.1015732288360596,2.924283981323242
2017,1,43.120077951756485,88.96811353228271,9625.484,611.0,1.5727710723876953,126.12647247314453,38.52815246582031,22.121816635131836,1.2899999618530273,7.900000095367432,18.185611724853516,0.09565083682537079,0.09565083682537079,0.0,371.7021789550781,0.703411340713501,0.7115995287895203,0.36800268292427063,0.22740216553211212,22.38776397705078,0.08489381521940231,17.700103759765625,1.383900761604309,2.004089117050171,0.033105526119470596,0.04391486570239067,419.7496032714844,88.0088882446289,0.28762221336364746,0.4634135067462921,0.08009698987007141,0.06757782399654388,17.25261688232422,0.09805310517549515,-2.532371997833252,0.2783794701099396,0.6113200783729553,0.07026942819356918,0.08344343304634094,0.7799178957939148,378.64056396484375,0.29070764780044556,0.31768906116485596,0.04566805064678192,0.07023430615663528,26.467906951904297,0.09152337908744812,10.21245002746582,0.8470454216003418,1.575724482536316,0.13230372965335846,0.14634472131729126,0.0,420.3775939941406,0.4424009919166565,0.4860537350177765,0.15910430252552032,0.13311079144477844,12.74715805053711,0.08062544465065002,20.017980575561523,1.8221921920776367,2.8200340270996094,0.16426120698451996,0.16426120698451996,0.0,520.0925903320312,0.6188643574714661,0.6188643574714661,0.26337164640426636,0.21431922912597656,31.878520965576172,0.0902789831161499,24.766311645507812,2.355801582336426,3.2229344844818115
2017,1,39.72121289668738,77.30331029511676,9628.022,1168.0,3.029700517654419,156.5694122314453,23.742168426513672,24.79645347595215,1.3972651958465576,7.431461811065674,12.962368965148926,0.11912523210048676,0.11912523210048676,4.094077110290527,363.5492858886719,0.5799521803855896,0.7150931358337402,0.2888563871383667,0.19788376986980438,7.7518391609191895,0.1288699060678482,17.116914749145508,1.493538737297058,2.0535717010498047,0.057381562888622284,0.07066953182220459,666.4292602539062,186.63990783691406,0.16227692365646362,0.27356624603271484,0.17715439200401306,0.04203043505549431,61.217254638671875,0.19678539037704468,-3.6625142097473145,0.24275366961956024,0.8155492544174194,0.0843469575047493,0.09624458849430084,54.204444885253906,442.3590393066406,0.12243063002824783,0.2612188458442688,0.06681935489177704,0.04162682592868805,28.086763381958008,0.14257198572158813,10.4906644821167,0.9650216698646545,1.8655542135238647,0.1229744553565979,0.13284382224082947,1.9036725759506226,427.2406005859375,0.2447473406791687,0.3768044114112854,0.1367480307817459,0.08833537995815277,3.09159779548645,0.11941998451948166,20.254140853881836,2.2485389709472656,2.76765775680542,0.15174619853496552,0.15174619853496552,0.0,484.9757080078125,0.5282530784606934,0.5482610464096069,0.25987493991851807,0.22162260115146637,17.289289474487305,0.12256616353988647,23.094079971313477,2.479158401489258,3.234975576400757
2017,1,37.953326479330855,77.40409935622779,9628.456,1312.0,1.4975956678390503,51.743797302246094,33.97133255004883,22.442745208740234,1.3706666231155396,7.900000095367432,10.174073219299316,0.08957094699144363,0.08957094699144363,0.0,357.45458984375,0.14092834293842316,0.14092834293842316,0.008491752669215202,0.03730352595448494,2.9463746547698975,0.17197050154209137,17.02164649963379,1.135392189025879,1.5084882974624634,0.05467356741428375,0.06935270130634308,390.8819885253906,156.3014678955078,0.26695647835731506,0.3299461007118225,0.038174934685230255,0.058355558663606644,47.45951461791992,0.1565612554550171,-1.7906911373138428,0.26779505610466003,0.8789785504341125,0.07123839110136032,0.08646643161773682,3.3209588527679443,421.15338134765625,0.24857954680919647,0.24857954680919647,0.1586156040430069,0.10415951162576675,27.48459815979004,0.1535879224538803,11.292768478393555,0.8865014910697937,1.864261507987976,0.10609684884548187,0.11158683151006699,0.0,445.2173767089844,0.39372411370277405,0.39372411370277405,0.2517563998699188,0.14135780930519104,2.494690179824829,0.08924947679042816,21.200828552246094,2.0824670791625977,2.5191333293914795,0.11756201833486557,0.11756201833486557,0.0,485.816650390625,0.6799627542495728,0.7543807029724121,0.317565381526947,0.2143453061580658,14.753856658935547,0.10133656859397888,23.134124755859375,2.134324550628662,2.981346845626831
2017,1,38.30690197916173,77.4437140099866,9628.551,1224.0,1.502078652381897,231.87857055664062,34.977718353271484,22.48578643798828,1.3758002519607544,7.847912311553955,12.747307777404785,0.09884271025657654,0.09884271025657654,0.0,396.53717041015625,0.15327976644039154,0.15327976644039154,0.0022851689718663692,0.03992587700486183,1.524444341659546,0.17605121433734894,18.882722854614258,1.3359087705612183,1.8356658220291138,0.06122146546840668,0.07389421761035919,299.407470703125,210.17115783691406,0.2687719762325287,0.30441978573799133,0.1110992431640625,0.055391233414411545,41.286094665527344,0.18414001166820526,-0.6811931133270264,0.2859525680541992,0.9577653408050537,0.09123944491147995,0.10580386966466904,0.6897380352020264,501.20721435546875,0.24063590168952942,0.26390114426612854,0.19583390653133392,0.0862697958946228,22.71690559387207,0.16459022462368011,13.527499198913574,1.0607223510742188,2.146677017211914,0.12005846947431564,0.1248457208275795,0.0,489.4495544433594,0.3100319802761078,0.3100319802761078,0.2344340682029724,0.10375891625881195,1.3895009756088257,0.11793145537376404,23.30712127685547,2.4011876583099365,2.8649585247039795,0.1281345784664154,0.1281345784664154,0.0,531.0816040039062,0.40497732162475586,0.457876592874527,0.15668761730194092,0.12692776322364807,9.691611289978027,0.12625351548194885,25.289600372314453,2.4720685482025146,3.3749046325683594
2017,1,42.87942026790202,90.29672052756112,9653.623,406.0,1.5687618255615234,233.7665252685547,46.260948181152344,19.667625427246094,1.399999976158142,7.982796669006348,17.757112503051758,0.05864701792597771,0.05864701792597771,0.0,405.9364318847656,0.4108065664768219,0.558728814125061,0.15989729762077332,0.10135652124881744,15.011129379272461,0.0479416623711586,19.330307006835938,1.6496267318725586,2.5317893028259277,0.03373934328556061,0.042323317378759384,375.13421630859375,147.72650146484375,0.14608022570610046,0.34333616495132446,-0.031641554087400436,0.029138484969735146,12.864441871643066,0.05579767003655434,-1.7359367609024048,0.3076774775981903,0.7601248025894165,0.052487872540950775,0.0572289377450943,0.5019634366035461,453.72802734375,0.19489333033561707,0.19489333033561707,-0.08043696731328964,0.03706233948469162,16.620134353637695,0.05121075361967087,12.24935245513916,1.0544894933700562,2.002336025238037,0.07307229936122894,0.07720170170068741,0.0,462.0340576171875,0.4773242473602295,0.4865603744983673,0.1428346186876297,0.1262158900499344,6.765166282653809,0.04769865795969963,22.001623153686523,2.1784276962280273,3.4049794673919678,0.07927311211824417,0.07927311211824417,0.0,571.0557250976562,0.5157697796821594,0.5248588919639587,0.17352700233459473,0.15849429368972778,15.288400650024414,0.04390843212604523,27.193130493164062,2.942345380783081,3.9439470767974854
2017,1,41.108301002281735,83.65718148639496,9662.894,942.0,2.2251393795013428,146.4318084716797,32.94254684448242,21.507911682128906,1.3799999952316284,7.699999809265137,11.106361389160156,0.095420241355896,0.095420241355896,0.0,440.25933837890625,0.6221097707748413,0.6244644522666931,0.31491991877555847,0.24113799631595612,2.223736047744751,0.026068715378642082,20.96472930908203,1.7060743570327759,2.3659684658050537,0.0523906834423542,0.06049636751413345,330.23187255859375,158.04440307617188,0.23151244223117828,0.26435282826423645,-0.014744274318218231,0.06043655797839165,17.414094924926758,0.050051309168338776,-1.314408302307129,0.27668213844299316,0.6987652778625488,0.0581582747399807,0.06500706076622009,0.0,527.0731201171875,0.10399555414915085,0.23332637548446655,-0.017376402392983437,0.027535008266568184,16.570234298706055,0.038678430020809174,14.245220184326172,1.1694798469543457,1.9488431215286255,0.07894562929868698,0.08823840320110321,0.0,514.9424438476562,0.13596977293491364,0.17236220836639404,-0.02360345795750618,0.039393115788698196,0.9132255911827087,0.02183743193745613,24.521068572998047,2.616684913635254,3.4569358825683594,0.10446302592754364,0.10446302592754364,0.0,574.1787109375,0.3424879312515259,0.3424879312515259,0.13994893431663513,0.11829471588134766,11.199959754943848,0.03863102197647095,27.34184455871582,2.8800747394561768,4.074442386627197
2017,1,37.15885736284051,79.80017501179167,9667.524,1354.0,2.9736506938934326,51.446434020996094,38.404945373535156,17.48072052001953,1.3899999856948853,7.900000095367432,12.365229606628418,0.06552030146121979,0.06552030146121979,0.0,387.0355224609375,0.59297776222229,0.59297776222229,0.2334250807762146,0.15620727837085724,1.2856820821762085,0.09419451653957367,18.43026351928711,1.4306455850601196,1.7978664636611938,0.04852018505334854,0.05679662153124809,284.29034423828125,217.85516357421875,0.2842201292514801,0.37504538893699646,0.026418061926960945,0.05586445704102516,18.72275161743164,0.06280894577503204,-0.5071388483047485,0.3529408276081085,0.9087253212928772,0.05390149727463722,0.06243833154439926,0.0,516.9122924804688,0.07844670861959457,0.09110516309738159,0.06514596939086914,0.02465026266872883,18.264400482177734,0.0625557079911232,13.970602035522461,1.2093918323516846,2.203500270843506,0.07392189651727676,0.07699964195489883,0.0,484.86614990234375,0.715295135974884,0.715295135974884,0.40892526507377625,0.2857808470726013,1.6117222309112549,0.03446502611041069,23.088863372802734,2.4885025024414062,3.004544734954834,0.0784364640712738,0.0784364640712738,0.0,530.66748046875,0.5222741365432739,0.6147570610046387,0.2544502317905426,0.1734275072813034,12.707686424255371,0.046095866709947586,25.269882202148438,2.658982992172241,3.621020555496216
2017,1,39.2000064109543,77.64852943957348,9669.362,1159.0,1.5138092041015625,52.22630310058594,14.122889518737793,32.64445877075195,1.3899999856948853,7.099999904632568,11.802536964416504,0.11900424212217331,0.11900424212217331,0.0,446.78680419921875,0.17238359153270721,0.17238359153270721,0.04253365844488144,0.04722319170832634,0.261260062456131,0.07923329621553421,21.275562286376953,1.7777938842773438,2.4280223846435547,0.06669162213802338,0.07526837289333344,257.3343811035156,250.61111450195312,0.16785068809986115,0.19852837920188904,0.018534470349550247,0.033812981098890305,36.765830993652344,0.14264486730098724,-0.0513225756585598,0.30232688784599304,0.9634873867034912,0.09549270570278168,0.107007697224617,0.0,578.6536254882812,0.13562223315238953,0.14521825313568115,0.010348441079258919,0.03607170283794403,15.98676872253418,0.08331628888845444,15.639286994934082,1.2599260807037354,2.403088331222534,0.1252555400133133,0.1333395093679428,0.0,537.2244262695312,0.3227172791957855,0.3227172791957855,0.1779215931892395,0.11314325779676437,0.3369077146053314,0.06091037392616272,25.582115173339844,2.821474313735962,3.388000011444092,0.14788347482681274,0.14788347482681274,0.0,586.4332885742188,0.42630669474601746,0.4445869028568268,0.19155295193195343,0.14534737169742584,3.899322748184204,0.06357397139072418,27.92539405822754,3.0437357425689697,3.956300973892212
2017,1,39.260645726180115,77.9150632868411,9677.402,1155.0,1.5146292448043823,127.74964904785156,16.991239547729492,28.161767959594727,1.3822861909866333,7.154516696929932,14.940775871276855,0.11349119246006012,0.11349119246006012,0.0,451.5928649902344,0.1641647219657898,0.1641647219657898,0.03030085749924183,0.04492862522602081,0.23350834846496582,0.05341438949108124,21.50442123413086,1.8385624885559082,2.49526309967041,0.06590191274881363,0.07299114763736725,274.215576171875,254.5753936767578,0.3249344229698181,0.3653685748577118,0.1361665427684784,0.0811324268579483,31.867441177368164,0.11356496810913086,-0.1499250829219818,0.31010156869888306,0.9243994951248169,0.0860942080616951,0.09669649600982666,0.0,591.2598266601562,0.12255232036113739,0.13205814361572266,-0.0070117199793457985,0.03256634622812271,13.421757698059082,0.05864254757761955,15.979994773864746,1.3148539066314697,2.485255718231201,0.11584080755710602,0.125085711479187,0.0,544.0526123046875,0.40256616473197937,0.45725756883621216,0.24135038256645203,0.13069172203540802,0.2749347984790802,0.040202558040618896,25.90726661682129,2.8989081382751465,3.4783127307891846,0.1417466402053833,0.1417466402053833,0.0,593.9526977539062,0.49029114842414856,0.5435680150985718,0.22753514349460602,0.1623246669769287,3.354903221130371,0.04208995774388313,28.28346061706543,3.142273187637329,4.060519218444824
2017,1,38.92458557528717,77.61888533577017,9683.524,1179.0,0.9274099469184875,180.0,23.018596649169922,23.772741317749023,1.427807092666626,7.410656452178955,12.350725173950195,0.11169552803039551,0.11169552803039551,0.0,438.4291076660156,0.6548255681991577,0.6548255681991577,0.3543274700641632,0.18614952266216278,0.27359387278556824,0.11245201528072357,20.87757682800293,1.6740137338638306,2.298163890838623,0.06547658145427704,0.07462572306394577,251.49168395996094,250.0423126220703,0.20821286737918854,0.29940852522850037,0.08089610934257507,0.04405058175325394,35.83566665649414,0.15949305891990662,-0.01106385886669159,0.3029070496559143,0.9825935363769531,0.09742540121078491,0.10938721895217896,0.0,572.090576171875,0.13868413865566254,0.1490766853094101,0.0012353804195299745,0.036719389259815216,16.531803131103516,0.11171483993530273,15.461907386779785,1.240508794784546,2.393887519836426,0.12414565682411194,0.1305808126926422,0.0,531.6090087890625,0.3604552149772644,0.3604552149772644,0.23094117641448975,0.12705163657665253,0.41171881556510925,0.08613427728414536,25.314714431762695,2.7603695392608643,3.297410726547241,0.13984349370002747,0.13984349370002747,0.0,578.174560546875,0.49623608589172363,0.5923740863800049,0.2464742362499237,0.16583412885665894,4.562058448791504,0.08979789912700653,27.532121658325195,2.9324660301208496,3.8615942001342773
2017,1,41.14629700235815,82.73551205325401,9687.562,974.0,2.2255308628082275,213.58338928222656,25.93495750427246,22.364505767822266,1.3899999856948853,7.623105525970459,15.802292823791504,0.08993902057409286,0.08993902057409286,0.0,424.58233642578125,0.622389018535614,0.6730251908302307,0.28697407245635986,0.19496983289718628,2.645138740539551,0.07661395519971848,20.21820640563965,1.5677777528762817,2.1325366497039795,0.05452842265367508,0.06658811122179031,340.4122314453125,131.17987060546875,0.22056353092193604,0.354025274515152,0.012649466283619404,0.056431978940963745,18.700902938842773,0.10938506573438644,-1.5971934795379639,0.2651541829109192,0.6118273735046387,0.057989053428173065,0.06946195662021637,0.0,500.7160949707031,0.1901506781578064,0.1940377950668335,0.05344878509640694,0.050127916038036346,16.97180938720703,0.09290502220392227,13.532867431640625,1.0697089433670044,1.788349986076355,0.07956797629594803,0.08744610846042633,0.0,503.194580078125,0.35435551404953003,0.35919633507728577,0.17049196362495422,0.11564173549413681,0.8825744390487671,0.07200758159160614,23.961647033691406,2.496023178100586,3.2541487216949463,0.10144447535276413,0.10144447535276413,0.0,558.55810546875,0.5405706167221069,0.5408725738525391,0.3051707446575165,0.2117888480424881,9.546981811523438,0.08502497524023056,26.598003387451172,2.707674980163574,3.7406249046325684
2017,1,37.393856447458155,79.56275017620094,9743.738,1308.0,2.190695285797119,32.1839714050293,36.26652526855469,24.202896118164062,1.3803963661193848,7.900000095367432,9.404091835021973,0.06991060823202133,0.06991060823202133,0.0,417.7376403808594,0.5343971252441406,0.6817827820777893,0.2069379985332489,0.13264986872673035,0.5165843963623047,0.07092636078596115,19.892269134521484,1.6006278991699219,2.0130510330200195,0.04828986898064613,0.055774714797735214,242.8490447998047,259.5368957519531,0.20166529715061188,0.28672686219215393,-0.022501086816191673,0.04566178098320961,13.232865333557129,0.05334427207708359,0.12738826870918274,0.3713254928588867,0.9416232705116272,0.054923441261053085,0.06414545327425003,0.0,577.923095703125,0.07844218611717224,0.09227623045444489,0.014972138218581676,0.024662209674715996,12.171514511108398,0.05050646886229515,15.619543075561523,1.361149549484253,2.4274203777313232,0.07781146466732025,0.08138064295053482,0.0,523.416259765625,0.49204325675964355,0.5316357016563416,0.2333488166332245,0.16544535756111145,0.6324282288551331,0.031102702021598816,24.924585342407227,2.784168243408203,3.335876703262329,0.084370918571949,0.084370918571949,0.0,569.435791015625,0.3713534474372864,0.3754636347293854,0.11533255130052567,0.12368602305650711,9.085000038146973,0.03928225114941597,27.115991592407227,2.976613998413086,4.014480113983154
2017,1,38.273757481031474,77.18176857770298,9746.623,1270.0,1.1812613010406494,90.0,34.11559295654297,21.580129623413086,1.3774396181106567,7.400000095367432,10.79679012298584,0.0881454199552536,0.0881454199552536,0.0,357.162109375,0.45468035340309143,0.4725242257118225,0.21722212433815002,0.10836397111415863,5.432433128356934,0.18151763081550598,17.007720947265625,1.1487250328063965,1.552830696105957,0.054814282804727554,0.07248470187187195,432.4637145996094,162.80703735351562,0.2990674376487732,0.32716867327690125,0.043875839561223984,0.07623378932476044,50.366268157958984,0.17926840484142303,-2.058448076248169,0.2644488513469696,0.8644202947616577,0.07228810340166092,0.08713393658399582,4.5550923347473145,414.9615478515625,0.1641014665365219,0.1641014665365219,0.12501835823059082,0.07114337384700775,33.640140533447266,0.17423832416534424,11.092066764831543,0.876715362071991,1.8166395425796509,0.10556717962026596,0.11101644486188889,0.0,441.0860900878906,0.34720578789711,0.34720578789711,0.23493394255638123,0.1224871277809143,4.387448310852051,0.10493490099906921,21.004100799560547,2.069096803665161,2.526456117630005,0.11678890883922577,0.11678890883922577,0.0,481.21441650390625,0.6019983291625977,0.6349828839302063,0.29368406534194946,0.18282704055309296,19.684478759765625,0.11981254816055298,22.91497230529785,2.1093032360076904,2.9268786907196045
2017,1,37.390891145257626,79.5479281242993,9755.599,1304.0,1.8543341159820557,-0.0,34.08222198486328,24.66654396057129,1.3683243989944458,7.854099750518799,7.882160186767578,0.06966502964496613,0.06966502964496613,0.0,417.08770751953125,0.5591179132461548,0.6976509690284729,0.21393118798732758,0.16232751309871674,0.5176241993904114,0.07186958938837051,19.861318588256836,1.5959991216659546,2.0084667205810547,0.048079658299684525,0.0556863509118557,243.50267028808594,258.8565368652344,0.2522842586040497,0.3674459457397461,0.012450989335775375,0.06275652348995209,13.343241691589355,0.053935036063194275,0.11720515787601471,0.3707924485206604,0.9408383369445801,0.054416146129369736,0.0635150820016861,0.0,576.8133544921875,0.07776936143636703,0.09145772457122803,0.016679294407367706,0.02448601834475994,12.15855884552002,0.05105544626712799,15.58954906463623,1.3582359552383423,2.421854257583618,0.07737651467323303,0.08096078783273697,0.0,522.7512817382812,0.3290107250213623,0.3524840772151947,0.13495229184627533,0.10970938950777054,0.6514666080474854,0.03150743246078491,24.89291763305664,2.778931140899658,3.330732822418213,0.08404182642698288,0.08404182642698288,0.0,568.71044921875,0.2912800908088684,0.30364635586738586,0.06598735600709915,0.09129069000482559,9.190751075744629,0.03981377184391022,27.081449508666992,2.9700372219085693,4.007137775421143
2017,1,38.34139758491119,77.19308577617663,9763.073,1252.0,3.6468682289123535,139.63600158691406,34.746273040771484,21.399980545043945,1.3799999952316284,7.799990653991699,13.506203651428223,0.08978746086359024,0.08978746086359024,0.0,365.24609375,0.5400851964950562,0.5435383915901184,0.22813741862773895,0.12352815270423889,5.059816837310791,0.18063953518867493,17.392671585083008,1.1867356300354004,1.6121366024017334,0.055689793080091476,0.07315079122781754,409.9375,172.48370361328125,0.3157076835632324,0.366079717874527,0.035929810255765915,0.08713497221469879,49.31745147705078,0.1833551973104477,-1.812624454498291,0.2682100832462311,0.8805104494094849,0.07574157416820526,0.09058509767055511,3.0841259956359863,431.4292297363281,0.1428503841161728,0.1428503841161728,0.12088921666145325,0.06631395220756531,32.768577575683594,0.17515221238136292,11.576894760131836,0.909555971622467,1.8717542886734009,0.10813944786787033,0.11342573910951614,0.0,450.5799560546875,0.32629355788230896,0.32629355788230896,0.22260785102844238,0.11567801982164383,4.010590076446533,0.10832735896110535,21.456188201904297,2.131817102432251,2.595154047012329,0.1187417209148407,0.1187417209148407,0.0,490.8080139160156,0.5983397364616394,0.6068233847618103,0.2977405786514282,0.19940496981143951,18.51949691772461,0.1224130317568779,23.371809005737305,2.175025701522827,3.0049562454223633
2017,1,41.32631983008786,86.29310772852264,9795.052,888.0,1.8543341159820557,180.0,48.337059020996094,16.35472869873047,1.409042239189148,7.939652919769287,10.810257911682129,0.10233838111162186,0.10233838111162186,0.0,423.10247802734375,0.5746275186538696,0.5746275186538696,0.2019936591386795,0.15375620126724243,20.083677291870117,0.06652656942605972,20.147735595703125,1.5154320001602173,2.1523447036743164,0.05304053798317909,0.057855281978845596,304.04046630859375,156.396484375,0.21809649467468262,0.2924878001213074,-0.059278007596731186,0.05242428928613663,20.885236740112305,0.07728718221187592,-1.1270533800125122,0.2759024202823639,0.7203655242919922,0.05691315606236458,0.062473587691783905,0.0,477.66839599609375,0.2110741287469864,0.2110741287469864,2.999490243382752E-4,0.05874234437942505,19.466203689575195,0.06462015956640244,12.909956932067871,1.042172908782959,1.6748428344726562,0.08183405548334122,0.09208555519580841,0.0,485.7884521484375,0.4271317422389984,0.4271317422389984,0.18409550189971924,0.13245123624801636,2.1580970287323,0.047284387052059174,23.132783889770508,2.304868698120117,3.067593574523926,0.10724247992038727,0.10724247992038727,0.0,558.1136474609375,0.5750852227210999,0.5750852227210999,0.2713892161846161,0.18957115709781647,12.634618759155273,0.05710951238870621,26.576841354370117,2.5956544876098633,3.670163154602051
2017,1,37.17960556004219,79.84032921677795,9805.047,1335.0,2.188930034637451,147.88958740234375,35.04631805419922,16.512956619262695,1.376594066619873,7.860969066619873,11.621320724487305,0.06653912365436554,0.06653912365436554,0.0,390.8353576660156,0.4488205313682556,0.4488205313682556,0.14055195450782776,0.10932321846485138,1.2380074262619019,0.089711993932724,18.611207962036133,1.4549256563186646,1.8251299858093262,0.049224287271499634,0.056999415159225464,279.41705322265625,222.3624267578125,0.2645842730998993,0.3508400619029999,0.05857878923416138,0.047689326107501984,18.084880828857422,0.06031917780637741,-0.43553146719932556,0.3558432161808014,0.9143789410591125,0.055533550679683685,0.06449729204177856,0.0,524.0107421875,0.08051760494709015,0.0937272384762764,0.05668138340115547,0.025202764198184013,18.00351905822754,0.06002165749669075,14.162452697753906,1.2273099422454834,2.234231948852539,0.07556267082691193,0.07863324880599976,0.0,489.1661376953125,0.5597744584083557,0.5597744584083557,0.30253326892852783,0.19712108373641968,1.4877517223358154,0.03296077996492386,23.293624877929688,2.5215742588043213,3.039233922958374,0.07988613843917847,0.07988613843917847,0.0,535.139892578125,0.316761314868927,0.3244832754135132,0.11266020685434341,0.10345666855573654,12.151900291442871,0.04398346692323685,25.482851028442383,2.697305202484131,3.666522264480591
2017,1,38.71949814053604,77.30249873872502,9811.216,1196.0,1.5074273347854614,307.9620056152344,19.461538314819336,31.223670959472656,1.3696781396865845,6.800000190734863,13.705822944641113,0.10468351095914841,0.10468351095914841,0.0,407.777587890625,0.23470893502235413,0.23470893502235413,-0.09273763746023178,0.05057762190699577,2.451601982116699,0.1562783122062683,19.417980194091797,1.4481130838394165,1.9922009706497192,0.06208445131778717,0.07574854046106339,306.8549499511719,217.2026824951172,0.375720739364624,0.41563817858695984,0.15517663955688477,0.09754719585180283,43.86306381225586,0.18862956762313843,-0.6843683123588562,0.28571954369544983,0.9567602872848511,0.09227047860622406,0.10611015558242798,0.0,511.3194580078125,0.13301166892051697,0.1462765336036682,0.04833000898361206,0.035541288554668427,25.220224380493164,0.15715175867080688,13.819445610046387,1.0821685791015625,2.1520116329193115,0.12176399677991867,0.12747548520565033,0.0,497.0860595703125,0.24800333380699158,0.24800333380699158,0.14675860106945038,0.08398012816905975,1.9566534757614136,0.11004513502120972,23.670764923095703,2.4728939533233643,2.975173234939575,0.13438870012760162,0.13438870012760162,0.0,540.751220703125,0.17073608934879303,0.21458247303962708,-0.012141004204750061,0.05412381887435913,10.758655548095703,0.11841805279254913,25.750059127807617,2.5817370414733887,3.4660167694091797
2017,1,39.07603894256745,77.09067806138319,9821.707,1185.0,4.404177188873291,147.21560668945312,17.25901985168457,30.23191261291504,1.3815516233444214,6.790087699890137,15.199942588806152,0.11295782029628754,0.11295782029628754,0.0,413.4212646484375,0.5475072264671326,0.6222038269042969,0.2478584200143814,0.1731089949607849,2.7628378868103027,0.1317405104637146,19.68672752380371,1.5566655397415161,2.1164684295654297,0.06220920383930206,0.07568231225013733,319.20843505859375,205.38214111328125,0.09517170488834381,0.28309866786003113,0.02553245984017849,0.02231273613870144,49.46455383300781,0.18918377161026,-0.8689031004905701,0.2807310223579407,0.9588501453399658,0.08856168389320374,0.10149294137954712,0.0,503.15673828125,0.1042713150382042,0.106719471514225,-0.001412686426192522,0.024028737097978592,27.26175308227539,0.14727741479873657,13.598831176757812,1.056937575340271,2.0959537029266357,0.12143953144550323,0.1289011687040329,0.0,496.4598083496094,0.16077075898647308,0.2089143842458725,0.07253900915384293,0.05053861439228058,2.1198501586914062,0.09466934949159622,23.64094352722168,2.4834060668945312,3.0217838287353516,0.14246149361133575,0.14246149361133575,0.0,544.0897216796875,0.5653554797172546,0.6581414341926575,0.29586556553840637,0.24567659199237823,10.59851360321045,0.1021914929151535,25.909032821655273,2.662104368209839,3.517505168914795
2017,1,38.36646219193261,77.46177336925307,9875.357,1214.0,1.5028486251831055,231.901611328125,31.28025245666504,20.770076751708984,1.4057403802871704,7.787266254425049,11.528009414672852,0.10091502219438553,0.10091502219438553,0.0,404.6968688964844,0.62397700548172,0.62397700548172,0.2900622487068176,0.15385067462921143,1.1298527717590332,0.17689450085163116,19.27128028869629,1.3779670000076294,1.90392005443573,0.06270419806241989,0.07476244121789932,279.2960510253906,221.47007751464844,0.25778481364250183,0.3010450601577759,0.09376829862594604,0.04754246026277542,39.80125045776367,0.18922542035579681,-0.4414196312427521,0.28989532589912415,0.974934995174408,0.09553604573011398,0.10994525998830795,0.32375866174697876,518.2115478515625,0.1382092982530594,0.15241411328315735,0.02411809004843235,0.03681715950369835,21.39952850341797,0.1662522852420807,13.996967315673828,1.0983333587646484,2.208671808242798,0.12307587265968323,0.12772318720817566,0.0,498.7760009765625,0.16757924854755402,0.17363344132900238,0.01783168315887451,0.0491848923265934,1.107413411140442,0.12382224202156067,23.751237869262695,2.4690892696380615,2.937425136566162,0.1304360032081604,0.1304360032081604,0.0,540.6754760742188,0.42653313279151917,0.47902464866638184,0.17931969463825226,0.13238336145877838,8.43186092376709,0.13122981786727905,25.746450424194336,2.544734001159668,3.460397720336914
2017,1,38.29774298559796,77.22542317701621,9895.504,1250.0,4.806094169616699,281.1004333496094,34.442562103271484,20.960041046142578,1.3799999952316284,7.900000095367432,11.789219856262207,0.09025007486343384,0.09025007486343384,0.0,365.5192565917969,0.47866594791412354,0.47866594791412354,0.28337228298187256,0.13402089476585388,4.7223358154296875,0.1803724616765976,17.40567970275879,1.1882258653640747,1.6129485368728638,0.0560343898832798,0.07288205623626709,405.4680480957031,172.8002166748047,0.1974119246006012,0.22705954313278198,-0.040713340044021606,0.04806016758084297,48.677391052246094,0.18112650513648987,-1.776090383529663,0.26882776618003845,0.8833542466163635,0.07616492360830307,0.09097100049257278,3.5134999752044678,432.9125671386719,0.18795187771320343,0.18795187771320343,0.14439153671264648,0.08265242725610733,31.714031219482422,0.17296834290027618,11.605380058288574,0.9142696261405945,1.8829997777938843,0.10851872712373734,0.11381926387548447,0.0,451.2383728027344,0.2674153447151184,0.2674153447151184,0.1718057096004486,0.09377682209014893,3.814138174057007,0.10781872272491455,21.48754119873047,2.137932538986206,2.5979857444763184,0.11908286064863205,0.11908286064863205,0.0,491.6230163574219,0.34674936532974243,0.4280707836151123,0.1546267569065094,0.1195806935429573,17.811187744140625,0.12146160006523132,23.410619735717773,2.183685779571533,3.01792311668396
2017,1,37.425926302234544,79.78535295989002,9990.644,1305.0,2.190962314605713,32.1950798034668,37.66583251953125,23.231204986572266,1.3898147344589233,7.461193561553955,12.022778511047363,0.07325425744056702,0.07325425744056702,0.0,425.30328369140625,0.4586193561553955,0.5386471748352051,0.08904234319925308,0.10619468986988068,0.5528572201728821,0.05885009467601776,20.25253677368164,1.6577303409576416,2.0655934810638428,0.05131472274661064,0.05717545747756958,236.69537353515625,266.8522644042969,0.2311944216489792,0.2805253863334656,-0.024656111374497414,0.056767143309116364,11.92711353302002,0.045399270951747894,0.23020514845848083,0.37768545746803284,0.9488372206687927,0.06238430738449097,0.0733775720000267,0.0,590.07177734375,0.08845440298318863,0.10431865602731705,-0.00653563067317009,0.027267305180430412,12.687214851379395,0.043396756052970886,15.94788646697998,1.3940021991729736,2.494084358215332,0.08389218896627426,0.087185338139534,0.0,530.6784057617188,0.4168316423892975,0.4168316423892975,0.1577584594488144,0.13488076627254486,0.4297565221786499,0.025414224714040756,25.270401000976562,2.8424575328826904,3.390643358230591,0.08871091157197952,0.08871091157197952,0.0,577.625732421875,0.39790603518486023,0.5049546957015991,0.1851780116558075,0.1316388100385666,7.790146350860596,0.03197008743882179,27.5059871673584,3.0536012649536133,4.097013473510742
2017,1,37.39574264720377,79.49025857037508,10043.281,1305.0,0.9274099469184875,180.0,31.743175506591797,24.592531204223633,1.3700000047683716,7.406538486480713,10.959041595458984,0.06926904618740082,0.06926904618740082,0.0,417.06256103515625,0.4352056384086609,0.55727618932724,0.12248316407203674,0.09599663317203522,0.4858683943748474,0.07264818996191025,19.860122680664062,1.5936986207962036,2.008929967880249,0.047552142292261124,0.05537676066160202,243.20703125,259.2801818847656,0.19668452441692352,0.26099109649658203,0.0040689571760594845,0.03958466649055481,13.375873565673828,0.0547519326210022,0.12269586324691772,0.3702988922595978,0.941520631313324,0.05314052477478981,0.06197543814778328,0.03920562192797661,577.0676879882812,0.07599374651908875,0.08939877152442932,0.01827438734471798,0.024026064202189445,11.834328651428223,0.05160646513104439,15.59536361694336,1.3582794666290283,2.419010877609253,0.07648059725761414,0.08013787120580673,0.0,523.0062255859375,0.3878394365310669,0.3943427801132202,0.14776501059532166,0.12035392224788666,0.6529046297073364,0.03222531080245972,24.905057907104492,2.7805352210998535,3.334157943725586,0.08353625237941742,0.08353625237941742,0.0,568.78564453125,0.3108060359954834,0.34354841709136963,0.1012365072965622,0.0964394211769104,9.259661674499512,0.04062898829579353,27.08502960205078,2.9688353538513184,4.00769567489624
2017,1,38.421978000048014,77.42673821227613,10094.575,1210.0,3.021045446395874,156.95184326171875,30.56548309326172,20.69799041748047,1.4138778448104858,7.699999809265137,10.96677303314209,0.10076345503330231,0.10076345503330231,0.0,405.14385986328125,0.6799410581588745,0.6799410581588745,0.3113560080528259,0.22236889600753784,1.5031763315200806,0.1782519519329071,19.292564392089844,1.382179856300354,1.9140719175338745,0.0627434104681015,0.07528869062662125,284.36639404296875,223.00070190429688,0.20832134783267975,0.2361491173505783,0.007347448728978634,0.04752905294299126,40.22502899169922,0.19302353262901306,-0.4684404730796814,0.2895843982696533,0.9735476970672607,0.09586409479379654,0.11022178828716278,0.3617015779018402,518.2097778320312,0.13849414885044098,0.15259866416454315,0.027963688597083092,0.0367705337703228,22.350934982299805,0.16954346001148224,13.995893478393555,1.0985108613967896,2.2040822505950928,0.12312302738428116,0.127752423286438,0.0,498.7148742675781,0.16762566566467285,0.17369036376476288,0.019894341006875038,0.04908202961087227,1.3790931701660156,0.12637050449848175,23.748327255249023,2.470513105392456,2.9425909519195557,0.13041222095489502,0.13041222095489502,0.0,540.535400390625,0.26750683784484863,0.3202110230922699,0.0661793127655983,0.09111689031124115,9.149157524108887,0.13418006896972656,25.739782333374023,2.544384479522705,3.4561026096343994
2017,1,38.22659356918918,77.35640035225909,10117.191,1249.0,1.5010560750961304,51.84791946411133,32.46136474609375,24.417760848999023,1.3811290264129639,7.567898750305176,11.818719863891602,0.09378881007432938,0.09378881007432938,0.0,376.8302307128906,0.14660517871379852,0.14660517871379852,0.007478365674614906,0.038214292377233505,2.997020721435547,0.17707376182079315,17.94429588317871,1.239659070968628,1.6857333183288574,0.05802992731332779,0.0725896880030632,358.2708435058594,185.25453186035156,0.1420988291501999,0.15956102311611176,0.0448436439037323,0.025248145684599876,45.236881256103516,0.17732621729373932,-1.320735216140747,0.2758275866508484,0.9138460159301758,0.08159157633781433,0.09635888040065765,2.485353469848633,459.16351318359375,0.23274195194244385,0.276792049407959,0.12943051755428314,0.07950287312269211,26.954845428466797,0.1654486358165741,12.342652320861816,0.9706671833992004,1.9909056425094604,0.11292506009340286,0.11805473268032074,0.0,465.9612121582031,0.36119261384010315,0.36119261384010315,0.24825528264045715,0.13162526488304138,2.5317721366882324,0.1085471510887146,22.188629150390625,2.237515926361084,2.6938836574554443,0.12261994928121567,0.12261994928121567,0.0,506.9453125,0.6329981088638306,0.6706928014755249,0.2940947413444519,0.21110114455223083,13.733509063720703,0.11960263550281525,24.1402530670166,2.2954349517822266,3.1612792015075684
2017,1,37.34642498955265,79.599131981696,10134.792,1312.0,2.3320815563201904,270.0,33.43239974975586,23.427204132080078,1.3808115720748901,7.89070463180542,11.728652000427246,0.06892123073339462,0.06892123073339462,0.0,411.03167724609375,0.29870474338531494,0.31328025460243225,0.07230881601572037,0.06933113932609558,0.6814777255058289,0.07639555633068085,19.57293701171875,1.563246726989746,1.965236783027649,0.04820376634597778,0.05599595233798027,252.5146942138672,250.50628662109375,0.340446799993515,0.38113364577293396,0.07570148259401321,0.0912792980670929,14.39586353302002,0.05564211681485176,-0.015331445261836052,0.36701396107673645,0.9324690103530884,0.054614223539829254,0.06365913152694702,0.0,564.4635620117188,0.07834585011005402,0.09185516089200974,0.02642650157213211,0.02462008036673069,13.397737503051758,0.053386934101581573,15.25577163696289,1.327962040901184,2.377681255340576,0.07680049538612366,0.0802503302693367,0.0,515.0272216796875,0.5651463866233826,0.6168702244758606,0.3284069001674652,0.1855362504720688,0.8579962849617004,0.03197693079710007,24.52510643005371,2.7202985286712646,3.264616012573242,0.08291254937648773,0.08291254937648773,0.0,561.0302734375,0.2749877870082855,0.290330171585083,0.057002611458301544,0.08315879851579666,9.907297134399414,0.04094138741493225,26.715726852416992,2.90805983543396,3.928917169570923
2017,1,37.37041049411914,79.74385210638559,10134.889,1320.0,0.0,-0.0,35.646446228027344,22.75145149230957,1.3703144788742065,7.900000095367432,10.769082069396973,0.07117030769586563,0.07117030769586563,0.0,416.6978454589844,0.5424903631210327,0.5488654971122742,0.2309056669473648,0.15875917673110962,0.6832216382026672,0.06781613826751709,19.842754364013672,1.604337215423584,2.0053231716156006,0.0502004474401474,0.05684179440140724,246.89303588867188,256.2904052734375,0.25800544023513794,0.3992180824279785,0.06398376822471619,0.07210427522659302,13.442083358764648,0.05019614100456238,0.07173553854227066,0.3717961013317108,0.9396172165870667,0.059379685670137405,0.06957529485225677,0.0,574.03076171875,0.0846838727593422,0.09955435246229172,0.011040732264518738,0.02628137171268463,13.620758056640625,0.04836900904774666,15.514345169067383,1.353163480758667,2.4268741607666016,0.08085361868143082,0.08415592461824417,0.0,520.7176513671875,0.5347720980644226,0.5377166867256165,0.25723934173583984,0.19142134487628937,0.6917266845703125,0.028202977031469345,24.796079635620117,2.765170097351074,3.308044195175171,0.08594085276126862,0.08594085276126862,0.0,567.2813110351562,0.4759901762008667,0.5212899446487427,0.24088339507579803,0.16404284536838531,8.961621284484863,0.03602144494652748,27.013397216796875,2.9651942253112793,3.9922046661376953
2017,1,38.210692414832586,77.31759279579094,10158.543,1260.0,2.534802198410034,68.55155181884766,31.672622680664062,25.29189682006836,1.3798342943191528,7.302270412445068,10.590368270874023,0.09202007949352264,0.09202007949352264,0.0,369.89599609375,0.1442955732345581,0.1442955732345581,0.009691108018159866,0.037585385143756866,3.6140196323394775,0.17809952795505524,17.61409568786621,1.206982970237732,1.6362216472625732,0.0570090226829052,0.07229164987802505,381.077392578125,177.01229858398438,0.19087263941764832,0.2356487661600113,-0.05673923343420029,0.05242752283811569,46.67753219604492,0.1760217547416687,-1.5577489137649536,0.2721560001373291,0.8979642987251282,0.0783737450838089,0.09317246079444885,3.3431942462921143,444.20001220703125,0.20061898231506348,0.24137455224990845,0.13110145926475525,0.07170746475458145,28.62871742248535,0.16671937704086304,11.91504955291748,0.9393336176872253,1.9352258443832397,0.11046385020017624,0.11571598798036575,0.0,457.4998779296875,0.41235068440437317,0.41235068440437317,0.2448890060186386,0.15251395106315613,3.026638984680176,0.10628699511289597,21.785709381103516,2.18019700050354,2.634587287902832,0.12070300430059433,0.12070300430059433,0.0,498.26318359375,0.6014660596847534,0.6162761449813843,0.2901476323604584,0.22279605269432068,15.343645095825195,0.1183997243642807,23.726818084716797,2.2333550453186035,3.08504581451416
2017,1,38.17242440959191,77.35720744954975,10221.624,1251.0,1.179612159729004,90.0,31.32897186279297,23.71939468383789,1.3887226581573486,7.368418216705322,11.012386322021484,0.09267335385084152,0.09267335385084152,0.0,371.74444580078125,0.14513421058654785,0.14513421058654785,0.008247246965765953,0.0379285104572773,3.123659372329712,0.17657965421676636,17.702116012573242,1.213771104812622,1.6433300971984863,0.05726100876927376,0.07195606082677841,369.6372985839844,178.31260681152344,0.24245698750019073,0.27294203639030457,0.04120616614818573,0.05882280692458153,45.913658142089844,0.17336201667785645,-1.460493803024292,0.2735583484172821,0.904043436050415,0.07908020168542862,0.0939202681183815,2.9636895656585693,448.9278564453125,0.24275508522987366,0.24275508522987366,0.14124248921871185,0.09949085116386414,27.37369155883789,0.16365836560726166,12.053085327148438,0.9488382339477539,1.9561079740524292,0.11117926239967346,0.11640500277280807,0.0,460.2534484863281,0.2844628691673279,0.2844628691673279,0.21171802282333374,0.09885064512491226,2.6475327014923096,0.1048169955611229,21.91683006286621,2.1969587802886963,2.6491148471832275,0.12130797654390335,0.12130797654390335,0.0,501.1379089355469,0.40569978952407837,0.424541711807251,0.14051298797130585,0.12249245494604111,14.269926071166992,0.11628347635269165,23.86370849609375,2.2529144287109375,3.1122007369995117
2017,1,37.29683978583834,79.6444096937927,10230.968,1325.0,4.6273674964904785,-0.0,37.73503875732422,17.236207962036133,1.3831112384796143,8.0,11.389717102050781,0.06795516610145569,0.06795516610145569,0.0,404.28082275390625,0.5461810231208801,0.7156134247779846,0.19332736730575562,0.14671839773654938,0.8504870533943176,0.08169030398130417,19.251466751098633,1.5258370637893677,1.9174416065216064,0.04819789156317711,0.05623200163245201,262.0169677734375,241.36183166503906,0.27459418773651123,0.32220742106437683,0.07001379877328873,0.07377071678638458,15.58222484588623,0.05781571567058563,-0.15767286717891693,0.3628121614456177,0.924076497554779,0.0543937161564827,0.0632840245962143,0.0,550.9483032226562,0.07836562395095825,0.09158983826637268,0.03767962008714676,0.024614006280899048,14.691514015197754,0.056150563061237335,14.890495300292969,1.2945349216461182,2.3280460834503174,0.07588952779769897,0.07922127842903137,0.0,506.5519714355469,0.5652558207511902,0.6613366007804871,0.32446545362472534,0.19006583094596863,1.0804482698440552,0.03276132047176361,24.121522903442383,2.6555914878845215,3.1922073364257812,0.08153453469276428,0.08153453469276428,0.0,552.5318603515625,0.3026065528392792,0.3187524080276489,0.07119018584489822,0.09317906945943832,10.718981742858887,0.04249699041247368,26.31104278564453,2.8386898040771484,3.8425133228302
2017,1,37.384692994793326,79.5139720697773,10270.195,1305.0,0.0,-0.0,33.188053131103516,24.15806007385254,1.384798526763916,7.800000190734863,9.602548599243164,0.06912033259868622,0.06912033259868622,0.0,415.67803955078125,0.442596971988678,0.5574108958244324,0.12056651711463928,0.11202868074178696,0.5186720490455627,0.073957160115242,19.794193267822266,1.5858771800994873,1.9985051155090332,0.04760478064417839,0.05548640340566635,244.9162139892578,257.3975830078125,0.1754171997308731,0.2296888381242752,-0.015008349902927876,0.0403861477971077,13.581453323364258,0.055250395089387894,0.09527760744094849,0.3696194589138031,0.9390886425971985,0.05327766388654709,0.062100935727357864,0.0,574.417236328125,0.07625758647918701,0.08961949497461319,0.020440567284822464,0.024089859798550606,12.117652893066406,0.052273306995630264,15.52479076385498,1.351938247680664,2.409703016281128,0.07640336453914642,0.08002204447984695,0.0,521.3208618164062,0.35835370421409607,0.4119016230106354,0.11951003968715668,0.10926103591918945,0.6928728222846985,0.03241315856575966,24.824804306030273,2.7676632404327393,3.31973934173584,0.08330945670604706,0.08330945670604706,0.0,567.1455688476562,0.35790032148361206,0.4306023120880127,0.15426918864250183,0.11096316576004028,9.422935485839844,0.04099917411804199,27.00693130493164,2.955800771713257,3.991295337677002
2017,1,38.29935718017931,77.40463890745526,10282.93,1221.0,0.9274099469184875,-0.0,35.316734313964844,24.362062454223633,1.387047290802002,7.5,11.301684379577637,0.09717459231615067,0.09717459231615067,0.0,390.446044921875,0.32569068670272827,0.32569068670272827,0.15361320972442627,0.07935839891433716,2.1095988750457764,0.17671535909175873,18.592668533325195,1.30661141872406,1.791029453277588,0.06019333377480507,0.07363839447498322,319.4969787597656,202.69647216796875,0.14621080458164215,0.16167005896568298,-0.013898192904889584,0.03140825405716896,42.6922721862793,0.18314002454280853,-0.8916069865226746,0.28264397382736206,0.9433860182762146,0.08824991434812546,0.10287011414766312,1.2115180492401123,487.8891296386719,0.2079448401927948,0.23882772028446198,0.13428284227848053,0.07619427889585495,24.381898880004883,0.16586746275424957,13.153449058532715,1.0320637226104736,2.0956223011016846,0.11779537051916122,0.12268395721912384,0.0,482.0145568847656,0.2662236988544464,0.2662236988544464,0.174854576587677,0.0866466611623764,1.8318644762039185,0.11564359068870544,22.953073501586914,2.3496341705322266,2.8123271465301514,0.12636567652225494,0.12636567652225494,0.0,523.407958984375,0.26658543944358826,0.3192463219165802,0.06792508810758591,0.07709045708179474,11.201927185058594,0.12496371567249298,24.9241886138916,2.4157626628875732,3.305628538131714
2017,1,37.19227386613503,79.59724578195039,10324.375,1337.0,2.1890368461608887,212.1148681640625,34.574623107910156,20.131250381469727,1.4020516872406006,7.9243388175964355,11.28598690032959,0.06441321969032288,0.06441321969032288,0.0,387.6412048339844,0.5611596703529358,0.6897872090339661,0.2716565728187561,0.14071708917617798,1.1511139869689941,0.09836956858634949,18.459104537963867,1.425760269165039,1.7988675832748413,0.04648427292704582,0.05599081143736839,284.1838073730469,220.3813018798828,0.26377737522125244,0.3756360411643982,0.10137814283370972,0.05144449695944786,18.438278198242188,0.06624581664800644,-0.4870421588420868,0.35118040442466736,0.9013949632644653,0.050164055079221725,0.05784362927079201,0.0,518.9032592773438,0.07332175225019455,0.0848948135972023,0.0705704540014267,0.023257995024323463,16.7492733001709,0.06532639265060425,14.024412155151367,1.2143491506576538,2.198972702026367,0.07090079039335251,0.0741238072514534,0.0,486.8115539550781,0.5747168660163879,0.6302687525749207,0.31133827567100525,0.18927443027496338,1.6240181922912598,0.03728108108043671,23.181503295898438,2.5042145252227783,3.0284547805786133,0.07650822401046753,0.07650822401046753,0.0,532.3390502929688,0.4501270353794098,0.5493490695953369,0.22931286692619324,0.1338452249765396,12.957752227783203,0.049340084195137024,25.34947967529297,2.669362783432007,3.6371726989746094
2017,1,37.19389251981743,79.63228093892732,10329.663,1341.0,1.4882487058639526,128.54063415527344,34.918148040771484,18.858484268188477,1.3799999952316284,7.979813098907471,13.952401161193848,0.06482208520174026,0.06482208520174026,0.0,388.6100769042969,0.4102364778518677,0.5177805423736572,0.10294052958488464,0.10237467288970947,1.1538711786270142,0.09664694219827652,18.50524139404297,1.4329801797866821,1.8062267303466797,0.04691780358552933,0.05614059045910835,282.8504638671875,221.317626953125,0.1943572461605072,0.2306731641292572,-0.016958359628915787,0.048649195581674576,18.297746658325195,0.0651579350233078,-0.46971645951271057,0.3521864116191864,0.9038389921188354,0.05104948952794075,0.05894669517874718,0.0,520.6153564453125,0.0744897797703743,0.0863419696688652,0.06760993599891663,0.023572809994220734,16.857213973999023,0.06430394947528839,14.070685386657715,1.2186728715896606,2.207927942276001,0.07170634716749191,0.07491065561771393,0.0,487.75994873046875,0.5186622142791748,0.5491706132888794,0.2339285910129547,0.17071881890296936,1.5884242057800293,0.0365372970700264,23.22666358947754,2.511411666870117,3.0351274013519287,0.07713368535041809,0.07713368535041809,0.0,533.3660278320312,0.33024781942367554,0.37535586953163147,0.09059929102659225,0.09720398485660553,12.775805473327637,0.04837919399142265,25.39838218688965,2.6786177158355713,3.647726058959961
2017,1,38.58448101973874,77.44667931218714,10355.328,1202.0,1.5056647062301636,231.98562622070312,29.749956130981445,25.11920738220215,1.379783272743225,7.21041202545166,13.06911849975586,0.1056857630610466,0.1056857630610466,0.0,418.49542236328125,0.6697198748588562,0.6697198748588562,0.2806047201156616,0.1825517863035202,0.9803409576416016,0.16935397684574127,19.92835235595703,1.4712612628936768,2.045654773712158,0.06492331624031067,0.07646942138671875,259.50311279296875,237.984130859375,0.229359969496727,0.3282845616340637,0.010496913455426693,0.059691421687603,38.7010498046875,0.19517214596271515,-0.1642671376466751,0.29458943009376526,0.9931449890136719,0.10107394307851791,0.11498323082923889,0.0,542.3533935546875,0.1449297070503235,0.15794433653354645,0.01605411432683468,0.03808336704969406,20.48877716064453,0.16336031258106232,14.65820026397705,1.153311014175415,2.2866504192352295,0.12731607258319855,0.13216881453990936,0.0,512.6200561523438,0.5159808397293091,0.5735910534858704,0.2984626889228821,0.192195326089859,0.996752917766571,0.12673746049404144,24.410478591918945,2.5787625312805176,3.0665996074676514,0.13558486104011536,0.13558486104011536,0.0,555.6246337890625,0.5046547055244446,0.5165963768959045,0.18732115626335144,0.16310016810894012,7.289620399475098,0.133037731051445,26.458314895629883,2.674827814102173,3.5988855361938477
2017,1,37.99563888922701,77.21087313027883,10396.093,1309.0,2.1957712173461914,32.39402770996094,32.96745300292969,21.30099868774414,1.3799999952316284,7.359987258911133,14.484831809997559,0.08415615558624268,0.08415615558624268,0.0,334.3249816894531,0.13422080874443054,0.13422080874443054,0.019938820973038673,0.03514479845762253,5.845034122467041,0.182851642370224,15.92023754119873,1.0403176546096802,1.3796485662460327,0.052735231816768646,0.0699465200304985,487.68994140625,134.85311889648438,0.2688823342323303,0.32614701986312866,0.02678758092224598,0.07580100744962692,52.2906608581543,0.16263414919376373,-2.693410873413086,0.2547437846660614,0.8231862783432007,0.0628271996974945,0.07766462862491608,9.22923469543457,370.1380310058594,0.20079022645950317,0.3089434504508972,0.133043110370636,0.07337518036365509,34.23059844970703,0.16695639491081238,9.754292488098145,0.7893822193145752,1.677154779434204,0.09871897101402283,0.10465843230485916,0.0,415.03839111328125,0.3463919758796692,0.4190465211868286,0.2149347960948944,0.13161033391952515,5.047788143157959,0.09314888715744019,19.76373291015625,1.898084044456482,2.3321847915649414,0.11169171333312988,0.11169171333312988,0.0,455.1252746582031,0.4046989679336548,0.4239673614501953,0.17586413025856018,0.12453381717205048,21.675552368164062,0.1094798669219017,21.672632217407227,1.9340009689331055,2.72428297996521
2017,1,37.94281637814788,77.25237398378324,10407.306,1333.0,1.1759251356124878,90.0,33.39056396484375,22.523588180541992,1.3700000047683716,7.5,13.450353622436523,0.08450985699892044,0.08450985699892044,0.0,335.07159423828125,0.13463850319385529,0.13463850319385529,0.018440065905451775,0.03541126847267151,5.352907657623291,0.18078286945819855,15.955790519714355,1.0406280755996704,1.3754222393035889,0.052708763629198074,0.06939622014760971,477.6947021484375,134.27890014648438,0.22053320705890656,0.2845843732357025,0.022186320275068283,0.05331515893340111,51.71358108520508,0.15863868594169617,-2.621494770050049,0.25567004084587097,0.8271559476852417,0.0628257468342781,0.07775329798460007,8.733110427856445,372.6521301269531,0.1806255280971527,0.22704409062862396,0.09022507071495056,0.06651782989501953,33.0656852722168,0.16309963166713715,9.835648536682129,0.7934543490409851,1.6899349689483643,0.09898488223552704,0.10491487383842468,0.0,416.6521911621094,0.354587584733963,0.354587584733963,0.2288803905248642,0.13027697801589966,4.651012420654297,0.09021115303039551,19.840579986572266,1.9053651094436646,2.3363122940063477,0.11196127533912659,0.11196127533912659,0.0,456.8143005371094,0.6920997500419617,0.7443951964378357,0.33922943472862244,0.25066453218460083,20.66896629333496,0.10596957802772522,21.753061294555664,1.9434890747070312,2.740262746810913
2017,1,38.686353642405756,77.32972155065632,10422.7705,1195.0,1.18803870677948,90.0,24.086650848388672,27.552793502807617,1.3799999952316284,7.5,13.899272918701172,0.10450535267591476,0.10450535267591476,0.0,409.053466796875,0.6910567283630371,0.6910567283630371,0.3676343858242035,0.21819032728672028,2.2318925857543945,0.15922187268733978,19.478736877441406,1.4470415115356445,1.9947402477264404,0.062481097877025604,0.07585304975509644,299.66839599609375,220.5352783203125,0.383451908826828,0.41677126288414,0.13887353241443634,0.10725205391645432,42.93907928466797,0.1896960437297821,-0.6040696501731873,0.2871458828449249,0.9619950652122498,0.09365884214639664,0.10754348337650299,0.0,515.9488525390625,0.13492034375667572,0.14820832014083862,0.043134141713380814,0.03594152629375458,24.484310150146484,0.15861041843891144,13.944562911987305,1.0929522514343262,2.1729555130004883,0.12256171554327011,0.12808409333229065,0.0,499.272216796875,0.34182247519493103,0.34930354356765747,0.21908576786518097,0.13246552646160126,1.8151841163635254,0.11314453184604645,23.77486801147461,2.4871153831481934,2.9859118461608887,0.13424575328826904,0.13424575328826904,0.0,542.6958618164062,0.541111946105957,0.554276168346405,0.2637206017971039,0.1815396100282669,10.273947715759277,0.12125661224126816,25.842660903930664,2.591496229171753,3.4824888706207275
2017,1,38.30798108161667,77.29845879317061,10460.052,1234.0,0.0,-0.0,33.45378875732422,21.559160232543945,1.3799999952316284,7.852402210235596,11.058287620544434,0.09326179325580597,0.09326179325580597,0.0,376.5971374511719,0.4688206613063812,0.47847723960876465,0.21967478096485138,0.13277478516101837,3.6311733722686768,0.17889641225337982,17.933197021484375,1.2410011291503906,1.6928235292434692,0.05784754082560539,0.07329287379980087,368.2195129394531,186.17507934570312,0.2681620121002197,0.30742520093917847,0.06198382005095482,0.059913232922554016,46.12569046020508,0.18259276449680328,-1.389652132987976,0.274868905544281,0.909582793712616,0.08151428401470184,0.09623731672763824,2.4486947059631348,457.1639404296875,0.23482291400432587,0.23482291400432587,0.16481901705265045,0.10009608417749405,28.65496826171875,0.17033836245536804,12.28960132598877,0.9660825729370117,1.9757996797561646,0.11260120570659637,0.1177157312631607,0.0,464.82757568359375,0.313527375459671,0.3273034393787384,0.23633717000484467,0.11328598111867905,2.9788756370544434,0.11157127469778061,22.134647369384766,2.231401205062866,2.6933069229125977,0.12227790802717209,0.12227790802717209,0.0,505.6364440917969,0.4386620819568634,0.49243780970573425,0.18505482375621796,0.12995542585849762,15.015435218811035,0.12337751686573029,24.077924728393555,2.2857730388641357,3.143902540206909
2017,1,37.18850146664382,79.76217901171526,10473.161,1345.0,1.1640785932540894,90.0,37.775508880615234,14.936067581176758,1.3825292587280273,7.900000095367432,14.985445976257324,0.06600463390350342,0.06600463390350342,0.0,390.5101623535156,0.5488290786743164,0.5488290786743164,0.18461890518665314,0.12975342571735382,1.1973464488983154,0.09184321016073227,18.595722198486328,1.4497586488723755,1.8215508460998535,0.048399344086647034,0.05668841302394867,280.1252136230469,222.6163787841797,0.25494906306266785,0.27870988845825195,-0.04822901263833046,0.05680014565587044,18.0721492767334,0.061895791441202164,-0.4389987885951996,0.35478925704956055,0.9108320474624634,0.05398625135421753,0.0625869408249855,0.0,523.69189453125,0.07842139154672623,0.09116680175065994,0.059823084622621536,0.02463352121412754,17.50029182434082,0.06137293577194214,14.15383529663086,1.2265084981918335,2.228224992752075,0.07425802946090698,0.07737939059734344,0.0,489.2421569824219,0.6308049559593201,0.6776939034461975,0.3312321901321411,0.22837086021900177,1.5106580257415771,0.034172337502241135,23.297245025634766,2.5224647521972656,3.0428028106689453,0.0789911076426506,0.0789911076426506,0.0,535.0985107421875,0.4960007965564728,0.5695705413818359,0.24290476739406586,0.1593904346227646,12.320894241333008,0.045433785766363144,25.480880737304688,2.695596694946289,3.665778636932373
2017,1,37.962489931995684,77.43616921100417,10484.934,1312.0,2.993377923965454,128.2527313232422,33.64753723144531,23.441997528076172,1.379861831665039,7.89627742767334,11.330668449401855,0.09080454707145691,0.09080454707145691,0.0,362.84112548828125,0.4065178334712982,0.4065178334712982,0.23220160603523254,0.15940357744693756,2.4231059551239014,0.17027169466018677,17.278148651123047,1.1589666604995728,1.5425658226013184,0.05521927773952484,0.06943877041339874,371.2481384277344,161.93804931640625,0.23050707578659058,0.26572421193122864,0.0048292758874595165,0.052176568657159805,46.454078674316406,0.1567077487707138,-1.5977869033813477,0.27065449953079224,0.8912287950515747,0.0733836367726326,0.0886574536561966,2.1747512817382812,432.7380676269531,0.24605026841163635,0.25347599387168884,0.14350929856300354,0.08769148588180542,26.234848022460938,0.1518690288066864,11.636846542358398,0.9092047214508057,1.9058747291564941,0.10784649848937988,0.1132323294878006,0.0,451.973388671875,0.3518553376197815,0.3518553376197815,0.2151547074317932,0.11795055121183395,2.031134605407715,0.08967223763465881,21.52254295349121,2.125354766845703,2.5637190341949463,0.11893133819103241,0.11893133819103241,0.0,492.68603515625,0.5153289437294006,0.5905814170837402,0.194661483168602,0.15066389739513397,13.435392379760742,0.10092736780643463,23.461240768432617,2.180445671081543,3.0389211177825928
